trait	frozen_model	fold_id	held_out_genus	model	n_training_samples	n_test_samples	n_train_positive	n_train_negative	n_test_positive	n_test_negative	n_masked_terminal_labels_for_ASR	n_ASR_state0_total	n_ASR_state0_5_total	n_ASR_state1_total	n_ASR_state_other_total	n_branches_screened_after_masking_and_heldout_removal	n_screen_state0	n_screen_state1	n_heldout_terminal_branches_removed_from_ttest	n_ttest_genes_tested	n_fold_candidate_genes_foldwise_ASR	n_features_dropped_all_missing	n_features_dropped_zero_variance	n_features_used_for_lasso	n_selected_predictors_foldwise_ASR	lambda_min	fold_model_status	fold_seed	notes	frozen_ASR_n_candidate_genes	frozen_ASR_n_selected_predictors	delta_candidate_genes_foldwise_minus_frozen	delta_selected_predictors_foldwise_minus_frozen
binary_aquatic_dependence	binary_aquatic_dependence_nested_ttest_baseline	1	Acinonyx	binary_aquatic_dependence_foldwise_ASR_nested_ttest_baseline	288	1	63	225	0	1	1	474	13	114	0	587	473	114	1	17298	1232	0	0	1232	67	0.0195316411409887	fit_nonzero_predictors	20460602	Held-out genus terminal labels masked for ASR; held-out terminal branches removed from screening; fold-wise preprocessing; glmnet standardize=FALSE.	1232	67	0	0
binary_aquatic_dependence	binary_aquatic_dependence_nested_ttest_baseline	10	Ammotragus	binary_aquatic_dependence_foldwise_ASR_nested_ttest_baseline	288	1	63	225	0	1	1	474	13	114	0	587	473	114	1	17298	1222	0	0	1222	65	0.0202820277731601	fit_nonzero_predictors	20460611	Held-out genus terminal labels masked for ASR; held-out terminal branches removed from screening; fold-wise preprocessing; glmnet standardize=FALSE.	1222	65	0	0
binary_aquatic_dependence	binary_aquatic_dependence_nested_ttest_baseline	100	Heterocephalus	binary_aquatic_dependence_foldwise_ASR_nested_ttest_baseline	288	1	63	225	0	1	1	474	13	114	0	587	473	114	1	17298	1217	0	0	1217	88	0.0087711852929981	fit_nonzero_predictors	20460701	Held-out genus terminal labels masked for ASR; held-out terminal branches removed from screening; fold-wise preprocessing; glmnet standardize=FALSE.	1217	88	0	0
binary_aquatic_dependence	binary_aquatic_dependence_nested_ttest_baseline	101	Heterohyrax	binary_aquatic_dependence_foldwise_ASR_nested_ttest_baseline	288	1	63	225	0	1	1	474	13	114	0	587	473	114	1	17298	1227	0	0	1227	88	0.00878001599814962	fit_nonzero_predictors	20460702	Held-out genus terminal labels masked for ASR; held-out terminal branches removed from screening; fold-wise preprocessing; glmnet standardize=FALSE.	1227	88	0	0
binary_aquatic_dependence	binary_aquatic_dependence_nested_ttest_baseline	102	Hippopotamus	binary_aquatic_dependence_foldwise_ASR_nested_ttest_baseline	288	1	62	226	1	0	1	476	13	112	0	587	475	112	1	17299	1276	0	0	1276	107	0.00263475986416608	fit_nonzero_predictors	20460703	Held-out genus terminal labels masked for ASR; held-out terminal branches removed from screening; fold-wise preprocessing; glmnet standardize=FALSE.	1241	81	35	26
binary_aquatic_dependence	binary_aquatic_dependence_nested_ttest_baseline	103	Hipposideros	binary_aquatic_dependence_foldwise_ASR_nested_ttest_baseline	288	1	63	225	0	1	1	474	13	114	0	587	473	114	1	17298	1217	0	0	1217	88	0.00876958066470326	fit_nonzero_predictors	20460704	Held-out genus terminal labels masked for ASR; held-out terminal branches removed from screening; fold-wise preprocessing; glmnet standardize=FALSE.	1217	88	0	0
binary_aquatic_dependence	binary_aquatic_dependence_nested_ttest_baseline	104	Hippotragus	binary_aquatic_dependence_foldwise_ASR_nested_ttest_baseline	287	2	63	224	0	2	2	474	13	114	0	586	472	114	2	17298	1235	0	0	1235	99	0.00346731834848003	fit_nonzero_predictors	20460705	Held-out genus terminal labels masked for ASR; held-out terminal branches removed from screening; fold-wise preprocessing; glmnet standardize=FALSE.	1235	99	0	0
binary_aquatic_dependence	binary_aquatic_dependence_nested_ttest_baseline	105	Homo	binary_aquatic_dependence_foldwise_ASR_nested_ttest_baseline	288	1	63	225	0	1	1	474	13	114	0	587	473	114	1	17298	1227	0	0	1227	105	0.00397821095338139	fit_nonzero_predictors	20460706	Held-out genus terminal labels masked for ASR; held-out terminal branches removed from screening; fold-wise preprocessing; glmnet standardize=FALSE.	1227	105	0	0
binary_aquatic_dependence	binary_aquatic_dependence_nested_ttest_baseline	106	Hyaena	binary_aquatic_dependence_foldwise_ASR_nested_ttest_baseline	288	1	63	225	0	1	1	474	13	114	0	587	473	114	1	17298	1234	0	0	1234	100	0.00457599039500084	fit_nonzero_predictors	20460707	Held-out genus terminal labels masked for ASR; held-out terminal branches removed from screening; fold-wise preprocessing; glmnet standardize=FALSE.	1234	100	0	0
binary_aquatic_dependence	binary_aquatic_dependence_nested_ttest_baseline	107	Hydrochoerus	binary_aquatic_dependence_foldwise_ASR_nested_ttest_baseline	288	1	62	226	1	0	1	475	13	113	0	587	474	113	1	17297	1270	0	0	1270	74	0.0193201781970859	fit_nonzero_predictors	20460708	Held-out genus terminal labels masked for ASR; held-out terminal branches removed from screening; fold-wise preprocessing; glmnet standardize=FALSE.	1270	74	0	0
binary_aquatic_dependence	binary_aquatic_dependence_nested_ttest_baseline	108	Hydrodamalis	binary_aquatic_dependence_foldwise_ASR_nested_ttest_baseline	288	1	62	226	1	0	1	474	13	114	0	587	474	113	1	17298	1226	0	0	1226	103	0.00526392420753112	fit_nonzero_predictors	20460709	Held-out genus terminal labels masked for ASR; held-out terminal branches removed from screening; fold-wise preprocessing; glmnet standardize=FALSE.	1226	103	0	0
binary_aquatic_dependence	binary_aquatic_dependence_nested_ttest_baseline	109	Hydropotes	binary_aquatic_dependence_foldwise_ASR_nested_ttest_baseline	289	0	63	226	0	0	1										0			0	0		no_evaluable_test_species_after_exclusion	20460710	No evaluable held-out species for this model after exclusion.	0	0	0	0
binary_aquatic_dependence	binary_aquatic_dependence_nested_ttest_baseline	11	Anoura	binary_aquatic_dependence_foldwise_ASR_nested_ttest_baseline	288	1	63	225	0	1	1	474	13	114	0	587	473	114	1	17298	1218	0	0	1218	87	0.00877173810881315	fit_nonzero_predictors	20460612	Held-out genus terminal labels masked for ASR; held-out terminal branches removed from screening; fold-wise preprocessing; glmnet standardize=FALSE.	1218	87	0	0
binary_aquatic_dependence	binary_aquatic_dependence_nested_ttest_baseline	110	Hylobates	binary_aquatic_dependence_foldwise_ASR_nested_ttest_baseline	288	1	63	225	0	1	1	474	13	114	0	587	473	114	1	17298	1228	0	0	1228	90	0.00762773875598548	fit_nonzero_predictors	20460711	Held-out genus terminal labels masked for ASR; held-out terminal branches removed from screening; fold-wise preprocessing; glmnet standardize=FALSE.	1228	90	0	0
binary_aquatic_dependence	binary_aquatic_dependence_nested_ttest_baseline	111	Hystrix	binary_aquatic_dependence_foldwise_ASR_nested_ttest_baseline	288	1	63	225	0	1	1	474	13	114	0	587	473	114	1	17298	1218	0	0	1218	88	0.00876995016882172	fit_nonzero_predictors	20460712	Held-out genus terminal labels masked for ASR; held-out terminal branches removed from screening; fold-wise preprocessing; glmnet standardize=FALSE.	1218	88	0	0
binary_aquatic_dependence	binary_aquatic_dependence_nested_ttest_baseline	112	Ictidomys	binary_aquatic_dependence_foldwise_ASR_nested_ttest_baseline	288	1	63	225	0	1	1	474	13	114	0	587	473	114	1	17298	1219	0	0	1219	92	0.0087896530522359	fit_nonzero_predictors	20460713	Held-out genus terminal labels masked for ASR; held-out terminal branches removed from screening; fold-wise preprocessing; glmnet standardize=FALSE.	1219	92	0	0
binary_aquatic_dependence	binary_aquatic_dependence_nested_ttest_baseline	113	Indri	binary_aquatic_dependence_foldwise_ASR_nested_ttest_baseline	288	1	63	225	0	1	1	474	13	114	0	587	473	114	1	17298	1225	0	0	1225	100	0.00416714310196857	fit_nonzero_predictors	20460714	Held-out genus terminal labels masked for ASR; held-out terminal branches removed from screening; fold-wise preprocessing; glmnet standardize=FALSE.	1225	100	0	0
binary_aquatic_dependence	binary_aquatic_dependence_nested_ttest_baseline	114	Inia	binary_aquatic_dependence_foldwise_ASR_nested_ttest_baseline	288	1	62	226	1	0	1	474	13	114	0	587	474	113	1	17298	1204	0	0	1204	92	0.00919885704814857	fit_nonzero_predictors	20460715	Held-out genus terminal labels masked for ASR; held-out terminal branches removed from screening; fold-wise preprocessing; glmnet standardize=FALSE.	1204	92	0	0
binary_aquatic_dependence	binary_aquatic_dependence_nested_ttest_baseline	115	Jaculus	binary_aquatic_dependence_foldwise_ASR_nested_ttest_baseline	288	1	63	225	0	1	1	474	13	114	0	587	473	114	1	17298	1219	0	0	1219	87	0.00877047785693469	fit_nonzero_predictors	20460716	Held-out genus terminal labels masked for ASR; held-out terminal branches removed from screening; fold-wise preprocessing; glmnet standardize=FALSE.	1219	87	0	0
binary_aquatic_dependence	binary_aquatic_dependence_nested_ttest_baseline	116	Kobus	binary_aquatic_dependence_foldwise_ASR_nested_ttest_baseline	288	1	62	226	1	0	2	476	12	113	0	587	474	113	2	17296	1257	0	0	1257	100	0.0027644811207519	fit_nonzero_predictors	20460717	Held-out genus terminal labels masked for ASR; held-out terminal branches removed from screening; fold-wise preprocessing; glmnet standardize=FALSE.	1257	100	0	0
binary_aquatic_dependence	binary_aquatic_dependence_nested_ttest_baseline	117	Kogia	binary_aquatic_dependence_foldwise_ASR_nested_ttest_baseline	288	1	62	226	1	0	1	474	13	114	0	587	474	113	1	17298	1202	0	0	1202	100	0.00417156991269961	fit_nonzero_predictors	20460718	Held-out genus terminal labels masked for ASR; held-out terminal branches removed from screening; fold-wise preprocessing; glmnet standardize=FALSE.	1202	100	0	0
binary_aquatic_dependence	binary_aquatic_dependence_nested_ttest_baseline	118	Lagenorhynchus	binary_aquatic_dependence_foldwise_ASR_nested_ttest_baseline	288	1	62	226	1	0	1	474	13	114	0	587	474	113	1	17298	1191	0	0	1191	67	0.0188630988636641	fit_nonzero_predictors	20460719	Held-out genus terminal labels masked for ASR; held-out terminal branches removed from screening; fold-wise preprocessing; glmnet standardize=FALSE.	1191	67	0	0
binary_aquatic_dependence	binary_aquatic_dependence_nested_ttest_baseline	119	Lama	binary_aquatic_dependence_foldwise_ASR_nested_ttest_baseline	288	1	63	225	0	1	1	474	13	114	0	587	473	114	1	17298	1238	0	0	1238	95	0.00695903457683773	fit_nonzero_predictors	20460720	Held-out genus terminal labels masked for ASR; held-out terminal branches removed from screening; fold-wise preprocessing; glmnet standardize=FALSE.	1238	95	0	0
binary_aquatic_dependence	binary_aquatic_dependence_nested_ttest_baseline	12	Antidorcas	binary_aquatic_dependence_foldwise_ASR_nested_ttest_baseline	288	1	63	225	0	1	1	474	13	114	0	587	473	114	1	17298	1218	0	0	1218	92	0.00695252257801453	fit_nonzero_predictors	20460613	Held-out genus terminal labels masked for ASR; held-out terminal branches removed from screening; fold-wise preprocessing; glmnet standardize=FALSE.	1218	92	0	0
binary_aquatic_dependence	binary_aquatic_dependence_nested_ttest_baseline	120	Lemur	binary_aquatic_dependence_foldwise_ASR_nested_ttest_baseline	288	1	63	225	0	1	1	474	13	114	0	587	473	114	1	17298	1222	0	0	1222	99	0.00479018028646695	fit_nonzero_predictors	20460721	Held-out genus terminal labels masked for ASR; held-out terminal branches removed from screening; fold-wise preprocessing; glmnet standardize=FALSE.	1222	99	0	0
binary_aquatic_dependence	binary_aquatic_dependence_nested_ttest_baseline	121	Leptonychotes	binary_aquatic_dependence_foldwise_ASR_nested_ttest_baseline	288	1	62	226	1	0	1	474	13	114	0	587	474	113	1	17298	1223	0	0	1223	67	0.0200524823880987	fit_nonzero_predictors	20460722	Held-out genus terminal labels masked for ASR; held-out terminal branches removed from screening; fold-wise preprocessing; glmnet standardize=FALSE.	1223	67	0	0
binary_aquatic_dependence	binary_aquatic_dependence_nested_ttest_baseline	122	Leptonycteris	binary_aquatic_dependence_foldwise_ASR_nested_ttest_baseline	288	1	63	225	0	1	1	474	13	114	0	587	473	114	1	17298	1213	0	0	1213	87	0.00876887628694383	fit_nonzero_predictors	20460723	Held-out genus terminal labels masked for ASR; held-out terminal branches removed from screening; fold-wise preprocessing; glmnet standardize=FALSE.	1213	87	0	0
binary_aquatic_dependence	binary_aquatic_dependence_nested_ttest_baseline	123	Lepus	binary_aquatic_dependence_foldwise_ASR_nested_ttest_baseline	288	1	63	225	0	1	1	474	13	114	0	587	473	114	1	17298	1226	0	0	1226	105	0.00457228103439658	fit_nonzero_predictors	20460724	Held-out genus terminal labels masked for ASR; held-out terminal branches removed from screening; fold-wise preprocessing; glmnet standardize=FALSE.	1226	105	0	0
binary_aquatic_dependence	binary_aquatic_dependence_nested_ttest_baseline	124	Lipotes	binary_aquatic_dependence_foldwise_ASR_nested_ttest_baseline	288	1	62	226	1	0	1	474	13	114	0	587	474	113	1	17298	1217	0	0	1217	86	0.00919885704814857	fit_nonzero_predictors	20460725	Held-out genus terminal labels masked for ASR; held-out terminal branches removed from screening; fold-wise preprocessing; glmnet standardize=FALSE.	1217	86	0	0
binary_aquatic_dependence	binary_aquatic_dependence_nested_ttest_baseline	125	Litocranius	binary_aquatic_dependence_foldwise_ASR_nested_ttest_baseline	288	1	63	225	0	1	1	474	13	114	0	587	473	114	1	17298	1216	0	0	1216	98	0.00436859824762652	fit_nonzero_predictors	20460726	Held-out genus terminal labels masked for ASR; held-out terminal branches removed from screening; fold-wise preprocessing; glmnet standardize=FALSE.	1216	98	0	0
binary_aquatic_dependence	binary_aquatic_dependence_nested_ttest_baseline	126	Lontra	binary_aquatic_dependence_foldwise_ASR_nested_ttest_baseline	288	1	62	226	1	0	1	474	13	114	0	587	474	113	1	17298	1236	0	0	1236	62	0.0256067891697433	fit_nonzero_predictors	20460727	Held-out genus terminal labels masked for ASR; held-out terminal branches removed from screening; fold-wise preprocessing; glmnet standardize=FALSE.	1236	62	0	0
binary_aquatic_dependence	binary_aquatic_dependence_nested_ttest_baseline	127	Loxodonta	binary_aquatic_dependence_foldwise_ASR_nested_ttest_baseline	289	0	63	226	0	0	1										0			0	0		no_evaluable_test_species_after_exclusion	20460728	No evaluable held-out species for this model after exclusion.	0	0	0	0
binary_aquatic_dependence	binary_aquatic_dependence_nested_ttest_baseline	128	Lutra	binary_aquatic_dependence_foldwise_ASR_nested_ttest_baseline	288	1	62	226	1	0	1	474	13	114	0	587	474	113	1	17297	1228	0	0	1228	94	0.00886499810743846	fit_nonzero_predictors	20460729	Held-out genus terminal labels masked for ASR; held-out terminal branches removed from screening; fold-wise preprocessing; glmnet standardize=FALSE.	1228	94	0	0
binary_aquatic_dependence	binary_aquatic_dependence_nested_ttest_baseline	129	Lycaon	binary_aquatic_dependence_foldwise_ASR_nested_ttest_baseline	288	1	63	225	0	1	1	474	13	114	0	587	473	114	1	17298	1238	0	0	1238	93	0.00799111718320531	fit_nonzero_predictors	20460730	Held-out genus terminal labels masked for ASR; held-out terminal branches removed from screening; fold-wise preprocessing; glmnet standardize=FALSE.	1238	93	0	0
binary_aquatic_dependence	binary_aquatic_dependence_nested_ttest_baseline	13	Antilocapra	binary_aquatic_dependence_foldwise_ASR_nested_ttest_baseline	288	1	63	225	0	1	1	474	13	114	0	587	473	114	1	17298	1221	0	0	1221	88	0.00918642845195168	fit_nonzero_predictors	20460614	Held-out genus terminal labels masked for ASR; held-out terminal branches removed from screening; fold-wise preprocessing; glmnet standardize=FALSE.	1221	88	0	0
binary_aquatic_dependence	binary_aquatic_dependence_nested_ttest_baseline	130	Lynx	binary_aquatic_dependence_foldwise_ASR_nested_ttest_baseline	287	2	63	224	0	2	2	474	13	114	0	586	472	114	2	17298	1254	0	0	1254	90	0.00880791078732187	fit_nonzero_predictors	20460731	Held-out genus terminal labels masked for ASR; held-out terminal branches removed from screening; fold-wise preprocessing; glmnet standardize=FALSE.	1254	90	0	0
binary_aquatic_dependence	binary_aquatic_dependence_nested_ttest_baseline	131	Macaca	binary_aquatic_dependence_foldwise_ASR_nested_ttest_baseline	288	1	63	225	0	1	1	474	13	114	0	587	473	114	1	17298	1235	0	0	1235	67	0.0194168182051035	fit_nonzero_predictors	20460732	Held-out genus terminal labels masked for ASR; held-out terminal branches removed from screening; fold-wise preprocessing; glmnet standardize=FALSE.	1235	67	0	0
binary_aquatic_dependence	binary_aquatic_dependence_nested_ttest_baseline	132	Macroglossus	binary_aquatic_dependence_foldwise_ASR_nested_ttest_baseline	288	1	63	225	0	1	1	474	13	114	0	587	473	114	1	17298	1218	0	0	1218	105	0.00436462131006578	fit_nonzero_predictors	20460733	Held-out genus terminal labels masked for ASR; held-out terminal branches removed from screening; fold-wise preprocessing; glmnet standardize=FALSE.	1218	105	0	0
binary_aquatic_dependence	binary_aquatic_dependence_nested_ttest_baseline	133	Macrotus	binary_aquatic_dependence_foldwise_ASR_nested_ttest_baseline	288	1	63	225	0	1	1	474	13	114	0	587	473	114	1	17298	1210	0	0	1210	91	0.00837039528207838	fit_nonzero_predictors	20460734	Held-out genus terminal labels masked for ASR; held-out terminal branches removed from screening; fold-wise preprocessing; glmnet standardize=FALSE.	1210	91	0	0
binary_aquatic_dependence	binary_aquatic_dependence_nested_ttest_baseline	134	Mandrillus	binary_aquatic_dependence_foldwise_ASR_nested_ttest_baseline	288	1	63	225	0	1	1	474	13	114	0	587	473	114	1	17298	1232	0	0	1232	91	0.00729484075874907	fit_nonzero_predictors	20460735	Held-out genus terminal labels masked for ASR; held-out terminal branches removed from screening; fold-wise preprocessing; glmnet standardize=FALSE.	1232	91	0	0
binary_aquatic_dependence	binary_aquatic_dependence_nested_ttest_baseline	135	Manis	binary_aquatic_dependence_foldwise_ASR_nested_ttest_baseline	286	3	63	223	0	3	3	474	13	114	0	585	471	114	3	17298	1235	0	0	1235	89	0.00967038637364571	fit_nonzero_predictors	20460736	Held-out genus terminal labels masked for ASR; held-out terminal branches removed from screening; fold-wise preprocessing; glmnet standardize=FALSE.	1235	89	0	0
binary_aquatic_dependence	binary_aquatic_dependence_nested_ttest_baseline	136	Marmota	binary_aquatic_dependence_foldwise_ASR_nested_ttest_baseline	288	1	63	225	0	1	1	474	13	114	0	587	473	114	1	17298	1230	0	0	1230	89	0.00878075479836305	fit_nonzero_predictors	20460737	Held-out genus terminal labels masked for ASR; held-out terminal branches removed from screening; fold-wise preprocessing; glmnet standardize=FALSE.	1230	89	0	0
binary_aquatic_dependence	binary_aquatic_dependence_nested_ttest_baseline	137	Martes	binary_aquatic_dependence_foldwise_ASR_nested_ttest_baseline	288	1	63	225	0	1	1	474	13	114	0	587	473	114	1	17298	1223	0	0	1223	103	0.00379991938017096	fit_nonzero_predictors	20460738	Held-out genus terminal labels masked for ASR; held-out terminal branches removed from screening; fold-wise preprocessing; glmnet standardize=FALSE.	1223	103	0	0
binary_aquatic_dependence	binary_aquatic_dependence_nested_ttest_baseline	138	Mastomys	binary_aquatic_dependence_foldwise_ASR_nested_ttest_baseline	288	1	63	225	0	1	1	474	13	114	0	587	473	114	1	17298	1216	0	0	1216	88	0.00876908724329507	fit_nonzero_predictors	20460739	Held-out genus terminal labels masked for ASR; held-out terminal branches removed from screening; fold-wise preprocessing; glmnet standardize=FALSE.	1216	88	0	0
binary_aquatic_dependence	binary_aquatic_dependence_nested_ttest_baseline	139	Megaderma	binary_aquatic_dependence_foldwise_ASR_nested_ttest_baseline	288	1	63	225	0	1	1	474	13	114	0	587	473	114	1	17298	1217	0	0	1217	88	0.00918899576150933	fit_nonzero_predictors	20460740	Held-out genus terminal labels masked for ASR; held-out terminal branches removed from screening; fold-wise preprocessing; glmnet standardize=FALSE.	1217	88	0	0
binary_aquatic_dependence	binary_aquatic_dependence_nested_ttest_baseline	14	Aonyx	binary_aquatic_dependence_foldwise_ASR_nested_ttest_baseline	288	1	62	226	1	0	1	474	13	114	0	587	474	113	1	17297	1232	0	0	1232	66	0.0185494934253566	fit_nonzero_predictors	20460615	Held-out genus terminal labels masked for ASR; held-out terminal branches removed from screening; fold-wise preprocessing; glmnet standardize=FALSE.	1232	66	0	0
binary_aquatic_dependence	binary_aquatic_dependence_nested_ttest_baseline	140	Megaptera	binary_aquatic_dependence_foldwise_ASR_nested_ttest_baseline	288	1	62	226	1	0	1	474	13	114	0	587	474	113	1	17298	1220	0	0	1220	68	0.0197898275900058	fit_nonzero_predictors	20460741	Held-out genus terminal labels masked for ASR; held-out terminal branches removed from screening; fold-wise preprocessing; glmnet standardize=FALSE.	1220	68	0	0
binary_aquatic_dependence	binary_aquatic_dependence_nested_ttest_baseline	141	Mellivora	binary_aquatic_dependence_foldwise_ASR_nested_ttest_baseline	288	1	63	225	0	1	1	474	13	114	0	587	473	114	1	17298	1232	0	0	1232	101	0.00436712450666058	fit_nonzero_predictors	20460742	Held-out genus terminal labels masked for ASR; held-out terminal branches removed from screening; fold-wise preprocessing; glmnet standardize=FALSE.	1232	101	0	0
binary_aquatic_dependence	binary_aquatic_dependence_nested_ttest_baseline	142	Meriones	binary_aquatic_dependence_foldwise_ASR_nested_ttest_baseline	288	1	63	225	0	1	1	474	13	114	0	587	473	114	1	17298	1215	0	0	1215	99	0.00437020235440752	fit_nonzero_predictors	20460743	Held-out genus terminal labels masked for ASR; held-out terminal branches removed from screening; fold-wise preprocessing; glmnet standardize=FALSE.	1215	99	0	0
binary_aquatic_dependence	binary_aquatic_dependence_nested_ttest_baseline	143	Mesocricetus	binary_aquatic_dependence_foldwise_ASR_nested_ttest_baseline	288	1	63	225	0	1	1	474	13	114	0	587	473	114	1	17298	1208	0	0	1208	88	0.00877012256765376	fit_nonzero_predictors	20460744	Held-out genus terminal labels masked for ASR; held-out terminal branches removed from screening; fold-wise preprocessing; glmnet standardize=FALSE.	1208	88	0	0
binary_aquatic_dependence	binary_aquatic_dependence_nested_ttest_baseline	144	Mesoplodon	binary_aquatic_dependence_foldwise_ASR_nested_ttest_baseline	285	4	59	226	4	0	4	474	13	114	0	584	474	110	4	17298	1167	0	0	1167	81	0.0123489473672585	fit_nonzero_predictors	20460745	Held-out genus terminal labels masked for ASR; held-out terminal branches removed from screening; fold-wise preprocessing; glmnet standardize=FALSE.	1167	81	0	0
binary_aquatic_dependence	binary_aquatic_dependence_nested_ttest_baseline	145	Microcebus	binary_aquatic_dependence_foldwise_ASR_nested_ttest_baseline	288	1	63	225	0	1	1	474	13	114	0	587	473	114	1	17298	1220	0	0	1220	84	0.00921529749441582	fit_nonzero_predictors	20460746	Held-out genus terminal labels masked for ASR; held-out terminal branches removed from screening; fold-wise preprocessing; glmnet standardize=FALSE.	1220	84	0	0
binary_aquatic_dependence	binary_aquatic_dependence_nested_ttest_baseline	146	Microtus	binary_aquatic_dependence_foldwise_ASR_nested_ttest_baseline	288	1	63	225	0	1	1	474	13	114	0	587	473	114	1	17298	1216	0	0	1216	91	0.00837337298535989	fit_nonzero_predictors	20460747	Held-out genus terminal labels masked for ASR; held-out terminal branches removed from screening; fold-wise preprocessing; glmnet standardize=FALSE.	1216	91	0	0
binary_aquatic_dependence	binary_aquatic_dependence_nested_ttest_baseline	147	Miniopterus	binary_aquatic_dependence_foldwise_ASR_nested_ttest_baseline	288	1	63	225	0	1	1	474	13	114	0	587	473	114	1	17298	1226	0	0	1226	102	0.00436758921088576	fit_nonzero_predictors	20460748	Held-out genus terminal labels masked for ASR; held-out terminal branches removed from screening; fold-wise preprocessing; glmnet standardize=FALSE.	1226	102	0	0
binary_aquatic_dependence	binary_aquatic_dependence_nested_ttest_baseline	148	Mirounga	binary_aquatic_dependence_foldwise_ASR_nested_ttest_baseline	287	2	61	226	2	0	2	474	13	114	0	586	474	112	2	17298	1208	0	0	1208	47	0.0355095456095763	fit_nonzero_predictors	20460749	Held-out genus terminal labels masked for ASR; held-out terminal branches removed from screening; fold-wise preprocessing; glmnet standardize=FALSE.	1208	47	0	0
binary_aquatic_dependence	binary_aquatic_dependence_nested_ttest_baseline	149	Mirza	binary_aquatic_dependence_foldwise_ASR_nested_ttest_baseline	288	1	63	225	0	1	1	474	13	114	0	587	473	114	1	17298	1223	0	0	1223	66	0.0202609477371893	fit_nonzero_predictors	20460750	Held-out genus terminal labels masked for ASR; held-out terminal branches removed from screening; fold-wise preprocessing; glmnet standardize=FALSE.	1223	66	0	0
binary_aquatic_dependence	binary_aquatic_dependence_nested_ttest_baseline	15	Aotus	binary_aquatic_dependence_foldwise_ASR_nested_ttest_baseline	288	1	63	225	0	1	1	474	13	114	0	587	473	114	1	17298	1225	0	0	1225	88	0.00878075479836305	fit_nonzero_predictors	20460616	Held-out genus terminal labels masked for ASR; held-out terminal branches removed from screening; fold-wise preprocessing; glmnet standardize=FALSE.	1225	88	0	0
binary_aquatic_dependence	binary_aquatic_dependence_nested_ttest_baseline	150	Molossus	binary_aquatic_dependence_foldwise_ASR_nested_ttest_baseline	288	1	63	225	0	1	1	474	13	114	0	587	473	114	1	17298	1223	0	0	1223	99	0.00397888647482708	fit_nonzero_predictors	20460751	Held-out genus terminal labels masked for ASR; held-out terminal branches removed from screening; fold-wise preprocessing; glmnet standardize=FALSE.	1223	99	0	0
binary_aquatic_dependence	binary_aquatic_dependence_nested_ttest_baseline	151	Monodon	binary_aquatic_dependence_foldwise_ASR_nested_ttest_baseline	288	1	62	226	1	0	1	474	13	114	0	587	474	113	1	17298	1210	0	0	1210	91	0.00963686755130067	fit_nonzero_predictors	20460752	Held-out genus terminal labels masked for ASR; held-out terminal branches removed from screening; fold-wise preprocessing; glmnet standardize=FALSE.	1210	91	0	0
binary_aquatic_dependence	binary_aquatic_dependence_nested_ttest_baseline	152	Mormoops	binary_aquatic_dependence_foldwise_ASR_nested_ttest_baseline	288	1	63	225	0	1	1	474	13	114	0	587	473	114	1	17298	1222	0	0	1222	101	0.00436673238684589	fit_nonzero_predictors	20460753	Held-out genus terminal labels masked for ASR; held-out terminal branches removed from screening; fold-wise preprocessing; glmnet standardize=FALSE.	1222	101	0	0
binary_aquatic_dependence	binary_aquatic_dependence_nested_ttest_baseline	153	Moschus	binary_aquatic_dependence_foldwise_ASR_nested_ttest_baseline	287	2	63	224	0	2	2	474	13	114	0	586	472	114	2	17298	1244	0	0	1244	95	0.00633720427977671	fit_nonzero_predictors	20460754	Held-out genus terminal labels masked for ASR; held-out terminal branches removed from screening; fold-wise preprocessing; glmnet standardize=FALSE.	1244	95	0	0
binary_aquatic_dependence	binary_aquatic_dependence_nested_ttest_baseline	154	Mungos	binary_aquatic_dependence_foldwise_ASR_nested_ttest_baseline	288	1	63	225	0	1	1	474	13	114	0	587	473	114	1	17298	1226	0	0	1226	102	0.00436522411055106	fit_nonzero_predictors	20460755	Held-out genus terminal labels masked for ASR; held-out terminal branches removed from screening; fold-wise preprocessing; glmnet standardize=FALSE.	1226	102	0	0
binary_aquatic_dependence	binary_aquatic_dependence_nested_ttest_baseline	155	Muntiacus	binary_aquatic_dependence_foldwise_ASR_nested_ttest_baseline	286	3	63	223	0	3	3	474	13	114	0	585	471	114	3	17298	1243	0	0	1243	94	0.00479856680909511	fit_nonzero_predictors	20460756	Held-out genus terminal labels masked for ASR; held-out terminal branches removed from screening; fold-wise preprocessing; glmnet standardize=FALSE.	1243	94	0	0
binary_aquatic_dependence	binary_aquatic_dependence_nested_ttest_baseline	156	Mus	binary_aquatic_dependence_foldwise_ASR_nested_ttest_baseline	288	1	63	225	0	1	1	474	13	114	0	587	473	114	1	17298	1219	0	0	1219	66	0.0202582616350938	fit_nonzero_predictors	20460757	Held-out genus terminal labels masked for ASR; held-out terminal branches removed from screening; fold-wise preprocessing; glmnet standardize=FALSE.	1219	66	0	0
binary_aquatic_dependence	binary_aquatic_dependence_nested_ttest_baseline	157	Muscardinus	binary_aquatic_dependence_foldwise_ASR_nested_ttest_baseline	288	1	63	225	0	1	1	474	13	114	0	587	473	114	1	17298	1226	0	0	1226	102	0.00436504739982964	fit_nonzero_predictors	20460758	Held-out genus terminal labels masked for ASR; held-out terminal branches removed from screening; fold-wise preprocessing; glmnet standardize=FALSE.	1226	102	0	0
binary_aquatic_dependence	binary_aquatic_dependence_nested_ttest_baseline	158	Mustela	binary_aquatic_dependence_foldwise_ASR_nested_ttest_baseline	287	2	63	224	0	2	2	469	13	119	0	586	469	117	2	17299	1194	0	0	1194	91	0.00800424556601032	fit_nonzero_predictors	20460759	Held-out genus terminal labels masked for ASR; held-out terminal branches removed from screening; fold-wise preprocessing; glmnet standardize=FALSE.	1239	86	-45	5
binary_aquatic_dependence	binary_aquatic_dependence_nested_ttest_baseline	159	Myocastor	binary_aquatic_dependence_foldwise_ASR_nested_ttest_baseline	288	1	62	226	1	0	1	475	13	113	0	587	474	113	1	17296	1294	0	0	1294	79	0.00973861849799381	fit_nonzero_predictors	20460760	Held-out genus terminal labels masked for ASR; held-out terminal branches removed from screening; fold-wise preprocessing; glmnet standardize=FALSE.	1294	79	0	0
binary_aquatic_dependence	binary_aquatic_dependence_nested_ttest_baseline	16	Aplodontia	binary_aquatic_dependence_foldwise_ASR_nested_ttest_baseline	288	1	63	225	0	1	1	474	13	114	0	587	473	114	1	17298	1216	0	0	1216	87	0.00876936028556364	fit_nonzero_predictors	20460617	Held-out genus terminal labels masked for ASR; held-out terminal branches removed from screening; fold-wise preprocessing; glmnet standardize=FALSE.	1216	87	0	0
binary_aquatic_dependence	binary_aquatic_dependence_nested_ttest_baseline	160	Myodes	binary_aquatic_dependence_foldwise_ASR_nested_ttest_baseline	288	1	63	225	0	1	1	474	13	114	0	587	473	114	1	17298	1223	0	0	1223	109	0.00198034840856074	fit_nonzero_predictors	20460761	Held-out genus terminal labels masked for ASR; held-out terminal branches removed from screening; fold-wise preprocessing; glmnet standardize=FALSE.	1223	109	0	0
binary_aquatic_dependence	binary_aquatic_dependence_nested_ttest_baseline	161	Myotis	binary_aquatic_dependence_foldwise_ASR_nested_ttest_baseline	288	1	63	225	0	1	1	474	13	114	0	587	473	114	1	17298	1214	0	0	1214	88	0.00877038387072985	fit_nonzero_predictors	20460762	Held-out genus terminal labels masked for ASR; held-out terminal branches removed from screening; fold-wise preprocessing; glmnet standardize=FALSE.	1214	88	0	0
binary_aquatic_dependence	binary_aquatic_dependence_nested_ttest_baseline	162	Myrmecophaga	binary_aquatic_dependence_foldwise_ASR_nested_ttest_baseline	288	1	63	225	0	1	1	474	13	114	0	587	473	114	1	17298	1217	0	0	1217	88	0.00878075479836305	fit_nonzero_predictors	20460763	Held-out genus terminal labels masked for ASR; held-out terminal branches removed from screening; fold-wise preprocessing; glmnet standardize=FALSE.	1217	88	0	0
binary_aquatic_dependence	binary_aquatic_dependence_nested_ttest_baseline	163	Nanger	binary_aquatic_dependence_foldwise_ASR_nested_ttest_baseline	288	1	63	225	0	1	1	474	13	114	0	587	473	114	1	17298	1229	0	0	1229	88	0.00963665196700425	fit_nonzero_predictors	20460764	Held-out genus terminal labels masked for ASR; held-out terminal branches removed from screening; fold-wise preprocessing; glmnet standardize=FALSE.	1229	88	0	0
binary_aquatic_dependence	binary_aquatic_dependence_nested_ttest_baseline	164	Nannospalax	binary_aquatic_dependence_foldwise_ASR_nested_ttest_baseline	288	1	63	225	0	1	1	474	13	114	0	587	473	114	1	17298	1216	0	0	1216	88	0.0087700168642497	fit_nonzero_predictors	20460765	Held-out genus terminal labels masked for ASR; held-out terminal branches removed from screening; fold-wise preprocessing; glmnet standardize=FALSE.	1216	88	0	0
binary_aquatic_dependence	binary_aquatic_dependence_nested_ttest_baseline	165	Nasua	binary_aquatic_dependence_foldwise_ASR_nested_ttest_baseline	288	1	63	225	0	1	1	474	13	114	0	587	473	114	1	17298	1223	0	0	1223	97	0.00380339118550023	fit_nonzero_predictors	20460766	Held-out genus terminal labels masked for ASR; held-out terminal branches removed from screening; fold-wise preprocessing; glmnet standardize=FALSE.	1223	97	0	0
binary_aquatic_dependence	binary_aquatic_dependence_nested_ttest_baseline	166	Neofelis	binary_aquatic_dependence_foldwise_ASR_nested_ttest_baseline	288	1	63	225	0	1	1	474	13	114	0	587	473	114	1	17298	1238	0	0	1238	91	0.00728154213519954	fit_nonzero_predictors	20460767	Held-out genus terminal labels masked for ASR; held-out terminal branches removed from screening; fold-wise preprocessing; glmnet standardize=FALSE.	1238	91	0	0
binary_aquatic_dependence	binary_aquatic_dependence_nested_ttest_baseline	167	Neomonachus	binary_aquatic_dependence_foldwise_ASR_nested_ttest_baseline	288	1	62	226	1	0	1	474	13	114	0	587	474	113	1	17297	1210	0	0	1210	69	0.0198788007244655	fit_nonzero_predictors	20460768	Held-out genus terminal labels masked for ASR; held-out terminal branches removed from screening; fold-wise preprocessing; glmnet standardize=FALSE.	1210	69	0	0
binary_aquatic_dependence	binary_aquatic_dependence_nested_ttest_baseline	168	Neophocaena	binary_aquatic_dependence_foldwise_ASR_nested_ttest_baseline	288	1	62	226	1	0	1	474	13	114	0	587	474	113	1	17298	1203	0	0	1203	85	0.0118929211127642	fit_nonzero_predictors	20460769	Held-out genus terminal labels masked for ASR; held-out terminal branches removed from screening; fold-wise preprocessing; glmnet standardize=FALSE.	1203	85	0	0
binary_aquatic_dependence	binary_aquatic_dependence_nested_ttest_baseline	169	Neovison	binary_aquatic_dependence_foldwise_ASR_nested_ttest_baseline	288	1	62	226	1	0	1	475	13	113	0	587	474	113	1	17298	1239	0	0	1239	59	0.0223533851330812	fit_nonzero_predictors	20460770	Held-out genus terminal labels masked for ASR; held-out terminal branches removed from screening; fold-wise preprocessing; glmnet standardize=FALSE.	1239	59	0	0
binary_aquatic_dependence	binary_aquatic_dependence_nested_ttest_baseline	17	Artibeus	binary_aquatic_dependence_foldwise_ASR_nested_ttest_baseline	288	1	63	225	0	1	1	474	13	114	0	587	473	114	1	17298	1218	0	0	1218	97	0.00457276362040889	fit_nonzero_predictors	20460618	Held-out genus terminal labels masked for ASR; held-out terminal branches removed from screening; fold-wise preprocessing; glmnet standardize=FALSE.	1218	97	0	0
binary_aquatic_dependence	binary_aquatic_dependence_nested_ttest_baseline	170	Noctilio	binary_aquatic_dependence_foldwise_ASR_nested_ttest_baseline	288	1	63	225	0	1	1	474	13	114	0	587	473	114	1	17298	1222	0	0	1222	88	0.00877049342825073	fit_nonzero_predictors	20460771	Held-out genus terminal labels masked for ASR; held-out terminal branches removed from screening; fold-wise preprocessing; glmnet standardize=FALSE.	1222	88	0	0
binary_aquatic_dependence	binary_aquatic_dependence_nested_ttest_baseline	171	Nomascus	binary_aquatic_dependence_foldwise_ASR_nested_ttest_baseline	288	1	63	225	0	1	1	474	13	114	0	587	473	114	1	17298	1229	0	0	1229	101	0.00457548821387642	fit_nonzero_predictors	20460772	Held-out genus terminal labels masked for ASR; held-out terminal branches removed from screening; fold-wise preprocessing; glmnet standardize=FALSE.	1229	101	0	0
binary_aquatic_dependence	binary_aquatic_dependence_nested_ttest_baseline	172	Nycticebus	binary_aquatic_dependence_foldwise_ASR_nested_ttest_baseline	288	1	63	225	0	1	1	474	13	114	0	587	473	114	1	17298	1222	0	0	1222	91	0.00877413485035304	fit_nonzero_predictors	20460773	Held-out genus terminal labels masked for ASR; held-out terminal branches removed from screening; fold-wise preprocessing; glmnet standardize=FALSE.	1222	91	0	0
binary_aquatic_dependence	binary_aquatic_dependence_nested_ttest_baseline	173	Ochotona	binary_aquatic_dependence_foldwise_ASR_nested_ttest_baseline	288	1	63	225	0	1	1	474	13	114	0	587	473	114	1	17298	1222	0	0	1222	99	0.00526392420753112	fit_nonzero_predictors	20460774	Held-out genus terminal labels masked for ASR; held-out terminal branches removed from screening; fold-wise preprocessing; glmnet standardize=FALSE.	1222	99	0	0
binary_aquatic_dependence	binary_aquatic_dependence_nested_ttest_baseline	174	Octodon	binary_aquatic_dependence_foldwise_ASR_nested_ttest_baseline	288	1	63	225	0	1	1	474	13	114	0	587	473	114	1	17298	1221	0	0	1221	99	0.00345879723760151	fit_nonzero_predictors	20460775	Held-out genus terminal labels masked for ASR; held-out terminal branches removed from screening; fold-wise preprocessing; glmnet standardize=FALSE.	1221	99	0	0
binary_aquatic_dependence	binary_aquatic_dependence_nested_ttest_baseline	175	Odobenus	binary_aquatic_dependence_foldwise_ASR_nested_ttest_baseline	288	1	62	226	1	0	1	474	13	114	0	587	474	113	1	17298	1234	0	0	1234	63	0.0240921324408027	fit_nonzero_predictors	20460776	Held-out genus terminal labels masked for ASR; held-out terminal branches removed from screening; fold-wise preprocessing; glmnet standardize=FALSE.	1234	63	0	0
binary_aquatic_dependence	binary_aquatic_dependence_nested_ttest_baseline	176	Odocoileus	binary_aquatic_dependence_foldwise_ASR_nested_ttest_baseline	287	2	63	224	0	2	2	474	13	114	0	586	472	114	2	17298	1248	0	0	1248	69	0.0202839185117917	fit_nonzero_predictors	20460777	Held-out genus terminal labels masked for ASR; held-out terminal branches removed from screening; fold-wise preprocessing; glmnet standardize=FALSE.	1248	69	0	0
binary_aquatic_dependence	binary_aquatic_dependence_nested_ttest_baseline	177	Okapia	binary_aquatic_dependence_foldwise_ASR_nested_ttest_baseline	288	1	63	225	0	1	1	474	13	114	0	587	473	114	1	17298	1221	0	0	1221	99	0.00379854634178751	fit_nonzero_predictors	20460778	Held-out genus terminal labels masked for ASR; held-out terminal branches removed from screening; fold-wise preprocessing; glmnet standardize=FALSE.	1221	99	0	0
binary_aquatic_dependence	binary_aquatic_dependence_nested_ttest_baseline	178	Ondatra	binary_aquatic_dependence_foldwise_ASR_nested_ttest_baseline	288	1	62	226	1	0	1	475	13	113	0	587	474	113	1	17293	1251	0	0	1251	68	0.0203631846222498	fit_nonzero_predictors	20460779	Held-out genus terminal labels masked for ASR; held-out terminal branches removed from screening; fold-wise preprocessing; glmnet standardize=FALSE.	1251	68	0	0
binary_aquatic_dependence	binary_aquatic_dependence_nested_ttest_baseline	179	Onychomys	binary_aquatic_dependence_foldwise_ASR_nested_ttest_baseline	288	1	63	225	0	1	1	474	13	114	0	587	473	114	1	17298	1208	0	0	1208	87	0.00877143654052953	fit_nonzero_predictors	20460780	Held-out genus terminal labels masked for ASR; held-out terminal branches removed from screening; fold-wise preprocessing; glmnet standardize=FALSE.	1208	87	0	0
binary_aquatic_dependence	binary_aquatic_dependence_nested_ttest_baseline	18	Arvicanthis	binary_aquatic_dependence_foldwise_ASR_nested_ttest_baseline	288	1	63	225	0	1	1	474	13	114	0	587	473	114	1	17298	1219	0	0	1219	101	0.00436598581568192	fit_nonzero_predictors	20460619	Held-out genus terminal labels masked for ASR; held-out terminal branches removed from screening; fold-wise preprocessing; glmnet standardize=FALSE.	1219	101	0	0
binary_aquatic_dependence	binary_aquatic_dependence_nested_ttest_baseline	180	Orcinus	binary_aquatic_dependence_foldwise_ASR_nested_ttest_baseline	288	1	62	226	1	0	1	474	13	114	0	587	474	113	1	17298	1198	0	0	1198	67	0.0188242105446902	fit_nonzero_predictors	20460781	Held-out genus terminal labels masked for ASR; held-out terminal branches removed from screening; fold-wise preprocessing; glmnet standardize=FALSE.	1198	67	0	0
binary_aquatic_dependence	binary_aquatic_dependence_nested_ttest_baseline	181	Oreamnos	binary_aquatic_dependence_foldwise_ASR_nested_ttest_baseline	288	1	63	225	0	1	1	474	13	114	0	587	473	114	1	17298	1217	0	0	1217	102	0.00526184068595792	fit_nonzero_predictors	20460782	Held-out genus terminal labels masked for ASR; held-out terminal branches removed from screening; fold-wise preprocessing; glmnet standardize=FALSE.	1217	102	0	0
binary_aquatic_dependence	binary_aquatic_dependence_nested_ttest_baseline	182	Oreotragus	binary_aquatic_dependence_foldwise_ASR_nested_ttest_baseline	288	1	63	225	0	1	1	474	13	114	0	587	473	114	1	17298	1219	0	0	1219	100	0.00436664007831371	fit_nonzero_predictors	20460783	Held-out genus terminal labels masked for ASR; held-out terminal branches removed from screening; fold-wise preprocessing; glmnet standardize=FALSE.	1219	100	0	0
binary_aquatic_dependence	binary_aquatic_dependence_nested_ttest_baseline	183	Orycteropus	binary_aquatic_dependence_foldwise_ASR_nested_ttest_baseline	288	1	63	225	0	1	1	474	13	114	0	587	473	114	1	17298	1215	0	0	1215	87	0.00877231344642115	fit_nonzero_predictors	20460784	Held-out genus terminal labels masked for ASR; held-out terminal branches removed from screening; fold-wise preprocessing; glmnet standardize=FALSE.	1215	87	0	0
binary_aquatic_dependence	binary_aquatic_dependence_nested_ttest_baseline	184	Oryctolagus	binary_aquatic_dependence_foldwise_ASR_nested_ttest_baseline	288	1	63	225	0	1	1	474	13	114	0	587	473	114	1	17298	1215	0	0	1215	102	0.00436436063764965	fit_nonzero_predictors	20460785	Held-out genus terminal labels masked for ASR; held-out terminal branches removed from screening; fold-wise preprocessing; glmnet standardize=FALSE.	1215	102	0	0
binary_aquatic_dependence	binary_aquatic_dependence_nested_ttest_baseline	185	Oryx	binary_aquatic_dependence_foldwise_ASR_nested_ttest_baseline	287	2	63	224	0	2	2	474	13	114	0	586	472	114	2	17298	1243	0	0	1243	98	0.00551054269842252	fit_nonzero_predictors	20460786	Held-out genus terminal labels masked for ASR; held-out terminal branches removed from screening; fold-wise preprocessing; glmnet standardize=FALSE.	1243	98	0	0
binary_aquatic_dependence	binary_aquatic_dependence_nested_ttest_baseline	186	Otolemur	binary_aquatic_dependence_foldwise_ASR_nested_ttest_baseline	288	1	63	225	0	1	1	474	13	114	0	587	473	114	1	17298	1213	0	0	1213	88	0.00876889348695779	fit_nonzero_predictors	20460787	Held-out genus terminal labels masked for ASR; held-out terminal branches removed from screening; fold-wise preprocessing; glmnet standardize=FALSE.	1213	88	0	0
binary_aquatic_dependence	binary_aquatic_dependence_nested_ttest_baseline	187	Ovis	binary_aquatic_dependence_foldwise_ASR_nested_ttest_baseline	286	3	63	223	0	3	3	474	13	114	0	585	471	114	3	17298	1260	0	0	1260	60	0.0244312660897582	fit_nonzero_predictors	20460788	Held-out genus terminal labels masked for ASR; held-out terminal branches removed from screening; fold-wise preprocessing; glmnet standardize=FALSE.	1260	60	0	0
binary_aquatic_dependence	binary_aquatic_dependence_nested_ttest_baseline	188	Pachyuromys	binary_aquatic_dependence_foldwise_ASR_nested_ttest_baseline	288	1	63	225	0	1	1	474	13	114	0	587	473	114	1	17298	1220	0	0	1220	88	0.00877270534356725	fit_nonzero_predictors	20460789	Held-out genus terminal labels masked for ASR; held-out terminal branches removed from screening; fold-wise preprocessing; glmnet standardize=FALSE.	1220	88	0	0
binary_aquatic_dependence	binary_aquatic_dependence_nested_ttest_baseline	189	Pan	binary_aquatic_dependence_foldwise_ASR_nested_ttest_baseline	288	1	63	225	0	1	1	474	13	114	0	587	473	114	1	17298	1231	0	0	1231	104	0.00315265856309635	fit_nonzero_predictors	20460790	Held-out genus terminal labels masked for ASR; held-out terminal branches removed from screening; fold-wise preprocessing; glmnet standardize=FALSE.	1231	104	0	0
binary_aquatic_dependence	binary_aquatic_dependence_nested_ttest_baseline	19	Arvicola	binary_aquatic_dependence_foldwise_ASR_nested_ttest_baseline	288	1	62	226	1	0	1	475	13	113	0	587	474	113	1	17290	1291	0	0	1291	65	0.021367820496004	fit_nonzero_predictors	20460620	Held-out genus terminal labels masked for ASR; held-out terminal branches removed from screening; fold-wise preprocessing; glmnet standardize=FALSE.	1291	65	0	0
binary_aquatic_dependence	binary_aquatic_dependence_nested_ttest_baseline	190	Panthera	binary_aquatic_dependence_foldwise_ASR_nested_ttest_baseline	285	4	63	222	0	4	4	474	13	114	0	584	470	114	4	17298	1276	0	0	1276	74	0.0148728219899873	fit_nonzero_predictors	20460791	Held-out genus terminal labels masked for ASR; held-out terminal branches removed from screening; fold-wise preprocessing; glmnet standardize=FALSE.	1276	74	0	0
binary_aquatic_dependence	binary_aquatic_dependence_nested_ttest_baseline	191	Papio	binary_aquatic_dependence_foldwise_ASR_nested_ttest_baseline	288	1	63	225	0	1	1	474	13	114	0	587	473	114	1	17298	1232	0	0	1232	98	0.00501934322076685	fit_nonzero_predictors	20460792	Held-out genus terminal labels masked for ASR; held-out terminal branches removed from screening; fold-wise preprocessing; glmnet standardize=FALSE.	1232	98	0	0
binary_aquatic_dependence	binary_aquatic_dependence_nested_ttest_baseline	192	Paradoxurus	binary_aquatic_dependence_foldwise_ASR_nested_ttest_baseline	288	1	63	225	0	1	1	474	13	114	0	587	473	114	1	17298	1218	0	0	1218	104	0.00437050999368226	fit_nonzero_predictors	20460793	Held-out genus terminal labels masked for ASR; held-out terminal branches removed from screening; fold-wise preprocessing; glmnet standardize=FALSE.	1218	104	0	0
binary_aquatic_dependence	binary_aquatic_dependence_nested_ttest_baseline	193	Pedetes	binary_aquatic_dependence_foldwise_ASR_nested_ttest_baseline	288	1	63	225	0	1	1	474	13	114	0	587	473	114	1	17298	1220	0	0	1220	90	0.00877491637887786	fit_nonzero_predictors	20460794	Held-out genus terminal labels masked for ASR; held-out terminal branches removed from screening; fold-wise preprocessing; glmnet standardize=FALSE.	1220	90	0	0
binary_aquatic_dependence	binary_aquatic_dependence_nested_ttest_baseline	194	Peponocephala	binary_aquatic_dependence_foldwise_ASR_nested_ttest_baseline	288	1	62	226	1	0	1	474	13	114	0	587	474	113	1	17298	1232	0	0	1232	64	0.0206674590582089	fit_nonzero_predictors	20460795	Held-out genus terminal labels masked for ASR; held-out terminal branches removed from screening; fold-wise preprocessing; glmnet standardize=FALSE.	1232	64	0	0
binary_aquatic_dependence	binary_aquatic_dependence_nested_ttest_baseline	195	Peromyscus	binary_aquatic_dependence_foldwise_ASR_nested_ttest_baseline	288	1	63	225	0	1	1	474	13	114	0	587	473	114	1	17298	1218	0	0	1218	100	0.00436652699258315	fit_nonzero_predictors	20460796	Held-out genus terminal labels masked for ASR; held-out terminal branches removed from screening; fold-wise preprocessing; glmnet standardize=FALSE.	1218	100	0	0
binary_aquatic_dependence	binary_aquatic_dependence_nested_ttest_baseline	196	Petromus	binary_aquatic_dependence_foldwise_ASR_nested_ttest_baseline	288	1	63	225	0	1	1	474	13	114	0	587	473	114	1	17298	1218	0	0	1218	100	0.00526077962629439	fit_nonzero_predictors	20460797	Held-out genus terminal labels masked for ASR; held-out terminal branches removed from screening; fold-wise preprocessing; glmnet standardize=FALSE.	1218	100	0	0
binary_aquatic_dependence	binary_aquatic_dependence_nested_ttest_baseline	197	Phataginus	binary_aquatic_dependence_foldwise_ASR_nested_ttest_baseline	288	1	63	225	0	1	1	474	13	114	0	587	473	114	1	17298	1238	0	0	1238	86	0.0116076410825466	fit_nonzero_predictors	20460798	Held-out genus terminal labels masked for ASR; held-out terminal branches removed from screening; fold-wise preprocessing; glmnet standardize=FALSE.	1238	86	0	0
binary_aquatic_dependence	binary_aquatic_dependence_nested_ttest_baseline	198	Phoca	binary_aquatic_dependence_foldwise_ASR_nested_ttest_baseline	287	2	61	226	2	0	2	474	13	114	0	586	474	112	2	17298	1170	0	0	1170	86	0.0106447663329455	fit_nonzero_predictors	20460799	Held-out genus terminal labels masked for ASR; held-out terminal branches removed from screening; fold-wise preprocessing; glmnet standardize=FALSE.	1170	86	0	0
binary_aquatic_dependence	binary_aquatic_dependence_nested_ttest_baseline	199	Phocoena	binary_aquatic_dependence_foldwise_ASR_nested_ttest_baseline	287	2	61	226	2	0	2	474	13	114	0	586	474	112	2	17298	1212	0	0	1212	82	0.0133691159748424	fit_nonzero_predictors	20460800	Held-out genus terminal labels masked for ASR; held-out terminal branches removed from screening; fold-wise preprocessing; glmnet standardize=FALSE.	1212	82	0	0
binary_aquatic_dependence	binary_aquatic_dependence_nested_ttest_baseline	2	Acomys	binary_aquatic_dependence_foldwise_ASR_nested_ttest_baseline	288	1	63	225	0	1	1	474	13	114	0	587	473	114	1	17298	1217	0	0	1217	101	0.00525798851644137	fit_nonzero_predictors	20460603	Held-out genus terminal labels masked for ASR; held-out terminal branches removed from screening; fold-wise preprocessing; glmnet standardize=FALSE.	1217	101	0	0
binary_aquatic_dependence	binary_aquatic_dependence_nested_ttest_baseline	20	Ateles	binary_aquatic_dependence_foldwise_ASR_nested_ttest_baseline	288	1	63	225	0	1	1	474	13	114	0	587	473	114	1	17298	1219	0	0	1219	104	0.00457853249330212	fit_nonzero_predictors	20460621	Held-out genus terminal labels masked for ASR; held-out terminal branches removed from screening; fold-wise preprocessing; glmnet standardize=FALSE.	1219	104	0	0
binary_aquatic_dependence	binary_aquatic_dependence_nested_ttest_baseline	200	Phyllostomus	binary_aquatic_dependence_foldwise_ASR_nested_ttest_baseline	288	1	63	225	0	1	1	474	13	114	0	587	473	114	1	17298	1214	0	0	1214	87	0.00876911800329278	fit_nonzero_predictors	20460801	Held-out genus terminal labels masked for ASR; held-out terminal branches removed from screening; fold-wise preprocessing; glmnet standardize=FALSE.	1214	87	0	0
binary_aquatic_dependence	binary_aquatic_dependence_nested_ttest_baseline	201	Physeter	binary_aquatic_dependence_foldwise_ASR_nested_ttest_baseline	288	1	62	226	1	0	1	474	13	114	0	587	474	113	1	17298	1202	0	0	1202	101	0.00417156991269961	fit_nonzero_predictors	20460802	Held-out genus terminal labels masked for ASR; held-out terminal branches removed from screening; fold-wise preprocessing; glmnet standardize=FALSE.	1202	101	0	0
binary_aquatic_dependence	binary_aquatic_dependence_nested_ttest_baseline	202	Piliocolobus	binary_aquatic_dependence_foldwise_ASR_nested_ttest_baseline	288	1	63	225	0	1	1	474	13	114	0	587	473	114	1	17298	1225	0	0	1225	100	0.00437020235440752	fit_nonzero_predictors	20460803	Held-out genus terminal labels masked for ASR; held-out terminal branches removed from screening; fold-wise preprocessing; glmnet standardize=FALSE.	1225	100	0	0
binary_aquatic_dependence	binary_aquatic_dependence_nested_ttest_baseline	203	Pipistrellus	binary_aquatic_dependence_foldwise_ASR_nested_ttest_baseline	288	1	63	225	0	1	1	474	13	114	0	587	473	114	1	17298	1222	0	0	1222	91	0.00837034347043014	fit_nonzero_predictors	20460804	Held-out genus terminal labels masked for ASR; held-out terminal branches removed from screening; fold-wise preprocessing; glmnet standardize=FALSE.	1222	91	0	0
binary_aquatic_dependence	binary_aquatic_dependence_nested_ttest_baseline	204	Pithecia	binary_aquatic_dependence_foldwise_ASR_nested_ttest_baseline	288	1	63	225	0	1	1	474	13	114	0	587	473	114	1	17298	1225	0	0	1225	101	0.00436600859396807	fit_nonzero_predictors	20460805	Held-out genus terminal labels masked for ASR; held-out terminal branches removed from screening; fold-wise preprocessing; glmnet standardize=FALSE.	1225	101	0	0
binary_aquatic_dependence	binary_aquatic_dependence_nested_ttest_baseline	205	Platanista	binary_aquatic_dependence_foldwise_ASR_nested_ttest_baseline	288	1	62	226	1	0	1	474	13	114	0	587	474	113	1	17298	1210	0	0	1210	62	0.0222624139460273	fit_nonzero_predictors	20460806	Held-out genus terminal labels masked for ASR; held-out terminal branches removed from screening; fold-wise preprocessing; glmnet standardize=FALSE.	1210	62	0	0
binary_aquatic_dependence	binary_aquatic_dependence_nested_ttest_baseline	206	Plecturocebus	binary_aquatic_dependence_foldwise_ASR_nested_ttest_baseline	288	1	63	225	0	1	1	474	13	114	0	587	473	114	1	17298	1227	0	0	1227	88	0.00876889908366011	fit_nonzero_predictors	20460807	Held-out genus terminal labels masked for ASR; held-out terminal branches removed from screening; fold-wise preprocessing; glmnet standardize=FALSE.	1227	88	0	0
binary_aquatic_dependence	binary_aquatic_dependence_nested_ttest_baseline	207	Pongo	binary_aquatic_dependence_foldwise_ASR_nested_ttest_baseline	288	1	63	225	0	1	1	474	13	114	0	587	473	114	1	17298	1225	0	0	1225	65	0.0202665601721406	fit_nonzero_predictors	20460808	Held-out genus terminal labels masked for ASR; held-out terminal branches removed from screening; fold-wise preprocessing; glmnet standardize=FALSE.	1225	65	0	0
binary_aquatic_dependence	binary_aquatic_dependence_nested_ttest_baseline	208	Potos	binary_aquatic_dependence_foldwise_ASR_nested_ttest_baseline	288	1	63	225	0	1	1	474	13	114	0	587	473	114	1	17298	1222	0	0	1222	88	0.00878444247433728	fit_nonzero_predictors	20460809	Held-out genus terminal labels masked for ASR; held-out terminal branches removed from screening; fold-wise preprocessing; glmnet standardize=FALSE.	1222	88	0	0
binary_aquatic_dependence	binary_aquatic_dependence_nested_ttest_baseline	209	Prionailurus	binary_aquatic_dependence_foldwise_ASR_nested_ttest_baseline	288	1	63	225	0	1	1	474	13	114	0	587	473	114	1	17298	1232	0	0	1232	87	0.00919885704814857	fit_nonzero_predictors	20460810	Held-out genus terminal labels masked for ASR; held-out terminal branches removed from screening; fold-wise preprocessing; glmnet standardize=FALSE.	1232	87	0	0
binary_aquatic_dependence	binary_aquatic_dependence_nested_ttest_baseline	21	Axis	binary_aquatic_dependence_foldwise_ASR_nested_ttest_baseline	288	1	63	225	0	1	1	474	13	114	0	587	473	114	1	17298	1218	0	0	1218	68	0.0202770513272504	fit_nonzero_predictors	20460622	Held-out genus terminal labels masked for ASR; held-out terminal branches removed from screening; fold-wise preprocessing; glmnet standardize=FALSE.	1218	68	0	0
binary_aquatic_dependence	binary_aquatic_dependence_nested_ttest_baseline	210	Procapra	binary_aquatic_dependence_foldwise_ASR_nested_ttest_baseline	288	1	63	225	0	1	1	474	13	114	0	587	473	114	1	17298	1219	0	0	1219	87	0.00877164760570192	fit_nonzero_predictors	20460811	Held-out genus terminal labels masked for ASR; held-out terminal branches removed from screening; fold-wise preprocessing; glmnet standardize=FALSE.	1219	87	0	0
binary_aquatic_dependence	binary_aquatic_dependence_nested_ttest_baseline	211	Procavia	binary_aquatic_dependence_foldwise_ASR_nested_ttest_baseline	288	1	63	225	0	1	1	474	13	114	0	587	473	114	1	17298	1227	0	0	1227	89	0.00877479141336343	fit_nonzero_predictors	20460812	Held-out genus terminal labels masked for ASR; held-out terminal branches removed from screening; fold-wise preprocessing; glmnet standardize=FALSE.	1227	89	0	0
binary_aquatic_dependence	binary_aquatic_dependence_nested_ttest_baseline	212	Procyon	binary_aquatic_dependence_foldwise_ASR_nested_ttest_baseline	288	1	63	225	0	1	1	474	13	114	0	587	473	114	1	17298	1229	0	0	1229	69	0.0193629853680377	fit_nonzero_predictors	20460813	Held-out genus terminal labels masked for ASR; held-out terminal branches removed from screening; fold-wise preprocessing; glmnet standardize=FALSE.	1229	69	0	0
binary_aquatic_dependence	binary_aquatic_dependence_nested_ttest_baseline	213	Prolemur	binary_aquatic_dependence_foldwise_ASR_nested_ttest_baseline	288	1	63	225	0	1	1	474	13	114	0	587	473	114	1	17298	1236	0	0	1236	102	0.0043649176836972	fit_nonzero_predictors	20460814	Held-out genus terminal labels masked for ASR; held-out terminal branches removed from screening; fold-wise preprocessing; glmnet standardize=FALSE.	1236	102	0	0
binary_aquatic_dependence	binary_aquatic_dependence_nested_ttest_baseline	214	Propithecus	binary_aquatic_dependence_foldwise_ASR_nested_ttest_baseline	288	1	63	225	0	1	1	474	13	114	0	587	473	114	1	17298	1223	0	0	1223	100	0.00436785856574794	fit_nonzero_predictors	20460815	Held-out genus terminal labels masked for ASR; held-out terminal branches removed from screening; fold-wise preprocessing; glmnet standardize=FALSE.	1223	100	0	0
binary_aquatic_dependence	binary_aquatic_dependence_nested_ttest_baseline	215	Przewalskium	binary_aquatic_dependence_foldwise_ASR_nested_ttest_baseline	288	1	63	225	0	1	1	474	13	114	0	587	473	114	1	17298	1239	0	0	1239	66	0.0215105770514256	fit_nonzero_predictors	20460816	Held-out genus terminal labels masked for ASR; held-out terminal branches removed from screening; fold-wise preprocessing; glmnet standardize=FALSE.	1239	66	0	0
binary_aquatic_dependence	binary_aquatic_dependence_nested_ttest_baseline	216	Psammomys	binary_aquatic_dependence_foldwise_ASR_nested_ttest_baseline	288	1	63	225	0	1	1	474	13	114	0	587	473	114	1	17298	1219	0	0	1219	98	0.00437277730248614	fit_nonzero_predictors	20460817	Held-out genus terminal labels masked for ASR; held-out terminal branches removed from screening; fold-wise preprocessing; glmnet standardize=FALSE.	1219	98	0	0
binary_aquatic_dependence	binary_aquatic_dependence_nested_ttest_baseline	217	Pteronura	binary_aquatic_dependence_foldwise_ASR_nested_ttest_baseline	288	1	62	226	1	0	1	476	13	112	0	587	475	112	1	17295	1246	0	0	1246	61	0.0244937249880728	fit_nonzero_predictors	20460818	Held-out genus terminal labels masked for ASR; held-out terminal branches removed from screening; fold-wise preprocessing; glmnet standardize=FALSE.	1219	80	27	-19
binary_aquatic_dependence	binary_aquatic_dependence_nested_ttest_baseline	218	Pteropus	binary_aquatic_dependence_foldwise_ASR_nested_ttest_baseline	288	1	63	225	0	1	1	474	13	114	0	587	473	114	1	17298	1222	0	0	1222	90	0.00877088376669284	fit_nonzero_predictors	20460819	Held-out genus terminal labels masked for ASR; held-out terminal branches removed from screening; fold-wise preprocessing; glmnet standardize=FALSE.	1222	90	0	0
binary_aquatic_dependence	binary_aquatic_dependence_nested_ttest_baseline	219	Puma	binary_aquatic_dependence_foldwise_ASR_nested_ttest_baseline	288	1	63	225	0	1	1	474	13	114	0	587	473	114	1	17298	1227	0	0	1227	89	0.0100943737434434	fit_nonzero_predictors	20460820	Held-out genus terminal labels masked for ASR; held-out terminal branches removed from screening; fold-wise preprocessing; glmnet standardize=FALSE.	1227	89	0	0
binary_aquatic_dependence	binary_aquatic_dependence_nested_ttest_baseline	22	Babyrousa	binary_aquatic_dependence_foldwise_ASR_nested_ttest_baseline	289	0	63	226	0	0	1										0			0	0		no_evaluable_test_species_after_exclusion	20460623	No evaluable held-out species for this model after exclusion.	0	0	0	0
binary_aquatic_dependence	binary_aquatic_dependence_nested_ttest_baseline	220	Pygathrix	binary_aquatic_dependence_foldwise_ASR_nested_ttest_baseline	288	1	63	225	0	1	1	474	13	114	0	587	473	114	1	17298	1224	0	0	1224	102	0.00330295541445036	fit_nonzero_predictors	20460821	Held-out genus terminal labels masked for ASR; held-out terminal branches removed from screening; fold-wise preprocessing; glmnet standardize=FALSE.	1224	102	0	0
binary_aquatic_dependence	binary_aquatic_dependence_nested_ttest_baseline	221	Rangifer	binary_aquatic_dependence_foldwise_ASR_nested_ttest_baseline	288	1	63	225	0	1	1	474	13	114	0	587	473	114	1	17298	1221	0	0	1221	102	0.00436766343501783	fit_nonzero_predictors	20460822	Held-out genus terminal labels masked for ASR; held-out terminal branches removed from screening; fold-wise preprocessing; glmnet standardize=FALSE.	1221	102	0	0
binary_aquatic_dependence	binary_aquatic_dependence_nested_ttest_baseline	222	Rhinoceros	binary_aquatic_dependence_foldwise_ASR_nested_ttest_baseline	289	0	63	226	0	0	1										0			0	0		no_evaluable_test_species_after_exclusion	20460823	No evaluable held-out species for this model after exclusion.	0	0	0	0
binary_aquatic_dependence	binary_aquatic_dependence_nested_ttest_baseline	223	Rhinolophus	binary_aquatic_dependence_foldwise_ASR_nested_ttest_baseline	288	1	63	225	0	1	1	474	13	114	0	587	473	114	1	17298	1221	0	0	1221	66	0.0202599957649988	fit_nonzero_predictors	20460824	Held-out genus terminal labels masked for ASR; held-out terminal branches removed from screening; fold-wise preprocessing; glmnet standardize=FALSE.	1221	66	0	0
binary_aquatic_dependence	binary_aquatic_dependence_nested_ttest_baseline	224	Rhinopithecus	binary_aquatic_dependence_foldwise_ASR_nested_ttest_baseline	288	1	63	225	0	1	1	474	13	114	0	587	473	114	1	17298	1228	0	0	1228	88	0.00876936928389373	fit_nonzero_predictors	20460825	Held-out genus terminal labels masked for ASR; held-out terminal branches removed from screening; fold-wise preprocessing; glmnet standardize=FALSE.	1228	88	0	0
binary_aquatic_dependence	binary_aquatic_dependence_nested_ttest_baseline	225	Rhizomys	binary_aquatic_dependence_foldwise_ASR_nested_ttest_baseline	288	1	63	225	0	1	1	474	13	114	0	587	473	114	1	17298	1223	0	0	1223	87	0.00876899726942296	fit_nonzero_predictors	20460826	Held-out genus terminal labels masked for ASR; held-out terminal branches removed from screening; fold-wise preprocessing; glmnet standardize=FALSE.	1223	87	0	0
binary_aquatic_dependence	binary_aquatic_dependence_nested_ttest_baseline	226	Rhombomys	binary_aquatic_dependence_foldwise_ASR_nested_ttest_baseline	288	1	63	225	0	1	1	474	13	114	0	587	473	114	1	17298	1220	0	0	1220	103	0.00437020235440752	fit_nonzero_predictors	20460827	Held-out genus terminal labels masked for ASR; held-out terminal branches removed from screening; fold-wise preprocessing; glmnet standardize=FALSE.	1220	103	0	0
binary_aquatic_dependence	binary_aquatic_dependence_nested_ttest_baseline	227	Rousettus	binary_aquatic_dependence_foldwise_ASR_nested_ttest_baseline	288	1	63	225	0	1	1	474	13	114	0	587	473	114	1	17298	1217	0	0	1217	87	0.00876916339922639	fit_nonzero_predictors	20460828	Held-out genus terminal labels masked for ASR; held-out terminal branches removed from screening; fold-wise preprocessing; glmnet standardize=FALSE.	1217	87	0	0
binary_aquatic_dependence	binary_aquatic_dependence_nested_ttest_baseline	228	Saguinus	binary_aquatic_dependence_foldwise_ASR_nested_ttest_baseline	288	1	63	225	0	1	1	474	13	114	0	587	473	114	1	17298	1229	0	0	1229	89	0.00877090173693256	fit_nonzero_predictors	20460829	Held-out genus terminal labels masked for ASR; held-out terminal branches removed from screening; fold-wise preprocessing; glmnet standardize=FALSE.	1229	89	0	0
binary_aquatic_dependence	binary_aquatic_dependence_nested_ttest_baseline	229	Saimiri	binary_aquatic_dependence_foldwise_ASR_nested_ttest_baseline	288	1	63	225	0	1	1	474	13	114	0	587	473	114	1	17298	1226	0	0	1226	104	0.00436645971211877	fit_nonzero_predictors	20460830	Held-out genus terminal labels masked for ASR; held-out terminal branches removed from screening; fold-wise preprocessing; glmnet standardize=FALSE.	1226	104	0	0
binary_aquatic_dependence	binary_aquatic_dependence_nested_ttest_baseline	23	Balaena	binary_aquatic_dependence_foldwise_ASR_nested_ttest_baseline	288	1	62	226	1	0	1	474	13	114	0	587	474	113	1	17298	1199	0	0	1199	103	0.00456216751847418	fit_nonzero_predictors	20460624	Held-out genus terminal labels masked for ASR; held-out terminal branches removed from screening; fold-wise preprocessing; glmnet standardize=FALSE.	1199	103	0	0
binary_aquatic_dependence	binary_aquatic_dependence_nested_ttest_baseline	230	Sapajus	binary_aquatic_dependence_foldwise_ASR_nested_ttest_baseline	288	1	63	225	0	1	1	474	13	114	0	587	473	114	1	17298	1238	0	0	1238	97	0.00457286054245892	fit_nonzero_predictors	20460831	Held-out genus terminal labels masked for ASR; held-out terminal branches removed from screening; fold-wise preprocessing; glmnet standardize=FALSE.	1238	97	0	0
binary_aquatic_dependence	binary_aquatic_dependence_nested_ttest_baseline	231	Scalopus	binary_aquatic_dependence_foldwise_ASR_nested_ttest_baseline	288	1	63	225	0	1	1	474	13	114	0	587	473	114	1	17298	1214	0	0	1214	66	0.0193388096944916	fit_nonzero_predictors	20460832	Held-out genus terminal labels masked for ASR; held-out terminal branches removed from screening; fold-wise preprocessing; glmnet standardize=FALSE.	1214	66	0	0
binary_aquatic_dependence	binary_aquatic_dependence_nested_ttest_baseline	232	Sciurus	binary_aquatic_dependence_foldwise_ASR_nested_ttest_baseline	288	1	63	225	0	1	1	474	13	114	0	587	473	114	1	17298	1216	0	0	1216	88	0.00876929132756819	fit_nonzero_predictors	20460833	Held-out genus terminal labels masked for ASR; held-out terminal branches removed from screening; fold-wise preprocessing; glmnet standardize=FALSE.	1216	88	0	0
binary_aquatic_dependence	binary_aquatic_dependence_nested_ttest_baseline	233	Semnopithecus	binary_aquatic_dependence_foldwise_ASR_nested_ttest_baseline	288	1	63	225	0	1	1	474	13	114	0	587	473	114	1	17298	1233	0	0	1233	87	0.0116076410825466	fit_nonzero_predictors	20460834	Held-out genus terminal labels masked for ASR; held-out terminal branches removed from screening; fold-wise preprocessing; glmnet standardize=FALSE.	1233	87	0	0
binary_aquatic_dependence	binary_aquatic_dependence_nested_ttest_baseline	234	Sigmodon	binary_aquatic_dependence_foldwise_ASR_nested_ttest_baseline	288	1	63	225	0	1	1	474	13	114	0	587	473	114	1	17298	1217	0	0	1217	88	0.00877021064744482	fit_nonzero_predictors	20460835	Held-out genus terminal labels masked for ASR; held-out terminal branches removed from screening; fold-wise preprocessing; glmnet standardize=FALSE.	1217	88	0	0
binary_aquatic_dependence	binary_aquatic_dependence_nested_ttest_baseline	235	Solenodon	binary_aquatic_dependence_foldwise_ASR_nested_ttest_baseline	288	1	63	225	0	1	1	474	13	114	0	587	473	114	1	17298	1226	0	0	1226	100	0.00437020235440752	fit_nonzero_predictors	20460836	Held-out genus terminal labels masked for ASR; held-out terminal branches removed from screening; fold-wise preprocessing; glmnet standardize=FALSE.	1226	100	0	0
binary_aquatic_dependence	binary_aquatic_dependence_nested_ttest_baseline	236	Sousa	binary_aquatic_dependence_foldwise_ASR_nested_ttest_baseline	288	1	62	226	1	0	1	474	13	114	0	587	474	113	1	17298	1194	0	0	1194	92	0.0065468995724747	fit_nonzero_predictors	20460837	Held-out genus terminal labels masked for ASR; held-out terminal branches removed from screening; fold-wise preprocessing; glmnet standardize=FALSE.	1194	92	0	0
binary_aquatic_dependence	binary_aquatic_dependence_nested_ttest_baseline	237	Spilogale	binary_aquatic_dependence_foldwise_ASR_nested_ttest_baseline	288	1	63	225	0	1	1	474	13	114	0	587	473	114	1	17298	1217	0	0	1217	88	0.00877243040789984	fit_nonzero_predictors	20460838	Held-out genus terminal labels masked for ASR; held-out terminal branches removed from screening; fold-wise preprocessing; glmnet standardize=FALSE.	1217	88	0	0
binary_aquatic_dependence	binary_aquatic_dependence_nested_ttest_baseline	238	Steno	binary_aquatic_dependence_foldwise_ASR_nested_ttest_baseline	288	1	62	226	1	0	1	474	13	114	0	587	474	113	1	17298	1193	0	0	1193	58	0.023688493931873	fit_nonzero_predictors	20460839	Held-out genus terminal labels masked for ASR; held-out terminal branches removed from screening; fold-wise preprocessing; glmnet standardize=FALSE.	1193	58	0	0
binary_aquatic_dependence	binary_aquatic_dependence_nested_ttest_baseline	239	Sturnira	binary_aquatic_dependence_foldwise_ASR_nested_ttest_baseline	288	1	63	225	0	1	1	474	13	114	0	587	473	114	1	17298	1211	0	0	1211	87	0.008768868653173	fit_nonzero_predictors	20460840	Held-out genus terminal labels masked for ASR; held-out terminal branches removed from screening; fold-wise preprocessing; glmnet standardize=FALSE.	1211	87	0	0
binary_aquatic_dependence	binary_aquatic_dependence_nested_ttest_baseline	24	Balaenoptera	binary_aquatic_dependence_foldwise_ASR_nested_ttest_baseline	285	4	59	226	4	0	4	474	13	114	0	584	474	110	4	17298	1132	0	0	1132	95	0.00578905280172915	fit_nonzero_predictors	20460625	Held-out genus terminal labels masked for ASR; held-out terminal branches removed from screening; fold-wise preprocessing; glmnet standardize=FALSE.	1132	95	0	0
binary_aquatic_dependence	binary_aquatic_dependence_nested_ttest_baseline	240	Suricata	binary_aquatic_dependence_foldwise_ASR_nested_ttest_baseline	288	1	63	225	0	1	1	474	13	114	0	587	473	114	1	17298	1227	0	0	1227	90	0.00876950931558025	fit_nonzero_predictors	20460841	Held-out genus terminal labels masked for ASR; held-out terminal branches removed from screening; fold-wise preprocessing; glmnet standardize=FALSE.	1227	90	0	0
binary_aquatic_dependence	binary_aquatic_dependence_nested_ttest_baseline	241	Sylvicapra	binary_aquatic_dependence_foldwise_ASR_nested_ttest_baseline	288	1	63	225	0	1	1	474	13	114	0	587	473	114	1	17298	1230	0	0	1230	90	0.00921018714696999	fit_nonzero_predictors	20460842	Held-out genus terminal labels masked for ASR; held-out terminal branches removed from screening; fold-wise preprocessing; glmnet standardize=FALSE.	1230	90	0	0
binary_aquatic_dependence	binary_aquatic_dependence_nested_ttest_baseline	242	Sylvilagus	binary_aquatic_dependence_foldwise_ASR_nested_ttest_baseline	288	1	63	225	0	1	1	474	13	114	0	587	473	114	1	17298	1218	0	0	1218	66	0.0202592893664893	fit_nonzero_predictors	20460843	Held-out genus terminal labels masked for ASR; held-out terminal branches removed from screening; fold-wise preprocessing; glmnet standardize=FALSE.	1218	66	0	0
binary_aquatic_dependence	binary_aquatic_dependence_nested_ttest_baseline	243	Syncerus	binary_aquatic_dependence_foldwise_ASR_nested_ttest_baseline	289	0	63	226	0	0	1										0			0	0		no_evaluable_test_species_after_exclusion	20460844	No evaluable held-out species for this model after exclusion.	0	0	0	0
binary_aquatic_dependence	binary_aquatic_dependence_nested_ttest_baseline	244	Talpa	binary_aquatic_dependence_foldwise_ASR_nested_ttest_baseline	288	1	63	225	0	1	1	474	13	114	0	587	473	114	1	17298	1216	0	0	1216	87	0.00876911669081159	fit_nonzero_predictors	20460845	Held-out genus terminal labels masked for ASR; held-out terminal branches removed from screening; fold-wise preprocessing; glmnet standardize=FALSE.	1216	87	0	0
binary_aquatic_dependence	binary_aquatic_dependence_nested_ttest_baseline	245	Tapirus	binary_aquatic_dependence_foldwise_ASR_nested_ttest_baseline	289	0	63	226	0	0	2										0			0	0		no_evaluable_test_species_after_exclusion	20460846	No evaluable held-out species for this model after exclusion.	0	0	0	0
binary_aquatic_dependence	binary_aquatic_dependence_nested_ttest_baseline	246	Taxidea	binary_aquatic_dependence_foldwise_ASR_nested_ttest_baseline	288	1	63	225	0	1	1	474	13	114	0	587	473	114	1	17298	1224	0	0	1224	92	0.0076325937629732	fit_nonzero_predictors	20460847	Held-out genus terminal labels masked for ASR; held-out terminal branches removed from screening; fold-wise preprocessing; glmnet standardize=FALSE.	1224	92	0	0
binary_aquatic_dependence	binary_aquatic_dependence_nested_ttest_baseline	247	Theropithecus	binary_aquatic_dependence_foldwise_ASR_nested_ttest_baseline	288	1	63	225	0	1	1	474	13	114	0	587	473	114	1	17298	1228	0	0	1228	98	0.00436428178541771	fit_nonzero_predictors	20460848	Held-out genus terminal labels masked for ASR; held-out terminal branches removed from screening; fold-wise preprocessing; glmnet standardize=FALSE.	1228	98	0	0
binary_aquatic_dependence	binary_aquatic_dependence_nested_ttest_baseline	248	Thryonomys	binary_aquatic_dependence_foldwise_ASR_nested_ttest_baseline	288	1	63	225	0	1	1	474	13	114	0	587	473	114	1	17298	1220	0	0	1220	88	0.00876989310994363	fit_nonzero_predictors	20460849	Held-out genus terminal labels masked for ASR; held-out terminal branches removed from screening; fold-wise preprocessing; glmnet standardize=FALSE.	1220	88	0	0
binary_aquatic_dependence	binary_aquatic_dependence_nested_ttest_baseline	249	Tonatia	binary_aquatic_dependence_foldwise_ASR_nested_ttest_baseline	288	1	63	225	0	1	1	474	13	114	0	587	473	114	1	17298	1214	0	0	1214	88	0.0087690044539369	fit_nonzero_predictors	20460850	Held-out genus terminal labels masked for ASR; held-out terminal branches removed from screening; fold-wise preprocessing; glmnet standardize=FALSE.	1214	88	0	0
binary_aquatic_dependence	binary_aquatic_dependence_nested_ttest_baseline	25	Bassariscus	binary_aquatic_dependence_foldwise_ASR_nested_ttest_baseline	287	2	63	224	0	2	2	474	13	114	0	586	472	114	2	17298	1272	0	0	1272	83	0.0111937016013479	fit_nonzero_predictors	20460626	Held-out genus terminal labels masked for ASR; held-out terminal branches removed from screening; fold-wise preprocessing; glmnet standardize=FALSE.	1272	83	0	0
binary_aquatic_dependence	binary_aquatic_dependence_nested_ttest_baseline	250	Trachypithecus	binary_aquatic_dependence_foldwise_ASR_nested_ttest_baseline	288	1	63	225	0	1	1	474	13	114	0	587	473	114	1	17298	1238	0	0	1238	103	0.00527881510148505	fit_nonzero_predictors	20460851	Held-out genus terminal labels masked for ASR; held-out terminal branches removed from screening; fold-wise preprocessing; glmnet standardize=FALSE.	1238	103	0	0
binary_aquatic_dependence	binary_aquatic_dependence_nested_ttest_baseline	251	Tragelaphus	binary_aquatic_dependence_foldwise_ASR_nested_ttest_baseline	288	1	63	225	0	1	1	474	13	114	0	587	473	114	1	17298	1222	0	0	1222	96	0.0036244064243792	fit_nonzero_predictors	20460852	Held-out genus terminal labels masked for ASR; held-out terminal branches removed from screening; fold-wise preprocessing; glmnet standardize=FALSE.	1222	96	0	0
binary_aquatic_dependence	binary_aquatic_dependence_nested_ttest_baseline	252	Tragulus	binary_aquatic_dependence_foldwise_ASR_nested_ttest_baseline	287	2	63	224	0	2	2	474	13	114	0	586	472	114	2	17298	1245	0	0	1245	69	0.0207673687167149	fit_nonzero_predictors	20460853	Held-out genus terminal labels masked for ASR; held-out terminal branches removed from screening; fold-wise preprocessing; glmnet standardize=FALSE.	1245	69	0	0
binary_aquatic_dependence	binary_aquatic_dependence_nested_ttest_baseline	253	Trichechus	binary_aquatic_dependence_foldwise_ASR_nested_ttest_baseline	288	1	62	226	1	0	1	476	13	112	0	587	475	112	1	17294	1277	0	0	1277	85	0.0100957342542901	fit_nonzero_predictors	20460854	Held-out genus terminal labels masked for ASR; held-out terminal branches removed from screening; fold-wise preprocessing; glmnet standardize=FALSE.	1253	75	24	10
binary_aquatic_dependence	binary_aquatic_dependence_nested_ttest_baseline	254	Tupaia	binary_aquatic_dependence_foldwise_ASR_nested_ttest_baseline	288	1	63	225	0	1	1	474	13	114	0	587	473	114	1	17298	1222	0	0	1222	86	0.00878075479836305	fit_nonzero_predictors	20460855	Held-out genus terminal labels masked for ASR; held-out terminal branches removed from screening; fold-wise preprocessing; glmnet standardize=FALSE.	1222	86	0	0
binary_aquatic_dependence	binary_aquatic_dependence_nested_ttest_baseline	255	Tursiops	binary_aquatic_dependence_foldwise_ASR_nested_ttest_baseline	287	2	61	226	2	0	2	474	13	114	0	586	474	112	2	17298	1163	0	0	1163	70	0.0190571313182649	fit_nonzero_predictors	20460856	Held-out genus terminal labels masked for ASR; held-out terminal branches removed from screening; fold-wise preprocessing; glmnet standardize=FALSE.	1163	70	0	0
binary_aquatic_dependence	binary_aquatic_dependence_nested_ttest_baseline	256	Urocitellus	binary_aquatic_dependence_foldwise_ASR_nested_ttest_baseline	288	1	63	225	0	1	1	474	13	114	0	587	473	114	1	17298	1225	0	0	1225	87	0.0091866733876501	fit_nonzero_predictors	20460857	Held-out genus terminal labels masked for ASR; held-out terminal branches removed from screening; fold-wise preprocessing; glmnet standardize=FALSE.	1225	87	0	0
binary_aquatic_dependence	binary_aquatic_dependence_nested_ttest_baseline	257	Uromys	binary_aquatic_dependence_foldwise_ASR_nested_ttest_baseline	288	1	63	225	0	1	1	474	13	114	0	587	473	114	1	17298	1215	0	0	1215	65	0.0202604842975081	fit_nonzero_predictors	20460858	Held-out genus terminal labels masked for ASR; held-out terminal branches removed from screening; fold-wise preprocessing; glmnet standardize=FALSE.	1215	65	0	0
binary_aquatic_dependence	binary_aquatic_dependence_nested_ttest_baseline	258	Ursus	binary_aquatic_dependence_foldwise_ASR_nested_ttest_baseline	285	4	62	223	1	3	4	475	13	113	0	584	471	113	4	17297	1264	0	0	1264	107	0.00338552657424723	fit_nonzero_predictors	20460859	Held-out genus terminal labels masked for ASR; held-out terminal branches removed from screening; fold-wise preprocessing; glmnet standardize=FALSE.	1264	107	0	0
binary_aquatic_dependence	binary_aquatic_dependence_nested_ttest_baseline	259	Vicugna	binary_aquatic_dependence_foldwise_ASR_nested_ttest_baseline	288	1	63	225	0	1	1	474	13	114	0	587	473	114	1	17298	1239	0	0	1239	102	0.00457277196132484	fit_nonzero_predictors	20460860	Held-out genus terminal labels masked for ASR; held-out terminal branches removed from screening; fold-wise preprocessing; glmnet standardize=FALSE.	1239	102	0	0
binary_aquatic_dependence	binary_aquatic_dependence_nested_ttest_baseline	26	Beatragus	binary_aquatic_dependence_foldwise_ASR_nested_ttest_baseline	288	1	63	225	0	1	1	474	13	114	0	587	473	114	1	17298	1230	0	0	1230	98	0.00330591390396213	fit_nonzero_predictors	20460627	Held-out genus terminal labels masked for ASR; held-out terminal branches removed from screening; fold-wise preprocessing; glmnet standardize=FALSE.	1230	98	0	0
binary_aquatic_dependence	binary_aquatic_dependence_nested_ttest_baseline	260	Vulpes	binary_aquatic_dependence_foldwise_ASR_nested_ttest_baseline	287	2	63	224	0	2	2	474	13	114	0	586	472	114	2	17298	1243	0	0	1243	99	0.00458981220482361	fit_nonzero_predictors	20460861	Held-out genus terminal labels masked for ASR; held-out terminal branches removed from screening; fold-wise preprocessing; glmnet standardize=FALSE.	1243	99	0	0
binary_aquatic_dependence	binary_aquatic_dependence_nested_ttest_baseline	261	Xerus	binary_aquatic_dependence_foldwise_ASR_nested_ttest_baseline	288	1	63	225	0	1	1	474	13	114	0	587	473	114	1	17298	1211	0	0	1211	88	0.00876973724725883	fit_nonzero_predictors	20460862	Held-out genus terminal labels masked for ASR; held-out terminal branches removed from screening; fold-wise preprocessing; glmnet standardize=FALSE.	1211	88	0	0
binary_aquatic_dependence	binary_aquatic_dependence_nested_ttest_baseline	262	Zalophus	binary_aquatic_dependence_foldwise_ASR_nested_ttest_baseline	288	1	62	226	1	0	1	474	13	114	0	587	474	113	1	17297	1212	0	0	1212	68	0.019667231379804	fit_nonzero_predictors	20460863	Held-out genus terminal labels masked for ASR; held-out terminal branches removed from screening; fold-wise preprocessing; glmnet standardize=FALSE.	1212	68	0	0
binary_aquatic_dependence	binary_aquatic_dependence_nested_ttest_baseline	27	Bos	binary_aquatic_dependence_foldwise_ASR_nested_ttest_baseline	287	2	63	224	0	2	2	474	13	114	0	586	472	114	2	17298	1238	0	0	1238	90	0.0088293980792442	fit_nonzero_predictors	20460628	Held-out genus terminal labels masked for ASR; held-out terminal branches removed from screening; fold-wise preprocessing; glmnet standardize=FALSE.	1238	90	0	0
binary_aquatic_dependence	binary_aquatic_dependence_nested_ttest_baseline	28	Bubalus	binary_aquatic_dependence_foldwise_ASR_nested_ttest_baseline	289	0	63	226	0	0	1										0			0	0		no_evaluable_test_species_after_exclusion	20460629	No evaluable held-out species for this model after exclusion.	0	0	0	0
binary_aquatic_dependence	binary_aquatic_dependence_nested_ttest_baseline	29	Callithrix	binary_aquatic_dependence_foldwise_ASR_nested_ttest_baseline	288	1	63	225	0	1	1	474	13	114	0	587	473	114	1	17298	1221	0	0	1221	87	0.0087722855785453	fit_nonzero_predictors	20460630	Held-out genus terminal labels masked for ASR; held-out terminal branches removed from screening; fold-wise preprocessing; glmnet standardize=FALSE.	1221	87	0	0
binary_aquatic_dependence	binary_aquatic_dependence_nested_ttest_baseline	3	Aeorestes	binary_aquatic_dependence_foldwise_ASR_nested_ttest_baseline	288	1	63	225	0	1	1	474	13	114	0	587	473	114	1	17298	1223	0	0	1223	99	0.00436655356727342	fit_nonzero_predictors	20460604	Held-out genus terminal labels masked for ASR; held-out terminal branches removed from screening; fold-wise preprocessing; glmnet standardize=FALSE.	1223	99	0	0
binary_aquatic_dependence	binary_aquatic_dependence_nested_ttest_baseline	30	Callorhinus	binary_aquatic_dependence_foldwise_ASR_nested_ttest_baseline	288	1	62	226	1	0	1	474	13	114	0	587	474	113	1	17297	1242	0	0	1242	78	0.0163590905265251	fit_nonzero_predictors	20460631	Held-out genus terminal labels masked for ASR; held-out terminal branches removed from screening; fold-wise preprocessing; glmnet standardize=FALSE.	1242	78	0	0
binary_aquatic_dependence	binary_aquatic_dependence_nested_ttest_baseline	31	Camelus	binary_aquatic_dependence_foldwise_ASR_nested_ttest_baseline	288	1	63	225	0	1	1	474	13	114	0	587	473	114	1	17298	1227	0	0	1227	104	0.00436908771839192	fit_nonzero_predictors	20460632	Held-out genus terminal labels masked for ASR; held-out terminal branches removed from screening; fold-wise preprocessing; glmnet standardize=FALSE.	1227	104	0	0
binary_aquatic_dependence	binary_aquatic_dependence_nested_ttest_baseline	32	Capra	binary_aquatic_dependence_foldwise_ASR_nested_ttest_baseline	287	2	63	224	0	2	2	474	13	114	0	586	472	114	2	17298	1226	0	0	1226	100	0.00552410420017433	fit_nonzero_predictors	20460633	Held-out genus terminal labels masked for ASR; held-out terminal branches removed from screening; fold-wise preprocessing; glmnet standardize=FALSE.	1226	100	0	0
binary_aquatic_dependence	binary_aquatic_dependence_nested_ttest_baseline	33	Capreolus	binary_aquatic_dependence_foldwise_ASR_nested_ttest_baseline	288	1	63	225	0	1	1	474	13	114	0	587	473	114	1	17298	1225	0	0	1225	103	0.00436439142210181	fit_nonzero_predictors	20460634	Held-out genus terminal labels masked for ASR; held-out terminal branches removed from screening; fold-wise preprocessing; glmnet standardize=FALSE.	1225	103	0	0
binary_aquatic_dependence	binary_aquatic_dependence_nested_ttest_baseline	34	Carlito	binary_aquatic_dependence_foldwise_ASR_nested_ttest_baseline	288	1	63	225	0	1	1	474	13	114	0	587	473	114	1	17298	1222	0	0	1222	103	0.00436484561140675	fit_nonzero_predictors	20460635	Held-out genus terminal labels masked for ASR; held-out terminal branches removed from screening; fold-wise preprocessing; glmnet standardize=FALSE.	1222	103	0	0
binary_aquatic_dependence	binary_aquatic_dependence_nested_ttest_baseline	35	Castor	binary_aquatic_dependence_foldwise_ASR_nested_ttest_baseline	288	1	62	226	1	0	1	475	13	113	0	587	474	113	1	17297	1253	0	0	1253	85	0.00845150083345925	fit_nonzero_predictors	20460636	Held-out genus terminal labels masked for ASR; held-out terminal branches removed from screening; fold-wise preprocessing; glmnet standardize=FALSE.	1253	85	0	0
binary_aquatic_dependence	binary_aquatic_dependence_nested_ttest_baseline	36	Catagonus	binary_aquatic_dependence_foldwise_ASR_nested_ttest_baseline	288	1	63	225	0	1	1	474	13	114	0	587	473	114	1	17298	1219	0	0	1219	96	0.00457237956000184	fit_nonzero_predictors	20460637	Held-out genus terminal labels masked for ASR; held-out terminal branches removed from screening; fold-wise preprocessing; glmnet standardize=FALSE.	1219	96	0	0
binary_aquatic_dependence	binary_aquatic_dependence_nested_ttest_baseline	37	Cavia	binary_aquatic_dependence_foldwise_ASR_nested_ttest_baseline	288	1	63	225	0	1	1	474	13	114	0	587	473	114	1	17298	1223	0	0	1223	97	0.00416844617766397	fit_nonzero_predictors	20460638	Held-out genus terminal labels masked for ASR; held-out terminal branches removed from screening; fold-wise preprocessing; glmnet standardize=FALSE.	1223	97	0	0
binary_aquatic_dependence	binary_aquatic_dependence_nested_ttest_baseline	38	Cebus	binary_aquatic_dependence_foldwise_ASR_nested_ttest_baseline	288	1	63	225	0	1	1	474	13	114	0	587	473	114	1	17298	1218	0	0	1218	102	0.00416637261570219	fit_nonzero_predictors	20460639	Held-out genus terminal labels masked for ASR; held-out terminal branches removed from screening; fold-wise preprocessing; glmnet standardize=FALSE.	1218	102	0	0
binary_aquatic_dependence	binary_aquatic_dependence_nested_ttest_baseline	39	Cephalophus	binary_aquatic_dependence_foldwise_ASR_nested_ttest_baseline	288	1	63	225	0	1	1	474	13	114	0	587	473	114	1	17298	1222	0	0	1222	99	0.00526169732570214	fit_nonzero_predictors	20460640	Held-out genus terminal labels masked for ASR; held-out terminal branches removed from screening; fold-wise preprocessing; glmnet standardize=FALSE.	1222	99	0	0
binary_aquatic_dependence	binary_aquatic_dependence_nested_ttest_baseline	4	Ailuropoda	binary_aquatic_dependence_foldwise_ASR_nested_ttest_baseline	288	1	63	225	0	1	1	474	13	114	0	587	473	114	1	17298	1226	0	0	1226	92	0.00923114939492422	fit_nonzero_predictors	20460605	Held-out genus terminal labels masked for ASR; held-out terminal branches removed from screening; fold-wise preprocessing; glmnet standardize=FALSE.	1226	92	0	0
binary_aquatic_dependence	binary_aquatic_dependence_nested_ttest_baseline	40	Cephalorhynchus	binary_aquatic_dependence_foldwise_ASR_nested_ttest_baseline	288	1	62	226	1	0	1	474	13	114	0	587	474	113	1	17298	1211	0	0	1211	112	0.00197281844649205	fit_nonzero_predictors	20460641	Held-out genus terminal labels masked for ASR; held-out terminal branches removed from screening; fold-wise preprocessing; glmnet standardize=FALSE.	1211	112	0	0
binary_aquatic_dependence	binary_aquatic_dependence_nested_ttest_baseline	41	Ceratotherium	binary_aquatic_dependence_foldwise_ASR_nested_ttest_baseline	288	1	63	225	0	1	1	474	13	114	0	587	473	114	1	17298	1236	0	0	1236	93	0.00697614585407426	fit_nonzero_predictors	20460642	Held-out genus terminal labels masked for ASR; held-out terminal branches removed from screening; fold-wise preprocessing; glmnet standardize=FALSE.	1236	93	0	0
binary_aquatic_dependence	binary_aquatic_dependence_nested_ttest_baseline	42	Cercocebus	binary_aquatic_dependence_foldwise_ASR_nested_ttest_baseline	288	1	63	225	0	1	1	474	13	114	0	587	473	114	1	17298	1235	0	0	1235	91	0.00501800519235426	fit_nonzero_predictors	20460643	Held-out genus terminal labels masked for ASR; held-out terminal branches removed from screening; fold-wise preprocessing; glmnet standardize=FALSE.	1235	91	0	0
binary_aquatic_dependence	binary_aquatic_dependence_nested_ttest_baseline	43	Cercopithecus	binary_aquatic_dependence_foldwise_ASR_nested_ttest_baseline	288	1	63	225	0	1	1	474	13	114	0	587	473	114	1	17298	1222	0	0	1222	101	0.00457497567823413	fit_nonzero_predictors	20460644	Held-out genus terminal labels masked for ASR; held-out terminal branches removed from screening; fold-wise preprocessing; glmnet standardize=FALSE.	1222	101	0	0
binary_aquatic_dependence	binary_aquatic_dependence_nested_ttest_baseline	44	Cervus	binary_aquatic_dependence_foldwise_ASR_nested_ttest_baseline	288	1	63	225	0	1	1	474	13	114	0	587	473	114	1	17298	1235	0	0	1235	92	0.00803497057834331	fit_nonzero_predictors	20460645	Held-out genus terminal labels masked for ASR; held-out terminal branches removed from screening; fold-wise preprocessing; glmnet standardize=FALSE.	1235	92	0	0
binary_aquatic_dependence	binary_aquatic_dependence_nested_ttest_baseline	45	Chinchilla	binary_aquatic_dependence_foldwise_ASR_nested_ttest_baseline	288	1	63	225	0	1	1	474	13	114	0	587	473	114	1	17298	1215	0	0	1215	99	0.00416815913790498	fit_nonzero_predictors	20460646	Held-out genus terminal labels masked for ASR; held-out terminal branches removed from screening; fold-wise preprocessing; glmnet standardize=FALSE.	1215	99	0	0
binary_aquatic_dependence	binary_aquatic_dependence_nested_ttest_baseline	46	Chlorocebus	binary_aquatic_dependence_foldwise_ASR_nested_ttest_baseline	288	1	63	225	0	1	1	474	13	114	0	587	473	114	1	17298	1237	0	0	1237	91	0.00878075479836305	fit_nonzero_predictors	20460647	Held-out genus terminal labels masked for ASR; held-out terminal branches removed from screening; fold-wise preprocessing; glmnet standardize=FALSE.	1237	91	0	0
binary_aquatic_dependence	binary_aquatic_dependence_nested_ttest_baseline	47	Choloepus	binary_aquatic_dependence_foldwise_ASR_nested_ttest_baseline	287	2	63	224	0	2	2	474	13	114	0	586	472	114	2	17298	1243	0	0	1243	69	0.0193962981993512	fit_nonzero_predictors	20460648	Held-out genus terminal labels masked for ASR; held-out terminal branches removed from screening; fold-wise preprocessing; glmnet standardize=FALSE.	1243	69	0	0
binary_aquatic_dependence	binary_aquatic_dependence_nested_ttest_baseline	48	Chrysochloris	binary_aquatic_dependence_foldwise_ASR_nested_ttest_baseline	288	1	63	225	0	1	1	474	13	114	0	587	473	114	1	17298	1217	0	0	1217	86	0.00878075479836305	fit_nonzero_predictors	20460649	Held-out genus terminal labels masked for ASR; held-out terminal branches removed from screening; fold-wise preprocessing; glmnet standardize=FALSE.	1217	86	0	0
binary_aquatic_dependence	binary_aquatic_dependence_nested_ttest_baseline	49	Chrysocyon	binary_aquatic_dependence_foldwise_ASR_nested_ttest_baseline	288	1	63	225	0	1	1	474	13	114	0	587	473	114	1	17298	1234	0	0	1234	101	0.00379637466402512	fit_nonzero_predictors	20460650	Held-out genus terminal labels masked for ASR; held-out terminal branches removed from screening; fold-wise preprocessing; glmnet standardize=FALSE.	1234	101	0	0
binary_aquatic_dependence	binary_aquatic_dependence_nested_ttest_baseline	5	Ailurus	binary_aquatic_dependence_foldwise_ASR_nested_ttest_baseline	288	1	63	225	0	1	1	474	13	114	0	587	473	114	1	17298	1225	0	0	1225	103	0.00436945952597537	fit_nonzero_predictors	20460606	Held-out genus terminal labels masked for ASR; held-out terminal branches removed from screening; fold-wise preprocessing; glmnet standardize=FALSE.	1225	103	0	0
binary_aquatic_dependence	binary_aquatic_dependence_nested_ttest_baseline	50	Coendou	binary_aquatic_dependence_foldwise_ASR_nested_ttest_baseline	288	1	63	225	0	1	1	474	13	114	0	587	473	114	1	17298	1219	0	0	1219	88	0.00920941323461083	fit_nonzero_predictors	20460651	Held-out genus terminal labels masked for ASR; held-out terminal branches removed from screening; fold-wise preprocessing; glmnet standardize=FALSE.	1219	88	0	0
binary_aquatic_dependence	binary_aquatic_dependence_nested_ttest_baseline	51	Colobus	binary_aquatic_dependence_foldwise_ASR_nested_ttest_baseline	288	1	63	225	0	1	1	474	13	114	0	587	473	114	1	17298	1230	0	0	1230	105	0.00551591539383773	fit_nonzero_predictors	20460652	Held-out genus terminal labels masked for ASR; held-out terminal branches removed from screening; fold-wise preprocessing; glmnet standardize=FALSE.	1230	105	0	0
binary_aquatic_dependence	binary_aquatic_dependence_nested_ttest_baseline	52	Connochaetes	binary_aquatic_dependence_foldwise_ASR_nested_ttest_baseline	288	1	63	225	0	1	1	474	13	114	0	587	473	114	1	17298	1225	0	0	1225	87	0.00962434608967394	fit_nonzero_predictors	20460653	Held-out genus terminal labels masked for ASR; held-out terminal branches removed from screening; fold-wise preprocessing; glmnet standardize=FALSE.	1225	87	0	0
binary_aquatic_dependence	binary_aquatic_dependence_nested_ttest_baseline	53	Craseonycteris	binary_aquatic_dependence_foldwise_ASR_nested_ttest_baseline	288	1	63	225	0	1	1	474	13	114	0	587	473	114	1	17298	1215	0	0	1215	86	0.00919885704814857	fit_nonzero_predictors	20460654	Held-out genus terminal labels masked for ASR; held-out terminal branches removed from screening; fold-wise preprocessing; glmnet standardize=FALSE.	1215	86	0	0
binary_aquatic_dependence	binary_aquatic_dependence_nested_ttest_baseline	54	Cricetomys	binary_aquatic_dependence_foldwise_ASR_nested_ttest_baseline	288	1	63	225	0	1	1	474	13	114	0	587	473	114	1	17298	1220	0	0	1220	90	0.00876912555118974	fit_nonzero_predictors	20460655	Held-out genus terminal labels masked for ASR; held-out terminal branches removed from screening; fold-wise preprocessing; glmnet standardize=FALSE.	1220	90	0	0
binary_aquatic_dependence	binary_aquatic_dependence_nested_ttest_baseline	55	Cricetulus	binary_aquatic_dependence_foldwise_ASR_nested_ttest_baseline	288	1	63	225	0	1	1	474	13	114	0	587	473	114	1	17298	1220	0	0	1220	65	0.0202571986616648	fit_nonzero_predictors	20460656	Held-out genus terminal labels masked for ASR; held-out terminal branches removed from screening; fold-wise preprocessing; glmnet standardize=FALSE.	1220	65	0	0
binary_aquatic_dependence	binary_aquatic_dependence_nested_ttest_baseline	56	Crocuta	binary_aquatic_dependence_foldwise_ASR_nested_ttest_baseline	288	1	63	225	0	1	1	474	13	114	0	587	473	114	1	17298	1230	0	0	1230	90	0.00552033429559718	fit_nonzero_predictors	20460657	Held-out genus terminal labels masked for ASR; held-out terminal branches removed from screening; fold-wise preprocessing; glmnet standardize=FALSE.	1230	90	0	0
binary_aquatic_dependence	binary_aquatic_dependence_nested_ttest_baseline	57	Cryptoprocta	binary_aquatic_dependence_foldwise_ASR_nested_ttest_baseline	288	1	63	225	0	1	1	474	13	114	0	587	473	114	1	17298	1219	0	0	1219	103	0.00436817790415338	fit_nonzero_predictors	20460658	Held-out genus terminal labels masked for ASR; held-out terminal branches removed from screening; fold-wise preprocessing; glmnet standardize=FALSE.	1219	103	0	0
binary_aquatic_dependence	binary_aquatic_dependence_nested_ttest_baseline	58	Ctenodactylus	binary_aquatic_dependence_foldwise_ASR_nested_ttest_baseline	288	1	63	225	0	1	1	474	13	114	0	587	473	114	1	17298	1227	0	0	1227	102	0.0045782928293558	fit_nonzero_predictors	20460659	Held-out genus terminal labels masked for ASR; held-out terminal branches removed from screening; fold-wise preprocessing; glmnet standardize=FALSE.	1227	102	0	0
binary_aquatic_dependence	binary_aquatic_dependence_nested_ttest_baseline	59	Ctenomys	binary_aquatic_dependence_foldwise_ASR_nested_ttest_baseline	288	1	63	225	0	1	1	474	13	114	0	587	473	114	1	17298	1224	0	0	1224	90	0.0091875532282433	fit_nonzero_predictors	20460660	Held-out genus terminal labels masked for ASR; held-out terminal branches removed from screening; fold-wise preprocessing; glmnet standardize=FALSE.	1224	90	0	0
binary_aquatic_dependence	binary_aquatic_dependence_nested_ttest_baseline	6	Alces	binary_aquatic_dependence_foldwise_ASR_nested_ttest_baseline	289	0	63	226	0	0	1										0			0	0		no_evaluable_test_species_after_exclusion	20460607	No evaluable held-out species for this model after exclusion.	0	0	0	0
binary_aquatic_dependence	binary_aquatic_dependence_nested_ttest_baseline	60	Cynomys	binary_aquatic_dependence_foldwise_ASR_nested_ttest_baseline	288	1	63	225	0	1	1	474	13	114	0	587	473	114	1	17298	1223	0	0	1223	88	0.00919539890330339	fit_nonzero_predictors	20460661	Held-out genus terminal labels masked for ASR; held-out terminal branches removed from screening; fold-wise preprocessing; glmnet standardize=FALSE.	1223	88	0	0
binary_aquatic_dependence	binary_aquatic_dependence_nested_ttest_baseline	61	Damaliscus	binary_aquatic_dependence_foldwise_ASR_nested_ttest_baseline	288	1	63	225	0	1	1	474	13	114	0	587	473	114	1	17298	1225	0	0	1225	100	0.00437234964501324	fit_nonzero_predictors	20460662	Held-out genus terminal labels masked for ASR; held-out terminal branches removed from screening; fold-wise preprocessing; glmnet standardize=FALSE.	1225	100	0	0
binary_aquatic_dependence	binary_aquatic_dependence_nested_ttest_baseline	62	Dasyprocta	binary_aquatic_dependence_foldwise_ASR_nested_ttest_baseline	288	1	63	225	0	1	1	474	13	114	0	587	473	114	1	17298	1219	0	0	1219	98	0.00525815776890034	fit_nonzero_predictors	20460663	Held-out genus terminal labels masked for ASR; held-out terminal branches removed from screening; fold-wise preprocessing; glmnet standardize=FALSE.	1219	98	0	0
binary_aquatic_dependence	binary_aquatic_dependence_nested_ttest_baseline	63	Dasypus	binary_aquatic_dependence_foldwise_ASR_nested_ttest_baseline	288	1	63	225	0	1	1	474	13	114	0	587	473	114	1	17298	1217	0	0	1217	66	0.0202846824488462	fit_nonzero_predictors	20460664	Held-out genus terminal labels masked for ASR; held-out terminal branches removed from screening; fold-wise preprocessing; glmnet standardize=FALSE.	1217	66	0	0
binary_aquatic_dependence	binary_aquatic_dependence_nested_ttest_baseline	64	Daubentonia	binary_aquatic_dependence_foldwise_ASR_nested_ttest_baseline	288	1	63	225	0	1	1	474	13	114	0	587	473	114	1	17298	1223	0	0	1223	65	0.0202666571219458	fit_nonzero_predictors	20460665	Held-out genus terminal labels masked for ASR; held-out terminal branches removed from screening; fold-wise preprocessing; glmnet standardize=FALSE.	1223	65	0	0
binary_aquatic_dependence	binary_aquatic_dependence_nested_ttest_baseline	65	Delphinapterus	binary_aquatic_dependence_foldwise_ASR_nested_ttest_baseline	288	1	62	226	1	0	1	474	13	114	0	587	474	113	1	17298	1202	0	0	1202	88	0.00919885704814857	fit_nonzero_predictors	20460666	Held-out genus terminal labels masked for ASR; held-out terminal branches removed from screening; fold-wise preprocessing; glmnet standardize=FALSE.	1202	88	0	0
binary_aquatic_dependence	binary_aquatic_dependence_nested_ttest_baseline	66	Dicerorhinus	binary_aquatic_dependence_foldwise_ASR_nested_ttest_baseline	289	0	63	226	0	0	1										0			0	0		no_evaluable_test_species_after_exclusion	20460667	No evaluable held-out species for this model after exclusion.	0	0	0	0
binary_aquatic_dependence	binary_aquatic_dependence_nested_ttest_baseline	67	Diceros	binary_aquatic_dependence_foldwise_ASR_nested_ttest_baseline	288	1	63	225	0	1	1	474	13	114	0	587	473	114	1	17298	1228	0	0	1228	67	0.0203380247294835	fit_nonzero_predictors	20460668	Held-out genus terminal labels masked for ASR; held-out terminal branches removed from screening; fold-wise preprocessing; glmnet standardize=FALSE.	1228	67	0	0
binary_aquatic_dependence	binary_aquatic_dependence_nested_ttest_baseline	68	Dinomys	binary_aquatic_dependence_foldwise_ASR_nested_ttest_baseline	288	1	63	225	0	1	1	474	13	114	0	587	473	114	1	17298	1218	0	0	1218	67	0.0202614490393612	fit_nonzero_predictors	20460669	Held-out genus terminal labels masked for ASR; held-out terminal branches removed from screening; fold-wise preprocessing; glmnet standardize=FALSE.	1218	67	0	0
binary_aquatic_dependence	binary_aquatic_dependence_nested_ttest_baseline	69	Dipodomys	binary_aquatic_dependence_foldwise_ASR_nested_ttest_baseline	288	1	63	225	0	1	1	474	13	114	0	587	473	114	1	17298	1227	0	0	1227	91	0.00878075479836305	fit_nonzero_predictors	20460670	Held-out genus terminal labels masked for ASR; held-out terminal branches removed from screening; fold-wise preprocessing; glmnet standardize=FALSE.	1227	91	0	0
binary_aquatic_dependence	binary_aquatic_dependence_nested_ttest_baseline	7	Allactaga	binary_aquatic_dependence_foldwise_ASR_nested_ttest_baseline	288	1	63	225	0	1	1	474	13	114	0	587	473	114	1	17298	1216	0	0	1216	97	0.00436475163997267	fit_nonzero_predictors	20460608	Held-out genus terminal labels masked for ASR; held-out terminal branches removed from screening; fold-wise preprocessing; glmnet standardize=FALSE.	1216	97	0	0
binary_aquatic_dependence	binary_aquatic_dependence_nested_ttest_baseline	70	Dolichotis	binary_aquatic_dependence_foldwise_ASR_nested_ttest_baseline	288	1	63	225	0	1	1	474	13	114	0	587	473	114	1	17298	1215	0	0	1215	91	0.00878086120588609	fit_nonzero_predictors	20460671	Held-out genus terminal labels masked for ASR; held-out terminal branches removed from screening; fold-wise preprocessing; glmnet standardize=FALSE.	1215	91	0	0
binary_aquatic_dependence	binary_aquatic_dependence_nested_ttest_baseline	71	Dugong	binary_aquatic_dependence_foldwise_ASR_nested_ttest_baseline	288	1	62	226	1	0	1	474	13	114	0	587	474	113	1	17298	1230	0	0	1230	66	0.0222624139460273	fit_nonzero_predictors	20460672	Held-out genus terminal labels masked for ASR; held-out terminal branches removed from screening; fold-wise preprocessing; glmnet standardize=FALSE.	1230	66	0	0
binary_aquatic_dependence	binary_aquatic_dependence_nested_ttest_baseline	72	Echinops	binary_aquatic_dependence_foldwise_ASR_nested_ttest_baseline	288	1	63	225	0	1	1	474	13	114	0	587	473	114	1	17298	1227	0	0	1227	90	0.00838165594110344	fit_nonzero_predictors	20460673	Held-out genus terminal labels masked for ASR; held-out terminal branches removed from screening; fold-wise preprocessing; glmnet standardize=FALSE.	1227	90	0	0
binary_aquatic_dependence	binary_aquatic_dependence_nested_ttest_baseline	73	Eidolon	binary_aquatic_dependence_foldwise_ASR_nested_ttest_baseline	288	1	63	225	0	1	1	474	13	114	0	587	473	114	1	17298	1217	0	0	1217	100	0.00457343147445412	fit_nonzero_predictors	20460674	Held-out genus terminal labels masked for ASR; held-out terminal branches removed from screening; fold-wise preprocessing; glmnet standardize=FALSE.	1217	100	0	0
binary_aquatic_dependence	binary_aquatic_dependence_nested_ttest_baseline	74	Elaphurus	binary_aquatic_dependence_foldwise_ASR_nested_ttest_baseline	289	0	63	226	0	0	1										0			0	0		no_evaluable_test_species_after_exclusion	20460675	No evaluable held-out species for this model after exclusion.	0	0	0	0
binary_aquatic_dependence	binary_aquatic_dependence_nested_ttest_baseline	75	Elephantulus	binary_aquatic_dependence_foldwise_ASR_nested_ttest_baseline	288	1	63	225	0	1	1	474	13	114	0	587	473	114	1	17298	1227	0	0	1227	90	0.00878075479836305	fit_nonzero_predictors	20460676	Held-out genus terminal labels masked for ASR; held-out terminal branches removed from screening; fold-wise preprocessing; glmnet standardize=FALSE.	1227	90	0	0
binary_aquatic_dependence	binary_aquatic_dependence_nested_ttest_baseline	76	Elephas	binary_aquatic_dependence_foldwise_ASR_nested_ttest_baseline	289	0	63	226	0	0	1										0			0	0		no_evaluable_test_species_after_exclusion	20460677	No evaluable held-out species for this model after exclusion.	0	0	0	0
binary_aquatic_dependence	binary_aquatic_dependence_nested_ttest_baseline	77	Enhydra	binary_aquatic_dependence_foldwise_ASR_nested_ttest_baseline	288	1	62	226	1	0	1	474	13	114	0	587	474	113	1	17297	1212	0	0	1212	89	0.0106156346799357	fit_nonzero_predictors	20460678	Held-out genus terminal labels masked for ASR; held-out terminal branches removed from screening; fold-wise preprocessing; glmnet standardize=FALSE.	1212	89	0	0
binary_aquatic_dependence	binary_aquatic_dependence_nested_ttest_baseline	78	Eptesicus	binary_aquatic_dependence_foldwise_ASR_nested_ttest_baseline	288	1	63	225	0	1	1	474	13	114	0	587	473	114	1	17298	1222	0	0	1222	100	0.00436459832653466	fit_nonzero_predictors	20460679	Held-out genus terminal labels masked for ASR; held-out terminal branches removed from screening; fold-wise preprocessing; glmnet standardize=FALSE.	1222	100	0	0
binary_aquatic_dependence	binary_aquatic_dependence_nested_ttest_baseline	79	Equus	binary_aquatic_dependence_foldwise_ASR_nested_ttest_baseline	287	2	63	224	0	2	2	474	13	114	0	586	472	114	2	17298	1246	0	0	1246	69	0.0202850049508234	fit_nonzero_predictors	20460680	Held-out genus terminal labels masked for ASR; held-out terminal branches removed from screening; fold-wise preprocessing; glmnet standardize=FALSE.	1246	69	0	0
binary_aquatic_dependence	binary_aquatic_dependence_nested_ttest_baseline	8	Allenopithecus	binary_aquatic_dependence_foldwise_ASR_nested_ttest_baseline	288	1	63	225	0	1	1	474	13	114	0	587	473	114	1	17298	1226	0	0	1226	98	0.00437020235440752	fit_nonzero_predictors	20460609	Held-out genus terminal labels masked for ASR; held-out terminal branches removed from screening; fold-wise preprocessing; glmnet standardize=FALSE.	1226	98	0	0
binary_aquatic_dependence	binary_aquatic_dependence_nested_ttest_baseline	80	Erethizon	binary_aquatic_dependence_foldwise_ASR_nested_ttest_baseline	288	1	63	225	0	1	1	474	13	114	0	587	473	114	1	17298	1227	0	0	1227	65	0.0202632778137278	fit_nonzero_predictors	20460681	Held-out genus terminal labels masked for ASR; held-out terminal branches removed from screening; fold-wise preprocessing; glmnet standardize=FALSE.	1227	65	0	0
binary_aquatic_dependence	binary_aquatic_dependence_nested_ttest_baseline	81	Erignathus	binary_aquatic_dependence_foldwise_ASR_nested_ttest_baseline	288	1	62	226	1	0	1	474	13	114	0	587	474	113	1	17298	1221	0	0	1221	68	0.0202846824488462	fit_nonzero_predictors	20460682	Held-out genus terminal labels masked for ASR; held-out terminal branches removed from screening; fold-wise preprocessing; glmnet standardize=FALSE.	1221	68	0	0
binary_aquatic_dependence	binary_aquatic_dependence_nested_ttest_baseline	82	Erythrocebus	binary_aquatic_dependence_foldwise_ASR_nested_ttest_baseline	288	1	63	225	0	1	1	474	13	114	0	587	473	114	1	17298	1238	0	0	1238	93	0.00728993689506014	fit_nonzero_predictors	20460683	Held-out genus terminal labels masked for ASR; held-out terminal branches removed from screening; fold-wise preprocessing; glmnet standardize=FALSE.	1238	93	0	0
binary_aquatic_dependence	binary_aquatic_dependence_nested_ttest_baseline	83	Eschrichtius	binary_aquatic_dependence_foldwise_ASR_nested_ttest_baseline	288	1	62	226	1	0	1	474	13	114	0	587	474	113	1	17298	1202	0	0	1202	65	0.0212505528737473	fit_nonzero_predictors	20460684	Held-out genus terminal labels masked for ASR; held-out terminal branches removed from screening; fold-wise preprocessing; glmnet standardize=FALSE.	1202	65	0	0
binary_aquatic_dependence	binary_aquatic_dependence_nested_ttest_baseline	84	Eubalaena	binary_aquatic_dependence_foldwise_ASR_nested_ttest_baseline	286	3	60	226	3	0	3	474	13	114	0	585	474	111	3	17297	1138	0	0	1138	56	0.0257950537211285	fit_nonzero_predictors	20460685	Held-out genus terminal labels masked for ASR; held-out terminal branches removed from screening; fold-wise preprocessing; glmnet standardize=FALSE.	1138	56	0	0
binary_aquatic_dependence	binary_aquatic_dependence_nested_ttest_baseline	85	Eudorcas	binary_aquatic_dependence_foldwise_ASR_nested_ttest_baseline	288	1	63	225	0	1	1	474	13	114	0	587	473	114	1	17298	1225	0	0	1225	88	0.00919521688164104	fit_nonzero_predictors	20460686	Held-out genus terminal labels masked for ASR; held-out terminal branches removed from screening; fold-wise preprocessing; glmnet standardize=FALSE.	1225	88	0	0
binary_aquatic_dependence	binary_aquatic_dependence_nested_ttest_baseline	86	Eulemur	binary_aquatic_dependence_foldwise_ASR_nested_ttest_baseline	288	1	63	225	0	1	1	474	13	114	0	587	473	114	1	17298	1224	0	0	1224	100	0.004365291328731	fit_nonzero_predictors	20460687	Held-out genus terminal labels masked for ASR; held-out terminal branches removed from screening; fold-wise preprocessing; glmnet standardize=FALSE.	1224	100	0	0
binary_aquatic_dependence	binary_aquatic_dependence_nested_ttest_baseline	87	Eumetopias	binary_aquatic_dependence_foldwise_ASR_nested_ttest_baseline	288	1	62	226	1	0	1	474	13	114	0	587	474	113	1	17297	1202	0	0	1202	75	0.0216259289151326	fit_nonzero_predictors	20460688	Held-out genus terminal labels masked for ASR; held-out terminal branches removed from screening; fold-wise preprocessing; glmnet standardize=FALSE.	1202	75	0	0
binary_aquatic_dependence	binary_aquatic_dependence_nested_ttest_baseline	88	Felis	binary_aquatic_dependence_foldwise_ASR_nested_ttest_baseline	288	1	63	225	0	1	1	474	13	114	0	587	473	114	1	17298	1224	0	0	1224	89	0.00919885704814857	fit_nonzero_predictors	20460689	Held-out genus terminal labels masked for ASR; held-out terminal branches removed from screening; fold-wise preprocessing; glmnet standardize=FALSE.	1224	89	0	0
binary_aquatic_dependence	binary_aquatic_dependence_nested_ttest_baseline	89	Galeopterus	binary_aquatic_dependence_foldwise_ASR_nested_ttest_baseline	288	1	63	225	0	1	1	474	13	114	0	587	473	114	1	17298	1217	0	0	1217	66	0.0202637691422704	fit_nonzero_predictors	20460690	Held-out genus terminal labels masked for ASR; held-out terminal branches removed from screening; fold-wise preprocessing; glmnet standardize=FALSE.	1217	66	0	0
binary_aquatic_dependence	binary_aquatic_dependence_nested_ttest_baseline	9	Alouatta	binary_aquatic_dependence_foldwise_ASR_nested_ttest_baseline	288	1	63	225	0	1	1	474	13	114	0	587	473	114	1	17298	1222	0	0	1222	90	0.00877165065237253	fit_nonzero_predictors	20460610	Held-out genus terminal labels masked for ASR; held-out terminal branches removed from screening; fold-wise preprocessing; glmnet standardize=FALSE.	1222	90	0	0
binary_aquatic_dependence	binary_aquatic_dependence_nested_ttest_baseline	90	Giraffa	binary_aquatic_dependence_foldwise_ASR_nested_ttest_baseline	287	2	63	224	0	2	2	474	13	114	0	586	472	114	2	17298	1297	0	0	1297	99	0.00380964234234496	fit_nonzero_predictors	20460691	Held-out genus terminal labels masked for ASR; held-out terminal branches removed from screening; fold-wise preprocessing; glmnet standardize=FALSE.	1297	99	0	0
binary_aquatic_dependence	binary_aquatic_dependence_nested_ttest_baseline	91	Glis	binary_aquatic_dependence_foldwise_ASR_nested_ttest_baseline	288	1	63	225	0	1	1	474	13	114	0	587	473	114	1	17298	1215	0	0	1215	100	0.00436548903260446	fit_nonzero_predictors	20460692	Held-out genus terminal labels masked for ASR; held-out terminal branches removed from screening; fold-wise preprocessing; glmnet standardize=FALSE.	1215	100	0	0
binary_aquatic_dependence	binary_aquatic_dependence_nested_ttest_baseline	92	Globicephala	binary_aquatic_dependence_foldwise_ASR_nested_ttest_baseline	288	1	62	226	1	0	1	474	13	114	0	587	474	113	1	17298	1224	0	0	1224	69	0.0207691533031237	fit_nonzero_predictors	20460693	Held-out genus terminal labels masked for ASR; held-out terminal branches removed from screening; fold-wise preprocessing; glmnet standardize=FALSE.	1224	69	0	0
binary_aquatic_dependence	binary_aquatic_dependence_nested_ttest_baseline	93	Gorilla	binary_aquatic_dependence_foldwise_ASR_nested_ttest_baseline	288	1	63	225	0	1	1	474	13	114	0	587	473	114	1	17298	1238	0	0	1238	94	0.00838881766209513	fit_nonzero_predictors	20460694	Held-out genus terminal labels masked for ASR; held-out terminal branches removed from screening; fold-wise preprocessing; glmnet standardize=FALSE.	1238	94	0	0
binary_aquatic_dependence	binary_aquatic_dependence_nested_ttest_baseline	94	Grammomys	binary_aquatic_dependence_foldwise_ASR_nested_ttest_baseline	288	1	63	225	0	1	1	474	13	114	0	587	473	114	1	17298	1213	0	0	1213	65	0.0202616173550624	fit_nonzero_predictors	20460695	Held-out genus terminal labels masked for ASR; held-out terminal branches removed from screening; fold-wise preprocessing; glmnet standardize=FALSE.	1213	65	0	0
binary_aquatic_dependence	binary_aquatic_dependence_nested_ttest_baseline	95	Grampus	binary_aquatic_dependence_foldwise_ASR_nested_ttest_baseline	288	1	62	226	1	0	1	474	13	114	0	587	474	113	1	17298	1196	0	0	1196	92	0.00605223368085239	fit_nonzero_predictors	20460696	Held-out genus terminal labels masked for ASR; held-out terminal branches removed from screening; fold-wise preprocessing; glmnet standardize=FALSE.	1196	92	0	0
binary_aquatic_dependence	binary_aquatic_dependence_nested_ttest_baseline	96	Halichoerus	binary_aquatic_dependence_foldwise_ASR_nested_ttest_baseline	288	1	62	226	1	0	1	474	13	114	0	587	474	113	1	17298	1224	0	0	1224	82	0.0124575712179608	fit_nonzero_predictors	20460697	Held-out genus terminal labels masked for ASR; held-out terminal branches removed from screening; fold-wise preprocessing; glmnet standardize=FALSE.	1224	82	0	0
binary_aquatic_dependence	binary_aquatic_dependence_nested_ttest_baseline	97	Helarctos	binary_aquatic_dependence_foldwise_ASR_nested_ttest_baseline	288	1	63	225	0	1	1	474	13	114	0	587	473	114	1	17298	1230	0	0	1230	90	0.00839397826064513	fit_nonzero_predictors	20460698	Held-out genus terminal labels masked for ASR; held-out terminal branches removed from screening; fold-wise preprocessing; glmnet standardize=FALSE.	1230	90	0	0
binary_aquatic_dependence	binary_aquatic_dependence_nested_ttest_baseline	98	Helogale	binary_aquatic_dependence_foldwise_ASR_nested_ttest_baseline	288	1	63	225	0	1	1	474	13	114	0	587	473	114	1	17298	1217	0	0	1217	87	0.00877343244423647	fit_nonzero_predictors	20460699	Held-out genus terminal labels masked for ASR; held-out terminal branches removed from screening; fold-wise preprocessing; glmnet standardize=FALSE.	1217	87	0	0
binary_aquatic_dependence	binary_aquatic_dependence_nested_ttest_baseline	99	Hemitragus	binary_aquatic_dependence_foldwise_ASR_nested_ttest_baseline	288	1	63	225	0	1	1	474	13	114	0	587	473	114	1	17298	1223	0	0	1223	99	0.00417935473717048	fit_nonzero_predictors	20460700	Held-out genus terminal labels masked for ASR; held-out terminal branches removed from screening; fold-wise preprocessing; glmnet standardize=FALSE.	1223	99	0	0
marine_binary	marine_binary_nested_ttest_baseline	1	Acinonyx	marine_binary_foldwise_ASR_nested_ttest_baseline	301	1	51	250	0	1	1	504	0	97	0	600	503	97	1	17258	1567	0	0	1567	69	0.00576490063464856	fit_nonzero_predictors	20360602	Held-out genus terminal labels masked for ASR; held-out terminal branches removed from screening; fold-wise preprocessing; glmnet standardize=FALSE.	1567	69	0	0
marine_binary	marine_binary_nested_ttest_baseline	10	Ammotragus	marine_binary_foldwise_ASR_nested_ttest_baseline	301	1	51	250	0	1	1	504	0	97	0	600	503	97	1	17258	1565	0	0	1565	68	0.00546436833921785	fit_nonzero_predictors	20360611	Held-out genus terminal labels masked for ASR; held-out terminal branches removed from screening; fold-wise preprocessing; glmnet standardize=FALSE.	1565	68	0	0
marine_binary	marine_binary_nested_ttest_baseline	100	Heterocephalus	marine_binary_foldwise_ASR_nested_ttest_baseline	301	1	51	250	0	1	1	504	0	97	0	600	503	97	1	17258	1562	0	0	1562	68	0.00572191397412472	fit_nonzero_predictors	20360701	Held-out genus terminal labels masked for ASR; held-out terminal branches removed from screening; fold-wise preprocessing; glmnet standardize=FALSE.	1562	68	0	0
marine_binary	marine_binary_nested_ttest_baseline	101	Heterohyrax	marine_binary_foldwise_ASR_nested_ttest_baseline	301	1	51	250	0	1	1	504	0	97	0	600	503	97	1	17258	1573	0	0	1573	66	0.00599731137633237	fit_nonzero_predictors	20360702	Held-out genus terminal labels masked for ASR; held-out terminal branches removed from screening; fold-wise preprocessing; glmnet standardize=FALSE.	1573	66	0	0
marine_binary	marine_binary_nested_ttest_baseline	102	Hippopotamus	marine_binary_foldwise_ASR_nested_ttest_baseline	301	1	51	250	0	1	1	504	0	97	0	600	503	97	1	17258	1561	0	0	1561	67	0.00546213673026041	fit_nonzero_predictors	20360703	Held-out genus terminal labels masked for ASR; held-out terminal branches removed from screening; fold-wise preprocessing; glmnet standardize=FALSE.	1561	67	0	0
marine_binary	marine_binary_nested_ttest_baseline	103	Hipposideros	marine_binary_foldwise_ASR_nested_ttest_baseline	301	1	51	250	0	1	1	504	0	97	0	600	503	97	1	17258	1553	0	0	1553	72	0.00298342930833106	fit_nonzero_predictors	20360704	Held-out genus terminal labels masked for ASR; held-out terminal branches removed from screening; fold-wise preprocessing; glmnet standardize=FALSE.	1553	72	0	0
marine_binary	marine_binary_nested_ttest_baseline	104	Hippotragus	marine_binary_foldwise_ASR_nested_ttest_baseline	300	2	51	249	0	2	2	504	0	97	0	599	502	97	2	17258	1577	0	0	1577	71	0.00206018856825754	fit_nonzero_predictors	20360705	Held-out genus terminal labels masked for ASR; held-out terminal branches removed from screening; fold-wise preprocessing; glmnet standardize=FALSE.	1577	71	0	0
marine_binary	marine_binary_nested_ttest_baseline	105	Homo	marine_binary_foldwise_ASR_nested_ttest_baseline	301	1	51	250	0	1	1	504	0	97	0	600	503	97	1	17258	1568	0	0	1568	68	0.00599461274486653	fit_nonzero_predictors	20360706	Held-out genus terminal labels masked for ASR; held-out terminal branches removed from screening; fold-wise preprocessing; glmnet standardize=FALSE.	1568	68	0	0
marine_binary	marine_binary_nested_ttest_baseline	106	Hyaena	marine_binary_foldwise_ASR_nested_ttest_baseline	301	1	51	250	0	1	1	504	0	97	0	600	503	97	1	17258	1559	0	0	1559	74	0.0027190386923527	fit_nonzero_predictors	20360707	Held-out genus terminal labels masked for ASR; held-out terminal branches removed from screening; fold-wise preprocessing; glmnet standardize=FALSE.	1559	74	0	0
marine_binary	marine_binary_nested_ttest_baseline	107	Hydrochoerus	marine_binary_foldwise_ASR_nested_ttest_baseline	301	1	51	250	0	1	1	504	0	97	0	600	503	97	1	17258	1561	0	0	1561	66	0.00599968432535448	fit_nonzero_predictors	20360708	Held-out genus terminal labels masked for ASR; held-out terminal branches removed from screening; fold-wise preprocessing; glmnet standardize=FALSE.	1561	66	0	0
marine_binary	marine_binary_nested_ttest_baseline	108	Hydrodamalis	marine_binary_foldwise_ASR_nested_ttest_baseline	301	1	50	251	1	0	1	504	0	97	0	600	504	96	1	17256	1561	0	0	1561	78	0.00205746523316662	fit_nonzero_predictors	20360709	Held-out genus terminal labels masked for ASR; held-out terminal branches removed from screening; fold-wise preprocessing; glmnet standardize=FALSE.	1561	78	0	0
marine_binary	marine_binary_nested_ttest_baseline	109	Hydropotes	marine_binary_foldwise_ASR_nested_ttest_baseline	301	1	51	250	0	1	1	504	0	97	0	600	503	97	1	17258	1564	0	0	1564	65	0.00599431307907623	fit_nonzero_predictors	20360710	Held-out genus terminal labels masked for ASR; held-out terminal branches removed from screening; fold-wise preprocessing; glmnet standardize=FALSE.	1564	65	0	0
marine_binary	marine_binary_nested_ttest_baseline	11	Anoura	marine_binary_foldwise_ASR_nested_ttest_baseline	301	1	51	250	0	1	1	504	0	97	0	600	503	97	1	17258	1555	0	0	1555	69	0.00572199819650266	fit_nonzero_predictors	20360612	Held-out genus terminal labels masked for ASR; held-out terminal branches removed from screening; fold-wise preprocessing; glmnet standardize=FALSE.	1555	69	0	0
marine_binary	marine_binary_nested_ttest_baseline	110	Hylobates	marine_binary_foldwise_ASR_nested_ttest_baseline	301	1	51	250	0	1	1	504	0	97	0	600	503	97	1	17258	1563	0	0	1563	74	0.00271835183364624	fit_nonzero_predictors	20360711	Held-out genus terminal labels masked for ASR; held-out terminal branches removed from screening; fold-wise preprocessing; glmnet standardize=FALSE.	1563	74	0	0
marine_binary	marine_binary_nested_ttest_baseline	111	Hystrix	marine_binary_foldwise_ASR_nested_ttest_baseline	301	1	51	250	0	1	1	504	0	97	0	600	503	97	1	17258	1556	0	0	1556	68	0.00572187934884452	fit_nonzero_predictors	20360712	Held-out genus terminal labels masked for ASR; held-out terminal branches removed from screening; fold-wise preprocessing; glmnet standardize=FALSE.	1556	68	0	0
marine_binary	marine_binary_nested_ttest_baseline	112	Ictidomys	marine_binary_foldwise_ASR_nested_ttest_baseline	301	1	51	250	0	1	1	504	0	97	0	600	503	97	1	17258	1566	0	0	1566	72	0.00312933662913736	fit_nonzero_predictors	20360713	Held-out genus terminal labels masked for ASR; held-out terminal branches removed from screening; fold-wise preprocessing; glmnet standardize=FALSE.	1566	72	0	0
marine_binary	marine_binary_nested_ttest_baseline	113	Indri	marine_binary_foldwise_ASR_nested_ttest_baseline	301	1	51	250	0	1	1	504	0	97	0	600	503	97	1	17258	1562	0	0	1562	74	0.0028478273484509	fit_nonzero_predictors	20360714	Held-out genus terminal labels masked for ASR; held-out terminal branches removed from screening; fold-wise preprocessing; glmnet standardize=FALSE.	1562	74	0	0
marine_binary	marine_binary_nested_ttest_baseline	114	Inia	marine_binary_foldwise_ASR_nested_ttest_baseline	301	1	50	251	1	0	1	504	0	97	0	600	504	96	1	17258	1564	0	0	1564	76	0.00205746523316662	fit_nonzero_predictors	20360715	Held-out genus terminal labels masked for ASR; held-out terminal branches removed from screening; fold-wise preprocessing; glmnet standardize=FALSE.	1564	76	0	0
marine_binary	marine_binary_nested_ttest_baseline	115	Jaculus	marine_binary_foldwise_ASR_nested_ttest_baseline	301	1	51	250	0	1	1	504	0	97	0	600	503	97	1	17258	1558	0	0	1558	68	0.00599430942347856	fit_nonzero_predictors	20360716	Held-out genus terminal labels masked for ASR; held-out terminal branches removed from screening; fold-wise preprocessing; glmnet standardize=FALSE.	1558	68	0	0
marine_binary	marine_binary_nested_ttest_baseline	116	Kobus	marine_binary_foldwise_ASR_nested_ttest_baseline	300	2	51	249	0	2	2	504	0	97	0	599	502	97	2	17258	1562	0	0	1562	74	0.00205871517023172	fit_nonzero_predictors	20360717	Held-out genus terminal labels masked for ASR; held-out terminal branches removed from screening; fold-wise preprocessing; glmnet standardize=FALSE.	1562	74	0	0
marine_binary	marine_binary_nested_ttest_baseline	117	Kogia	marine_binary_foldwise_ASR_nested_ttest_baseline	301	1	50	251	1	0	1	504	0	97	0	600	504	96	1	17258	1541	0	0	1541	66	0.00689580592969573	fit_nonzero_predictors	20360718	Held-out genus terminal labels masked for ASR; held-out terminal branches removed from screening; fold-wise preprocessing; glmnet standardize=FALSE.	1541	66	0	0
marine_binary	marine_binary_nested_ttest_baseline	118	Lagenorhynchus	marine_binary_foldwise_ASR_nested_ttest_baseline	301	1	50	251	1	0	1	504	0	97	0	600	504	96	1	17258	1581	0	0	1581	66	0.00612009795192019	fit_nonzero_predictors	20360719	Held-out genus terminal labels masked for ASR; held-out terminal branches removed from screening; fold-wise preprocessing; glmnet standardize=FALSE.	1581	66	0	0
marine_binary	marine_binary_nested_ttest_baseline	119	Lama	marine_binary_foldwise_ASR_nested_ttest_baseline	301	1	51	250	0	1	1	504	0	97	0	600	503	97	1	17258	1579	0	0	1579	68	0.00599786959660146	fit_nonzero_predictors	20360720	Held-out genus terminal labels masked for ASR; held-out terminal branches removed from screening; fold-wise preprocessing; glmnet standardize=FALSE.	1579	68	0	0
marine_binary	marine_binary_nested_ttest_baseline	12	Antidorcas	marine_binary_foldwise_ASR_nested_ttest_baseline	301	1	51	250	0	1	1	504	0	97	0	600	503	97	1	17258	1566	0	0	1566	68	0.00572229774961512	fit_nonzero_predictors	20360613	Held-out genus terminal labels masked for ASR; held-out terminal branches removed from screening; fold-wise preprocessing; glmnet standardize=FALSE.	1566	68	0	0
marine_binary	marine_binary_nested_ttest_baseline	120	Lemur	marine_binary_foldwise_ASR_nested_ttest_baseline	301	1	51	250	0	1	1	504	0	97	0	600	503	97	1	17258	1566	0	0	1566	80	0.00205636358061039	fit_nonzero_predictors	20360721	Held-out genus terminal labels masked for ASR; held-out terminal branches removed from screening; fold-wise preprocessing; glmnet standardize=FALSE.	1566	80	0	0
marine_binary	marine_binary_nested_ttest_baseline	121	Leptonychotes	marine_binary_foldwise_ASR_nested_ttest_baseline	301	1	50	251	1	0	1	504	0	97	0	600	504	96	1	17258	1587	0	0	1587	71	0.00203385358356343	fit_nonzero_predictors	20360722	Held-out genus terminal labels masked for ASR; held-out terminal branches removed from screening; fold-wise preprocessing; glmnet standardize=FALSE.	1587	71	0	0
marine_binary	marine_binary_nested_ttest_baseline	122	Leptonycteris	marine_binary_foldwise_ASR_nested_ttest_baseline	301	1	51	250	0	1	1	504	0	97	0	600	503	97	1	17258	1556	0	0	1556	68	0.00572260340328872	fit_nonzero_predictors	20360723	Held-out genus terminal labels masked for ASR; held-out terminal branches removed from screening; fold-wise preprocessing; glmnet standardize=FALSE.	1556	68	0	0
marine_binary	marine_binary_nested_ttest_baseline	123	Lepus	marine_binary_foldwise_ASR_nested_ttest_baseline	301	1	51	250	0	1	1	504	0	97	0	600	503	97	1	17258	1556	0	0	1556	68	0.00546202764783208	fit_nonzero_predictors	20360724	Held-out genus terminal labels masked for ASR; held-out terminal branches removed from screening; fold-wise preprocessing; glmnet standardize=FALSE.	1556	68	0	0
marine_binary	marine_binary_nested_ttest_baseline	124	Lipotes	marine_binary_foldwise_ASR_nested_ttest_baseline	301	1	50	251	1	0	1	504	0	97	0	600	504	96	1	17258	1543	0	0	1543	74	0.00205746523316662	fit_nonzero_predictors	20360725	Held-out genus terminal labels masked for ASR; held-out terminal branches removed from screening; fold-wise preprocessing; glmnet standardize=FALSE.	1543	74	0	0
marine_binary	marine_binary_nested_ttest_baseline	125	Litocranius	marine_binary_foldwise_ASR_nested_ttest_baseline	301	1	51	250	0	1	1	504	0	97	0	600	503	97	1	17258	1569	0	0	1569	65	0.00628180975079206	fit_nonzero_predictors	20360726	Held-out genus terminal labels masked for ASR; held-out terminal branches removed from screening; fold-wise preprocessing; glmnet standardize=FALSE.	1569	65	0	0
marine_binary	marine_binary_nested_ttest_baseline	126	Lontra	marine_binary_foldwise_ASR_nested_ttest_baseline	301	1	51	250	0	1	1	504	0	97	0	600	503	97	1	17258	1554	0	0	1554	75	0.00236546233032948	fit_nonzero_predictors	20360727	Held-out genus terminal labels masked for ASR; held-out terminal branches removed from screening; fold-wise preprocessing; glmnet standardize=FALSE.	1554	75	0	0
marine_binary	marine_binary_nested_ttest_baseline	127	Loxodonta	marine_binary_foldwise_ASR_nested_ttest_baseline	301	1	51	250	0	1	1	504	0	97	0	600	503	97	1	17258	1564	0	0	1564	72	0.00343021283884505	fit_nonzero_predictors	20360728	Held-out genus terminal labels masked for ASR; held-out terminal branches removed from screening; fold-wise preprocessing; glmnet standardize=FALSE.	1564	72	0	0
marine_binary	marine_binary_nested_ttest_baseline	128	Lutra	marine_binary_foldwise_ASR_nested_ttest_baseline	301	1	51	250	0	1	1	504	0	97	0	600	503	97	1	17258	1567	0	0	1567	67	0.00572188127025327	fit_nonzero_predictors	20360729	Held-out genus terminal labels masked for ASR; held-out terminal branches removed from screening; fold-wise preprocessing; glmnet standardize=FALSE.	1567	67	0	0
marine_binary	marine_binary_nested_ttest_baseline	129	Lycaon	marine_binary_foldwise_ASR_nested_ttest_baseline	301	1	51	250	0	1	1	504	0	97	0	600	503	97	1	17258	1568	0	0	1568	77	0.00205632965185345	fit_nonzero_predictors	20360730	Held-out genus terminal labels masked for ASR; held-out terminal branches removed from screening; fold-wise preprocessing; glmnet standardize=FALSE.	1568	77	0	0
marine_binary	marine_binary_nested_ttest_baseline	13	Antilocapra	marine_binary_foldwise_ASR_nested_ttest_baseline	301	1	51	250	0	1	1	504	0	97	0	600	503	97	1	17258	1561	0	0	1561	69	0.00572317393871746	fit_nonzero_predictors	20360614	Held-out genus terminal labels masked for ASR; held-out terminal branches removed from screening; fold-wise preprocessing; glmnet standardize=FALSE.	1561	69	0	0
marine_binary	marine_binary_nested_ttest_baseline	130	Lynx	marine_binary_foldwise_ASR_nested_ttest_baseline	300	2	51	249	0	2	2	504	0	97	0	599	502	97	2	17258	1576	0	0	1576	72	0.00476525427173033	fit_nonzero_predictors	20360731	Held-out genus terminal labels masked for ASR; held-out terminal branches removed from screening; fold-wise preprocessing; glmnet standardize=FALSE.	1576	72	0	0
marine_binary	marine_binary_nested_ttest_baseline	131	Macaca	marine_binary_foldwise_ASR_nested_ttest_baseline	301	1	51	250	0	1	1	504	0	97	0	600	503	97	1	17258	1568	0	0	1568	71	0.0029911336904133	fit_nonzero_predictors	20360732	Held-out genus terminal labels masked for ASR; held-out terminal branches removed from screening; fold-wise preprocessing; glmnet standardize=FALSE.	1568	71	0	0
marine_binary	marine_binary_nested_ttest_baseline	132	Macroglossus	marine_binary_foldwise_ASR_nested_ttest_baseline	301	1	51	250	0	1	1	504	0	97	0	600	503	97	1	17258	1562	0	0	1562	68	0.00546188948435598	fit_nonzero_predictors	20360733	Held-out genus terminal labels masked for ASR; held-out terminal branches removed from screening; fold-wise preprocessing; glmnet standardize=FALSE.	1562	68	0	0
marine_binary	marine_binary_nested_ttest_baseline	133	Macrotus	marine_binary_foldwise_ASR_nested_ttest_baseline	301	1	51	250	0	1	1	504	0	97	0	600	503	97	1	17258	1554	0	0	1554	74	0.00271859728036658	fit_nonzero_predictors	20360734	Held-out genus terminal labels masked for ASR; held-out terminal branches removed from screening; fold-wise preprocessing; glmnet standardize=FALSE.	1554	74	0	0
marine_binary	marine_binary_nested_ttest_baseline	134	Mandrillus	marine_binary_foldwise_ASR_nested_ttest_baseline	301	1	51	250	0	1	1	504	0	97	0	600	503	97	1	17258	1570	0	0	1570	68	0.00572761017469034	fit_nonzero_predictors	20360735	Held-out genus terminal labels masked for ASR; held-out terminal branches removed from screening; fold-wise preprocessing; glmnet standardize=FALSE.	1570	68	0	0
marine_binary	marine_binary_nested_ttest_baseline	135	Manis	marine_binary_foldwise_ASR_nested_ttest_baseline	299	3	51	248	0	3	3	504	0	97	0	598	501	97	3	17258	1573	0	0	1573	72	0.00285883742392035	fit_nonzero_predictors	20360736	Held-out genus terminal labels masked for ASR; held-out terminal branches removed from screening; fold-wise preprocessing; glmnet standardize=FALSE.	1573	72	0	0
marine_binary	marine_binary_nested_ttest_baseline	136	Marmota	marine_binary_foldwise_ASR_nested_ttest_baseline	301	1	51	250	0	1	1	504	0	97	0	600	503	97	1	17258	1558	0	0	1558	69	0.00572501922926204	fit_nonzero_predictors	20360737	Held-out genus terminal labels masked for ASR; held-out terminal branches removed from screening; fold-wise preprocessing; glmnet standardize=FALSE.	1558	69	0	0
marine_binary	marine_binary_nested_ttest_baseline	137	Martes	marine_binary_foldwise_ASR_nested_ttest_baseline	301	1	51	250	0	1	1	504	0	97	0	600	503	97	1	17258	1554	0	0	1554	72	0.00284887117970792	fit_nonzero_predictors	20360738	Held-out genus terminal labels masked for ASR; held-out terminal branches removed from screening; fold-wise preprocessing; glmnet standardize=FALSE.	1554	72	0	0
marine_binary	marine_binary_nested_ttest_baseline	138	Mastomys	marine_binary_foldwise_ASR_nested_ttest_baseline	301	1	51	250	0	1	1	504	0	97	0	600	503	97	1	17258	1563	0	0	1563	74	0.00271851657231093	fit_nonzero_predictors	20360739	Held-out genus terminal labels masked for ASR; held-out terminal branches removed from screening; fold-wise preprocessing; glmnet standardize=FALSE.	1563	74	0	0
marine_binary	marine_binary_nested_ttest_baseline	139	Megaderma	marine_binary_foldwise_ASR_nested_ttest_baseline	301	1	51	250	0	1	1	504	0	97	0	600	503	97	1	17258	1561	0	0	1561	67	0.00599438904254308	fit_nonzero_predictors	20360740	Held-out genus terminal labels masked for ASR; held-out terminal branches removed from screening; fold-wise preprocessing; glmnet standardize=FALSE.	1561	67	0	0
marine_binary	marine_binary_nested_ttest_baseline	14	Aonyx	marine_binary_foldwise_ASR_nested_ttest_baseline	301	1	51	250	0	1	1	504	0	97	0	600	503	97	1	17258	1560	0	0	1560	76	0.00247730524125984	fit_nonzero_predictors	20360615	Held-out genus terminal labels masked for ASR; held-out terminal branches removed from screening; fold-wise preprocessing; glmnet standardize=FALSE.	1560	76	0	0
marine_binary	marine_binary_nested_ttest_baseline	140	Megaptera	marine_binary_foldwise_ASR_nested_ttest_baseline	301	1	50	251	1	0	1	504	0	97	0	600	504	96	1	17258	1554	0	0	1554	74	0.00253255000852793	fit_nonzero_predictors	20360741	Held-out genus terminal labels masked for ASR; held-out terminal branches removed from screening; fold-wise preprocessing; glmnet standardize=FALSE.	1554	74	0	0
marine_binary	marine_binary_nested_ttest_baseline	141	Mellivora	marine_binary_foldwise_ASR_nested_ttest_baseline	301	1	51	250	0	1	1	504	0	97	0	600	503	97	1	17258	1555	0	0	1555	72	0.00271875752177509	fit_nonzero_predictors	20360742	Held-out genus terminal labels masked for ASR; held-out terminal branches removed from screening; fold-wise preprocessing; glmnet standardize=FALSE.	1555	72	0	0
marine_binary	marine_binary_nested_ttest_baseline	142	Meriones	marine_binary_foldwise_ASR_nested_ttest_baseline	301	1	51	250	0	1	1	504	0	97	0	600	503	97	1	17258	1554	0	0	1554	72	0.0027198479532612	fit_nonzero_predictors	20360743	Held-out genus terminal labels masked for ASR; held-out terminal branches removed from screening; fold-wise preprocessing; glmnet standardize=FALSE.	1554	72	0	0
marine_binary	marine_binary_nested_ttest_baseline	143	Mesocricetus	marine_binary_foldwise_ASR_nested_ttest_baseline	301	1	51	250	0	1	1	504	0	97	0	600	503	97	1	17258	1563	0	0	1563	69	0.00572186462988398	fit_nonzero_predictors	20360744	Held-out genus terminal labels masked for ASR; held-out terminal branches removed from screening; fold-wise preprocessing; glmnet standardize=FALSE.	1563	69	0	0
marine_binary	marine_binary_nested_ttest_baseline	144	Mesoplodon	marine_binary_foldwise_ASR_nested_ttest_baseline	298	4	47	251	4	0	4	504	0	97	0	597	504	93	4	17257	1529	0	0	1529	68	0.00317455714515185	fit_nonzero_predictors	20360745	Held-out genus terminal labels masked for ASR; held-out terminal branches removed from screening; fold-wise preprocessing; glmnet standardize=FALSE.	1529	68	0	0
marine_binary	marine_binary_nested_ttest_baseline	145	Microcebus	marine_binary_foldwise_ASR_nested_ttest_baseline	301	1	51	250	0	1	1	504	0	97	0	600	503	97	1	17258	1561	0	0	1561	70	0.00360003511235627	fit_nonzero_predictors	20360746	Held-out genus terminal labels masked for ASR; held-out terminal branches removed from screening; fold-wise preprocessing; glmnet standardize=FALSE.	1561	70	0	0
marine_binary	marine_binary_nested_ttest_baseline	146	Microtus	marine_binary_foldwise_ASR_nested_ttest_baseline	301	1	51	250	0	1	1	504	0	97	0	600	503	97	1	17258	1560	0	0	1560	69	0.00572206271453875	fit_nonzero_predictors	20360747	Held-out genus terminal labels masked for ASR; held-out terminal branches removed from screening; fold-wise preprocessing; glmnet standardize=FALSE.	1560	69	0	0
marine_binary	marine_binary_nested_ttest_baseline	147	Miniopterus	marine_binary_foldwise_ASR_nested_ttest_baseline	301	1	51	250	0	1	1	504	0	97	0	600	503	97	1	17258	1558	0	0	1558	72	0.00298399120976187	fit_nonzero_predictors	20360748	Held-out genus terminal labels masked for ASR; held-out terminal branches removed from screening; fold-wise preprocessing; glmnet standardize=FALSE.	1558	72	0	0
marine_binary	marine_binary_nested_ttest_baseline	148	Mirounga	marine_binary_foldwise_ASR_nested_ttest_baseline	300	2	49	251	2	0	2	504	0	97	0	599	504	95	2	17257	1569	0	0	1569	74	0.00629362986204369	fit_nonzero_predictors	20360749	Held-out genus terminal labels masked for ASR; held-out terminal branches removed from screening; fold-wise preprocessing; glmnet standardize=FALSE.	1569	74	0	0
marine_binary	marine_binary_nested_ttest_baseline	149	Mirza	marine_binary_foldwise_ASR_nested_ttest_baseline	301	1	51	250	0	1	1	504	0	97	0	600	503	97	1	17258	1562	0	0	1562	74	0.00284778264277478	fit_nonzero_predictors	20360750	Held-out genus terminal labels masked for ASR; held-out terminal branches removed from screening; fold-wise preprocessing; glmnet standardize=FALSE.	1562	74	0	0
marine_binary	marine_binary_nested_ttest_baseline	15	Aotus	marine_binary_foldwise_ASR_nested_ttest_baseline	301	1	51	250	0	1	1	504	0	97	0	600	503	97	1	17258	1558	0	0	1558	66	0.0062832015365391	fit_nonzero_predictors	20360616	Held-out genus terminal labels masked for ASR; held-out terminal branches removed from screening; fold-wise preprocessing; glmnet standardize=FALSE.	1558	66	0	0
marine_binary	marine_binary_nested_ttest_baseline	150	Molossus	marine_binary_foldwise_ASR_nested_ttest_baseline	301	1	51	250	0	1	1	504	0	97	0	600	503	97	1	17258	1560	0	0	1560	69	0.00572254034871593	fit_nonzero_predictors	20360751	Held-out genus terminal labels masked for ASR; held-out terminal branches removed from screening; fold-wise preprocessing; glmnet standardize=FALSE.	1560	69	0	0
marine_binary	marine_binary_nested_ttest_baseline	151	Monodon	marine_binary_foldwise_ASR_nested_ttest_baseline	301	1	50	251	1	0	1	504	0	97	0	600	504	96	1	17258	1550	0	0	1550	77	0.00205746523316662	fit_nonzero_predictors	20360752	Held-out genus terminal labels masked for ASR; held-out terminal branches removed from screening; fold-wise preprocessing; glmnet standardize=FALSE.	1550	77	0	0
marine_binary	marine_binary_nested_ttest_baseline	152	Mormoops	marine_binary_foldwise_ASR_nested_ttest_baseline	301	1	51	250	0	1	1	504	0	97	0	600	503	97	1	17258	1555	0	0	1555	66	0.00572248753355004	fit_nonzero_predictors	20360753	Held-out genus terminal labels masked for ASR; held-out terminal branches removed from screening; fold-wise preprocessing; glmnet standardize=FALSE.	1555	66	0	0
marine_binary	marine_binary_nested_ttest_baseline	153	Moschus	marine_binary_foldwise_ASR_nested_ttest_baseline	300	2	51	249	0	2	2	504	0	97	0	599	502	97	2	17258	1573	0	0	1573	78	0.00247996510668031	fit_nonzero_predictors	20360754	Held-out genus terminal labels masked for ASR; held-out terminal branches removed from screening; fold-wise preprocessing; glmnet standardize=FALSE.	1573	78	0	0
marine_binary	marine_binary_nested_ttest_baseline	154	Mungos	marine_binary_foldwise_ASR_nested_ttest_baseline	301	1	51	250	0	1	1	504	0	97	0	600	503	97	1	17258	1552	0	0	1552	71	0.00312544482661869	fit_nonzero_predictors	20360755	Held-out genus terminal labels masked for ASR; held-out terminal branches removed from screening; fold-wise preprocessing; glmnet standardize=FALSE.	1552	71	0	0
marine_binary	marine_binary_nested_ttest_baseline	155	Muntiacus	marine_binary_foldwise_ASR_nested_ttest_baseline	299	3	51	248	0	3	3	504	0	97	0	598	501	97	3	17258	1583	0	0	1583	63	0.00601671262212984	fit_nonzero_predictors	20360756	Held-out genus terminal labels masked for ASR; held-out terminal branches removed from screening; fold-wise preprocessing; glmnet standardize=FALSE.	1583	63	0	0
marine_binary	marine_binary_nested_ttest_baseline	156	Mus	marine_binary_foldwise_ASR_nested_ttest_baseline	301	1	51	250	0	1	1	504	0	97	0	600	503	97	1	17258	1558	0	0	1558	72	0.00259488101313463	fit_nonzero_predictors	20360757	Held-out genus terminal labels masked for ASR; held-out terminal branches removed from screening; fold-wise preprocessing; glmnet standardize=FALSE.	1558	72	0	0
marine_binary	marine_binary_nested_ttest_baseline	157	Muscardinus	marine_binary_foldwise_ASR_nested_ttest_baseline	301	1	51	250	0	1	1	504	0	97	0	600	503	97	1	17258	1559	0	0	1559	66	0.00599430823991073	fit_nonzero_predictors	20360758	Held-out genus terminal labels masked for ASR; held-out terminal branches removed from screening; fold-wise preprocessing; glmnet standardize=FALSE.	1559	66	0	0
marine_binary	marine_binary_nested_ttest_baseline	158	Mustela	marine_binary_foldwise_ASR_nested_ttest_baseline	300	2	51	249	0	2	2	504	0	97	0	599	502	97	2	17258	1558	0	0	1558	63	0.0057302586158438	fit_nonzero_predictors	20360759	Held-out genus terminal labels masked for ASR; held-out terminal branches removed from screening; fold-wise preprocessing; glmnet standardize=FALSE.	1558	63	0	0
marine_binary	marine_binary_nested_ttest_baseline	159	Myocastor	marine_binary_foldwise_ASR_nested_ttest_baseline	301	1	51	250	0	1	1	504	0	97	0	600	503	97	1	17258	1560	0	0	1560	72	0.00312549838211107	fit_nonzero_predictors	20360760	Held-out genus terminal labels masked for ASR; held-out terminal branches removed from screening; fold-wise preprocessing; glmnet standardize=FALSE.	1560	72	0	0
marine_binary	marine_binary_nested_ttest_baseline	16	Aplodontia	marine_binary_foldwise_ASR_nested_ttest_baseline	301	1	51	250	0	1	1	504	0	97	0	600	503	97	1	17258	1561	0	0	1561	72	0.00298347169012922	fit_nonzero_predictors	20360617	Held-out genus terminal labels masked for ASR; held-out terminal branches removed from screening; fold-wise preprocessing; glmnet standardize=FALSE.	1561	72	0	0
marine_binary	marine_binary_nested_ttest_baseline	160	Myodes	marine_binary_foldwise_ASR_nested_ttest_baseline	301	1	51	250	0	1	1	504	0	97	0	600	503	97	1	17258	1559	0	0	1559	69	0.00572260246396226	fit_nonzero_predictors	20360761	Held-out genus terminal labels masked for ASR; held-out terminal branches removed from screening; fold-wise preprocessing; glmnet standardize=FALSE.	1559	69	0	0
marine_binary	marine_binary_nested_ttest_baseline	161	Myotis	marine_binary_foldwise_ASR_nested_ttest_baseline	301	1	51	250	0	1	1	504	0	97	0	600	503	97	1	17258	1560	0	0	1560	68	0.00572185761847367	fit_nonzero_predictors	20360762	Held-out genus terminal labels masked for ASR; held-out terminal branches removed from screening; fold-wise preprocessing; glmnet standardize=FALSE.	1560	68	0	0
marine_binary	marine_binary_nested_ttest_baseline	162	Myrmecophaga	marine_binary_foldwise_ASR_nested_ttest_baseline	301	1	51	250	0	1	1	504	0	97	0	600	503	97	1	17258	1555	0	0	1555	74	0.0027198479532612	fit_nonzero_predictors	20360763	Held-out genus terminal labels masked for ASR; held-out terminal branches removed from screening; fold-wise preprocessing; glmnet standardize=FALSE.	1555	74	0	0
marine_binary	marine_binary_nested_ttest_baseline	163	Nanger	marine_binary_foldwise_ASR_nested_ttest_baseline	301	1	51	250	0	1	1	504	0	97	0	600	503	97	1	17258	1565	0	0	1565	67	0.00572494641419191	fit_nonzero_predictors	20360764	Held-out genus terminal labels masked for ASR; held-out terminal branches removed from screening; fold-wise preprocessing; glmnet standardize=FALSE.	1565	67	0	0
marine_binary	marine_binary_nested_ttest_baseline	164	Nannospalax	marine_binary_foldwise_ASR_nested_ttest_baseline	301	1	51	250	0	1	1	504	0	97	0	600	503	97	1	17258	1562	0	0	1562	67	0.00599432382786745	fit_nonzero_predictors	20360765	Held-out genus terminal labels masked for ASR; held-out terminal branches removed from screening; fold-wise preprocessing; glmnet standardize=FALSE.	1562	67	0	0
marine_binary	marine_binary_nested_ttest_baseline	165	Nasua	marine_binary_foldwise_ASR_nested_ttest_baseline	301	1	51	250	0	1	1	504	0	97	0	600	503	97	1	17258	1556	0	0	1556	68	0.00546713607536593	fit_nonzero_predictors	20360766	Held-out genus terminal labels masked for ASR; held-out terminal branches removed from screening; fold-wise preprocessing; glmnet standardize=FALSE.	1556	68	0	0
marine_binary	marine_binary_nested_ttest_baseline	166	Neofelis	marine_binary_foldwise_ASR_nested_ttest_baseline	301	1	51	250	0	1	1	504	0	97	0	600	503	97	1	17258	1557	0	0	1557	72	0.00453448010363056	fit_nonzero_predictors	20360767	Held-out genus terminal labels masked for ASR; held-out terminal branches removed from screening; fold-wise preprocessing; glmnet standardize=FALSE.	1557	72	0	0
marine_binary	marine_binary_nested_ttest_baseline	167	Neomonachus	marine_binary_foldwise_ASR_nested_ttest_baseline	301	1	50	251	1	0	1	504	0	97	0	600	504	96	1	17257	1558	0	0	1558	67	0.00561001395707922	fit_nonzero_predictors	20360768	Held-out genus terminal labels masked for ASR; held-out terminal branches removed from screening; fold-wise preprocessing; glmnet standardize=FALSE.	1558	67	0	0
marine_binary	marine_binary_nested_ttest_baseline	168	Neophocaena	marine_binary_foldwise_ASR_nested_ttest_baseline	301	1	50	251	1	0	1	504	0	97	0	600	504	96	1	17258	1540	0	0	1540	75	0.00201201440321466	fit_nonzero_predictors	20360769	Held-out genus terminal labels masked for ASR; held-out terminal branches removed from screening; fold-wise preprocessing; glmnet standardize=FALSE.	1540	75	0	0
marine_binary	marine_binary_nested_ttest_baseline	169	Neovison	marine_binary_foldwise_ASR_nested_ttest_baseline	301	1	51	250	0	1	1	504	0	97	0	600	503	97	1	17258	1558	0	0	1558	68	0.0054626043442184	fit_nonzero_predictors	20360770	Held-out genus terminal labels masked for ASR; held-out terminal branches removed from screening; fold-wise preprocessing; glmnet standardize=FALSE.	1558	68	0	0
marine_binary	marine_binary_nested_ttest_baseline	17	Artibeus	marine_binary_foldwise_ASR_nested_ttest_baseline	301	1	51	250	0	1	1	504	0	97	0	600	503	97	1	17258	1553	0	0	1553	74	0.00259479539099404	fit_nonzero_predictors	20360618	Held-out genus terminal labels masked for ASR; held-out terminal branches removed from screening; fold-wise preprocessing; glmnet standardize=FALSE.	1553	74	0	0
marine_binary	marine_binary_nested_ttest_baseline	170	Noctilio	marine_binary_foldwise_ASR_nested_ttest_baseline	301	1	51	250	0	1	1	504	0	97	0	600	503	97	1	17258	1561	0	0	1561	69	0.00572185917350124	fit_nonzero_predictors	20360771	Held-out genus terminal labels masked for ASR; held-out terminal branches removed from screening; fold-wise preprocessing; glmnet standardize=FALSE.	1561	69	0	0
marine_binary	marine_binary_nested_ttest_baseline	171	Nomascus	marine_binary_foldwise_ASR_nested_ttest_baseline	301	1	51	250	0	1	1	504	0	97	0	600	503	97	1	17258	1568	0	0	1568	71	0.00521457012871333	fit_nonzero_predictors	20360772	Held-out genus terminal labels masked for ASR; held-out terminal branches removed from screening; fold-wise preprocessing; glmnet standardize=FALSE.	1568	71	0	0
marine_binary	marine_binary_nested_ttest_baseline	172	Nycticebus	marine_binary_foldwise_ASR_nested_ttest_baseline	301	1	51	250	0	1	1	504	0	97	0	600	503	97	1	17258	1564	0	0	1564	66	0.00546249010954762	fit_nonzero_predictors	20360773	Held-out genus terminal labels masked for ASR; held-out terminal branches removed from screening; fold-wise preprocessing; glmnet standardize=FALSE.	1564	66	0	0
marine_binary	marine_binary_nested_ttest_baseline	173	Ochotona	marine_binary_foldwise_ASR_nested_ttest_baseline	301	1	51	250	0	1	1	504	0	97	0	600	503	97	1	17258	1558	0	0	1558	66	0.0054648082696514	fit_nonzero_predictors	20360774	Held-out genus terminal labels masked for ASR; held-out terminal branches removed from screening; fold-wise preprocessing; glmnet standardize=FALSE.	1558	66	0	0
marine_binary	marine_binary_nested_ttest_baseline	174	Octodon	marine_binary_foldwise_ASR_nested_ttest_baseline	301	1	51	250	0	1	1	504	0	97	0	600	503	97	1	17258	1563	0	0	1563	71	0.00298348427192351	fit_nonzero_predictors	20360775	Held-out genus terminal labels masked for ASR; held-out terminal branches removed from screening; fold-wise preprocessing; glmnet standardize=FALSE.	1563	71	0	0
marine_binary	marine_binary_nested_ttest_baseline	175	Odobenus	marine_binary_foldwise_ASR_nested_ttest_baseline	301	1	50	251	1	0	1	504	0	97	0	600	504	96	1	17258	1574	0	0	1574	76	0.00202868318764209	fit_nonzero_predictors	20360776	Held-out genus terminal labels masked for ASR; held-out terminal branches removed from screening; fold-wise preprocessing; glmnet standardize=FALSE.	1574	76	0	0
marine_binary	marine_binary_nested_ttest_baseline	176	Odocoileus	marine_binary_foldwise_ASR_nested_ttest_baseline	300	2	51	249	0	2	2	504	0	97	0	599	502	97	2	17258	1572	0	0	1572	68	0.00547304016181001	fit_nonzero_predictors	20360777	Held-out genus terminal labels masked for ASR; held-out terminal branches removed from screening; fold-wise preprocessing; glmnet standardize=FALSE.	1572	68	0	0
marine_binary	marine_binary_nested_ttest_baseline	177	Okapia	marine_binary_foldwise_ASR_nested_ttest_baseline	301	1	51	250	0	1	1	504	0	97	0	600	503	97	1	17258	1571	0	0	1571	66	0.00628088070718813	fit_nonzero_predictors	20360778	Held-out genus terminal labels masked for ASR; held-out terminal branches removed from screening; fold-wise preprocessing; glmnet standardize=FALSE.	1571	66	0	0
marine_binary	marine_binary_nested_ttest_baseline	178	Ondatra	marine_binary_foldwise_ASR_nested_ttest_baseline	301	1	51	250	0	1	1	504	0	97	0	600	503	97	1	17258	1559	0	0	1559	69	0.00521439640244877	fit_nonzero_predictors	20360779	Held-out genus terminal labels masked for ASR; held-out terminal branches removed from screening; fold-wise preprocessing; glmnet standardize=FALSE.	1559	69	0	0
marine_binary	marine_binary_nested_ttest_baseline	179	Onychomys	marine_binary_foldwise_ASR_nested_ttest_baseline	301	1	51	250	0	1	1	504	0	97	0	600	503	97	1	17258	1558	0	0	1558	67	0.00599440354984559	fit_nonzero_predictors	20360780	Held-out genus terminal labels masked for ASR; held-out terminal branches removed from screening; fold-wise preprocessing; glmnet standardize=FALSE.	1558	67	0	0
marine_binary	marine_binary_nested_ttest_baseline	18	Arvicanthis	marine_binary_foldwise_ASR_nested_ttest_baseline	301	1	51	250	0	1	1	504	0	97	0	600	503	97	1	17258	1554	0	0	1554	72	0.00271846378004213	fit_nonzero_predictors	20360619	Held-out genus terminal labels masked for ASR; held-out terminal branches removed from screening; fold-wise preprocessing; glmnet standardize=FALSE.	1554	72	0	0
marine_binary	marine_binary_nested_ttest_baseline	180	Orcinus	marine_binary_foldwise_ASR_nested_ttest_baseline	301	1	50	251	1	0	1	504	0	97	0	600	504	96	1	17257	1537	0	0	1537	70	0.00401811321238775	fit_nonzero_predictors	20360781	Held-out genus terminal labels masked for ASR; held-out terminal branches removed from screening; fold-wise preprocessing; glmnet standardize=FALSE.	1537	70	0	0
marine_binary	marine_binary_nested_ttest_baseline	181	Oreamnos	marine_binary_foldwise_ASR_nested_ttest_baseline	301	1	51	250	0	1	1	504	0	97	0	600	503	97	1	17258	1562	0	0	1562	73	0.00284867754555506	fit_nonzero_predictors	20360782	Held-out genus terminal labels masked for ASR; held-out terminal branches removed from screening; fold-wise preprocessing; glmnet standardize=FALSE.	1562	73	0	0
marine_binary	marine_binary_nested_ttest_baseline	182	Oreotragus	marine_binary_foldwise_ASR_nested_ttest_baseline	301	1	51	250	0	1	1	504	0	97	0	600	503	97	1	17258	1562	0	0	1562	69	0.00546234146169936	fit_nonzero_predictors	20360783	Held-out genus terminal labels masked for ASR; held-out terminal branches removed from screening; fold-wise preprocessing; glmnet standardize=FALSE.	1562	69	0	0
marine_binary	marine_binary_nested_ttest_baseline	183	Orycteropus	marine_binary_foldwise_ASR_nested_ttest_baseline	301	1	51	250	0	1	1	504	0	97	0	600	503	97	1	17258	1560	0	0	1560	71	0.00312557637799848	fit_nonzero_predictors	20360784	Held-out genus terminal labels masked for ASR; held-out terminal branches removed from screening; fold-wise preprocessing; glmnet standardize=FALSE.	1560	71	0	0
marine_binary	marine_binary_nested_ttest_baseline	184	Oryctolagus	marine_binary_foldwise_ASR_nested_ttest_baseline	301	1	51	250	0	1	1	504	0	97	0	600	503	97	1	17258	1559	0	0	1559	65	0.00599476751666789	fit_nonzero_predictors	20360785	Held-out genus terminal labels masked for ASR; held-out terminal branches removed from screening; fold-wise preprocessing; glmnet standardize=FALSE.	1559	65	0	0
marine_binary	marine_binary_nested_ttest_baseline	185	Oryx	marine_binary_foldwise_ASR_nested_ttest_baseline	300	2	51	249	0	2	2	504	0	97	0	599	502	97	2	17258	1576	0	0	1576	70	0.00573442099996961	fit_nonzero_predictors	20360786	Held-out genus terminal labels masked for ASR; held-out terminal branches removed from screening; fold-wise preprocessing; glmnet standardize=FALSE.	1576	70	0	0
marine_binary	marine_binary_nested_ttest_baseline	186	Otolemur	marine_binary_foldwise_ASR_nested_ttest_baseline	301	1	51	250	0	1	1	504	0	97	0	600	503	97	1	17258	1556	0	0	1556	74	0.00259510169845382	fit_nonzero_predictors	20360787	Held-out genus terminal labels masked for ASR; held-out terminal branches removed from screening; fold-wise preprocessing; glmnet standardize=FALSE.	1556	74	0	0
marine_binary	marine_binary_nested_ttest_baseline	187	Ovis	marine_binary_foldwise_ASR_nested_ttest_baseline	299	3	51	248	0	3	3	504	0	97	0	598	501	97	3	17258	1598	0	0	1598	77	0.00206196765408135	fit_nonzero_predictors	20360788	Held-out genus terminal labels masked for ASR; held-out terminal branches removed from screening; fold-wise preprocessing; glmnet standardize=FALSE.	1598	77	0	0
marine_binary	marine_binary_nested_ttest_baseline	188	Pachyuromys	marine_binary_foldwise_ASR_nested_ttest_baseline	301	1	51	250	0	1	1	504	0	97	0	600	503	97	1	17258	1559	0	0	1559	73	0.00284795348483523	fit_nonzero_predictors	20360789	Held-out genus terminal labels masked for ASR; held-out terminal branches removed from screening; fold-wise preprocessing; glmnet standardize=FALSE.	1559	73	0	0
marine_binary	marine_binary_nested_ttest_baseline	189	Pan	marine_binary_foldwise_ASR_nested_ttest_baseline	301	1	51	250	0	1	1	504	0	97	0	600	503	97	1	17258	1577	0	0	1577	71	0.00546206450524905	fit_nonzero_predictors	20360790	Held-out genus terminal labels masked for ASR; held-out terminal branches removed from screening; fold-wise preprocessing; glmnet standardize=FALSE.	1577	71	0	0
marine_binary	marine_binary_nested_ttest_baseline	19	Arvicola	marine_binary_foldwise_ASR_nested_ttest_baseline	301	1	51	250	0	1	1	504	0	97	0	600	503	97	1	17258	1556	0	0	1556	72	0.00298359181518514	fit_nonzero_predictors	20360620	Held-out genus terminal labels masked for ASR; held-out terminal branches removed from screening; fold-wise preprocessing; glmnet standardize=FALSE.	1556	72	0	0
marine_binary	marine_binary_nested_ttest_baseline	190	Panthera	marine_binary_foldwise_ASR_nested_ttest_baseline	298	4	51	247	0	4	4	504	0	97	0	597	500	97	4	17258	1611	0	0	1611	67	0.00841082053916457	fit_nonzero_predictors	20360791	Held-out genus terminal labels masked for ASR; held-out terminal branches removed from screening; fold-wise preprocessing; glmnet standardize=FALSE.	1611	67	0	0
marine_binary	marine_binary_nested_ttest_baseline	191	Papio	marine_binary_foldwise_ASR_nested_ttest_baseline	301	1	51	250	0	1	1	504	0	97	0	600	503	97	1	17258	1571	0	0	1571	63	0.00627983296125191	fit_nonzero_predictors	20360792	Held-out genus terminal labels masked for ASR; held-out terminal branches removed from screening; fold-wise preprocessing; glmnet standardize=FALSE.	1571	63	0	0
marine_binary	marine_binary_nested_ttest_baseline	192	Paradoxurus	marine_binary_foldwise_ASR_nested_ttest_baseline	301	1	51	250	0	1	1	504	0	97	0	600	503	97	1	17258	1553	0	0	1553	72	0.00298516854204159	fit_nonzero_predictors	20360793	Held-out genus terminal labels masked for ASR; held-out terminal branches removed from screening; fold-wise preprocessing; glmnet standardize=FALSE.	1553	72	0	0
marine_binary	marine_binary_nested_ttest_baseline	193	Pedetes	marine_binary_foldwise_ASR_nested_ttest_baseline	301	1	51	250	0	1	1	504	0	97	0	600	503	97	1	17258	1555	0	0	1555	71	0.00312597038705052	fit_nonzero_predictors	20360794	Held-out genus terminal labels masked for ASR; held-out terminal branches removed from screening; fold-wise preprocessing; glmnet standardize=FALSE.	1555	71	0	0
marine_binary	marine_binary_nested_ttest_baseline	194	Peponocephala	marine_binary_foldwise_ASR_nested_ttest_baseline	301	1	50	251	1	0	1	504	0	97	0	600	504	96	1	17258	1588	0	0	1588	72	0.00303913184619842	fit_nonzero_predictors	20360795	Held-out genus terminal labels masked for ASR; held-out terminal branches removed from screening; fold-wise preprocessing; glmnet standardize=FALSE.	1588	72	0	0
marine_binary	marine_binary_nested_ttest_baseline	195	Peromyscus	marine_binary_foldwise_ASR_nested_ttest_baseline	301	1	51	250	0	1	1	504	0	97	0	600	503	97	1	17258	1560	0	0	1560	69	0.00572237236636578	fit_nonzero_predictors	20360796	Held-out genus terminal labels masked for ASR; held-out terminal branches removed from screening; fold-wise preprocessing; glmnet standardize=FALSE.	1560	69	0	0
marine_binary	marine_binary_nested_ttest_baseline	196	Petromus	marine_binary_foldwise_ASR_nested_ttest_baseline	301	1	51	250	0	1	1	504	0	97	0	600	503	97	1	17258	1559	0	0	1559	71	0.00312607710519261	fit_nonzero_predictors	20360797	Held-out genus terminal labels masked for ASR; held-out terminal branches removed from screening; fold-wise preprocessing; glmnet standardize=FALSE.	1559	71	0	0
marine_binary	marine_binary_nested_ttest_baseline	197	Phataginus	marine_binary_foldwise_ASR_nested_ttest_baseline	301	1	51	250	0	1	1	504	0	97	0	600	503	97	1	17258	1579	0	0	1579	68	0.00572501922926204	fit_nonzero_predictors	20360798	Held-out genus terminal labels masked for ASR; held-out terminal branches removed from screening; fold-wise preprocessing; glmnet standardize=FALSE.	1579	68	0	0
marine_binary	marine_binary_nested_ttest_baseline	198	Phoca	marine_binary_foldwise_ASR_nested_ttest_baseline	300	2	49	251	2	0	2	504	0	97	0	599	504	95	2	17258	1507	0	0	1507	71	0.00197604099072926	fit_nonzero_predictors	20360799	Held-out genus terminal labels masked for ASR; held-out terminal branches removed from screening; fold-wise preprocessing; glmnet standardize=FALSE.	1507	71	0	0
marine_binary	marine_binary_nested_ttest_baseline	199	Phocoena	marine_binary_foldwise_ASR_nested_ttest_baseline	300	2	49	251	2	0	2	504	0	97	0	599	504	95	2	17258	1555	0	0	1555	63	0.00723614496032882	fit_nonzero_predictors	20360800	Held-out genus terminal labels masked for ASR; held-out terminal branches removed from screening; fold-wise preprocessing; glmnet standardize=FALSE.	1555	63	0	0
marine_binary	marine_binary_nested_ttest_baseline	2	Acomys	marine_binary_foldwise_ASR_nested_ttest_baseline	301	1	51	250	0	1	1	504	0	97	0	600	503	97	1	17258	1557	0	0	1557	73	0.00271835617595665	fit_nonzero_predictors	20360603	Held-out genus terminal labels masked for ASR; held-out terminal branches removed from screening; fold-wise preprocessing; glmnet standardize=FALSE.	1557	73	0	0
marine_binary	marine_binary_nested_ttest_baseline	20	Ateles	marine_binary_foldwise_ASR_nested_ttest_baseline	301	1	51	250	0	1	1	504	0	97	0	600	503	97	1	17258	1561	0	0	1561	70	0.0057252189523787	fit_nonzero_predictors	20360621	Held-out genus terminal labels masked for ASR; held-out terminal branches removed from screening; fold-wise preprocessing; glmnet standardize=FALSE.	1561	70	0	0
marine_binary	marine_binary_nested_ttest_baseline	200	Phyllostomus	marine_binary_foldwise_ASR_nested_ttest_baseline	301	1	51	250	0	1	1	504	0	97	0	600	503	97	1	17258	1557	0	0	1557	67	0.00572218783447214	fit_nonzero_predictors	20360801	Held-out genus terminal labels masked for ASR; held-out terminal branches removed from screening; fold-wise preprocessing; glmnet standardize=FALSE.	1557	67	0	0
marine_binary	marine_binary_nested_ttest_baseline	201	Physeter	marine_binary_foldwise_ASR_nested_ttest_baseline	301	1	50	251	1	0	1	504	0	97	0	600	504	96	1	17258	1539	0	0	1539	75	0.00205746523316662	fit_nonzero_predictors	20360802	Held-out genus terminal labels masked for ASR; held-out terminal branches removed from screening; fold-wise preprocessing; glmnet standardize=FALSE.	1539	75	0	0
marine_binary	marine_binary_nested_ttest_baseline	202	Piliocolobus	marine_binary_foldwise_ASR_nested_ttest_baseline	301	1	51	250	0	1	1	504	0	97	0	600	503	97	1	17258	1566	0	0	1566	67	0.00599762032959866	fit_nonzero_predictors	20360803	Held-out genus terminal labels masked for ASR; held-out terminal branches removed from screening; fold-wise preprocessing; glmnet standardize=FALSE.	1566	67	0	0
marine_binary	marine_binary_nested_ttest_baseline	203	Pipistrellus	marine_binary_foldwise_ASR_nested_ttest_baseline	301	1	51	250	0	1	1	504	0	97	0	600	503	97	1	17258	1559	0	0	1559	67	0.00599498906997012	fit_nonzero_predictors	20360804	Held-out genus terminal labels masked for ASR; held-out terminal branches removed from screening; fold-wise preprocessing; glmnet standardize=FALSE.	1559	67	0	0
marine_binary	marine_binary_nested_ttest_baseline	204	Pithecia	marine_binary_foldwise_ASR_nested_ttest_baseline	301	1	51	250	0	1	1	504	0	97	0	600	503	97	1	17258	1560	0	0	1560	71	0.00312557817888358	fit_nonzero_predictors	20360805	Held-out genus terminal labels masked for ASR; held-out terminal branches removed from screening; fold-wise preprocessing; glmnet standardize=FALSE.	1560	71	0	0
marine_binary	marine_binary_nested_ttest_baseline	205	Platanista	marine_binary_foldwise_ASR_nested_ttest_baseline	301	1	50	251	1	0	1	504	0	97	0	600	504	96	1	17258	1558	0	0	1558	65	0.00572501922926204	fit_nonzero_predictors	20360806	Held-out genus terminal labels masked for ASR; held-out terminal branches removed from screening; fold-wise preprocessing; glmnet standardize=FALSE.	1558	65	0	0
marine_binary	marine_binary_nested_ttest_baseline	206	Plecturocebus	marine_binary_foldwise_ASR_nested_ttest_baseline	301	1	51	250	0	1	1	504	0	97	0	600	503	97	1	17258	1560	0	0	1560	72	0.00327463691771063	fit_nonzero_predictors	20360807	Held-out genus terminal labels masked for ASR; held-out terminal branches removed from screening; fold-wise preprocessing; glmnet standardize=FALSE.	1560	72	0	0
marine_binary	marine_binary_nested_ttest_baseline	207	Pongo	marine_binary_foldwise_ASR_nested_ttest_baseline	301	1	51	250	0	1	1	504	0	97	0	600	503	97	1	17258	1566	0	0	1566	67	0.00628016488227259	fit_nonzero_predictors	20360808	Held-out genus terminal labels masked for ASR; held-out terminal branches removed from screening; fold-wise preprocessing; glmnet standardize=FALSE.	1566	67	0	0
marine_binary	marine_binary_nested_ttest_baseline	208	Potos	marine_binary_foldwise_ASR_nested_ttest_baseline	301	1	51	250	0	1	1	504	0	97	0	600	503	97	1	17258	1560	0	0	1560	63	0.00658421215923644	fit_nonzero_predictors	20360809	Held-out genus terminal labels masked for ASR; held-out terminal branches removed from screening; fold-wise preprocessing; glmnet standardize=FALSE.	1560	63	0	0
marine_binary	marine_binary_nested_ttest_baseline	209	Prionailurus	marine_binary_foldwise_ASR_nested_ttest_baseline	301	1	51	250	0	1	1	504	0	97	0	600	503	97	1	17258	1563	0	0	1563	71	0.00343205886071568	fit_nonzero_predictors	20360810	Held-out genus terminal labels masked for ASR; held-out terminal branches removed from screening; fold-wise preprocessing; glmnet standardize=FALSE.	1563	71	0	0
marine_binary	marine_binary_nested_ttest_baseline	21	Axis	marine_binary_foldwise_ASR_nested_ttest_baseline	301	1	51	250	0	1	1	504	0	97	0	600	503	97	1	17258	1567	0	0	1567	66	0.00572372103340457	fit_nonzero_predictors	20360622	Held-out genus terminal labels masked for ASR; held-out terminal branches removed from screening; fold-wise preprocessing; glmnet standardize=FALSE.	1567	66	0	0
marine_binary	marine_binary_nested_ttest_baseline	210	Procapra	marine_binary_foldwise_ASR_nested_ttest_baseline	301	1	51	250	0	1	1	504	0	97	0	600	503	97	1	17258	1565	0	0	1565	69	0.00572198250007178	fit_nonzero_predictors	20360811	Held-out genus terminal labels masked for ASR; held-out terminal branches removed from screening; fold-wise preprocessing; glmnet standardize=FALSE.	1565	69	0	0
marine_binary	marine_binary_nested_ttest_baseline	211	Procavia	marine_binary_foldwise_ASR_nested_ttest_baseline	301	1	51	250	0	1	1	504	0	97	0	600	503	97	1	17258	1568	0	0	1568	69	0.0054626838205248	fit_nonzero_predictors	20360812	Held-out genus terminal labels masked for ASR; held-out terminal branches removed from screening; fold-wise preprocessing; glmnet standardize=FALSE.	1568	69	0	0
marine_binary	marine_binary_nested_ttest_baseline	212	Procyon	marine_binary_foldwise_ASR_nested_ttest_baseline	301	1	51	250	0	1	1	504	0	97	0	600	503	97	1	17258	1556	0	0	1556	74	0.0024782500032423	fit_nonzero_predictors	20360813	Held-out genus terminal labels masked for ASR; held-out terminal branches removed from screening; fold-wise preprocessing; glmnet standardize=FALSE.	1556	74	0	0
marine_binary	marine_binary_nested_ttest_baseline	213	Prolemur	marine_binary_foldwise_ASR_nested_ttest_baseline	301	1	51	250	0	1	1	504	0	97	0	600	503	97	1	17258	1567	0	0	1567	67	0.00599431466831282	fit_nonzero_predictors	20360814	Held-out genus terminal labels masked for ASR; held-out terminal branches removed from screening; fold-wise preprocessing; glmnet standardize=FALSE.	1567	67	0	0
marine_binary	marine_binary_nested_ttest_baseline	214	Propithecus	marine_binary_foldwise_ASR_nested_ttest_baseline	301	1	51	250	0	1	1	504	0	97	0	600	503	97	1	17258	1556	0	0	1556	66	0.00546308390401182	fit_nonzero_predictors	20360815	Held-out genus terminal labels masked for ASR; held-out terminal branches removed from screening; fold-wise preprocessing; glmnet standardize=FALSE.	1556	66	0	0
marine_binary	marine_binary_nested_ttest_baseline	215	Przewalskium	marine_binary_foldwise_ASR_nested_ttest_baseline	301	1	51	250	0	1	1	504	0	97	0	600	503	97	1	17258	1569	0	0	1569	69	0.00634611113924316	fit_nonzero_predictors	20360816	Held-out genus terminal labels masked for ASR; held-out terminal branches removed from screening; fold-wise preprocessing; glmnet standardize=FALSE.	1569	69	0	0
marine_binary	marine_binary_nested_ttest_baseline	216	Psammomys	marine_binary_foldwise_ASR_nested_ttest_baseline	301	1	51	250	0	1	1	504	0	97	0	600	503	97	1	17258	1557	0	0	1557	68	0.00572727728756199	fit_nonzero_predictors	20360817	Held-out genus terminal labels masked for ASR; held-out terminal branches removed from screening; fold-wise preprocessing; glmnet standardize=FALSE.	1557	68	0	0
marine_binary	marine_binary_nested_ttest_baseline	217	Pteronura	marine_binary_foldwise_ASR_nested_ttest_baseline	301	1	51	250	0	1	1	504	0	97	0	600	503	97	1	17258	1561	0	0	1561	72	0.00312629412810488	fit_nonzero_predictors	20360818	Held-out genus terminal labels masked for ASR; held-out terminal branches removed from screening; fold-wise preprocessing; glmnet standardize=FALSE.	1561	72	0	0
marine_binary	marine_binary_nested_ttest_baseline	218	Pteropus	marine_binary_foldwise_ASR_nested_ttest_baseline	301	1	51	250	0	1	1	504	0	97	0	600	503	97	1	17258	1555	0	0	1555	66	0.0054618134130807	fit_nonzero_predictors	20360819	Held-out genus terminal labels masked for ASR; held-out terminal branches removed from screening; fold-wise preprocessing; glmnet standardize=FALSE.	1555	66	0	0
marine_binary	marine_binary_nested_ttest_baseline	219	Puma	marine_binary_foldwise_ASR_nested_ttest_baseline	301	1	51	250	0	1	1	504	0	97	0	600	503	97	1	17258	1565	0	0	1565	72	0.00327579489977985	fit_nonzero_predictors	20360820	Held-out genus terminal labels masked for ASR; held-out terminal branches removed from screening; fold-wise preprocessing; glmnet standardize=FALSE.	1565	72	0	0
marine_binary	marine_binary_nested_ttest_baseline	22	Babyrousa	marine_binary_foldwise_ASR_nested_ttest_baseline	301	1	51	250	0	1	1	504	0	97	0	600	503	97	1	17258	1557	0	0	1557	66	0.00546293465953766	fit_nonzero_predictors	20360623	Held-out genus terminal labels masked for ASR; held-out terminal branches removed from screening; fold-wise preprocessing; glmnet standardize=FALSE.	1557	66	0	0
marine_binary	marine_binary_nested_ttest_baseline	220	Pygathrix	marine_binary_foldwise_ASR_nested_ttest_baseline	301	1	51	250	0	1	1	504	0	97	0	600	503	97	1	17258	1571	0	0	1571	69	0.00572225973014872	fit_nonzero_predictors	20360821	Held-out genus terminal labels masked for ASR; held-out terminal branches removed from screening; fold-wise preprocessing; glmnet standardize=FALSE.	1571	69	0	0
marine_binary	marine_binary_nested_ttest_baseline	221	Rangifer	marine_binary_foldwise_ASR_nested_ttest_baseline	301	1	51	250	0	1	1	504	0	97	0	600	503	97	1	17258	1559	0	0	1559	65	0.00628107082836876	fit_nonzero_predictors	20360822	Held-out genus terminal labels masked for ASR; held-out terminal branches removed from screening; fold-wise preprocessing; glmnet standardize=FALSE.	1559	65	0	0
marine_binary	marine_binary_nested_ttest_baseline	222	Rhinoceros	marine_binary_foldwise_ASR_nested_ttest_baseline	301	1	51	250	0	1	1	504	0	97	0	600	503	97	1	17258	1567	0	0	1567	66	0.00628398503827575	fit_nonzero_predictors	20360823	Held-out genus terminal labels masked for ASR; held-out terminal branches removed from screening; fold-wise preprocessing; glmnet standardize=FALSE.	1567	66	0	0
marine_binary	marine_binary_nested_ttest_baseline	223	Rhinolophus	marine_binary_foldwise_ASR_nested_ttest_baseline	301	1	51	250	0	1	1	504	0	97	0	600	503	97	1	17258	1554	0	0	1554	73	0.00271835099288724	fit_nonzero_predictors	20360824	Held-out genus terminal labels masked for ASR; held-out terminal branches removed from screening; fold-wise preprocessing; glmnet standardize=FALSE.	1554	73	0	0
marine_binary	marine_binary_nested_ttest_baseline	224	Rhinopithecus	marine_binary_foldwise_ASR_nested_ttest_baseline	301	1	51	250	0	1	1	504	0	97	0	600	503	97	1	17258	1566	0	0	1566	69	0.0059944854087925	fit_nonzero_predictors	20360825	Held-out genus terminal labels masked for ASR; held-out terminal branches removed from screening; fold-wise preprocessing; glmnet standardize=FALSE.	1566	69	0	0
marine_binary	marine_binary_nested_ttest_baseline	225	Rhizomys	marine_binary_foldwise_ASR_nested_ttest_baseline	301	1	51	250	0	1	1	504	0	97	0	600	503	97	1	17258	1558	0	0	1558	74	0.00284801399203486	fit_nonzero_predictors	20360826	Held-out genus terminal labels masked for ASR; held-out terminal branches removed from screening; fold-wise preprocessing; glmnet standardize=FALSE.	1558	74	0	0
marine_binary	marine_binary_nested_ttest_baseline	226	Rhombomys	marine_binary_foldwise_ASR_nested_ttest_baseline	301	1	51	250	0	1	1	504	0	97	0	600	503	97	1	17258	1563	0	0	1563	67	0.00599762032959866	fit_nonzero_predictors	20360827	Held-out genus terminal labels masked for ASR; held-out terminal branches removed from screening; fold-wise preprocessing; glmnet standardize=FALSE.	1563	67	0	0
marine_binary	marine_binary_nested_ttest_baseline	227	Rousettus	marine_binary_foldwise_ASR_nested_ttest_baseline	301	1	51	250	0	1	1	504	0	97	0	600	503	97	1	17258	1559	0	0	1559	68	0.0057221499827347	fit_nonzero_predictors	20360828	Held-out genus terminal labels masked for ASR; held-out terminal branches removed from screening; fold-wise preprocessing; glmnet standardize=FALSE.	1559	68	0	0
marine_binary	marine_binary_nested_ttest_baseline	228	Saguinus	marine_binary_foldwise_ASR_nested_ttest_baseline	301	1	51	250	0	1	1	504	0	97	0	600	503	97	1	17258	1563	0	0	1563	74	0.00271835816401777	fit_nonzero_predictors	20360829	Held-out genus terminal labels masked for ASR; held-out terminal branches removed from screening; fold-wise preprocessing; glmnet standardize=FALSE.	1563	74	0	0
marine_binary	marine_binary_nested_ttest_baseline	229	Saimiri	marine_binary_foldwise_ASR_nested_ttest_baseline	301	1	51	250	0	1	1	504	0	97	0	600	503	97	1	17258	1561	0	0	1561	68	0.00572233612680821	fit_nonzero_predictors	20360830	Held-out genus terminal labels masked for ASR; held-out terminal branches removed from screening; fold-wise preprocessing; glmnet standardize=FALSE.	1561	68	0	0
marine_binary	marine_binary_nested_ttest_baseline	23	Balaena	marine_binary_foldwise_ASR_nested_ttest_baseline	301	1	50	251	1	0	1	504	0	97	0	600	504	96	1	17258	1545	0	0	1545	63	0.00867076306635286	fit_nonzero_predictors	20360624	Held-out genus terminal labels masked for ASR; held-out terminal branches removed from screening; fold-wise preprocessing; glmnet standardize=FALSE.	1545	63	0	0
marine_binary	marine_binary_nested_ttest_baseline	230	Sapajus	marine_binary_foldwise_ASR_nested_ttest_baseline	301	1	51	250	0	1	1	504	0	97	0	600	503	97	1	17258	1571	0	0	1571	71	0.00298338135301826	fit_nonzero_predictors	20360831	Held-out genus terminal labels masked for ASR; held-out terminal branches removed from screening; fold-wise preprocessing; glmnet standardize=FALSE.	1571	71	0	0
marine_binary	marine_binary_nested_ttest_baseline	231	Scalopus	marine_binary_foldwise_ASR_nested_ttest_baseline	301	1	51	250	0	1	1	504	0	97	0	600	503	97	1	17258	1563	0	0	1563	69	0.0054618150715685	fit_nonzero_predictors	20360832	Held-out genus terminal labels masked for ASR; held-out terminal branches removed from screening; fold-wise preprocessing; glmnet standardize=FALSE.	1563	69	0	0
marine_binary	marine_binary_nested_ttest_baseline	232	Sciurus	marine_binary_foldwise_ASR_nested_ttest_baseline	301	1	51	250	0	1	1	504	0	97	0	600	503	97	1	17258	1557	0	0	1557	74	0.00271844497475557	fit_nonzero_predictors	20360833	Held-out genus terminal labels masked for ASR; held-out terminal branches removed from screening; fold-wise preprocessing; glmnet standardize=FALSE.	1557	74	0	0
marine_binary	marine_binary_nested_ttest_baseline	233	Semnopithecus	marine_binary_foldwise_ASR_nested_ttest_baseline	301	1	51	250	0	1	1	504	0	97	0	600	503	97	1	17258	1570	0	0	1570	70	0.0062832015365391	fit_nonzero_predictors	20360834	Held-out genus terminal labels masked for ASR; held-out terminal branches removed from screening; fold-wise preprocessing; glmnet standardize=FALSE.	1570	70	0	0
marine_binary	marine_binary_nested_ttest_baseline	234	Sigmodon	marine_binary_foldwise_ASR_nested_ttest_baseline	301	1	51	250	0	1	1	504	0	97	0	600	503	97	1	17258	1558	0	0	1558	69	0.00572186040828694	fit_nonzero_predictors	20360835	Held-out genus terminal labels masked for ASR; held-out terminal branches removed from screening; fold-wise preprocessing; glmnet standardize=FALSE.	1558	69	0	0
marine_binary	marine_binary_nested_ttest_baseline	235	Solenodon	marine_binary_foldwise_ASR_nested_ttest_baseline	301	1	51	250	0	1	1	504	0	97	0	600	503	97	1	17258	1558	0	0	1558	72	0.00298502977103299	fit_nonzero_predictors	20360836	Held-out genus terminal labels masked for ASR; held-out terminal branches removed from screening; fold-wise preprocessing; glmnet standardize=FALSE.	1558	72	0	0
marine_binary	marine_binary_nested_ttest_baseline	236	Sousa	marine_binary_foldwise_ASR_nested_ttest_baseline	301	1	50	251	1	0	1	504	0	97	0	600	504	96	1	17258	1540	0	0	1540	72	0.00280830646395884	fit_nonzero_predictors	20360837	Held-out genus terminal labels masked for ASR; held-out terminal branches removed from screening; fold-wise preprocessing; glmnet standardize=FALSE.	1540	72	0	0
marine_binary	marine_binary_nested_ttest_baseline	237	Spilogale	marine_binary_foldwise_ASR_nested_ttest_baseline	301	1	51	250	0	1	1	504	0	97	0	600	503	97	1	17258	1560	0	0	1560	72	0.00298352760192926	fit_nonzero_predictors	20360838	Held-out genus terminal labels masked for ASR; held-out terminal branches removed from screening; fold-wise preprocessing; glmnet standardize=FALSE.	1560	72	0	0
marine_binary	marine_binary_nested_ttest_baseline	238	Steno	marine_binary_foldwise_ASR_nested_ttest_baseline	301	1	50	251	1	0	1	504	0	97	0	600	504	96	1	17257	1560	0	0	1560	67	0.0073347972599976	fit_nonzero_predictors	20360839	Held-out genus terminal labels masked for ASR; held-out terminal branches removed from screening; fold-wise preprocessing; glmnet standardize=FALSE.	1560	67	0	0
marine_binary	marine_binary_nested_ttest_baseline	239	Sturnira	marine_binary_foldwise_ASR_nested_ttest_baseline	301	1	51	250	0	1	1	504	0	97	0	600	503	97	1	17258	1559	0	0	1559	68	0.00546253816977346	fit_nonzero_predictors	20360840	Held-out genus terminal labels masked for ASR; held-out terminal branches removed from screening; fold-wise preprocessing; glmnet standardize=FALSE.	1559	68	0	0
marine_binary	marine_binary_nested_ttest_baseline	24	Balaenoptera	marine_binary_foldwise_ASR_nested_ttest_baseline	298	4	47	251	4	0	4	504	0	97	0	597	504	93	4	17256	1452	0	0	1452	69	0.00629447862781394	fit_nonzero_predictors	20360625	Held-out genus terminal labels masked for ASR; held-out terminal branches removed from screening; fold-wise preprocessing; glmnet standardize=FALSE.	1452	69	0	0
marine_binary	marine_binary_nested_ttest_baseline	240	Suricata	marine_binary_foldwise_ASR_nested_ttest_baseline	301	1	51	250	0	1	1	504	0	97	0	600	503	97	1	17258	1560	0	0	1560	68	0.00572197175366122	fit_nonzero_predictors	20360841	Held-out genus terminal labels masked for ASR; held-out terminal branches removed from screening; fold-wise preprocessing; glmnet standardize=FALSE.	1560	68	0	0
marine_binary	marine_binary_nested_ttest_baseline	241	Sylvicapra	marine_binary_foldwise_ASR_nested_ttest_baseline	301	1	51	250	0	1	1	504	0	97	0	600	503	97	1	17258	1566	0	0	1566	68	0.00522087588025572	fit_nonzero_predictors	20360842	Held-out genus terminal labels masked for ASR; held-out terminal branches removed from screening; fold-wise preprocessing; glmnet standardize=FALSE.	1566	68	0	0
marine_binary	marine_binary_nested_ttest_baseline	242	Sylvilagus	marine_binary_foldwise_ASR_nested_ttest_baseline	301	1	51	250	0	1	1	504	0	97	0	600	503	97	1	17258	1563	0	0	1563	69	0.00572190715843305	fit_nonzero_predictors	20360843	Held-out genus terminal labels masked for ASR; held-out terminal branches removed from screening; fold-wise preprocessing; glmnet standardize=FALSE.	1563	69	0	0
marine_binary	marine_binary_nested_ttest_baseline	243	Syncerus	marine_binary_foldwise_ASR_nested_ttest_baseline	301	1	51	250	0	1	1	504	0	97	0	600	503	97	1	17258	1567	0	0	1567	67	0.00546907434049877	fit_nonzero_predictors	20360844	Held-out genus terminal labels masked for ASR; held-out terminal branches removed from screening; fold-wise preprocessing; glmnet standardize=FALSE.	1567	67	0	0
marine_binary	marine_binary_nested_ttest_baseline	244	Talpa	marine_binary_foldwise_ASR_nested_ttest_baseline	301	1	51	250	0	1	1	504	0	97	0	600	503	97	1	17258	1556	0	0	1556	67	0.00546210668903633	fit_nonzero_predictors	20360845	Held-out genus terminal labels masked for ASR; held-out terminal branches removed from screening; fold-wise preprocessing; glmnet standardize=FALSE.	1556	67	0	0
marine_binary	marine_binary_nested_ttest_baseline	245	Tapirus	marine_binary_foldwise_ASR_nested_ttest_baseline	300	2	51	249	0	2	2	504	0	97	0	599	502	97	2	17258	1565	0	0	1565	66	0.00600523192635529	fit_nonzero_predictors	20360846	Held-out genus terminal labels masked for ASR; held-out terminal branches removed from screening; fold-wise preprocessing; glmnet standardize=FALSE.	1565	66	0	0
marine_binary	marine_binary_nested_ttest_baseline	246	Taxidea	marine_binary_foldwise_ASR_nested_ttest_baseline	301	1	51	250	0	1	1	504	0	97	0	600	503	97	1	17258	1557	0	0	1557	74	0.00298401300565506	fit_nonzero_predictors	20360847	Held-out genus terminal labels masked for ASR; held-out terminal branches removed from screening; fold-wise preprocessing; glmnet standardize=FALSE.	1557	74	0	0
marine_binary	marine_binary_nested_ttest_baseline	247	Theropithecus	marine_binary_foldwise_ASR_nested_ttest_baseline	301	1	51	250	0	1	1	504	0	97	0	600	503	97	1	17258	1563	0	0	1563	70	0.00497754921897512	fit_nonzero_predictors	20360848	Held-out genus terminal labels masked for ASR; held-out terminal branches removed from screening; fold-wise preprocessing; glmnet standardize=FALSE.	1563	70	0	0
marine_binary	marine_binary_nested_ttest_baseline	248	Thryonomys	marine_binary_foldwise_ASR_nested_ttest_baseline	301	1	51	250	0	1	1	504	0	97	0	600	503	97	1	17258	1555	0	0	1555	71	0.00298339629621293	fit_nonzero_predictors	20360849	Held-out genus terminal labels masked for ASR; held-out terminal branches removed from screening; fold-wise preprocessing; glmnet standardize=FALSE.	1555	71	0	0
marine_binary	marine_binary_nested_ttest_baseline	249	Tonatia	marine_binary_foldwise_ASR_nested_ttest_baseline	301	1	51	250	0	1	1	504	0	97	0	600	503	97	1	17258	1554	0	0	1554	65	0.00572355289320058	fit_nonzero_predictors	20360850	Held-out genus terminal labels masked for ASR; held-out terminal branches removed from screening; fold-wise preprocessing; glmnet standardize=FALSE.	1554	65	0	0
marine_binary	marine_binary_nested_ttest_baseline	25	Bassariscus	marine_binary_foldwise_ASR_nested_ttest_baseline	300	2	51	249	0	2	2	504	0	97	0	599	502	97	2	17258	1596	0	0	1596	80	0.00207839635199836	fit_nonzero_predictors	20360626	Held-out genus terminal labels masked for ASR; held-out terminal branches removed from screening; fold-wise preprocessing; glmnet standardize=FALSE.	1596	80	0	0
marine_binary	marine_binary_nested_ttest_baseline	250	Trachypithecus	marine_binary_foldwise_ASR_nested_ttest_baseline	301	1	51	250	0	1	1	504	0	97	0	600	503	97	1	17258	1575	0	0	1575	66	0.00629622031574952	fit_nonzero_predictors	20360851	Held-out genus terminal labels masked for ASR; held-out terminal branches removed from screening; fold-wise preprocessing; glmnet standardize=FALSE.	1575	66	0	0
marine_binary	marine_binary_nested_ttest_baseline	251	Tragelaphus	marine_binary_foldwise_ASR_nested_ttest_baseline	301	1	51	250	0	1	1	504	0	97	0	600	503	97	1	17258	1565	0	0	1565	74	0.00271839594796325	fit_nonzero_predictors	20360852	Held-out genus terminal labels masked for ASR; held-out terminal branches removed from screening; fold-wise preprocessing; glmnet standardize=FALSE.	1565	74	0	0
marine_binary	marine_binary_nested_ttest_baseline	252	Tragulus	marine_binary_foldwise_ASR_nested_ttest_baseline	300	2	51	249	0	2	2	504	0	97	0	599	502	97	2	17258	1567	0	0	1567	68	0.00613057016798814	fit_nonzero_predictors	20360853	Held-out genus terminal labels masked for ASR; held-out terminal branches removed from screening; fold-wise preprocessing; glmnet standardize=FALSE.	1567	68	0	0
marine_binary	marine_binary_nested_ttest_baseline	253	Trichechus	marine_binary_foldwise_ASR_nested_ttest_baseline	301	1	50	251	1	0	1	506	0	95	0	600	505	95	1	17241	1602	0	0	1602	71	0.00572501922926204	fit_nonzero_predictors	20360854	Held-out genus terminal labels masked for ASR; held-out terminal branches removed from screening; fold-wise preprocessing; glmnet standardize=FALSE.	1583	71	19	0
marine_binary	marine_binary_nested_ttest_baseline	254	Tupaia	marine_binary_foldwise_ASR_nested_ttest_baseline	301	1	51	250	0	1	1	504	0	97	0	600	503	97	1	17258	1560	0	0	1560	72	0.00312716421068028	fit_nonzero_predictors	20360855	Held-out genus terminal labels masked for ASR; held-out terminal branches removed from screening; fold-wise preprocessing; glmnet standardize=FALSE.	1560	72	0	0
marine_binary	marine_binary_nested_ttest_baseline	255	Tursiops	marine_binary_foldwise_ASR_nested_ttest_baseline	300	2	49	251	2	0	2	504	0	97	0	599	504	95	2	17257	1496	0	0	1496	75	0.00202320506288659	fit_nonzero_predictors	20360856	Held-out genus terminal labels masked for ASR; held-out terminal branches removed from screening; fold-wise preprocessing; glmnet standardize=FALSE.	1496	75	0	0
marine_binary	marine_binary_nested_ttest_baseline	256	Urocitellus	marine_binary_foldwise_ASR_nested_ttest_baseline	301	1	51	250	0	1	1	504	0	97	0	600	503	97	1	17258	1561	0	0	1561	69	0.00546209973953125	fit_nonzero_predictors	20360857	Held-out genus terminal labels masked for ASR; held-out terminal branches removed from screening; fold-wise preprocessing; glmnet standardize=FALSE.	1561	69	0	0
marine_binary	marine_binary_nested_ttest_baseline	257	Uromys	marine_binary_foldwise_ASR_nested_ttest_baseline	301	1	51	250	0	1	1	504	0	97	0	600	503	97	1	17258	1555	0	0	1555	73	0.0027183463332278	fit_nonzero_predictors	20360858	Held-out genus terminal labels masked for ASR; held-out terminal branches removed from screening; fold-wise preprocessing; glmnet standardize=FALSE.	1555	73	0	0
marine_binary	marine_binary_nested_ttest_baseline	258	Ursus	marine_binary_foldwise_ASR_nested_ttest_baseline	298	4	50	248	1	3	4	505	0	96	0	597	501	96	4	17253	1584	0	0	1584	78	0.0021004247769681	fit_nonzero_predictors	20360859	Held-out genus terminal labels masked for ASR; held-out terminal branches removed from screening; fold-wise preprocessing; glmnet standardize=FALSE.	1584	78	0	0
marine_binary	marine_binary_nested_ttest_baseline	259	Vicugna	marine_binary_foldwise_ASR_nested_ttest_baseline	301	1	51	250	0	1	1	504	0	97	0	600	503	97	1	17258	1580	0	0	1580	68	0.00599431305975377	fit_nonzero_predictors	20360860	Held-out genus terminal labels masked for ASR; held-out terminal branches removed from screening; fold-wise preprocessing; glmnet standardize=FALSE.	1580	68	0	0
marine_binary	marine_binary_nested_ttest_baseline	26	Beatragus	marine_binary_foldwise_ASR_nested_ttest_baseline	301	1	51	250	0	1	1	504	0	97	0	600	503	97	1	17258	1570	0	0	1570	70	0.00312717844488759	fit_nonzero_predictors	20360627	Held-out genus terminal labels masked for ASR; held-out terminal branches removed from screening; fold-wise preprocessing; glmnet standardize=FALSE.	1570	70	0	0
marine_binary	marine_binary_nested_ttest_baseline	260	Vulpes	marine_binary_foldwise_ASR_nested_ttest_baseline	300	2	51	249	0	2	2	504	0	97	0	599	502	97	2	17258	1573	0	0	1573	67	0.00629794942283795	fit_nonzero_predictors	20360861	Held-out genus terminal labels masked for ASR; held-out terminal branches removed from screening; fold-wise preprocessing; glmnet standardize=FALSE.	1573	67	0	0
marine_binary	marine_binary_nested_ttest_baseline	261	Xerus	marine_binary_foldwise_ASR_nested_ttest_baseline	301	1	51	250	0	1	1	504	0	97	0	600	503	97	1	17258	1559	0	0	1559	69	0.00572191208222572	fit_nonzero_predictors	20360862	Held-out genus terminal labels masked for ASR; held-out terminal branches removed from screening; fold-wise preprocessing; glmnet standardize=FALSE.	1559	69	0	0
marine_binary	marine_binary_nested_ttest_baseline	262	Zalophus	marine_binary_foldwise_ASR_nested_ttest_baseline	301	1	50	251	1	0	1	504	0	97	0	600	504	96	1	17256	1577	0	0	1577	75	0.00251627582426596	fit_nonzero_predictors	20360863	Held-out genus terminal labels masked for ASR; held-out terminal branches removed from screening; fold-wise preprocessing; glmnet standardize=FALSE.	1577	75	0	0
marine_binary	marine_binary_nested_ttest_baseline	27	Bos	marine_binary_foldwise_ASR_nested_ttest_baseline	300	2	51	249	0	2	2	504	0	97	0	599	502	97	2	17258	1568	0	0	1568	67	0.00602422058744191	fit_nonzero_predictors	20360628	Held-out genus terminal labels masked for ASR; held-out terminal branches removed from screening; fold-wise preprocessing; glmnet standardize=FALSE.	1568	67	0	0
marine_binary	marine_binary_nested_ttest_baseline	28	Bubalus	marine_binary_foldwise_ASR_nested_ttest_baseline	301	1	51	250	0	1	1	504	0	97	0	600	503	97	1	17258	1565	0	0	1565	67	0.0052266063310191	fit_nonzero_predictors	20360629	Held-out genus terminal labels masked for ASR; held-out terminal branches removed from screening; fold-wise preprocessing; glmnet standardize=FALSE.	1565	67	0	0
marine_binary	marine_binary_nested_ttest_baseline	29	Callithrix	marine_binary_foldwise_ASR_nested_ttest_baseline	301	1	51	250	0	1	1	504	0	97	0	600	503	97	1	17258	1555	0	0	1555	69	0.00546202771794973	fit_nonzero_predictors	20360630	Held-out genus terminal labels masked for ASR; held-out terminal branches removed from screening; fold-wise preprocessing; glmnet standardize=FALSE.	1555	69	0	0
marine_binary	marine_binary_nested_ttest_baseline	3	Aeorestes	marine_binary_foldwise_ASR_nested_ttest_baseline	301	1	51	250	0	1	1	504	0	97	0	600	503	97	1	17258	1556	0	0	1556	68	0.00572238689027271	fit_nonzero_predictors	20360604	Held-out genus terminal labels masked for ASR; held-out terminal branches removed from screening; fold-wise preprocessing; glmnet standardize=FALSE.	1556	68	0	0
marine_binary	marine_binary_nested_ttest_baseline	30	Callorhinus	marine_binary_foldwise_ASR_nested_ttest_baseline	301	1	50	251	1	0	1	504	0	97	0	600	504	96	1	17257	1558	0	0	1558	73	0.00530726609220359	fit_nonzero_predictors	20360631	Held-out genus terminal labels masked for ASR; held-out terminal branches removed from screening; fold-wise preprocessing; glmnet standardize=FALSE.	1558	73	0	0
marine_binary	marine_binary_nested_ttest_baseline	31	Camelus	marine_binary_foldwise_ASR_nested_ttest_baseline	301	1	51	250	0	1	1	504	0	97	0	600	503	97	1	17258	1565	0	0	1565	67	0.00599668544665638	fit_nonzero_predictors	20360632	Held-out genus terminal labels masked for ASR; held-out terminal branches removed from screening; fold-wise preprocessing; glmnet standardize=FALSE.	1565	67	0	0
marine_binary	marine_binary_nested_ttest_baseline	32	Capra	marine_binary_foldwise_ASR_nested_ttest_baseline	300	2	51	249	0	2	2	504	0	97	0	599	502	97	2	17258	1584	0	0	1584	64	0.00690845260973996	fit_nonzero_predictors	20360633	Held-out genus terminal labels masked for ASR; held-out terminal branches removed from screening; fold-wise preprocessing; glmnet standardize=FALSE.	1584	64	0	0
marine_binary	marine_binary_nested_ttest_baseline	33	Capreolus	marine_binary_foldwise_ASR_nested_ttest_baseline	301	1	51	250	0	1	1	504	0	97	0	600	503	97	1	17258	1563	0	0	1563	69	0.00572222480968612	fit_nonzero_predictors	20360634	Held-out genus terminal labels masked for ASR; held-out terminal branches removed from screening; fold-wise preprocessing; glmnet standardize=FALSE.	1563	69	0	0
marine_binary	marine_binary_nested_ttest_baseline	34	Carlito	marine_binary_foldwise_ASR_nested_ttest_baseline	301	1	51	250	0	1	1	504	0	97	0	600	503	97	1	17258	1558	0	0	1558	71	0.00312544670927416	fit_nonzero_predictors	20360635	Held-out genus terminal labels masked for ASR; held-out terminal branches removed from screening; fold-wise preprocessing; glmnet standardize=FALSE.	1558	71	0	0
marine_binary	marine_binary_nested_ttest_baseline	35	Castor	marine_binary_foldwise_ASR_nested_ttest_baseline	301	1	51	250	0	1	1	504	0	97	0	600	503	97	1	17258	1557	0	0	1557	73	0.00284778567088369	fit_nonzero_predictors	20360636	Held-out genus terminal labels masked for ASR; held-out terminal branches removed from screening; fold-wise preprocessing; glmnet standardize=FALSE.	1557	73	0	0
marine_binary	marine_binary_nested_ttest_baseline	36	Catagonus	marine_binary_foldwise_ASR_nested_ttest_baseline	301	1	51	250	0	1	1	504	0	97	0	600	503	97	1	17258	1567	0	0	1567	66	0.00599446511418724	fit_nonzero_predictors	20360637	Held-out genus terminal labels masked for ASR; held-out terminal branches removed from screening; fold-wise preprocessing; glmnet standardize=FALSE.	1567	66	0	0
marine_binary	marine_binary_nested_ttest_baseline	37	Cavia	marine_binary_foldwise_ASR_nested_ttest_baseline	301	1	51	250	0	1	1	504	0	97	0	600	503	97	1	17258	1559	0	0	1559	72	0.00312584500601822	fit_nonzero_predictors	20360638	Held-out genus terminal labels masked for ASR; held-out terminal branches removed from screening; fold-wise preprocessing; glmnet standardize=FALSE.	1559	72	0	0
marine_binary	marine_binary_nested_ttest_baseline	38	Cebus	marine_binary_foldwise_ASR_nested_ttest_baseline	301	1	51	250	0	1	1	504	0	97	0	600	503	97	1	17258	1564	0	0	1564	68	0.0059943504607786	fit_nonzero_predictors	20360639	Held-out genus terminal labels masked for ASR; held-out terminal branches removed from screening; fold-wise preprocessing; glmnet standardize=FALSE.	1564	68	0	0
marine_binary	marine_binary_nested_ttest_baseline	39	Cephalophus	marine_binary_foldwise_ASR_nested_ttest_baseline	301	1	51	250	0	1	1	504	0	97	0	600	503	97	1	17258	1559	0	0	1559	76	0.00205694394867872	fit_nonzero_predictors	20360640	Held-out genus terminal labels masked for ASR; held-out terminal branches removed from screening; fold-wise preprocessing; glmnet standardize=FALSE.	1559	76	0	0
marine_binary	marine_binary_nested_ttest_baseline	4	Ailuropoda	marine_binary_foldwise_ASR_nested_ttest_baseline	301	1	51	250	0	1	1	504	0	97	0	600	503	97	1	17258	1561	0	0	1561	74	0.00344102863457177	fit_nonzero_predictors	20360605	Held-out genus terminal labels masked for ASR; held-out terminal branches removed from screening; fold-wise preprocessing; glmnet standardize=FALSE.	1561	74	0	0
marine_binary	marine_binary_nested_ttest_baseline	40	Cephalorhynchus	marine_binary_foldwise_ASR_nested_ttest_baseline	301	1	50	251	1	0	1	504	0	97	0	600	504	96	1	17258	1567	0	0	1567	65	0.00686434342124683	fit_nonzero_predictors	20360641	Held-out genus terminal labels masked for ASR; held-out terminal branches removed from screening; fold-wise preprocessing; glmnet standardize=FALSE.	1567	65	0	0
marine_binary	marine_binary_nested_ttest_baseline	41	Ceratotherium	marine_binary_foldwise_ASR_nested_ttest_baseline	301	1	51	250	0	1	1	504	0	97	0	600	503	97	1	17258	1565	0	0	1565	67	0.00573550457215644	fit_nonzero_predictors	20360642	Held-out genus terminal labels masked for ASR; held-out terminal branches removed from screening; fold-wise preprocessing; glmnet standardize=FALSE.	1565	67	0	0
marine_binary	marine_binary_nested_ttest_baseline	42	Cercocebus	marine_binary_foldwise_ASR_nested_ttest_baseline	301	1	51	250	0	1	1	504	0	97	0	600	503	97	1	17258	1565	0	0	1565	76	0.0025949473816399	fit_nonzero_predictors	20360643	Held-out genus terminal labels masked for ASR; held-out terminal branches removed from screening; fold-wise preprocessing; glmnet standardize=FALSE.	1565	76	0	0
marine_binary	marine_binary_nested_ttest_baseline	43	Cercopithecus	marine_binary_foldwise_ASR_nested_ttest_baseline	301	1	51	250	0	1	1	504	0	97	0	600	503	97	1	17258	1563	0	0	1563	67	0.00572266887148628	fit_nonzero_predictors	20360644	Held-out genus terminal labels masked for ASR; held-out terminal branches removed from screening; fold-wise preprocessing; glmnet standardize=FALSE.	1563	67	0	0
marine_binary	marine_binary_nested_ttest_baseline	44	Cervus	marine_binary_foldwise_ASR_nested_ttest_baseline	301	1	51	250	0	1	1	504	0	97	0	600	503	97	1	17258	1574	0	0	1574	67	0.00630355064128264	fit_nonzero_predictors	20360645	Held-out genus terminal labels masked for ASR; held-out terminal branches removed from screening; fold-wise preprocessing; glmnet standardize=FALSE.	1574	67	0	0
marine_binary	marine_binary_nested_ttest_baseline	45	Chinchilla	marine_binary_foldwise_ASR_nested_ttest_baseline	301	1	51	250	0	1	1	504	0	97	0	600	503	97	1	17258	1555	0	0	1555	71	0.00312574926681401	fit_nonzero_predictors	20360646	Held-out genus terminal labels masked for ASR; held-out terminal branches removed from screening; fold-wise preprocessing; glmnet standardize=FALSE.	1555	71	0	0
marine_binary	marine_binary_nested_ttest_baseline	46	Chlorocebus	marine_binary_foldwise_ASR_nested_ttest_baseline	301	1	51	250	0	1	1	504	0	97	0	600	503	97	1	17258	1570	0	0	1570	66	0.00599762032959866	fit_nonzero_predictors	20360647	Held-out genus terminal labels masked for ASR; held-out terminal branches removed from screening; fold-wise preprocessing; glmnet standardize=FALSE.	1570	66	0	0
marine_binary	marine_binary_nested_ttest_baseline	47	Choloepus	marine_binary_foldwise_ASR_nested_ttest_baseline	300	2	51	249	0	2	2	504	0	97	0	599	502	97	2	17258	1584	0	0	1584	72	0.00522508207878869	fit_nonzero_predictors	20360648	Held-out genus terminal labels masked for ASR; held-out terminal branches removed from screening; fold-wise preprocessing; glmnet standardize=FALSE.	1584	72	0	0
marine_binary	marine_binary_nested_ttest_baseline	48	Chrysochloris	marine_binary_foldwise_ASR_nested_ttest_baseline	301	1	51	250	0	1	1	504	0	97	0	600	503	97	1	17258	1558	0	0	1558	71	0.00312716421068028	fit_nonzero_predictors	20360649	Held-out genus terminal labels masked for ASR; held-out terminal branches removed from screening; fold-wise preprocessing; glmnet standardize=FALSE.	1558	71	0	0
marine_binary	marine_binary_nested_ttest_baseline	49	Chrysocyon	marine_binary_foldwise_ASR_nested_ttest_baseline	301	1	51	250	0	1	1	504	0	97	0	600	503	97	1	17258	1559	0	0	1559	64	0.0057218649138775	fit_nonzero_predictors	20360650	Held-out genus terminal labels masked for ASR; held-out terminal branches removed from screening; fold-wise preprocessing; glmnet standardize=FALSE.	1559	64	0	0
marine_binary	marine_binary_nested_ttest_baseline	5	Ailurus	marine_binary_foldwise_ASR_nested_ttest_baseline	301	1	51	250	0	1	1	504	0	97	0	600	503	97	1	17258	1557	0	0	1557	71	0.00312683739960327	fit_nonzero_predictors	20360606	Held-out genus terminal labels masked for ASR; held-out terminal branches removed from screening; fold-wise preprocessing; glmnet standardize=FALSE.	1557	71	0	0
marine_binary	marine_binary_nested_ttest_baseline	50	Coendou	marine_binary_foldwise_ASR_nested_ttest_baseline	301	1	51	250	0	1	1	504	0	97	0	600	503	97	1	17258	1564	0	0	1564	66	0.00546913600167685	fit_nonzero_predictors	20360651	Held-out genus terminal labels masked for ASR; held-out terminal branches removed from screening; fold-wise preprocessing; glmnet standardize=FALSE.	1564	66	0	0
marine_binary	marine_binary_nested_ttest_baseline	51	Colobus	marine_binary_foldwise_ASR_nested_ttest_baseline	301	1	51	250	0	1	1	504	0	97	0	600	503	97	1	17258	1568	0	0	1568	70	0.00572593522617747	fit_nonzero_predictors	20360652	Held-out genus terminal labels masked for ASR; held-out terminal branches removed from screening; fold-wise preprocessing; glmnet standardize=FALSE.	1568	70	0	0
marine_binary	marine_binary_nested_ttest_baseline	52	Connochaetes	marine_binary_foldwise_ASR_nested_ttest_baseline	301	1	51	250	0	1	1	504	0	97	0	600	503	97	1	17258	1572	0	0	1572	67	0.00572203792147334	fit_nonzero_predictors	20360653	Held-out genus terminal labels masked for ASR; held-out terminal branches removed from screening; fold-wise preprocessing; glmnet standardize=FALSE.	1572	67	0	0
marine_binary	marine_binary_nested_ttest_baseline	53	Craseonycteris	marine_binary_foldwise_ASR_nested_ttest_baseline	301	1	51	250	0	1	1	504	0	97	0	600	503	97	1	17258	1556	0	0	1556	72	0.00312716421068028	fit_nonzero_predictors	20360654	Held-out genus terminal labels masked for ASR; held-out terminal branches removed from screening; fold-wise preprocessing; glmnet standardize=FALSE.	1556	72	0	0
marine_binary	marine_binary_nested_ttest_baseline	54	Cricetomys	marine_binary_foldwise_ASR_nested_ttest_baseline	301	1	51	250	0	1	1	504	0	97	0	600	503	97	1	17258	1557	0	0	1557	71	0.00312561398124002	fit_nonzero_predictors	20360655	Held-out genus terminal labels masked for ASR; held-out terminal branches removed from screening; fold-wise preprocessing; glmnet standardize=FALSE.	1557	71	0	0
marine_binary	marine_binary_nested_ttest_baseline	55	Cricetulus	marine_binary_foldwise_ASR_nested_ttest_baseline	301	1	51	250	0	1	1	504	0	97	0	600	503	97	1	17258	1561	0	0	1561	69	0.00572271884040206	fit_nonzero_predictors	20360656	Held-out genus terminal labels masked for ASR; held-out terminal branches removed from screening; fold-wise preprocessing; glmnet standardize=FALSE.	1561	69	0	0
marine_binary	marine_binary_nested_ttest_baseline	56	Crocuta	marine_binary_foldwise_ASR_nested_ttest_baseline	301	1	51	250	0	1	1	504	0	97	0	600	503	97	1	17258	1565	0	0	1565	73	0.00205894194743936	fit_nonzero_predictors	20360657	Held-out genus terminal labels masked for ASR; held-out terminal branches removed from screening; fold-wise preprocessing; glmnet standardize=FALSE.	1565	73	0	0
marine_binary	marine_binary_nested_ttest_baseline	57	Cryptoprocta	marine_binary_foldwise_ASR_nested_ttest_baseline	301	1	51	250	0	1	1	504	0	97	0	600	503	97	1	17258	1560	0	0	1560	71	0.00298420652463665	fit_nonzero_predictors	20360658	Held-out genus terminal labels masked for ASR; held-out terminal branches removed from screening; fold-wise preprocessing; glmnet standardize=FALSE.	1560	71	0	0
marine_binary	marine_binary_nested_ttest_baseline	58	Ctenodactylus	marine_binary_foldwise_ASR_nested_ttest_baseline	301	1	51	250	0	1	1	504	0	97	0	600	503	97	1	17258	1558	0	0	1558	72	0.00312716421068028	fit_nonzero_predictors	20360659	Held-out genus terminal labels masked for ASR; held-out terminal branches removed from screening; fold-wise preprocessing; glmnet standardize=FALSE.	1558	72	0	0
marine_binary	marine_binary_nested_ttest_baseline	59	Ctenomys	marine_binary_foldwise_ASR_nested_ttest_baseline	301	1	51	250	0	1	1	504	0	97	0	600	503	97	1	17258	1562	0	0	1562	72	0.00298339179463674	fit_nonzero_predictors	20360660	Held-out genus terminal labels masked for ASR; held-out terminal branches removed from screening; fold-wise preprocessing; glmnet standardize=FALSE.	1562	72	0	0
marine_binary	marine_binary_nested_ttest_baseline	6	Alces	marine_binary_foldwise_ASR_nested_ttest_baseline	301	1	51	250	0	1	1	504	0	97	0	600	503	97	1	17258	1558	0	0	1558	74	0.00284826268211515	fit_nonzero_predictors	20360607	Held-out genus terminal labels masked for ASR; held-out terminal branches removed from screening; fold-wise preprocessing; glmnet standardize=FALSE.	1558	74	0	0
marine_binary	marine_binary_nested_ttest_baseline	60	Cynomys	marine_binary_foldwise_ASR_nested_ttest_baseline	301	1	51	250	0	1	1	504	0	97	0	600	503	97	1	17258	1561	0	0	1561	65	0.00572372191645988	fit_nonzero_predictors	20360661	Held-out genus terminal labels masked for ASR; held-out terminal branches removed from screening; fold-wise preprocessing; glmnet standardize=FALSE.	1561	65	0	0
marine_binary	marine_binary_nested_ttest_baseline	61	Damaliscus	marine_binary_foldwise_ASR_nested_ttest_baseline	301	1	51	250	0	1	1	504	0	97	0	600	503	97	1	17258	1566	0	0	1566	70	0.00599958116709313	fit_nonzero_predictors	20360662	Held-out genus terminal labels masked for ASR; held-out terminal branches removed from screening; fold-wise preprocessing; glmnet standardize=FALSE.	1566	70	0	0
marine_binary	marine_binary_nested_ttest_baseline	62	Dasyprocta	marine_binary_foldwise_ASR_nested_ttest_baseline	301	1	51	250	0	1	1	504	0	97	0	600	503	97	1	17258	1558	0	0	1558	71	0.00312546473648289	fit_nonzero_predictors	20360663	Held-out genus terminal labels masked for ASR; held-out terminal branches removed from screening; fold-wise preprocessing; glmnet standardize=FALSE.	1558	71	0	0
marine_binary	marine_binary_nested_ttest_baseline	63	Dasypus	marine_binary_foldwise_ASR_nested_ttest_baseline	301	1	51	250	0	1	1	504	0	97	0	600	503	97	1	17258	1555	0	0	1555	72	0.00298502977103299	fit_nonzero_predictors	20360664	Held-out genus terminal labels masked for ASR; held-out terminal branches removed from screening; fold-wise preprocessing; glmnet standardize=FALSE.	1555	72	0	0
marine_binary	marine_binary_nested_ttest_baseline	64	Daubentonia	marine_binary_foldwise_ASR_nested_ttest_baseline	301	1	51	250	0	1	1	504	0	97	0	600	503	97	1	17258	1566	0	0	1566	69	0.00572226289099008	fit_nonzero_predictors	20360665	Held-out genus terminal labels masked for ASR; held-out terminal branches removed from screening; fold-wise preprocessing; glmnet standardize=FALSE.	1566	69	0	0
marine_binary	marine_binary_nested_ttest_baseline	65	Delphinapterus	marine_binary_foldwise_ASR_nested_ttest_baseline	301	1	50	251	1	0	1	504	0	97	0	600	504	96	1	17258	1569	0	0	1569	73	0.00205746523316662	fit_nonzero_predictors	20360666	Held-out genus terminal labels masked for ASR; held-out terminal branches removed from screening; fold-wise preprocessing; glmnet standardize=FALSE.	1569	73	0	0
marine_binary	marine_binary_nested_ttest_baseline	66	Dicerorhinus	marine_binary_foldwise_ASR_nested_ttest_baseline	301	1	51	250	0	1	1	504	0	97	0	600	503	97	1	17258	1564	0	0	1564	76	0.00237673698076135	fit_nonzero_predictors	20360667	Held-out genus terminal labels masked for ASR; held-out terminal branches removed from screening; fold-wise preprocessing; glmnet standardize=FALSE.	1564	76	0	0
marine_binary	marine_binary_nested_ttest_baseline	67	Diceros	marine_binary_foldwise_ASR_nested_ttest_baseline	301	1	51	250	0	1	1	504	0	97	0	600	503	97	1	17258	1568	0	0	1568	65	0.0060091102467191	fit_nonzero_predictors	20360668	Held-out genus terminal labels masked for ASR; held-out terminal branches removed from screening; fold-wise preprocessing; glmnet standardize=FALSE.	1568	65	0	0
marine_binary	marine_binary_nested_ttest_baseline	68	Dinomys	marine_binary_foldwise_ASR_nested_ttest_baseline	301	1	51	250	0	1	1	504	0	97	0	600	503	97	1	17258	1557	0	0	1557	74	0.0028477871673472	fit_nonzero_predictors	20360669	Held-out genus terminal labels masked for ASR; held-out terminal branches removed from screening; fold-wise preprocessing; glmnet standardize=FALSE.	1557	74	0	0
marine_binary	marine_binary_nested_ttest_baseline	69	Dipodomys	marine_binary_foldwise_ASR_nested_ttest_baseline	301	1	51	250	0	1	1	504	0	97	0	600	503	97	1	17258	1559	0	0	1559	68	0.0054648082696514	fit_nonzero_predictors	20360670	Held-out genus terminal labels masked for ASR; held-out terminal branches removed from screening; fold-wise preprocessing; glmnet standardize=FALSE.	1559	68	0	0
marine_binary	marine_binary_nested_ttest_baseline	7	Allactaga	marine_binary_foldwise_ASR_nested_ttest_baseline	301	1	51	250	0	1	1	504	0	97	0	600	503	97	1	17258	1558	0	0	1558	72	0.00284780310051862	fit_nonzero_predictors	20360608	Held-out genus terminal labels masked for ASR; held-out terminal branches removed from screening; fold-wise preprocessing; glmnet standardize=FALSE.	1558	72	0	0
marine_binary	marine_binary_nested_ttest_baseline	70	Dolichotis	marine_binary_foldwise_ASR_nested_ttest_baseline	301	1	51	250	0	1	1	504	0	97	0	600	503	97	1	17258	1560	0	0	1560	69	0.00572507170531399	fit_nonzero_predictors	20360671	Held-out genus terminal labels masked for ASR; held-out terminal branches removed from screening; fold-wise preprocessing; glmnet standardize=FALSE.	1560	69	0	0
marine_binary	marine_binary_nested_ttest_baseline	71	Dugong	marine_binary_foldwise_ASR_nested_ttest_baseline	301	1	50	251	1	0	1	504	0	97	0	600	504	96	1	17256	1559	0	0	1559	80	0.00205746523316662	fit_nonzero_predictors	20360672	Held-out genus terminal labels masked for ASR; held-out terminal branches removed from screening; fold-wise preprocessing; glmnet standardize=FALSE.	1559	80	0	0
marine_binary	marine_binary_nested_ttest_baseline	72	Echinops	marine_binary_foldwise_ASR_nested_ttest_baseline	301	1	51	250	0	1	1	504	0	97	0	600	503	97	1	17258	1558	0	0	1558	72	0.00312716421068028	fit_nonzero_predictors	20360673	Held-out genus terminal labels masked for ASR; held-out terminal branches removed from screening; fold-wise preprocessing; glmnet standardize=FALSE.	1558	72	0	0
marine_binary	marine_binary_nested_ttest_baseline	73	Eidolon	marine_binary_foldwise_ASR_nested_ttest_baseline	301	1	51	250	0	1	1	504	0	97	0	600	503	97	1	17258	1554	0	0	1554	75	0.0027183887979777	fit_nonzero_predictors	20360674	Held-out genus terminal labels masked for ASR; held-out terminal branches removed from screening; fold-wise preprocessing; glmnet standardize=FALSE.	1554	75	0	0
marine_binary	marine_binary_nested_ttest_baseline	74	Elaphurus	marine_binary_foldwise_ASR_nested_ttest_baseline	301	1	51	250	0	1	1	504	0	97	0	600	503	97	1	17258	1566	0	0	1566	64	0.00689240591885965	fit_nonzero_predictors	20360675	Held-out genus terminal labels masked for ASR; held-out terminal branches removed from screening; fold-wise preprocessing; glmnet standardize=FALSE.	1566	64	0	0
marine_binary	marine_binary_nested_ttest_baseline	75	Elephantulus	marine_binary_foldwise_ASR_nested_ttest_baseline	301	1	51	250	0	1	1	504	0	97	0	600	503	97	1	17258	1559	0	0	1559	67	0.0054648082696514	fit_nonzero_predictors	20360676	Held-out genus terminal labels masked for ASR; held-out terminal branches removed from screening; fold-wise preprocessing; glmnet standardize=FALSE.	1559	67	0	0
marine_binary	marine_binary_nested_ttest_baseline	76	Elephas	marine_binary_foldwise_ASR_nested_ttest_baseline	301	1	51	250	0	1	1	504	0	97	0	600	503	97	1	17258	1570	0	0	1570	66	0.00600661463513738	fit_nonzero_predictors	20360677	Held-out genus terminal labels masked for ASR; held-out terminal branches removed from screening; fold-wise preprocessing; glmnet standardize=FALSE.	1570	66	0	0
marine_binary	marine_binary_nested_ttest_baseline	77	Enhydra	marine_binary_foldwise_ASR_nested_ttest_baseline	301	1	50	251	1	0	1	505	0	96	0	600	504	96	1	17254	1574	0	0	1574	63	0.00630640557385608	fit_nonzero_predictors	20360678	Held-out genus terminal labels masked for ASR; held-out terminal branches removed from screening; fold-wise preprocessing; glmnet standardize=FALSE.	1574	63	0	0
marine_binary	marine_binary_nested_ttest_baseline	78	Eptesicus	marine_binary_foldwise_ASR_nested_ttest_baseline	301	1	51	250	0	1	1	504	0	97	0	600	503	97	1	17258	1564	0	0	1564	68	0.00572197661930215	fit_nonzero_predictors	20360679	Held-out genus terminal labels masked for ASR; held-out terminal branches removed from screening; fold-wise preprocessing; glmnet standardize=FALSE.	1564	68	0	0
marine_binary	marine_binary_nested_ttest_baseline	79	Equus	marine_binary_foldwise_ASR_nested_ttest_baseline	300	2	51	249	0	2	2	504	0	97	0	599	502	97	2	17258	1582	0	0	1582	71	0.00522211774558219	fit_nonzero_predictors	20360680	Held-out genus terminal labels masked for ASR; held-out terminal branches removed from screening; fold-wise preprocessing; glmnet standardize=FALSE.	1582	71	0	0
marine_binary	marine_binary_nested_ttest_baseline	8	Allenopithecus	marine_binary_foldwise_ASR_nested_ttest_baseline	301	1	51	250	0	1	1	504	0	97	0	600	503	97	1	17258	1563	0	0	1563	68	0.00572501922926204	fit_nonzero_predictors	20360609	Held-out genus terminal labels masked for ASR; held-out terminal branches removed from screening; fold-wise preprocessing; glmnet standardize=FALSE.	1563	68	0	0
marine_binary	marine_binary_nested_ttest_baseline	80	Erethizon	marine_binary_foldwise_ASR_nested_ttest_baseline	301	1	51	250	0	1	1	504	0	97	0	600	503	97	1	17258	1573	0	0	1573	66	0.00599441200549837	fit_nonzero_predictors	20360681	Held-out genus terminal labels masked for ASR; held-out terminal branches removed from screening; fold-wise preprocessing; glmnet standardize=FALSE.	1573	66	0	0
marine_binary	marine_binary_nested_ttest_baseline	81	Erignathus	marine_binary_foldwise_ASR_nested_ttest_baseline	301	1	50	251	1	0	1	504	0	97	0	600	504	96	1	17258	1568	0	0	1568	62	0.0100046336937255	fit_nonzero_predictors	20360682	Held-out genus terminal labels masked for ASR; held-out terminal branches removed from screening; fold-wise preprocessing; glmnet standardize=FALSE.	1568	62	0	0
marine_binary	marine_binary_nested_ttest_baseline	82	Erythrocebus	marine_binary_foldwise_ASR_nested_ttest_baseline	301	1	51	250	0	1	1	504	0	97	0	600	503	97	1	17258	1576	0	0	1576	66	0.00599762032959866	fit_nonzero_predictors	20360683	Held-out genus terminal labels masked for ASR; held-out terminal branches removed from screening; fold-wise preprocessing; glmnet standardize=FALSE.	1576	66	0	0
marine_binary	marine_binary_nested_ttest_baseline	83	Eschrichtius	marine_binary_foldwise_ASR_nested_ttest_baseline	301	1	50	251	1	0	1	504	0	97	0	600	504	96	1	17258	1533	0	0	1533	69	0.0062832015365391	fit_nonzero_predictors	20360684	Held-out genus terminal labels masked for ASR; held-out terminal branches removed from screening; fold-wise preprocessing; glmnet standardize=FALSE.	1533	69	0	0
marine_binary	marine_binary_nested_ttest_baseline	84	Eubalaena	marine_binary_foldwise_ASR_nested_ttest_baseline	299	3	48	251	3	0	3	504	0	97	0	598	504	94	3	17257	1492	0	0	1492	73	0.00197864898173339	fit_nonzero_predictors	20360685	Held-out genus terminal labels masked for ASR; held-out terminal branches removed from screening; fold-wise preprocessing; glmnet standardize=FALSE.	1492	73	0	0
marine_binary	marine_binary_nested_ttest_baseline	85	Eudorcas	marine_binary_foldwise_ASR_nested_ttest_baseline	301	1	51	250	0	1	1	504	0	97	0	600	503	97	1	17258	1565	0	0	1565	66	0.00599619348598706	fit_nonzero_predictors	20360686	Held-out genus terminal labels masked for ASR; held-out terminal branches removed from screening; fold-wise preprocessing; glmnet standardize=FALSE.	1565	66	0	0
marine_binary	marine_binary_nested_ttest_baseline	86	Eulemur	marine_binary_foldwise_ASR_nested_ttest_baseline	301	1	51	250	0	1	1	504	0	97	0	600	503	97	1	17258	1559	0	0	1559	69	0.00572188208965894	fit_nonzero_predictors	20360687	Held-out genus terminal labels masked for ASR; held-out terminal branches removed from screening; fold-wise preprocessing; glmnet standardize=FALSE.	1559	69	0	0
marine_binary	marine_binary_nested_ttest_baseline	87	Eumetopias	marine_binary_foldwise_ASR_nested_ttest_baseline	301	1	50	251	1	0	1	504	0	97	0	600	504	96	1	17256	1577	0	0	1577	69	0.00669706617969951	fit_nonzero_predictors	20360688	Held-out genus terminal labels masked for ASR; held-out terminal branches removed from screening; fold-wise preprocessing; glmnet standardize=FALSE.	1577	69	0	0
marine_binary	marine_binary_nested_ttest_baseline	88	Felis	marine_binary_foldwise_ASR_nested_ttest_baseline	301	1	51	250	0	1	1	504	0	97	0	600	503	97	1	17258	1561	0	0	1561	64	0.00572501922926204	fit_nonzero_predictors	20360689	Held-out genus terminal labels masked for ASR; held-out terminal branches removed from screening; fold-wise preprocessing; glmnet standardize=FALSE.	1561	64	0	0
marine_binary	marine_binary_nested_ttest_baseline	89	Galeopterus	marine_binary_foldwise_ASR_nested_ttest_baseline	301	1	51	250	0	1	1	504	0	97	0	600	503	97	1	17258	1559	0	0	1559	72	0.00271840969811054	fit_nonzero_predictors	20360690	Held-out genus terminal labels masked for ASR; held-out terminal branches removed from screening; fold-wise preprocessing; glmnet standardize=FALSE.	1559	72	0	0
marine_binary	marine_binary_nested_ttest_baseline	9	Alouatta	marine_binary_foldwise_ASR_nested_ttest_baseline	301	1	51	250	0	1	1	504	0	97	0	600	503	97	1	17258	1563	0	0	1563	71	0.00298344668762568	fit_nonzero_predictors	20360610	Held-out genus terminal labels masked for ASR; held-out terminal branches removed from screening; fold-wise preprocessing; glmnet standardize=FALSE.	1563	71	0	0
marine_binary	marine_binary_nested_ttest_baseline	90	Giraffa	marine_binary_foldwise_ASR_nested_ttest_baseline	300	2	51	249	0	2	2	504	0	97	0	599	502	97	2	17258	1636	0	0	1636	72	0.0054777854761298	fit_nonzero_predictors	20360691	Held-out genus terminal labels masked for ASR; held-out terminal branches removed from screening; fold-wise preprocessing; glmnet standardize=FALSE.	1636	72	0	0
marine_binary	marine_binary_nested_ttest_baseline	91	Glis	marine_binary_foldwise_ASR_nested_ttest_baseline	301	1	51	250	0	1	1	504	0	97	0	600	503	97	1	17258	1554	0	0	1554	68	0.00572192690666015	fit_nonzero_predictors	20360692	Held-out genus terminal labels masked for ASR; held-out terminal branches removed from screening; fold-wise preprocessing; glmnet standardize=FALSE.	1554	68	0	0
marine_binary	marine_binary_nested_ttest_baseline	92	Globicephala	marine_binary_foldwise_ASR_nested_ttest_baseline	301	1	50	251	1	0	1	504	0	97	0	600	504	96	1	17258	1548	0	0	1548	82	0.00200892328172244	fit_nonzero_predictors	20360693	Held-out genus terminal labels masked for ASR; held-out terminal branches removed from screening; fold-wise preprocessing; glmnet standardize=FALSE.	1548	82	0	0
marine_binary	marine_binary_nested_ttest_baseline	93	Gorilla	marine_binary_foldwise_ASR_nested_ttest_baseline	301	1	51	250	0	1	1	504	0	97	0	600	503	97	1	17258	1568	0	0	1568	75	0.00247966359620555	fit_nonzero_predictors	20360694	Held-out genus terminal labels masked for ASR; held-out terminal branches removed from screening; fold-wise preprocessing; glmnet standardize=FALSE.	1568	75	0	0
marine_binary	marine_binary_nested_ttest_baseline	94	Grammomys	marine_binary_foldwise_ASR_nested_ttest_baseline	301	1	51	250	0	1	1	504	0	97	0	600	503	97	1	17258	1559	0	0	1559	74	0.00271835312332067	fit_nonzero_predictors	20360695	Held-out genus terminal labels masked for ASR; held-out terminal branches removed from screening; fold-wise preprocessing; glmnet standardize=FALSE.	1559	74	0	0
marine_binary	marine_binary_nested_ttest_baseline	95	Grampus	marine_binary_foldwise_ASR_nested_ttest_baseline	301	1	50	251	1	0	1	504	0	97	0	600	504	96	1	17258	1554	0	0	1554	75	0.00205746523316662	fit_nonzero_predictors	20360696	Held-out genus terminal labels masked for ASR; held-out terminal branches removed from screening; fold-wise preprocessing; glmnet standardize=FALSE.	1554	75	0	0
marine_binary	marine_binary_nested_ttest_baseline	96	Halichoerus	marine_binary_foldwise_ASR_nested_ttest_baseline	301	1	50	251	1	0	1	504	0	97	0	600	504	96	1	17257	1572	0	0	1572	67	0.00674257473544012	fit_nonzero_predictors	20360697	Held-out genus terminal labels masked for ASR; held-out terminal branches removed from screening; fold-wise preprocessing; glmnet standardize=FALSE.	1572	67	0	0
marine_binary	marine_binary_nested_ttest_baseline	97	Helarctos	marine_binary_foldwise_ASR_nested_ttest_baseline	301	1	51	250	0	1	1	504	0	97	0	600	503	97	1	17258	1563	0	0	1563	74	0.00205958318417908	fit_nonzero_predictors	20360698	Held-out genus terminal labels masked for ASR; held-out terminal branches removed from screening; fold-wise preprocessing; glmnet standardize=FALSE.	1563	74	0	0
marine_binary	marine_binary_nested_ttest_baseline	98	Helogale	marine_binary_foldwise_ASR_nested_ttest_baseline	301	1	51	250	0	1	1	504	0	97	0	600	503	97	1	17258	1562	0	0	1562	71	0.003274561560781	fit_nonzero_predictors	20360699	Held-out genus terminal labels masked for ASR; held-out terminal branches removed from screening; fold-wise preprocessing; glmnet standardize=FALSE.	1562	71	0	0
marine_binary	marine_binary_nested_ttest_baseline	99	Hemitragus	marine_binary_foldwise_ASR_nested_ttest_baseline	301	1	51	250	0	1	1	504	0	97	0	600	503	97	1	17258	1570	0	0	1570	66	0.00629153932210996	fit_nonzero_predictors	20360700	Held-out genus terminal labels masked for ASR; held-out terminal branches removed from screening; fold-wise preprocessing; glmnet standardize=FALSE.	1570	66	0	0
