"target_name","display_label","branch_id","model","gene","gene_order","module","predictor_class","coefficient","scaled_GBI","contribution","abs_contribution","top_abs_rank","top_set"
"Dugong_plus_Hydrodamalis","Dugong + Hydrodamalis","B25","binary_aquatic_dependence","PDGFB",5,"Vascular / hematologic regulation","aquatic_specific",-0.348561123284862,1.75550979038938,-0.611902464475696,0.611902464475696,1,"top_absolute"
"Dugong_plus_Hydrodamalis","Dugong + Hydrodamalis","B25","binary_aquatic_dependence","IL33",94,"Immune / inflammatory regulation","shared",0.340038935001018,-1.25231167496481,-0.425834728244375,0.425834728244375,2,"top_absolute"
"Dugong_plus_Hydrodamalis","Dugong + Hydrodamalis","B25","binary_aquatic_dependence","PER1",100,"Endocrine / circadian / systemic regulation","aquatic_specific",0.784004329488712,-0.494138411226618,-0.387406653768342,0.387406653768342,3,"top_absolute"
"Dugong_plus_Hydrodamalis","Dugong + Hydrodamalis","B25","binary_aquatic_dependence","NUBP2",13,"Metabolism / redox / lipid handling","shared",-0.239999172123246,-1.04889996203436,0.25173512252835,0.25173512252835,4,"top_absolute"
"Dugong_plus_Hydrodamalis","Dugong + Hydrodamalis","B25","binary_aquatic_dependence","C16orf91",9,"Unassigned / low-confidence","aquatic_specific",-0.262195862787636,-0.818490808536276,0.214604903727919,0.214604903727919,5,"top_absolute"
"Dugong_plus_Hydrodamalis","Dugong + Hydrodamalis","B25","binary_aquatic_dependence","PUSL1",6,"Metabolism / redox / lipid handling","shared",-0.314220898750119,-0.613394521599998,0.192741377865551,0.192741377865551,6,"top_absolute"
"Dugong_plus_Hydrodamalis","Dugong + Hydrodamalis","B25","binary_aquatic_dependence","CASTOR1",40,"Endocrine / circadian / systemic regulation","aquatic_specific",-0.0825057476543748,2.05005959172027,-0.169141699350903,0.169141699350903,7,"top_absolute"
"Dugong_plus_Hydrodamalis","Dugong + Hydrodamalis","B25","binary_aquatic_dependence","PRSS53",89,"Epithelial / body-surface interface","aquatic_specific",0.194083977905306,0.774771092961644,0.150370655688037,0.150370655688037,8,"top_absolute"
"Dugong_plus_Hydrodamalis","Dugong + Hydrodamalis","B25","binary_aquatic_dependence","HGFAC",10,"Vascular / hematologic regulation","shared",-0.251889764940469,0.536937454755236,-0.13524904926603,0.13524904926603,9,"top_absolute"
"Dugong_plus_Hydrodamalis","Dugong + Hydrodamalis","B25","binary_aquatic_dependence","FN3K",12,"Metabolism / redox / lipid handling","shared",-0.244837253974046,-0.546025659844614,0.133687423155722,0.133687423155722,10,"top_absolute"
"Dugong_plus_Hydrodamalis","Dugong + Hydrodamalis","B25","binary_aquatic_dependence","SDR9C7",91,"Epithelial / body-surface interface","shared",0.220181989308241,-0.529451635541802,-0.116575714356096,0.116575714356096,11,"top_absolute"
"Dugong_plus_Hydrodamalis","Dugong + Hydrodamalis","B25","binary_aquatic_dependence","CATSPERG",17,"Cilia / flagella / reproductive-cell function","aquatic_specific",-0.232264279338058,0.399035516084777,-0.0926816965737208,0.0926816965737208,12,"top_absolute"
"Dugong_plus_Hydrodamalis","Dugong + Hydrodamalis","B25","marine","TPX2",2,"DNA repair / chromatin / cell-cycle","marine_specific",-0.547364151458345,2.60533077025585,-1.42606466632941,1.42606466632941,1,"top_absolute"
"Dugong_plus_Hydrodamalis","Dugong + Hydrodamalis","B25","marine","EPOR",1,"Vascular / hematologic regulation","shared",-0.562386788005208,1.26649833692855,-0.712261931719188,0.712261931719188,2,"top_absolute"
"Dugong_plus_Hydrodamalis","Dugong + Hydrodamalis","B25","marine","IL33",59,"Immune / inflammatory regulation","shared",0.27044270721607,-1.25623647320033,-0.339739992715866,0.339739992715866,3,"top_absolute"
"Dugong_plus_Hydrodamalis","Dugong + Hydrodamalis","B25","marine","HOXD10",60,"Developmental / transcriptional signaling regulators","marine_specific",0.28020716230031,0.963959025392267,0.270108223078939,0.270108223078939,4,"top_absolute"
"Dugong_plus_Hydrodamalis","Dugong + Hydrodamalis","B25","marine","SDR9C7",68,"Epithelial / body-surface interface","shared",0.409389888665918,-0.526229367957119,-0.215432982360701,0.215432982360701,5,"top_absolute"
"Dugong_plus_Hydrodamalis","Dugong + Hydrodamalis","B25","marine","APH1B",14,"Membrane trafficking / ER / vesicle processing","marine_specific",-0.152260877432123,1.1544469310121,-0.175777102664723,0.175777102664723,6,"top_absolute"
"Dugong_plus_Hydrodamalis","Dugong + Hydrodamalis","B25","marine","HGFAC",3,"Vascular / hematologic regulation","shared",-0.314672853107267,0.53453366461062,-0.168203233324907,0.168203233324907,7,"top_absolute"
"Dugong_plus_Hydrodamalis","Dugong + Hydrodamalis","B25","marine","PUSL1",5,"Metabolism / redox / lipid handling","shared",-0.270477624990477,-0.616403178757511,0.166723267826912,0.166723267826912,8,"top_absolute"
"Dugong_plus_Hydrodamalis","Dugong + Hydrodamalis","B25","marine","ATG2A",20,"Membrane trafficking / ER / vesicle processing","marine_specific",-0.0892133442112914,-1.60705198039265,0.143370481492207,0.143370481492207,9,"top_absolute"
"Dugong_plus_Hydrodamalis","Dugong + Hydrodamalis","B25","marine","CATSPERZ",6,"Cilia / flagella / reproductive-cell function","shared",-0.264244206101874,-0.509322106478407,0.134585415676521,0.134585415676521,10,"top_absolute"
"Dugong_plus_Hydrodamalis","Dugong + Hydrodamalis","B25","marine","OMP",64,"Sensory systems","shared",0.345615697623917,-0.379325592931973,-0.13110087942779,0.13110087942779,11,"top_absolute"
"Dugong_plus_Hydrodamalis","Dugong + Hydrodamalis","B25","marine","FN3K",11,"Metabolism / redox / lipid handling","shared",-0.217860441354345,-0.548596921563606,0.119517567457482,0.119517567457482,12,"top_absolute"
"Lutrinae_sampled","Lutrinae / Enhydra-related","B380","binary_aquatic_dependence","PER1",100,"Endocrine / circadian / systemic regulation","aquatic_specific",0.784004329488712,1.23911585952592,0.971472198606451,0.971472198606451,1,"top_absolute"
"Lutrinae_sampled","Lutrinae / Enhydra-related","B380","binary_aquatic_dependence","PUSL1",6,"Metabolism / redox / lipid handling","shared",-0.314220898750119,2.44721978996208,-0.768967601840962,0.768967601840962,2,"top_absolute"
"Lutrinae_sampled","Lutrinae / Enhydra-related","B380","binary_aquatic_dependence","ATF7IP2",1,"DNA repair / chromatin / cell-cycle","aquatic_specific",-0.581769927151342,1.31691961767155,-0.766144230036948,0.766144230036948,3,"top_absolute"
"Lutrinae_sampled","Lutrinae / Enhydra-related","B380","binary_aquatic_dependence","KIF18A",95,"DNA repair / chromatin / cell-cycle","aquatic_specific",0.340198342633948,-1.47964940305389,-0.503374274598242,0.503374274598242,4,"top_absolute"
"Lutrinae_sampled","Lutrinae / Enhydra-related","B380","binary_aquatic_dependence","ACADSB",14,"Metabolism / redox / lipid handling","aquatic_specific",-0.238865076823398,-1.85410187467603,0.442880186732896,0.442880186732896,5,"top_absolute"
"Lutrinae_sampled","Lutrinae / Enhydra-related","B380","binary_aquatic_dependence","CACNA1G",99,"Ion channels / mechanosensation / membrane signaling","aquatic_specific",0.593854706123962,-0.736989778825035,-0.437664848520505,0.437664848520505,6,"top_absolute"
"Lutrinae_sampled","Lutrinae / Enhydra-related","B380","binary_aquatic_dependence","IL33",94,"Immune / inflammatory regulation","shared",0.340038935001018,-1.25231167496481,-0.425834728244375,0.425834728244375,7,"top_absolute"
"Lutrinae_sampled","Lutrinae / Enhydra-related","B380","binary_aquatic_dependence","SPEF2",85,"Cilia / flagella / reproductive-cell function","aquatic_specific",0.174059525751515,-1.91992469287402,-0.334181181520275,0.334181181520275,8,"top_absolute"
"Lutrinae_sampled","Lutrinae / Enhydra-related","B380","binary_aquatic_dependence","SMCO3",7,"Unassigned / low-confidence","aquatic_specific",-0.307082295991399,-1.01783811500828,0.312560065304301,0.312560065304301,9,"top_absolute"
"Lutrinae_sampled","Lutrinae / Enhydra-related","B380","binary_aquatic_dependence","NWD1",97,"Developmental / transcriptional signaling regulators","aquatic_specific",0.404558879261438,-0.770902977382563,-0.311875644549196,0.311875644549196,10,"top_absolute"
"Lutrinae_sampled","Lutrinae / Enhydra-related","B380","binary_aquatic_dependence","WDR93",2,"Cilia / flagella / reproductive-cell function","shared",-0.4793197990576,0.642784799046874,-0.308099480716428,0.308099480716428,11,"top_absolute"
"Lutrinae_sampled","Lutrinae / Enhydra-related","B380","binary_aquatic_dependence","KEAP1",21,"Developmental / transcriptional signaling regulators","aquatic_specific",-0.19883739251004,-1.5436668077506,0.306938682957427,0.306938682957427,12,"top_absolute"
"Lutrinae_sampled","Lutrinae / Enhydra-related","B380","marine","HIGD1B",62,"Vascular / hematologic regulation","marine_specific",0.328380050132626,2.36106303074782,0.77532599640326,0.77532599640326,1,"top_absolute"
"Lutrinae_sampled","Lutrinae / Enhydra-related","B380","marine","PUSL1",5,"Metabolism / redox / lipid handling","shared",-0.270477624990477,2.47049022849186,-0.668212329564657,0.668212329564657,2,"top_absolute"
"Lutrinae_sampled","Lutrinae / Enhydra-related","B380","marine","FAM234A",18,"Unassigned / low-confidence","marine_specific",-0.108556846491888,5.98528734085229,-0.649743919070743,0.649743919070743,3,"top_absolute"
"Lutrinae_sampled","Lutrinae / Enhydra-related","B380","marine","KCNK18",69,"Ion channels / mechanosensation / membrane signaling","shared",0.43928773003255,-1.21344822905597,-0.533052918054014,0.533052918054014,4,"top_absolute"
"Lutrinae_sampled","Lutrinae / Enhydra-related","B380","marine","ALOX12B",54,"Epithelial / body-surface interface","marine_specific",0.149753620737968,3.01865542951177,0.452054580329715,0.452054580329715,5,"top_absolute"
"Lutrinae_sampled","Lutrinae / Enhydra-related","B380","marine","ACP4",65,"Cytoskeletal / muscle / ECM / adhesion","marine_specific",0.36185377349003,-1.04945723387968,-0.379750060195771,0.379750060195771,6,"top_absolute"
"Lutrinae_sampled","Lutrinae / Enhydra-related","B380","marine","MYH7B",67,"Cytoskeletal / muscle / ECM / adhesion","marine_specific",0.397856553371577,-0.886166488666984,-0.352567144894439,0.352567144894439,7,"top_absolute"
"Lutrinae_sampled","Lutrinae / Enhydra-related","B380","marine","IL33",59,"Immune / inflammatory regulation","shared",0.27044270721607,-1.25623647320033,-0.339739992715866,0.339739992715866,8,"top_absolute"
"Lutrinae_sampled","Lutrinae / Enhydra-related","B380","marine","HGFAC",3,"Vascular / hematologic regulation","shared",-0.314672853107267,-1.04968787787554,0.330308279403207,0.330308279403207,9,"top_absolute"
"Lutrinae_sampled","Lutrinae / Enhydra-related","B380","marine","KRTDAP",66,"Epithelial / body-surface interface","shared",0.386565925079529,-0.7956627842008,-0.307576120225936,0.307576120225936,10,"top_absolute"
"Lutrinae_sampled","Lutrinae / Enhydra-related","B380","marine","SLC28A1",50,"Transport / endocytic / epithelial solute handling","marine_specific",0.128656733732997,2.28533599927687,0.294023865149396,0.294023865149396,11,"top_absolute"
"Lutrinae_sampled","Lutrinae / Enhydra-related","B380","marine","OMP",64,"Sensory systems","shared",0.345615697623917,-0.83680215058049,-0.28921195904607,0.28921195904607,12,"top_absolute"
"Mysticeti","Mysticeti","B544","binary_aquatic_dependence","TGM3",101,"Epithelial / body-surface interface","shared",1.04080869919882,3.35629556968149,3.49326162600694,3.49326162600694,1,"top_absolute"
"Mysticeti","Mysticeti","B544","binary_aquatic_dependence","FAM13A",96,"Developmental / transcriptional signaling regulators","aquatic_specific",0.348973910716795,2.1136166577815,0.737597070822171,0.737597070822171,2,"top_absolute"
"Mysticeti","Mysticeti","B544","binary_aquatic_dependence","SYTL5",93,"Membrane trafficking / ER / vesicle processing","aquatic_specific",0.265993756746688,1.95213536253981,0.519255818760022,0.519255818760022,3,"top_absolute"
"Mysticeti","Mysticeti","B544","binary_aquatic_dependence","PDGFB",5,"Vascular / hematologic regulation","aquatic_specific",-0.348561123284862,-1.26540545001707,0.441071145068738,0.441071145068738,4,"top_absolute"
"Mysticeti","Mysticeti","B544","binary_aquatic_dependence","PMIS2",3,"Developmental / transcriptional signaling regulators","aquatic_specific",-0.39072525213697,-1.11454446072728,0.435480665435529,0.435480665435529,5,"top_absolute"
"Mysticeti","Mysticeti","B544","binary_aquatic_dependence","LRP2",98,"Transport / endocytic / epithelial solute handling","aquatic_specific",0.471378525654808,-0.871086630920443,-0.410611531800893,0.410611531800893,6,"top_absolute"
"Mysticeti","Mysticeti","B544","binary_aquatic_dependence","PRSS53",89,"Epithelial / body-surface interface","aquatic_specific",0.194083977905306,1.55501341674412,0.30180318961782,0.30180318961782,7,"top_absolute"
"Mysticeti","Mysticeti","B544","binary_aquatic_dependence","PER1",100,"Endocrine / circadian / systemic regulation","aquatic_specific",0.784004329488712,-0.366159151001057,-0.28707035966674,0.28707035966674,8,"top_absolute"
"Mysticeti","Mysticeti","B544","binary_aquatic_dependence","CATSPERG",17,"Cilia / flagella / reproductive-cell function","aquatic_specific",-0.232264279338058,-1.1700467874667,0.271760073882762,0.271760073882762,9,"top_absolute"
"Mysticeti","Mysticeti","B544","binary_aquatic_dependence","IL33",94,"Immune / inflammatory regulation","shared",0.340038935001018,0.79386899550717,0.269946367762586,0.269946367762586,10,"top_absolute"
"Mysticeti","Mysticeti","B544","binary_aquatic_dependence","OR6B1",81,"Sensory systems","shared",0.1211331117984,2.17700041117007,0.263706834191428,0.263706834191428,11,"top_absolute"
"Mysticeti","Mysticeti","B544","binary_aquatic_dependence","NWD1",97,"Developmental / transcriptional signaling regulators","aquatic_specific",0.404558879261438,-0.621487675694987,-0.25142835755396,0.25142835755396,12,"top_absolute"
"Mysticeti","Mysticeti","B544","marine","TGM3",71,"Epithelial / body-surface interface","shared",0.691315381170856,3.42737713935613,2.36939853351026,2.36939853351026,1,"top_absolute"
"Mysticeti","Mysticeti","B544","marine","KRTDAP",66,"Epithelial / body-surface interface","shared",0.386565925079529,3.96281146283065,1.53188787904489,1.53188787904489,2,"top_absolute"
"Mysticeti","Mysticeti","B544","marine","MYH13",70,"Cytoskeletal / muscle / ECM / adhesion","marine_specific",0.480299625271563,3.17806330627745,1.52642261509437,1.52642261509437,3,"top_absolute"
"Mysticeti","Mysticeti","B544","marine","KRT17",57,"Epithelial / body-surface interface","marine_specific",0.189861649168978,4.50468499097082,0.855266921372465,0.855266921372465,4,"top_absolute"
"Mysticeti","Mysticeti","B544","marine","HIGD1B",62,"Vascular / hematologic regulation","marine_specific",0.328380050132626,2.11745684216464,0.695330583983698,0.695330583983698,5,"top_absolute"
"Mysticeti","Mysticeti","B544","marine","IL36G",56,"Immune / inflammatory regulation","marine_specific",0.166019839478868,4.17380519819718,0.692934469020761,0.692934469020761,6,"top_absolute"
"Mysticeti","Mysticeti","B544","marine","NKPD1",58,"Unassigned / low-confidence","marine_specific",0.230941713295598,2.95305214558461,0.681982921952551,0.681982921952551,7,"top_absolute"
"Mysticeti","Mysticeti","B544","marine","EPOR",1,"Vascular / hematologic regulation","shared",-0.562386788005208,0.799318534189459,-0.449526183035841,0.449526183035841,8,"top_absolute"
"Mysticeti","Mysticeti","B544","marine","OR6B1",49,"Sensory systems","shared",0.111781295712533,2.22606504459034,0.248832435024686,0.248832435024686,9,"top_absolute"
"Mysticeti","Mysticeti","B544","marine","DBNL",48,"Cytoskeletal / muscle / ECM / adhesion","shared",0.109704318050152,2.03811090717303,0.223589567181993,0.223589567181993,10,"top_absolute"
"Mysticeti","Mysticeti","B544","marine","IL33",59,"Immune / inflammatory regulation","shared",0.27044270721607,0.817323917917835,0.221039293034144,0.221039293034144,11,"top_absolute"
"Mysticeti","Mysticeti","B544","marine","SSTR4",52,"Endocrine / circadian / systemic regulation","marine_specific",0.137940410562783,1.58071230779434,0.218044104718796,0.218044104718796,12,"top_absolute"
"Odontoceti","Odontoceti","B591","binary_aquatic_dependence","TGM3",101,"Epithelial / body-surface interface","shared",1.04080869919882,1.71760144498072,1.78769452569239,1.78769452569239,1,"top_absolute"
"Odontoceti","Odontoceti","B591","binary_aquatic_dependence","WDR93",2,"Cilia / flagella / reproductive-cell function","shared",-0.4793197990576,2.79337272873195,-1.33891885502878,1.33891885502878,2,"top_absolute"
"Odontoceti","Odontoceti","B591","binary_aquatic_dependence","LRP2",98,"Transport / endocytic / epithelial solute handling","aquatic_specific",0.471378525654808,-1.90251226232833,-0.896803425256523,0.896803425256523,3,"top_absolute"
"Odontoceti","Odontoceti","B591","binary_aquatic_dependence","NWD1",97,"Developmental / transcriptional signaling regulators","aquatic_specific",0.404558879261438,2.13134197001468,0.862253318712004,0.862253318712004,4,"top_absolute"
"Odontoceti","Odontoceti","B591","binary_aquatic_dependence","ATF7IP2",1,"DNA repair / chromatin / cell-cycle","aquatic_specific",-0.581769927151342,-1.26332913940761,0.73496690140133,0.73496690140133,5,"top_absolute"
"Odontoceti","Odontoceti","B591","binary_aquatic_dependence","NLRP8",11,"Immune / inflammatory regulation","aquatic_specific",-0.249357601464042,2.52224184057161,-0.628940175677187,0.628940175677187,6,"top_absolute"
"Odontoceti","Odontoceti","B591","binary_aquatic_dependence","PUSL1",6,"Metabolism / redox / lipid handling","shared",-0.314220898750119,-1.658852287477,0.521246056664714,0.521246056664714,7,"top_absolute"
"Odontoceti","Odontoceti","B591","binary_aquatic_dependence","ACADSB",14,"Metabolism / redox / lipid handling","aquatic_specific",-0.238865076823398,-1.85410187467603,0.442880186732896,0.442880186732896,8,"top_absolute"
"Odontoceti","Odontoceti","B591","binary_aquatic_dependence","IL33",94,"Immune / inflammatory regulation","shared",0.340038935001018,-1.25231167496481,-0.425834728244375,0.425834728244375,9,"top_absolute"
"Odontoceti","Odontoceti","B591","binary_aquatic_dependence","SLC6A15",16,"Transport / endocytic / epithelial solute handling","aquatic_specific",-0.23289351110375,-1.75837801236207,0.409514829146635,0.409514829146635,10,"top_absolute"
"Odontoceti","Odontoceti","B591","binary_aquatic_dependence","CACNA1G",99,"Ion channels / mechanosensation / membrane signaling","aquatic_specific",0.593854706123962,0.662593404378638,0.393484211436952,0.393484211436952,11,"top_absolute"
"Odontoceti","Odontoceti","B591","binary_aquatic_dependence","SYTL5",93,"Membrane trafficking / ER / vesicle processing","aquatic_specific",0.265993756746688,-1.47902884264825,-0.393412438192713,0.393412438192713,12,"top_absolute"
"Odontoceti","Odontoceti","B591","marine","KRT17",57,"Epithelial / body-surface interface","marine_specific",0.189861649168978,8.01156136287436,1.52108825277379,1.52108825277379,1,"top_absolute"
"Odontoceti","Odontoceti","B591","marine","IL36G",56,"Immune / inflammatory regulation","marine_specific",0.166019839478868,7.4991103527243,1.24500109699361,1.24500109699361,2,"top_absolute"
"Odontoceti","Odontoceti","B591","marine","TGM3",71,"Epithelial / body-surface interface","shared",0.691315381170856,1.75873690516497,1.21584187397337,1.21584187397337,3,"top_absolute"
"Odontoceti","Odontoceti","B591","marine","TPX2",2,"DNA repair / chromatin / cell-cycle","marine_specific",-0.547364151458345,-1.48197132846654,0.811177978691681,0.811177978691681,4,"top_absolute"
"Odontoceti","Odontoceti","B591","marine","KRTDAP",66,"Epithelial / body-surface interface","shared",0.386565925079529,2.00567549029258,0.775325801314288,0.775325801314288,5,"top_absolute"
"Odontoceti","Odontoceti","B591","marine","NKPD1",58,"Unassigned / low-confidence","marine_specific",0.230941713295598,3.30013257701517,0.762138271438499,0.762138271438499,6,"top_absolute"
"Odontoceti","Odontoceti","B591","marine","WDR93",8,"Cilia / flagella / reproductive-cell function","shared",-0.242927446164409,2.8334785110413,-0.688329698448994,0.688329698448994,7,"top_absolute"
"Odontoceti","Odontoceti","B591","marine","MYH13",70,"Cytoskeletal / muscle / ECM / adhesion","marine_specific",0.480299625271563,1.03466291707707,0.496948211354498,0.496948211354498,8,"top_absolute"
"Odontoceti","Odontoceti","B591","marine","PUSL1",5,"Metabolism / redox / lipid handling","shared",-0.270477624990477,-1.67083747087067,0.451924150866194,0.451924150866194,9,"top_absolute"
"Odontoceti","Odontoceti","B591","marine","SDR9C7",68,"Epithelial / body-surface interface","shared",0.409389888665918,1.09746070982389,0.449289317810024,0.449289317810024,10,"top_absolute"
"Odontoceti","Odontoceti","B591","marine","ASMTL",10,"Endocrine / circadian / systemic regulation","shared",-0.225475311673798,1.89932613666417,-0.428251152634545,0.428251152634545,11,"top_absolute"
"Odontoceti","Odontoceti","B591","marine","KCNK18",69,"Ion channels / mechanosensation / membrane signaling","shared",0.43928773003255,-0.960759357598265,-0.422049797306872,0.422049797306872,12,"top_absolute"
"Otariidae","Otariidae","B393","binary_aquatic_dependence","PER1",100,"Endocrine / circadian / systemic regulation","aquatic_specific",0.784004329488712,1.19354907415823,0.935747641597296,0.935747641597296,1,"top_absolute"
"Otariidae","Otariidae","B393","binary_aquatic_dependence","ACADSB",14,"Metabolism / redox / lipid handling","aquatic_specific",-0.238865076823398,3.02406705652264,-0.722344009775387,0.722344009775387,2,"top_absolute"
"Otariidae","Otariidae","B393","binary_aquatic_dependence","SDR9C7",91,"Epithelial / body-surface interface","shared",0.220181989308241,2.50011832341195,0.550481025954827,0.550481025954827,3,"top_absolute"
"Otariidae","Otariidae","B393","binary_aquatic_dependence","SLC6A15",16,"Transport / endocytic / epithelial solute handling","aquatic_specific",-0.23289351110375,2.22530909925717,-0.518260049417126,0.518260049417126,4,"top_absolute"
"Otariidae","Otariidae","B393","binary_aquatic_dependence","TGM3",101,"Epithelial / body-surface interface","shared",1.04080869919882,-0.452983284835164,-0.471468943448094,0.471468943448094,5,"top_absolute"
"Otariidae","Otariidae","B393","binary_aquatic_dependence","NLRP8",11,"Immune / inflammatory regulation","aquatic_specific",-0.249357601464042,-1.24584100762268,0.310659925466337,0.310659925466337,6,"top_absolute"
"Otariidae","Otariidae","B393","binary_aquatic_dependence","TIGD7",26,"Developmental / transcriptional signaling regulators","aquatic_specific",-0.153350666144971,1.93834609322955,-0.297246664616254,0.297246664616254,7,"top_absolute"
"Otariidae","Otariidae","B393","binary_aquatic_dependence","H1_8",24,"DNA repair / chromatin / cell-cycle","aquatic_specific",-0.160268979059258,1.71922596608087,-0.275538590355948,0.275538590355948,8,"top_absolute"
"Otariidae","Otariidae","B393","binary_aquatic_dependence","SLC5A5",19,"Transport / endocytic / epithelial solute handling","aquatic_specific",-0.231105741131879,-1.13510413490018,0.262329082357966,0.262329082357966,9,"top_absolute"
"Otariidae","Otariidae","B393","binary_aquatic_dependence","TTC28",15,"Developmental / transcriptional signaling regulators","aquatic_specific",-0.237914556985983,-1.10251935653359,0.262305404278161,0.262305404278161,10,"top_absolute"
"Otariidae","Otariidae","B393","binary_aquatic_dependence","PUSL1",6,"Metabolism / redox / lipid handling","shared",-0.314220898750119,0.799589526228338,-0.25124773956265,0.25124773956265,11,"top_absolute"
"Otariidae","Otariidae","B393","binary_aquatic_dependence","SEC61A2",87,"Membrane trafficking / ER / vesicle processing","aquatic_specific",0.176583875943885,1.40013815486525,0.247241822243024,0.247241822243024,12,"top_absolute"
"Otariidae","Otariidae","B393","marine","SDR9C7",68,"Epithelial / body-surface interface","shared",0.409389888665918,2.55593872449409,1.04637546985754,1.04637546985754,1,"top_absolute"
"Otariidae","Otariidae","B393","marine","HIGD1B",62,"Vascular / hematologic regulation","marine_specific",0.328380050132626,0.982658706583528,0.322685515331161,0.322685515331161,2,"top_absolute"
"Otariidae","Otariidae","B393","marine","TGM3",71,"Epithelial / body-surface interface","shared",0.691315381170856,-0.451513902045998,-0.312138505296869,0.312138505296869,3,"top_absolute"
"Otariidae","Otariidae","B393","marine","NR2C2AP",41,"Developmental / transcriptional signaling regulators","marine_specific",0.0628652617594018,4.54484588179623,0.28571292601526,0.28571292601526,4,"top_absolute"
"Otariidae","Otariidae","B393","marine","HGFAC",3,"Vascular / hematologic regulation","shared",-0.314672853107267,-0.817573571524875,0.25726820837683,0.25726820837683,5,"top_absolute"
"Otariidae","Otariidae","B393","marine","ESYT3",55,"Membrane trafficking / ER / vesicle processing","marine_specific",0.153832070750976,1.49753245265553,0.230368518208788,0.230368518208788,6,"top_absolute"
"Otariidae","Otariidae","B393","marine","ASMTL",10,"Endocrine / circadian / systemic regulation","shared",-0.225475311673798,-1.0189767812077,0.229754107331169,0.229754107331169,7,"top_absolute"
"Otariidae","Otariidae","B393","marine","SYDE1",4,"Cytoskeletal / muscle / ECM / adhesion","shared",-0.314258007626709,-0.700673326479718,0.220192203576695,0.220192203576695,8,"top_absolute"
"Otariidae","Otariidae","B393","marine","PUSL1",5,"Metabolism / redox / lipid handling","shared",-0.270477624990477,0.80871305536337,-0.218738786513476,0.218738786513476,9,"top_absolute"
"Otariidae","Otariidae","B393","marine","CATSPERZ",6,"Cilia / flagella / reproductive-cell function","shared",-0.264244206101874,-0.824579944169246,0.21789047271453,0.21789047271453,10,"top_absolute"
"Otariidae","Otariidae","B393","marine","TPX2",2,"DNA repair / chromatin / cell-cycle","marine_specific",-0.547364151458345,-0.394872691943337,0.216139155959637,0.216139155959637,11,"top_absolute"
"Otariidae","Otariidae","B393","marine","FN3K",11,"Metabolism / redox / lipid handling","shared",-0.217860441354345,0.948775487373491,-0.206700646425372,0.206700646425372,12,"top_absolute"
"Otariinae_sampled","Otariinae","B392","binary_aquatic_dependence","WDR93",2,"Cilia / flagella / reproductive-cell function","shared",-0.4793197990576,-1.95118120400594,0.935239782629095,0.935239782629095,1,"top_absolute"
"Otariinae_sampled","Otariinae","B392","binary_aquatic_dependence","NWD1",97,"Developmental / transcriptional signaling regulators","aquatic_specific",0.404558879261438,-2.18087531346393,-0.882292472623907,0.882292472623907,2,"top_absolute"
"Otariinae_sampled","Otariinae","B392","binary_aquatic_dependence","CACNA1G",99,"Ion channels / mechanosensation / membrane signaling","aquatic_specific",0.593854706123962,-1.36052119398748,-0.80795191383086,0.80795191383086,3,"top_absolute"
"Otariinae_sampled","Otariinae","B392","binary_aquatic_dependence","PDGFB",5,"Vascular / hematologic regulation","aquatic_specific",-0.348561123284862,1.90195349480841,-0.66294704658599,0.66294704658599,4,"top_absolute"
"Otariinae_sampled","Otariinae","B392","binary_aquatic_dependence","OMP",92,"Sensory systems","shared",0.231144543648012,2.28644775984868,0.528499924025243,0.528499924025243,5,"top_absolute"
"Otariinae_sampled","Otariinae","B392","binary_aquatic_dependence","PUSL1",6,"Metabolism / redox / lipid handling","shared",-0.314220898750119,-1.658852287477,0.521246056664714,0.521246056664714,6,"top_absolute"
"Otariinae_sampled","Otariinae","B392","binary_aquatic_dependence","SPEF2",85,"Cilia / flagella / reproductive-cell function","aquatic_specific",0.174059525751515,2.68340474849165,0.467072157921821,0.467072157921821,7,"top_absolute"
"Otariinae_sampled","Otariinae","B392","binary_aquatic_dependence","IL33",94,"Immune / inflammatory regulation","shared",0.340038935001018,-1.25231167496481,-0.425834728244375,0.425834728244375,8,"top_absolute"
"Otariinae_sampled","Otariinae","B392","binary_aquatic_dependence","ATF7IP2",1,"DNA repair / chromatin / cell-cycle","aquatic_specific",-0.581769927151342,-0.722605777014462,0.420390310252842,0.420390310252842,9,"top_absolute"
"Otariinae_sampled","Otariinae","B392","binary_aquatic_dependence","MEFV",36,"Immune / inflammatory regulation","aquatic_specific",-0.106234859098565,3.94063657235663,-0.41863297102296,0.41863297102296,10,"top_absolute"
"Otariinae_sampled","Otariinae","B392","binary_aquatic_dependence","SLC6A15",16,"Transport / endocytic / epithelial solute handling","aquatic_specific",-0.23289351110375,-1.75837801236207,0.409514829146635,0.409514829146635,11,"top_absolute"
"Otariinae_sampled","Otariinae","B392","binary_aquatic_dependence","NLRP8",11,"Immune / inflammatory regulation","aquatic_specific",-0.249357601464042,-1.5470085466381,0.385758340634049,0.385758340634049,12,"top_absolute"
"Otariinae_sampled","Otariinae","B392","marine","MYH7B",67,"Cytoskeletal / muscle / ECM / adhesion","marine_specific",0.397856553371577,3.8175256411827,1.51882759400857,1.51882759400857,1,"top_absolute"
"Otariinae_sampled","Otariinae","B392","marine","MYH13",70,"Cytoskeletal / muscle / ECM / adhesion","marine_specific",0.480299625271563,2.11524625248677,1.01595198242647,1.01595198242647,2,"top_absolute"
"Otariinae_sampled","Otariinae","B392","marine","EPOR",1,"Vascular / hematologic regulation","shared",-0.562386788005208,-1.79609739748767,1.0101014463176,1.0101014463176,3,"top_absolute"
"Otariinae_sampled","Otariinae","B392","marine","CAPN14",63,"Epithelial / body-surface interface","marine_specific",0.342438899161804,2.81485196360131,0.963914807719074,0.963914807719074,4,"top_absolute"
"Otariinae_sampled","Otariinae","B392","marine","OMP",64,"Sensory systems","shared",0.345615697623917,2.28401197045801,0.789390390551221,0.789390390551221,5,"top_absolute"
"Otariinae_sampled","Otariinae","B392","marine","SSTR4",52,"Endocrine / circadian / systemic regulation","marine_specific",0.137940410562783,4.12200465395837,0.56859101430872,0.56859101430872,6,"top_absolute"
"Otariinae_sampled","Otariinae","B392","marine","WDR93",8,"Cilia / flagella / reproductive-cell function","shared",-0.242927446164409,-1.96092042820439,0.47636139175531,0.47636139175531,7,"top_absolute"
"Otariinae_sampled","Otariinae","B392","marine","HIGD1B",62,"Vascular / hematologic regulation","marine_specific",0.328380050132626,1.3970769234555,0.458772190163452,0.458772190163452,8,"top_absolute"
"Otariinae_sampled","Otariinae","B392","marine","PUSL1",5,"Metabolism / redox / lipid handling","shared",-0.270477624990477,-1.67083747087067,0.451924150866194,0.451924150866194,9,"top_absolute"
"Otariinae_sampled","Otariinae","B392","marine","SYDE1",4,"Cytoskeletal / muscle / ECM / adhesion","shared",-0.314258007626709,-1.38538644174283,0.435368782975158,0.435368782975158,10,"top_absolute"
"Otariinae_sampled","Otariinae","B392","marine","ACP4",65,"Cytoskeletal / muscle / ECM / adhesion","marine_specific",0.36185377349003,-1.20249539309819,-0.435127495596957,0.435127495596957,11,"top_absolute"
"Otariinae_sampled","Otariinae","B392","marine","TPX2",2,"DNA repair / chromatin / cell-cycle","marine_specific",-0.547364151458345,-0.794095502985267,0.434659411168418,0.434659411168418,12,"top_absolute"
"Otarioidea","Otarioidea","B394","binary_aquatic_dependence","PER1",100,"Endocrine / circadian / systemic regulation","aquatic_specific",0.784004329488712,1.30825562743724,1.02567807598877,1.02567807598877,1,"top_absolute"
"Otarioidea","Otarioidea","B394","binary_aquatic_dependence","CACNA1G",99,"Ion channels / mechanosensation / membrane signaling","aquatic_specific",0.593854706123962,0.950106931070025,0.564225472336929,0.564225472336929,2,"top_absolute"
"Otarioidea","Otarioidea","B394","binary_aquatic_dependence","FAM20B",28,"Developmental / transcriptional signaling regulators","aquatic_specific",-0.149046125022571,2.66112402284671,-0.396630223809778,0.396630223809778,3,"top_absolute"
"Otarioidea","Otarioidea","B394","binary_aquatic_dependence","ATF7IP2",1,"DNA repair / chromatin / cell-cycle","aquatic_specific",-0.581769927151342,0.548589360018638,-0.319152792014044,0.319152792014044,4,"top_absolute"
"Otarioidea","Otarioidea","B394","binary_aquatic_dependence","NLRP8",11,"Immune / inflammatory regulation","aquatic_specific",-0.249357601464042,-1.1910993312489,0.297009672345651,0.297009672345651,5,"top_absolute"
"Otarioidea","Otarioidea","B394","binary_aquatic_dependence","SYTL5",93,"Membrane trafficking / ER / vesicle processing","aquatic_specific",0.265993756746688,-1.02446507838628,-0.272501314855755,0.272501314855755,6,"top_absolute"
"Otarioidea","Otarioidea","B394","binary_aquatic_dependence","CORO2A",34,"Cytoskeletal / muscle / ECM / adhesion","aquatic_specific",-0.110434776748237,2.43830145314571,-0.269273276623049,0.269273276623049,7,"top_absolute"
"Otarioidea","Otarioidea","B394","binary_aquatic_dependence","SLC5A5",19,"Transport / endocytic / epithelial solute handling","aquatic_specific",-0.231105741131879,1.11756234059809,-0.258275072985,0.258275072985,8,"top_absolute"
"Otarioidea","Otarioidea","B394","binary_aquatic_dependence","PFKP",4,"Metabolism / redox / lipid handling","aquatic_specific",-0.356881027792284,0.637908549625335,-0.227657458827775,0.227657458827775,9,"top_absolute"
"Otarioidea","Otarioidea","B394","binary_aquatic_dependence","PMIS2",3,"Developmental / transcriptional signaling regulators","aquatic_specific",-0.39072525213697,-0.577745063707846,0.225739585688138,0.225739585688138,10,"top_absolute"
"Otarioidea","Otarioidea","B394","binary_aquatic_dependence","PDGFB",5,"Vascular / hematologic regulation","aquatic_specific",-0.348561123284862,-0.632236822484831,0.220373177027365,0.220373177027365,11,"top_absolute"
"Otarioidea","Otarioidea","B394","binary_aquatic_dependence","LRP2",98,"Transport / endocytic / epithelial solute handling","aquatic_specific",0.471378525654808,-0.402230659654637,-0.189602895321164,0.189602895321164,12,"top_absolute"
"Otarioidea","Otarioidea","B394","marine","SDR9C7",68,"Epithelial / body-surface interface","shared",0.409389888665918,0.750207581006501,0.307127398064579,0.307127398064579,1,"top_absolute"
"Otarioidea","Otarioidea","B394","marine","EPOR",1,"Vascular / hematologic regulation","shared",-0.562386788005208,-0.502524437345524,0.282613104212874,0.282613104212874,2,"top_absolute"
"Otarioidea","Otarioidea","B394","marine","KCNK18",69,"Ion channels / mechanosensation / membrane signaling","shared",0.43928773003255,0.594147181232109,0.261001566548691,0.261001566548691,3,"top_absolute"
"Otarioidea","Otarioidea","B394","marine","TPX2",2,"DNA repair / chromatin / cell-cycle","marine_specific",-0.547364151458345,-0.455774825923789,0.24947480084785,0.24947480084785,4,"top_absolute"
"Otarioidea","Otarioidea","B394","marine","CATSPERZ",6,"Cilia / flagella / reproductive-cell function","shared",-0.264244206101874,0.872783786529336,-0.230628058770032,0.230628058770032,5,"top_absolute"
"Otarioidea","Otarioidea","B394","marine","KRTDAP",66,"Epithelial / body-surface interface","shared",0.386565925079529,-0.546341259339231,-0.211196914325585,0.211196914325585,6,"top_absolute"
"Otarioidea","Otarioidea","B394","marine","SYDE1",4,"Cytoskeletal / muscle / ECM / adhesion","shared",-0.314258007626709,0.659397489303723,-0.207220941222642,0.207220941222642,7,"top_absolute"
"Otarioidea","Otarioidea","B394","marine","OR52W1",61,"Sensory systems","shared",0.282799403614638,-0.730182456987571,-0.206495163365956,0.206495163365956,8,"top_absolute"
"Otarioidea","Otarioidea","B394","marine","HGFAC",3,"Vascular / hematologic regulation","shared",-0.314672853107267,-0.637190014423496,0.200506399810102,0.200506399810102,9,"top_absolute"
"Otarioidea","Otarioidea","B394","marine","ESYT3",55,"Membrane trafficking / ER / vesicle processing","marine_specific",0.153832070750976,1.29178860728676,0.198718516431443,0.198718516431443,10,"top_absolute"
"Otarioidea","Otarioidea","B394","marine","HOXD10",60,"Developmental / transcriptional signaling regulators","marine_specific",0.28020716230031,-0.60795096148977,-0.170352213736793,0.170352213736793,11,"top_absolute"
"Otarioidea","Otarioidea","B394","marine","CAPN14",63,"Epithelial / body-surface interface","marine_specific",0.342438899161804,-0.492569210135545,-0.168674858079815,0.168674858079815,12,"top_absolute"
"Phocidae","Phocidae","B409","binary_aquatic_dependence","TGM3",101,"Epithelial / body-surface interface","shared",1.04080869919882,3.49677302526257,3.63947178381704,3.63947178381704,1,"top_absolute"
"Phocidae","Phocidae","B409","binary_aquatic_dependence","PER1",100,"Endocrine / circadian / systemic regulation","aquatic_specific",0.784004329488712,1.30067151278296,1.01973209726447,1.01973209726447,2,"top_absolute"
"Phocidae","Phocidae","B409","binary_aquatic_dependence","ACADSB",14,"Metabolism / redox / lipid handling","aquatic_specific",-0.238865076823398,2.32662040107206,-0.555748360840961,0.555748360840961,3,"top_absolute"
"Phocidae","Phocidae","B409","binary_aquatic_dependence","SYTL5",93,"Membrane trafficking / ER / vesicle processing","aquatic_specific",0.265993756746688,1.63931981231984,0.43604883538823,0.43604883538823,4,"top_absolute"
"Phocidae","Phocidae","B409","binary_aquatic_dependence","PMIS2",3,"Developmental / transcriptional signaling regulators","aquatic_specific",-0.39072525213697,-1.11454446072728,0.435480665435529,0.435480665435529,5,"top_absolute"
"Phocidae","Phocidae","B409","binary_aquatic_dependence","OMP",92,"Sensory systems","shared",0.231144543648012,1.6681111244486,0.385574784614844,0.385574784614844,6,"top_absolute"
"Phocidae","Phocidae","B409","binary_aquatic_dependence","C16orf91",9,"Unassigned / low-confidence","aquatic_specific",-0.262195862787636,1.43644720049197,-0.376630513081876,0.376630513081876,7,"top_absolute"
"Phocidae","Phocidae","B409","binary_aquatic_dependence","FN3K",12,"Metabolism / redox / lipid handling","shared",-0.244837253974046,-1.48334480467037,0.363178068672161,0.363178068672161,8,"top_absolute"
"Phocidae","Phocidae","B409","binary_aquatic_dependence","WDR93",2,"Cilia / flagella / reproductive-cell function","shared",-0.4793197990576,0.749362405539457,-0.359184237644493,0.359184237644493,9,"top_absolute"
"Phocidae","Phocidae","B409","binary_aquatic_dependence","ATF7IP2",1,"DNA repair / chromatin / cell-cycle","aquatic_specific",-0.581769927151342,-0.617022950355934,0.358965396879278,0.358965396879278,10,"top_absolute"
"Phocidae","Phocidae","B409","binary_aquatic_dependence","SYDE1",18,"Cytoskeletal / muscle / ECM / adhesion","shared",-0.232023025562006,-1.52642459265759,0.354165652280667,0.354165652280667,11,"top_absolute"
"Phocidae","Phocidae","B409","binary_aquatic_dependence","KIF18A",95,"DNA repair / chromatin / cell-cycle","aquatic_specific",0.340198342633948,-0.873904057480098,-0.297300711975811,0.297300711975811,12,"top_absolute"
"Phocidae","Phocidae","B409","marine","TGM3",71,"Epithelial / body-surface interface","shared",0.691315381170856,3.57042173251485,2.46828746095421,2.46828746095421,1,"top_absolute"
"Phocidae","Phocidae","B409","marine","OMP",64,"Sensory systems","shared",0.345615697623917,1.66207879005841,0.574440520531954,0.574440520531954,2,"top_absolute"
"Phocidae","Phocidae","B409","marine","SYDE1",4,"Cytoskeletal / muscle / ECM / adhesion","shared",-0.314258007626709,-1.55789320285591,0.489580414024693,0.489580414024693,3,"top_absolute"
"Phocidae","Phocidae","B409","marine","MYH7B",67,"Cytoskeletal / muscle / ECM / adhesion","marine_specific",0.397856553371577,1.16725334090979,0.464399391125826,0.464399391125826,4,"top_absolute"
"Phocidae","Phocidae","B409","marine","SDR9C7",68,"Epithelial / body-surface interface","shared",0.409389888665918,-0.993922458336688,-0.406901804561013,0.406901804561013,5,"top_absolute"
"Phocidae","Phocidae","B409","marine","KCNK18",69,"Ion channels / mechanosensation / membrane signaling","shared",0.43928773003255,0.820522409648946,0.360445426775523,0.360445426775523,6,"top_absolute"
"Phocidae","Phocidae","B409","marine","NKPD1",58,"Unassigned / low-confidence","marine_specific",0.230941713295598,1.47283747607586,0.340139610130923,0.340139610130923,7,"top_absolute"
"Phocidae","Phocidae","B409","marine","FN3K",11,"Metabolism / redox / lipid handling","shared",-0.217860441354345,-1.48575847577325,0.323687997277918,0.323687997277918,8,"top_absolute"
"Phocidae","Phocidae","B409","marine","KRTDAP",66,"Epithelial / body-surface interface","shared",0.386565925079529,-0.7956627842008,-0.307576120225936,0.307576120225936,9,"top_absolute"
"Phocidae","Phocidae","B409","marine","EPOR",1,"Vascular / hematologic regulation","shared",-0.562386788005208,-0.53735770508762,0.302202873774077,0.302202873774077,10,"top_absolute"
"Phocidae","Phocidae","B409","marine","ACP4",65,"Cytoskeletal / muscle / ECM / adhesion","marine_specific",0.36185377349003,0.8260586716069,0.298912447445118,0.298912447445118,11,"top_absolute"
"Phocidae","Phocidae","B409","marine","ASMTL",10,"Endocrine / circadian / systemic regulation","shared",-0.225475311673798,-1.1214687753254,0.252863521648927,0.252863521648927,12,"top_absolute"
"Pinnipedia","Crown Pinnipedia","B410","binary_aquatic_dependence","PER1",100,"Endocrine / circadian / systemic regulation","aquatic_specific",0.784004329488712,1.14686079145267,0.899143825819746,0.899143825819746,1,"top_absolute"
"Pinnipedia","Crown Pinnipedia","B410","binary_aquatic_dependence","CACNA1G",99,"Ion channels / mechanosensation / membrane signaling","aquatic_specific",0.593854706123962,0.856493163342732,0.508632495814081,0.508632495814081,2,"top_absolute"
"Pinnipedia","Crown Pinnipedia","B410","binary_aquatic_dependence","PMIS2",3,"Developmental / transcriptional signaling regulators","aquatic_specific",-0.39072525213697,-0.912747553737685,0.35663351807156,0.35663351807156,3,"top_absolute"
"Pinnipedia","Crown Pinnipedia","B410","binary_aquatic_dependence","ATF7IP2",1,"DNA repair / chromatin / cell-cycle","aquatic_specific",-0.581769927151342,-0.605662267577492,0.352356093286874,0.352356093286874,4,"top_absolute"
"Pinnipedia","Crown Pinnipedia","B410","binary_aquatic_dependence","KEAP1",21,"Developmental / transcriptional signaling regulators","aquatic_specific",-0.19883739251004,1.46780926495515,-0.29185536694576,0.29185536694576,5,"top_absolute"
"Pinnipedia","Crown Pinnipedia","B410","binary_aquatic_dependence","TTC28",15,"Developmental / transcriptional signaling regulators","aquatic_specific",-0.237914556985983,1.18412251609546,-0.281719983833979,0.281719983833979,6,"top_absolute"
"Pinnipedia","Crown Pinnipedia","B410","binary_aquatic_dependence","PFKP",4,"Metabolism / redox / lipid handling","aquatic_specific",-0.356881027792284,0.693880836050186,-0.24763290593496,0.24763290593496,7,"top_absolute"
"Pinnipedia","Crown Pinnipedia","B410","binary_aquatic_dependence","WDR93",2,"Cilia / flagella / reproductive-cell function","shared",-0.4793197990576,0.483935611468843,-0.231959920046063,0.231959920046063,8,"top_absolute"
"Pinnipedia","Crown Pinnipedia","B410","binary_aquatic_dependence","FAM13A",96,"Developmental / transcriptional signaling regulators","aquatic_specific",0.348973910716795,0.595619627303456,0.207855710639767,0.207855710639767,9,"top_absolute"
"Pinnipedia","Crown Pinnipedia","B410","binary_aquatic_dependence","C16orf91",9,"Unassigned / low-confidence","aquatic_specific",-0.262195862787636,0.751256861728057,-0.19697644103592,0.19697644103592,10,"top_absolute"
"Pinnipedia","Crown Pinnipedia","B410","binary_aquatic_dependence","NUBP2",13,"Metabolism / redox / lipid handling","shared",-0.239999172123246,-0.785314891338837,0.188474923777378,0.188474923777378,11,"top_absolute"
"Pinnipedia","Crown Pinnipedia","B410","binary_aquatic_dependence","SMCO3",7,"Unassigned / low-confidence","aquatic_specific",-0.307082295991399,0.612069633515172,-0.187955748366453,0.187955748366453,12,"top_absolute"
"Pinnipedia","Crown Pinnipedia","B410","marine","EPOR",1,"Vascular / hematologic regulation","shared",-0.562386788005208,-0.728112625897194,0.409480920984361,0.409480920984361,1,"top_absolute"
"Pinnipedia","Crown Pinnipedia","B410","marine","TPX2",2,"DNA repair / chromatin / cell-cycle","marine_specific",-0.547364151458345,-0.567162475783006,0.310444407295979,0.310444407295979,2,"top_absolute"
"Pinnipedia","Crown Pinnipedia","B410","marine","TRIM66",44,"DNA repair / chromatin / cell-cycle","marine_specific",0.0785377211171152,3.52001916185544,0.276454283260704,0.276454283260704,3,"top_absolute"
"Pinnipedia","Crown Pinnipedia","B410","marine","SDR9C7",68,"Epithelial / body-surface interface","shared",0.409389888665918,-0.451061458929896,-0.184660000452797,0.184660000452797,4,"top_absolute"
"Pinnipedia","Crown Pinnipedia","B410","marine","HOXD10",60,"Developmental / transcriptional signaling regulators","marine_specific",0.28020716230031,-0.60795096148977,-0.170352213736793,0.170352213736793,5,"top_absolute"
"Pinnipedia","Crown Pinnipedia","B410","marine","FANCM",12,"DNA repair / chromatin / cell-cycle","marine_specific",-0.215464965565117,0.745606843057031,-0.160652152764398,0.160652152764398,6,"top_absolute"
"Pinnipedia","Crown Pinnipedia","B410","marine","OR52W1",61,"Sensory systems","shared",0.282799403614638,0.548854428108315,0.155215704940285,0.155215704940285,7,"top_absolute"
"Pinnipedia","Crown Pinnipedia","B410","marine","KCNK18",69,"Ion channels / mechanosensation / membrane signaling","shared",0.43928773003255,-0.351649036643747,-0.154475107075364,0.154475107075364,8,"top_absolute"
"Pinnipedia","Crown Pinnipedia","B410","marine","FAM234A",18,"Unassigned / low-confidence","marine_specific",-0.108556846491888,1.31852510464187,-0.143134927380309,0.143134927380309,9,"top_absolute"
"Pinnipedia","Crown Pinnipedia","B410","marine","KRT17",57,"Epithelial / body-surface interface","marine_specific",0.189861649168978,0.736835251933537,0.139896756097941,0.139896756097941,10,"top_absolute"
"Pinnipedia","Crown Pinnipedia","B410","marine","TREM2",19,"Immune / inflammatory regulation","marine_specific",-0.0898257166079112,1.45034826322039,-0.130278572074811,0.130278572074811,11,"top_absolute"
"Pinnipedia","Crown Pinnipedia","B410","marine","WDR93",8,"Cilia / flagella / reproductive-cell function","shared",-0.242927446164409,0.499779069064163,-0.121410052894183,0.121410052894183,12,"top_absolute"
"Sirenia","Sirenia","B26","binary_aquatic_dependence","TGM3",101,"Epithelial / body-surface interface","shared",1.04080869919882,1.41161122774524,1.46921724572396,1.46921724572396,1,"top_absolute"
"Sirenia","Sirenia","B26","binary_aquatic_dependence","ATF7IP2",1,"DNA repair / chromatin / cell-cycle","aquatic_specific",-0.581769927151342,-0.925599796246078,0.538486126033378,0.538486126033378,2,"top_absolute"
"Sirenia","Sirenia","B26","binary_aquatic_dependence","IL33",94,"Immune / inflammatory regulation","shared",0.340038935001018,1.45973400354367,0.496366395949764,0.496366395949764,3,"top_absolute"
"Sirenia","Sirenia","B26","binary_aquatic_dependence","LRP2",98,"Transport / endocytic / epithelial solute handling","aquatic_specific",0.471378525654808,0.823076261926727,0.387980474848491,0.387980474848491,4,"top_absolute"
"Sirenia","Sirenia","B26","binary_aquatic_dependence","SLC5A5",19,"Transport / endocytic / epithelial solute handling","aquatic_specific",-0.231105741131879,1.48413506329796,-0.342992133743284,0.342992133743284,5,"top_absolute"
"Sirenia","Sirenia","B26","binary_aquatic_dependence","PER1",100,"Endocrine / circadian / systemic regulation","aquatic_specific",0.784004329488712,0.381905226772711,0.299415351244174,0.299415351244174,6,"top_absolute"
"Sirenia","Sirenia","B26","binary_aquatic_dependence","SDR9C7",91,"Epithelial / body-surface interface","shared",0.220181989308241,1.22242504407907,0.269155977985545,0.269155977985545,7,"top_absolute"
"Sirenia","Sirenia","B26","binary_aquatic_dependence","NUBP2",13,"Metabolism / redox / lipid handling","shared",-0.239999172123246,1.07693305708742,-0.258463042133138,0.258463042133138,8,"top_absolute"
"Sirenia","Sirenia","B26","binary_aquatic_dependence","WDR93",2,"Cilia / flagella / reproductive-cell function","shared",-0.4793197990576,-0.504020882488762,0.241587188115348,0.241587188115348,9,"top_absolute"
"Sirenia","Sirenia","B26","binary_aquatic_dependence","ACADSB",14,"Metabolism / redox / lipid handling","aquatic_specific",-0.238865076823398,0.876407483425385,-0.209343140857005,0.209343140857005,10,"top_absolute"
"Sirenia","Sirenia","B26","binary_aquatic_dependence","XCR1",30,"Immune / inflammatory regulation","aquatic_specific",-0.128894917212046,1.559102622942,-0.200960403509194,0.200960403509194,11,"top_absolute"
"Sirenia","Sirenia","B26","binary_aquatic_dependence","CLASP2",27,"Cytoskeletal / muscle / ECM / adhesion","aquatic_specific",-0.153215743294715,1.26151006145461,-0.193283201739531,0.193283201739531,12,"top_absolute"
"Sirenia","Sirenia","B26","marine","TGM3",71,"Epithelial / body-surface interface","shared",0.691315381170856,1.44715490822502,1.00044044699286,1.00044044699286,1,"top_absolute"
"Sirenia","Sirenia","B26","marine","SDR9C7",68,"Epithelial / body-surface interface","shared",0.409389888665918,1.25606266589364,0.514219354947612,0.514219354947612,2,"top_absolute"
"Sirenia","Sirenia","B26","marine","IL33",59,"Immune / inflammatory regulation","shared",0.27044270721607,1.49209879308934,0.403527237036912,0.403527237036912,3,"top_absolute"
"Sirenia","Sirenia","B26","marine","TPX2",2,"DNA repair / chromatin / cell-cycle","marine_specific",-0.547364151458345,0.727193324653712,-0.398039557095252,0.398039557095252,4,"top_absolute"
"Sirenia","Sirenia","B26","marine","EPOR",1,"Vascular / hematologic regulation","shared",-0.562386788005208,0.57567988554124,-0.323754761748744,0.323754761748744,5,"top_absolute"
"Sirenia","Sirenia","B26","marine","VEPH1",13,"Developmental / transcriptional signaling regulators","marine_specific",-0.163677799839901,1.66316646075573,-0.272223427064013,0.272223427064013,6,"top_absolute"
"Sirenia","Sirenia","B26","marine","CD34",9,"Vascular / hematologic regulation","shared",-0.231912055829233,1.11193508043678,-0.257871150452738,0.257871150452738,7,"top_absolute"
"Sirenia","Sirenia","B26","marine","KRTDAP",66,"Epithelial / body-surface interface","shared",0.386565925079529,0.62686937948906,0.242326341586219,0.242326341586219,8,"top_absolute"
"Sirenia","Sirenia","B26","marine","F11",7,"Vascular / hematologic regulation","marine_specific",-0.254306353084796,0.754935058679131,-0.191984781588547,0.191984781588547,9,"top_absolute"
"Sirenia","Sirenia","B26","marine","CREB3L3",15,"Endocrine / circadian / systemic regulation","marine_specific",-0.150758430810258,1.13569127184439,-0.171215034028167,0.171215034028167,10,"top_absolute"
"Sirenia","Sirenia","B26","marine","PUSL1",5,"Metabolism / redox / lipid handling","shared",-0.270477624990477,0.61474516335201,-0.166274811757834,0.166274811757834,11,"top_absolute"
"Sirenia","Sirenia","B26","marine","APH1B",14,"Membrane trafficking / ER / vesicle processing","marine_specific",-0.152260877432123,0.913131742623263,-0.139034240342942,0.139034240342942,12,"top_absolute"
"Ursus_arctos_plus_Ursus_maritimus","Brown bear + polar bear","B349","binary_aquatic_dependence","TGM3",101,"Epithelial / body-surface interface","shared",1.04080869919882,-1.69603332234884,-1.76524623603174,1.76524623603174,1,"top_absolute"
"Ursus_arctos_plus_Ursus_maritimus","Brown bear + polar bear","B349","binary_aquatic_dependence","PER1",100,"Endocrine / circadian / systemic regulation","aquatic_specific",0.784004329488712,-2.13299524816487,-1.67227750934011,1.67227750934011,2,"top_absolute"
"Ursus_arctos_plus_Ursus_maritimus","Brown bear + polar bear","B349","binary_aquatic_dependence","WDR93",2,"Cilia / flagella / reproductive-cell function","shared",-0.4793197990576,-1.95118120400594,0.935239782629095,0.935239782629095,3,"top_absolute"
"Ursus_arctos_plus_Ursus_maritimus","Brown bear + polar bear","B349","binary_aquatic_dependence","ACADSB",14,"Metabolism / redox / lipid handling","aquatic_specific",-0.238865076823398,3.73940880920809,-0.893214172485581,0.893214172485581,4,"top_absolute"
"Ursus_arctos_plus_Ursus_maritimus","Brown bear + polar bear","B349","binary_aquatic_dependence","NWD1",97,"Developmental / transcriptional signaling regulators","aquatic_specific",0.404558879261438,-2.18087531346393,-0.882292472623907,0.882292472623907,5,"top_absolute"
"Ursus_arctos_plus_Ursus_maritimus","Brown bear + polar bear","B349","binary_aquatic_dependence","FAM13A",96,"Developmental / transcriptional signaling regulators","aquatic_specific",0.348973910716795,-2.30749048069004,-0.80525397698818,0.80525397698818,6,"top_absolute"
"Ursus_arctos_plus_Ursus_maritimus","Brown bear + polar bear","B349","binary_aquatic_dependence","CACNA1G",99,"Ion channels / mechanosensation / membrane signaling","aquatic_specific",0.593854706123962,-1.2268101338551,-0.72854697151042,0.72854697151042,7,"top_absolute"
"Ursus_arctos_plus_Ursus_maritimus","Brown bear + polar bear","B349","binary_aquatic_dependence","SYTL5",93,"Membrane trafficking / ER / vesicle processing","aquatic_specific",0.265993756746688,2.71462862352636,0.722074265743867,0.722074265743867,8,"top_absolute"
"Ursus_arctos_plus_Ursus_maritimus","Brown bear + polar bear","B349","binary_aquatic_dependence","DBNL",80,"Cytoskeletal / muscle / ECM / adhesion","shared",0.116035395287358,4.14850378290266,0.481373276300208,0.481373276300208,9,"top_absolute"
"Ursus_arctos_plus_Ursus_maritimus","Brown bear + polar bear","B349","binary_aquatic_dependence","CATSPERG",17,"Cilia / flagella / reproductive-cell function","aquatic_specific",-0.232264279338058,-2.00168850047952,0.464920737023154,0.464920737023154,10,"top_absolute"
"Ursus_arctos_plus_Ursus_maritimus","Brown bear + polar bear","B349","binary_aquatic_dependence","PDGFB",5,"Vascular / hematologic regulation","aquatic_specific",-0.348561123284862,-1.26540545001707,0.441071145068738,0.441071145068738,11,"top_absolute"
"Ursus_arctos_plus_Ursus_maritimus","Brown bear + polar bear","B349","binary_aquatic_dependence","PMIS2",3,"Developmental / transcriptional signaling regulators","aquatic_specific",-0.39072525213697,-1.11454446072728,0.435480665435529,0.435480665435529,12,"top_absolute"
"Ursus_arctos_plus_Ursus_maritimus","Brown bear + polar bear","B349","marine","TGM3",71,"Epithelial / body-surface interface","shared",0.691315381170856,-1.7172799009855,-1.18718200932684,1.18718200932684,1,"top_absolute"
"Ursus_arctos_plus_Ursus_maritimus","Brown bear + polar bear","B349","marine","KCNK18",69,"Ion channels / mechanosensation / membrane signaling","shared",0.43928773003255,-1.84894711320307,-0.812219780309212,0.812219780309212,2,"top_absolute"
"Ursus_arctos_plus_Ursus_maritimus","Brown bear + polar bear","B349","marine","MYH7B",67,"Cytoskeletal / muscle / ECM / adhesion","marine_specific",0.397856553371577,1.61756087030557,0.643557192728503,0.643557192728503,3,"top_absolute"
"Ursus_arctos_plus_Ursus_maritimus","Brown bear + polar bear","B349","marine","TRIM66",44,"DNA repair / chromatin / cell-cycle","marine_specific",0.0785377211171152,6.56758940833018,0.515803505363155,0.515803505363155,4,"top_absolute"
"Ursus_arctos_plus_Ursus_maritimus","Brown bear + polar bear","B349","marine","SDR9C7",68,"Epithelial / body-surface interface","shared",0.409389888665918,-1.25209097364866,-0.512593384301628,0.512593384301628,5,"top_absolute"
"Ursus_arctos_plus_Ursus_maritimus","Brown bear + polar bear","B349","marine","OR52W1",61,"Sensory systems","shared",0.282799403614638,-1.69014656195179,-0.477972439741297,0.477972439741297,6,"top_absolute"
"Ursus_arctos_plus_Ursus_maritimus","Brown bear + polar bear","B349","marine","WDR93",8,"Cilia / flagella / reproductive-cell function","shared",-0.242927446164409,-1.96092042820439,0.47636139175531,0.47636139175531,7,"top_absolute"
"Ursus_arctos_plus_Ursus_maritimus","Brown bear + polar bear","B349","marine","DBNL",48,"Cytoskeletal / muscle / ECM / adhesion","shared",0.109704318050152,4.21288710609289,0.462171906996197,0.462171906996197,8,"top_absolute"
"Ursus_arctos_plus_Ursus_maritimus","Brown bear + polar bear","B349","marine","ACP4",65,"Cytoskeletal / muscle / ECM / adhesion","marine_specific",0.36185377349003,-1.20249539309819,-0.435127495596957,0.435127495596957,9,"top_absolute"
"Ursus_arctos_plus_Ursus_maritimus","Brown bear + polar bear","B349","marine","HGFAC",3,"Vascular / hematologic regulation","shared",-0.314672853107267,-1.34988804740223,0.424773123251458,0.424773123251458,10,"top_absolute"
"Ursus_arctos_plus_Ursus_maritimus","Brown bear + polar bear","B349","marine","IL33",59,"Immune / inflammatory regulation","shared",0.27044270721607,-1.25623647320033,-0.339739992715866,0.339739992715866,11,"top_absolute"
"Ursus_arctos_plus_Ursus_maritimus","Brown bear + polar bear","B349","marine","FANCM",12,"DNA repair / chromatin / cell-cycle","marine_specific",-0.215464965565117,1.55466276153557,-0.334975358379631,0.334975358379631,12,"top_absolute"
"common_ancestor_Cetacea_plus_Hippopotamus","Cetacea + hippo ancestor","B593","binary_aquatic_dependence","TGM3",101,"Epithelial / body-surface interface","shared",1.04080869919882,2.21446954561285,2.3048391671847,2.3048391671847,1,"top_absolute"
"common_ancestor_Cetacea_plus_Hippopotamus","Cetacea + hippo ancestor","B593","binary_aquatic_dependence","LRP2",98,"Transport / endocytic / epithelial solute handling","aquatic_specific",0.471378525654808,4.01679782060841,1.89343223453184,1.89343223453184,2,"top_absolute"
"common_ancestor_Cetacea_plus_Hippopotamus","Cetacea + hippo ancestor","B593","binary_aquatic_dependence","PER1",100,"Endocrine / circadian / systemic regulation","aquatic_specific",0.784004329488712,-1.92182721378643,-1.50672085613779,1.50672085613779,3,"top_absolute"
"common_ancestor_Cetacea_plus_Hippopotamus","Cetacea + hippo ancestor","B593","binary_aquatic_dependence","PFKP",4,"Metabolism / redox / lipid handling","aquatic_specific",-0.356881027792284,2.11040151153593,-0.753162260491333,0.753162260491333,4,"top_absolute"
"common_ancestor_Cetacea_plus_Hippopotamus","Cetacea + hippo ancestor","B593","binary_aquatic_dependence","IL33",94,"Immune / inflammatory regulation","shared",0.340038935001018,1.77089357082817,0.60217276382456,0.60217276382456,5,"top_absolute"
"common_ancestor_Cetacea_plus_Hippopotamus","Cetacea + hippo ancestor","B593","binary_aquatic_dependence","ATF7IP2",1,"DNA repair / chromatin / cell-cycle","aquatic_specific",-0.581769927151342,-0.950457125790869,0.552947372831828,0.552947372831828,6,"top_absolute"
"common_ancestor_Cetacea_plus_Hippopotamus","Cetacea + hippo ancestor","B593","binary_aquatic_dependence","WDR93",2,"Cilia / flagella / reproductive-cell function","shared",-0.4793197990576,1.10262152465278,-0.528508327633155,0.528508327633155,7,"top_absolute"
"common_ancestor_Cetacea_plus_Hippopotamus","Cetacea + hippo ancestor","B593","binary_aquatic_dependence","FAM13A",96,"Developmental / transcriptional signaling regulators","aquatic_specific",0.348973910716795,1.21681028358969,0.424635043264705,0.424635043264705,8,"top_absolute"
"common_ancestor_Cetacea_plus_Hippopotamus","Cetacea + hippo ancestor","B593","binary_aquatic_dependence","PDGFB",5,"Vascular / hematologic regulation","aquatic_specific",-0.348561123284862,-1.10821241334476,0.386279763633677,0.386279763633677,9,"top_absolute"
"common_ancestor_Cetacea_plus_Hippopotamus","Cetacea + hippo ancestor","B593","binary_aquatic_dependence","SPINT4",43,"Epithelial / body-surface interface","aquatic_specific",-0.0769933368325998,4.54906952881321,-0.350248042506832,0.350248042506832,10,"top_absolute"
"common_ancestor_Cetacea_plus_Hippopotamus","Cetacea + hippo ancestor","B593","binary_aquatic_dependence","SMCO3",7,"Unassigned / low-confidence","aquatic_specific",-0.307082295991399,-1.04300225274641,0.32028752649757,0.32028752649757,11,"top_absolute"
"common_ancestor_Cetacea_plus_Hippopotamus","Cetacea + hippo ancestor","B593","binary_aquatic_dependence","C16orf91",9,"Unassigned / low-confidence","aquatic_specific",-0.262195862787636,1.17002088852542,-0.30677463634648,0.30677463634648,12,"top_absolute"
"common_ancestor_Cetacea_plus_Hippopotamus","Cetacea + hippo ancestor","B593","marine","TGM3",71,"Epithelial / body-surface interface","shared",0.691315381170856,2.26468495935251,1.56561154590669,1.56561154590669,1,"top_absolute"
"common_ancestor_Cetacea_plus_Hippopotamus","Cetacea + hippo ancestor","B593","marine","TPX2",2,"DNA repair / chromatin / cell-cycle","marine_specific",-0.547364151458345,2.52917132444605,-1.38437771589819,1.38437771589819,2,"top_absolute"
"common_ancestor_Cetacea_plus_Hippopotamus","Cetacea + hippo ancestor","B593","marine","F11",7,"Vascular / hematologic regulation","marine_specific",-0.254306353084796,3.29990152707931,-0.83918592289049,0.83918592289049,3,"top_absolute"
"common_ancestor_Cetacea_plus_Hippopotamus","Cetacea + hippo ancestor","B593","marine","ASMTL",10,"Endocrine / circadian / systemic regulation","shared",-0.225475311673798,2.20075782167452,-0.496216555760611,0.496216555760611,4,"top_absolute"
"common_ancestor_Cetacea_plus_Hippopotamus","Cetacea + hippo ancestor","B593","marine","IL33",59,"Immune / inflammatory regulation","shared",0.27044270721607,1.80742195264678,0.488804085955552,0.488804085955552,5,"top_absolute"
"common_ancestor_Cetacea_plus_Hippopotamus","Cetacea + hippo ancestor","B593","marine","MYH13",70,"Cytoskeletal / muscle / ECM / adhesion","marine_specific",0.480299625271563,-0.79063567847604,-0.37974202009837,0.37974202009837,6,"top_absolute"
"common_ancestor_Cetacea_plus_Hippopotamus","Cetacea + hippo ancestor","B593","marine","EPOR",1,"Vascular / hematologic regulation","shared",-0.562386788005208,-0.643961483788576,0.362155430466925,0.362155430466925,7,"top_absolute"
"common_ancestor_Cetacea_plus_Hippopotamus","Cetacea + hippo ancestor","B593","marine","IL36G",56,"Immune / inflammatory regulation","marine_specific",0.166019839478868,2.0864955505301,0.34639965637238,0.34639965637238,8,"top_absolute"
"common_ancestor_Cetacea_plus_Hippopotamus","Cetacea + hippo ancestor","B593","marine","SYDE1",4,"Cytoskeletal / muscle / ECM / adhesion","shared",-0.314258007626709,1.07861356982937,-0.338962951453709,0.338962951453709,9,"top_absolute"
"common_ancestor_Cetacea_plus_Hippopotamus","Cetacea + hippo ancestor","B593","marine","HIGD1B",62,"Vascular / hematologic regulation","marine_specific",0.328380050132626,-0.96800720760728,-0.317874255362822,0.317874255362822,10,"top_absolute"
"common_ancestor_Cetacea_plus_Hippopotamus","Cetacea + hippo ancestor","B593","marine","SDR9C7",68,"Epithelial / body-surface interface","shared",0.409389888665918,-0.702136056899047,-0.287447402162228,0.287447402162228,11,"top_absolute"
"common_ancestor_Cetacea_plus_Hippopotamus","Cetacea + hippo ancestor","B593","marine","ATG2A",20,"Membrane trafficking / ER / vesicle processing","marine_specific",-0.0892133442112914,-3.19304680080076,0.284862383322601,0.284862383322601,12,"top_absolute"
"crown_Cetacea","Crown Cetacea","B592","binary_aquatic_dependence","TGM3",101,"Epithelial / body-surface interface","shared",1.04080869919882,2.37978610985346,2.47690208536799,2.47690208536799,1,"top_absolute"
"crown_Cetacea","Crown Cetacea","B592","binary_aquatic_dependence","PER1",100,"Endocrine / circadian / systemic regulation","aquatic_specific",0.784004329488712,1.92710373109188,1.51085766854988,1.51085766854988,2,"top_absolute"
"crown_Cetacea","Crown Cetacea","B592","binary_aquatic_dependence","PUSL1",6,"Metabolism / redox / lipid handling","shared",-0.314220898750119,1.88964550598599,-0.59376610921004,0.59376610921004,3,"top_absolute"
"crown_Cetacea","Crown Cetacea","B592","binary_aquatic_dependence","PRSS53",89,"Epithelial / body-surface interface","aquatic_specific",0.194083977905306,2.11579829502964,0.410642549544615,0.410642549544615,4,"top_absolute"
"crown_Cetacea","Crown Cetacea","B592","binary_aquatic_dependence","PDGFB",5,"Vascular / hematologic regulation","aquatic_specific",-0.348561123284862,1.08897335640145,-0.379573776334576,0.379573776334576,5,"top_absolute"
"crown_Cetacea","Crown Cetacea","B592","binary_aquatic_dependence","WDR93",2,"Cilia / flagella / reproductive-cell function","shared",-0.4793197990576,-0.745919106237803,0.357533796115129,0.357533796115129,6,"top_absolute"
"crown_Cetacea","Crown Cetacea","B592","binary_aquatic_dependence","OR52W1",88,"Sensory systems","shared",0.190684677268266,1.38310812837251,0.263737527085827,0.263737527085827,7,"top_absolute"
"crown_Cetacea","Crown Cetacea","B592","binary_aquatic_dependence","SLC6A15",16,"Transport / endocytic / epithelial solute handling","aquatic_specific",-0.23289351110375,-0.966017864776508,0.224979292316748,0.224979292316748,8,"top_absolute"
"crown_Cetacea","Crown Cetacea","B592","binary_aquatic_dependence","PI4KA",23,"Ion channels / mechanosensation / membrane signaling","aquatic_specific",-0.161213914772254,1.33692874365827,-0.2155315165367,0.2155315165367,9,"top_absolute"
"crown_Cetacea","Crown Cetacea","B592","binary_aquatic_dependence","ATF7IP2",1,"DNA repair / chromatin / cell-cycle","aquatic_specific",-0.581769927151342,-0.363629023403181,0.211548430455382,0.211548430455382,10,"top_absolute"
"crown_Cetacea","Crown Cetacea","B592","binary_aquatic_dependence","SYTL5",93,"Membrane trafficking / ER / vesicle processing","aquatic_specific",0.265993756746688,-0.76027070667666,-0.202227261413384,0.202227261413384,11,"top_absolute"
"crown_Cetacea","Crown Cetacea","B592","binary_aquatic_dependence","TGM1",71,"Epithelial / body-surface interface","shared",0.0320265937643637,5.75105854885575,0.184186815859274,0.184186815859274,12,"top_absolute"
"crown_Cetacea","Crown Cetacea","B592","marine","TGM3",71,"Epithelial / body-surface interface","shared",0.691315381170856,2.43302258033502,1.6819859325216,1.6819859325216,1,"top_absolute"
"crown_Cetacea","Crown Cetacea","B592","marine","KRTDAP",66,"Epithelial / body-surface interface","shared",0.386565925079529,1.59463705565283,0.616432348584532,0.616432348584532,2,"top_absolute"
"crown_Cetacea","Crown Cetacea","B592","marine","PUSL1",5,"Metabolism / redox / lipid handling","shared",-0.270477624990477,1.90812849125645,-0.516106062491707,0.516106062491707,3,"top_absolute"
"crown_Cetacea","Crown Cetacea","B592","marine","OR52W1",61,"Sensory systems","shared",0.282799403614638,1.37492373000625,0.388827610861381,0.388827610861381,4,"top_absolute"
"crown_Cetacea","Crown Cetacea","B592","marine","SSTR4",52,"Endocrine / circadian / systemic regulation","marine_specific",0.137940410562783,2.56488849133872,0.35380177154302,0.35380177154302,5,"top_absolute"
"crown_Cetacea","Crown Cetacea","B592","marine","ACP4",65,"Cytoskeletal / muscle / ECM / adhesion","marine_specific",0.36185377349003,0.749583795952328,0.271239725112331,0.271239725112331,6,"top_absolute"
"crown_Cetacea","Crown Cetacea","B592","marine","CD34",9,"Vascular / hematologic regulation","shared",-0.231912055829233,-0.965606190449255,0.22393571674852,0.22393571674852,7,"top_absolute"
"crown_Cetacea","Crown Cetacea","B592","marine","CATSPERZ",6,"Cilia / flagella / reproductive-cell function","shared",-0.264244206101874,-0.834407507881815,0.220487349485674,0.220487349485674,8,"top_absolute"
"crown_Cetacea","Crown Cetacea","B592","marine","TGM1",39,"Epithelial / body-surface interface","shared",0.0321438716739072,5.80687897478652,0.186655572591448,0.186655572591448,9,"top_absolute"
"crown_Cetacea","Crown Cetacea","B592","marine","WDR93",8,"Cilia / flagella / reproductive-cell function","shared",-0.242927446164409,-0.742996171262058,0.180494162394625,0.180494162394625,10,"top_absolute"
"crown_Cetacea","Crown Cetacea","B592","marine","KCNK18",69,"Ion channels / mechanosensation / membrane signaling","shared",0.43928773003255,0.373560888161216,0.164100714589284,0.164100714589284,11,"top_absolute"
"crown_Cetacea","Crown Cetacea","B592","marine","CREB3L3",15,"Endocrine / circadian / systemic regulation","marine_specific",-0.150758430810258,0.996344712879543,-0.150207365459817,0.150207365459817,12,"top_absolute"
"Dugong_plus_Hydrodamalis","Dugong + Hydrodamalis","B25","binary_aquatic_dependence","NUBP2",13,"Metabolism / redox / lipid handling","shared",-0.239999172123246,-1.04889996203436,0.25173512252835,0.25173512252835,1,"top_positive"
"Dugong_plus_Hydrodamalis","Dugong + Hydrodamalis","B25","binary_aquatic_dependence","C16orf91",9,"Unassigned / low-confidence","aquatic_specific",-0.262195862787636,-0.818490808536276,0.214604903727919,0.214604903727919,2,"top_positive"
"Dugong_plus_Hydrodamalis","Dugong + Hydrodamalis","B25","binary_aquatic_dependence","PUSL1",6,"Metabolism / redox / lipid handling","shared",-0.314220898750119,-0.613394521599998,0.192741377865551,0.192741377865551,3,"top_positive"
"Dugong_plus_Hydrodamalis","Dugong + Hydrodamalis","B25","binary_aquatic_dependence","PRSS53",89,"Epithelial / body-surface interface","aquatic_specific",0.194083977905306,0.774771092961644,0.150370655688037,0.150370655688037,4,"top_positive"
"Dugong_plus_Hydrodamalis","Dugong + Hydrodamalis","B25","binary_aquatic_dependence","FN3K",12,"Metabolism / redox / lipid handling","shared",-0.244837253974046,-0.546025659844614,0.133687423155722,0.133687423155722,5,"top_positive"
"Dugong_plus_Hydrodamalis","Dugong + Hydrodamalis","B25","binary_aquatic_dependence","SEPTIN5",35,"Cytoskeletal / muscle / ECM / adhesion","aquatic_specific",-0.106389612271777,-0.8491198140037,0.0903375277841373,0.0903375277841373,6,"top_positive"
"Dugong_plus_Hydrodamalis","Dugong + Hydrodamalis","B25","binary_aquatic_dependence","RAC3",41,"Developmental / transcriptional signaling regulators","aquatic_specific",-0.0814970345799135,-1.04721769203214,0.0853451364602407,0.0853451364602407,7,"top_positive"
"Dugong_plus_Hydrodamalis","Dugong + Hydrodamalis","B25","marine","HOXD10",60,"Developmental / transcriptional signaling regulators","marine_specific",0.28020716230031,0.963959025392267,0.270108223078939,0.270108223078939,1,"top_positive"
"Dugong_plus_Hydrodamalis","Dugong + Hydrodamalis","B25","marine","PUSL1",5,"Metabolism / redox / lipid handling","shared",-0.270477624990477,-0.616403178757511,0.166723267826912,0.166723267826912,2,"top_positive"
"Dugong_plus_Hydrodamalis","Dugong + Hydrodamalis","B25","marine","ATG2A",20,"Membrane trafficking / ER / vesicle processing","marine_specific",-0.0892133442112914,-1.60705198039265,0.143370481492207,0.143370481492207,3,"top_positive"
"Dugong_plus_Hydrodamalis","Dugong + Hydrodamalis","B25","marine","CATSPERZ",6,"Cilia / flagella / reproductive-cell function","shared",-0.264244206101874,-0.509322106478407,0.134585415676521,0.134585415676521,4,"top_positive"
"Dugong_plus_Hydrodamalis","Dugong + Hydrodamalis","B25","marine","FN3K",11,"Metabolism / redox / lipid handling","shared",-0.217860441354345,-0.548596921563606,0.119517567457482,0.119517567457482,5,"top_positive"
"Dugong_plus_Hydrodamalis","Dugong + Hydrodamalis","B25","marine","NUBP2",21,"Metabolism / redox / lipid handling","shared",-0.0844817154354269,-1.07501921859528,0.0908194677129815,0.0908194677129815,6,"top_positive"
"Dugong_plus_Hydrodamalis","Dugong + Hydrodamalis","B25","marine","SLC2A7",40,"Transport / endocytic / epithelial solute handling","marine_specific",0.0382557135453081,2.05158754741943,0.0784849455271989,0.0784849455271989,7,"top_positive"
"Lutrinae_sampled","Lutrinae / Enhydra-related","B380","binary_aquatic_dependence","PER1",100,"Endocrine / circadian / systemic regulation","aquatic_specific",0.784004329488712,1.23911585952592,0.971472198606451,0.971472198606451,1,"top_positive"
"Lutrinae_sampled","Lutrinae / Enhydra-related","B380","binary_aquatic_dependence","ACADSB",14,"Metabolism / redox / lipid handling","aquatic_specific",-0.238865076823398,-1.85410187467603,0.442880186732896,0.442880186732896,2,"top_positive"
"Lutrinae_sampled","Lutrinae / Enhydra-related","B380","binary_aquatic_dependence","SMCO3",7,"Unassigned / low-confidence","aquatic_specific",-0.307082295991399,-1.01783811500828,0.312560065304301,0.312560065304301,3,"top_positive"
"Lutrinae_sampled","Lutrinae / Enhydra-related","B380","binary_aquatic_dependence","KEAP1",21,"Developmental / transcriptional signaling regulators","aquatic_specific",-0.19883739251004,-1.5436668077506,0.306938682957427,0.306938682957427,4,"top_positive"
"Lutrinae_sampled","Lutrinae / Enhydra-related","B380","binary_aquatic_dependence","PMIS2",3,"Developmental / transcriptional signaling regulators","aquatic_specific",-0.39072525213697,-0.755696490240698,0.29526970168832,0.29526970168832,5,"top_positive"
"Lutrinae_sampled","Lutrinae / Enhydra-related","B380","binary_aquatic_dependence","PFKP",4,"Metabolism / redox / lipid handling","aquatic_specific",-0.356881027792284,-0.795119484422026,0.283763058818204,0.283763058818204,6,"top_positive"
"Lutrinae_sampled","Lutrinae / Enhydra-related","B380","binary_aquatic_dependence","SLC5A5",19,"Transport / endocytic / epithelial solute handling","aquatic_specific",-0.231105741131879,-1.18022130008953,0.272755918256821,0.272755918256821,7,"top_positive"
"Lutrinae_sampled","Lutrinae / Enhydra-related","B380","marine","HIGD1B",62,"Vascular / hematologic regulation","marine_specific",0.328380050132626,2.36106303074782,0.77532599640326,0.77532599640326,1,"top_positive"
"Lutrinae_sampled","Lutrinae / Enhydra-related","B380","marine","ALOX12B",54,"Epithelial / body-surface interface","marine_specific",0.149753620737968,3.01865542951177,0.452054580329715,0.452054580329715,2,"top_positive"
"Lutrinae_sampled","Lutrinae / Enhydra-related","B380","marine","HGFAC",3,"Vascular / hematologic regulation","shared",-0.314672853107267,-1.04968787787554,0.330308279403207,0.330308279403207,3,"top_positive"
"Lutrinae_sampled","Lutrinae / Enhydra-related","B380","marine","SLC28A1",50,"Transport / endocytic / epithelial solute handling","marine_specific",0.128656733732997,2.28533599927687,0.294023865149396,0.294023865149396,4,"top_positive"
"Lutrinae_sampled","Lutrinae / Enhydra-related","B380","marine","FANCM",12,"DNA repair / chromatin / cell-cycle","marine_specific",-0.215464965565117,-1.2013353463025,0.258845679023225,0.258845679023225,5,"top_positive"
"Lutrinae_sampled","Lutrinae / Enhydra-related","B380","marine","NKPD1",58,"Unassigned / low-confidence","marine_specific",0.230941713295598,0.948810050967751,0.219119818762576,0.219119818762576,6,"top_positive"
"Lutrinae_sampled","Lutrinae / Enhydra-related","B380","marine","PNPLA7",47,"Metabolism / redox / lipid handling","shared",0.10673604147477,1.87542712479336,0.200175667374852,0.200175667374852,7,"top_positive"
"Mysticeti","Mysticeti","B544","binary_aquatic_dependence","TGM3",101,"Epithelial / body-surface interface","shared",1.04080869919882,3.35629556968149,3.49326162600694,3.49326162600694,1,"top_positive"
"Mysticeti","Mysticeti","B544","binary_aquatic_dependence","FAM13A",96,"Developmental / transcriptional signaling regulators","aquatic_specific",0.348973910716795,2.1136166577815,0.737597070822171,0.737597070822171,2,"top_positive"
"Mysticeti","Mysticeti","B544","binary_aquatic_dependence","SYTL5",93,"Membrane trafficking / ER / vesicle processing","aquatic_specific",0.265993756746688,1.95213536253981,0.519255818760022,0.519255818760022,3,"top_positive"
"Mysticeti","Mysticeti","B544","binary_aquatic_dependence","PDGFB",5,"Vascular / hematologic regulation","aquatic_specific",-0.348561123284862,-1.26540545001707,0.441071145068738,0.441071145068738,4,"top_positive"
"Mysticeti","Mysticeti","B544","binary_aquatic_dependence","PMIS2",3,"Developmental / transcriptional signaling regulators","aquatic_specific",-0.39072525213697,-1.11454446072728,0.435480665435529,0.435480665435529,5,"top_positive"
"Mysticeti","Mysticeti","B544","binary_aquatic_dependence","PRSS53",89,"Epithelial / body-surface interface","aquatic_specific",0.194083977905306,1.55501341674412,0.30180318961782,0.30180318961782,6,"top_positive"
"Mysticeti","Mysticeti","B544","binary_aquatic_dependence","CATSPERG",17,"Cilia / flagella / reproductive-cell function","aquatic_specific",-0.232264279338058,-1.1700467874667,0.271760073882762,0.271760073882762,7,"top_positive"
"Mysticeti","Mysticeti","B544","marine","TGM3",71,"Epithelial / body-surface interface","shared",0.691315381170856,3.42737713935613,2.36939853351026,2.36939853351026,1,"top_positive"
"Mysticeti","Mysticeti","B544","marine","KRTDAP",66,"Epithelial / body-surface interface","shared",0.386565925079529,3.96281146283065,1.53188787904489,1.53188787904489,2,"top_positive"
"Mysticeti","Mysticeti","B544","marine","MYH13",70,"Cytoskeletal / muscle / ECM / adhesion","marine_specific",0.480299625271563,3.17806330627745,1.52642261509437,1.52642261509437,3,"top_positive"
"Mysticeti","Mysticeti","B544","marine","KRT17",57,"Epithelial / body-surface interface","marine_specific",0.189861649168978,4.50468499097082,0.855266921372465,0.855266921372465,4,"top_positive"
"Mysticeti","Mysticeti","B544","marine","HIGD1B",62,"Vascular / hematologic regulation","marine_specific",0.328380050132626,2.11745684216464,0.695330583983698,0.695330583983698,5,"top_positive"
"Mysticeti","Mysticeti","B544","marine","IL36G",56,"Immune / inflammatory regulation","marine_specific",0.166019839478868,4.17380519819718,0.692934469020761,0.692934469020761,6,"top_positive"
"Mysticeti","Mysticeti","B544","marine","NKPD1",58,"Unassigned / low-confidence","marine_specific",0.230941713295598,2.95305214558461,0.681982921952551,0.681982921952551,7,"top_positive"
"Odontoceti","Odontoceti","B591","binary_aquatic_dependence","TGM3",101,"Epithelial / body-surface interface","shared",1.04080869919882,1.71760144498072,1.78769452569239,1.78769452569239,1,"top_positive"
"Odontoceti","Odontoceti","B591","binary_aquatic_dependence","NWD1",97,"Developmental / transcriptional signaling regulators","aquatic_specific",0.404558879261438,2.13134197001468,0.862253318712004,0.862253318712004,2,"top_positive"
"Odontoceti","Odontoceti","B591","binary_aquatic_dependence","ATF7IP2",1,"DNA repair / chromatin / cell-cycle","aquatic_specific",-0.581769927151342,-1.26332913940761,0.73496690140133,0.73496690140133,3,"top_positive"
"Odontoceti","Odontoceti","B591","binary_aquatic_dependence","PUSL1",6,"Metabolism / redox / lipid handling","shared",-0.314220898750119,-1.658852287477,0.521246056664714,0.521246056664714,4,"top_positive"
"Odontoceti","Odontoceti","B591","binary_aquatic_dependence","ACADSB",14,"Metabolism / redox / lipid handling","aquatic_specific",-0.238865076823398,-1.85410187467603,0.442880186732896,0.442880186732896,5,"top_positive"
"Odontoceti","Odontoceti","B591","binary_aquatic_dependence","SLC6A15",16,"Transport / endocytic / epithelial solute handling","aquatic_specific",-0.23289351110375,-1.75837801236207,0.409514829146635,0.409514829146635,6,"top_positive"
"Odontoceti","Odontoceti","B591","binary_aquatic_dependence","CACNA1G",99,"Ion channels / mechanosensation / membrane signaling","aquatic_specific",0.593854706123962,0.662593404378638,0.393484211436952,0.393484211436952,7,"top_positive"
"Odontoceti","Odontoceti","B591","marine","KRT17",57,"Epithelial / body-surface interface","marine_specific",0.189861649168978,8.01156136287436,1.52108825277379,1.52108825277379,1,"top_positive"
"Odontoceti","Odontoceti","B591","marine","IL36G",56,"Immune / inflammatory regulation","marine_specific",0.166019839478868,7.4991103527243,1.24500109699361,1.24500109699361,2,"top_positive"
"Odontoceti","Odontoceti","B591","marine","TGM3",71,"Epithelial / body-surface interface","shared",0.691315381170856,1.75873690516497,1.21584187397337,1.21584187397337,3,"top_positive"
"Odontoceti","Odontoceti","B591","marine","TPX2",2,"DNA repair / chromatin / cell-cycle","marine_specific",-0.547364151458345,-1.48197132846654,0.811177978691681,0.811177978691681,4,"top_positive"
"Odontoceti","Odontoceti","B591","marine","KRTDAP",66,"Epithelial / body-surface interface","shared",0.386565925079529,2.00567549029258,0.775325801314288,0.775325801314288,5,"top_positive"
"Odontoceti","Odontoceti","B591","marine","NKPD1",58,"Unassigned / low-confidence","marine_specific",0.230941713295598,3.30013257701517,0.762138271438499,0.762138271438499,6,"top_positive"
"Odontoceti","Odontoceti","B591","marine","MYH13",70,"Cytoskeletal / muscle / ECM / adhesion","marine_specific",0.480299625271563,1.03466291707707,0.496948211354498,0.496948211354498,7,"top_positive"
"Otariidae","Otariidae","B393","binary_aquatic_dependence","PER1",100,"Endocrine / circadian / systemic regulation","aquatic_specific",0.784004329488712,1.19354907415823,0.935747641597296,0.935747641597296,1,"top_positive"
"Otariidae","Otariidae","B393","binary_aquatic_dependence","SDR9C7",91,"Epithelial / body-surface interface","shared",0.220181989308241,2.50011832341195,0.550481025954827,0.550481025954827,2,"top_positive"
"Otariidae","Otariidae","B393","binary_aquatic_dependence","NLRP8",11,"Immune / inflammatory regulation","aquatic_specific",-0.249357601464042,-1.24584100762268,0.310659925466337,0.310659925466337,3,"top_positive"
"Otariidae","Otariidae","B393","binary_aquatic_dependence","SLC5A5",19,"Transport / endocytic / epithelial solute handling","aquatic_specific",-0.231105741131879,-1.13510413490018,0.262329082357966,0.262329082357966,4,"top_positive"
"Otariidae","Otariidae","B393","binary_aquatic_dependence","TTC28",15,"Developmental / transcriptional signaling regulators","aquatic_specific",-0.237914556985983,-1.10251935653359,0.262305404278161,0.262305404278161,5,"top_positive"
"Otariidae","Otariidae","B393","binary_aquatic_dependence","SEC61A2",87,"Membrane trafficking / ER / vesicle processing","aquatic_specific",0.176583875943885,1.40013815486525,0.247241822243024,0.247241822243024,6,"top_positive"
"Otariidae","Otariidae","B393","binary_aquatic_dependence","PDGFB",5,"Vascular / hematologic regulation","aquatic_specific",-0.348561123284862,-0.689908567966366,0.240475305414207,0.240475305414207,7,"top_positive"
"Otariidae","Otariidae","B393","marine","SDR9C7",68,"Epithelial / body-surface interface","shared",0.409389888665918,2.55593872449409,1.04637546985754,1.04637546985754,1,"top_positive"
"Otariidae","Otariidae","B393","marine","HIGD1B",62,"Vascular / hematologic regulation","marine_specific",0.328380050132626,0.982658706583528,0.322685515331161,0.322685515331161,2,"top_positive"
"Otariidae","Otariidae","B393","marine","NR2C2AP",41,"Developmental / transcriptional signaling regulators","marine_specific",0.0628652617594018,4.54484588179623,0.28571292601526,0.28571292601526,3,"top_positive"
"Otariidae","Otariidae","B393","marine","HGFAC",3,"Vascular / hematologic regulation","shared",-0.314672853107267,-0.817573571524875,0.25726820837683,0.25726820837683,4,"top_positive"
"Otariidae","Otariidae","B393","marine","ESYT3",55,"Membrane trafficking / ER / vesicle processing","marine_specific",0.153832070750976,1.49753245265553,0.230368518208788,0.230368518208788,5,"top_positive"
"Otariidae","Otariidae","B393","marine","ASMTL",10,"Endocrine / circadian / systemic regulation","shared",-0.225475311673798,-1.0189767812077,0.229754107331169,0.229754107331169,6,"top_positive"
"Otariidae","Otariidae","B393","marine","SYDE1",4,"Cytoskeletal / muscle / ECM / adhesion","shared",-0.314258007626709,-0.700673326479718,0.220192203576695,0.220192203576695,7,"top_positive"
"Otariinae_sampled","Otariinae","B392","binary_aquatic_dependence","WDR93",2,"Cilia / flagella / reproductive-cell function","shared",-0.4793197990576,-1.95118120400594,0.935239782629095,0.935239782629095,1,"top_positive"
"Otariinae_sampled","Otariinae","B392","binary_aquatic_dependence","OMP",92,"Sensory systems","shared",0.231144543648012,2.28644775984868,0.528499924025243,0.528499924025243,2,"top_positive"
"Otariinae_sampled","Otariinae","B392","binary_aquatic_dependence","PUSL1",6,"Metabolism / redox / lipid handling","shared",-0.314220898750119,-1.658852287477,0.521246056664714,0.521246056664714,3,"top_positive"
"Otariinae_sampled","Otariinae","B392","binary_aquatic_dependence","SPEF2",85,"Cilia / flagella / reproductive-cell function","aquatic_specific",0.174059525751515,2.68340474849165,0.467072157921821,0.467072157921821,4,"top_positive"
"Otariinae_sampled","Otariinae","B392","binary_aquatic_dependence","ATF7IP2",1,"DNA repair / chromatin / cell-cycle","aquatic_specific",-0.581769927151342,-0.722605777014462,0.420390310252842,0.420390310252842,5,"top_positive"
"Otariinae_sampled","Otariinae","B392","binary_aquatic_dependence","SLC6A15",16,"Transport / endocytic / epithelial solute handling","aquatic_specific",-0.23289351110375,-1.75837801236207,0.409514829146635,0.409514829146635,6,"top_positive"
"Otariinae_sampled","Otariinae","B392","binary_aquatic_dependence","NLRP8",11,"Immune / inflammatory regulation","aquatic_specific",-0.249357601464042,-1.5470085466381,0.385758340634049,0.385758340634049,7,"top_positive"
"Otariinae_sampled","Otariinae","B392","marine","MYH7B",67,"Cytoskeletal / muscle / ECM / adhesion","marine_specific",0.397856553371577,3.8175256411827,1.51882759400857,1.51882759400857,1,"top_positive"
"Otariinae_sampled","Otariinae","B392","marine","MYH13",70,"Cytoskeletal / muscle / ECM / adhesion","marine_specific",0.480299625271563,2.11524625248677,1.01595198242647,1.01595198242647,2,"top_positive"
"Otariinae_sampled","Otariinae","B392","marine","EPOR",1,"Vascular / hematologic regulation","shared",-0.562386788005208,-1.79609739748767,1.0101014463176,1.0101014463176,3,"top_positive"
"Otariinae_sampled","Otariinae","B392","marine","CAPN14",63,"Epithelial / body-surface interface","marine_specific",0.342438899161804,2.81485196360131,0.963914807719074,0.963914807719074,4,"top_positive"
"Otariinae_sampled","Otariinae","B392","marine","OMP",64,"Sensory systems","shared",0.345615697623917,2.28401197045801,0.789390390551221,0.789390390551221,5,"top_positive"
"Otariinae_sampled","Otariinae","B392","marine","SSTR4",52,"Endocrine / circadian / systemic regulation","marine_specific",0.137940410562783,4.12200465395837,0.56859101430872,0.56859101430872,6,"top_positive"
"Otariinae_sampled","Otariinae","B392","marine","WDR93",8,"Cilia / flagella / reproductive-cell function","shared",-0.242927446164409,-1.96092042820439,0.47636139175531,0.47636139175531,7,"top_positive"
"Otarioidea","Otarioidea","B394","binary_aquatic_dependence","PER1",100,"Endocrine / circadian / systemic regulation","aquatic_specific",0.784004329488712,1.30825562743724,1.02567807598877,1.02567807598877,1,"top_positive"
"Otarioidea","Otarioidea","B394","binary_aquatic_dependence","CACNA1G",99,"Ion channels / mechanosensation / membrane signaling","aquatic_specific",0.593854706123962,0.950106931070025,0.564225472336929,0.564225472336929,2,"top_positive"
"Otarioidea","Otarioidea","B394","binary_aquatic_dependence","NLRP8",11,"Immune / inflammatory regulation","aquatic_specific",-0.249357601464042,-1.1910993312489,0.297009672345651,0.297009672345651,3,"top_positive"
"Otarioidea","Otarioidea","B394","binary_aquatic_dependence","PMIS2",3,"Developmental / transcriptional signaling regulators","aquatic_specific",-0.39072525213697,-0.577745063707846,0.225739585688138,0.225739585688138,4,"top_positive"
"Otarioidea","Otarioidea","B394","binary_aquatic_dependence","PDGFB",5,"Vascular / hematologic regulation","aquatic_specific",-0.348561123284862,-0.632236822484831,0.220373177027365,0.220373177027365,5,"top_positive"
"Otarioidea","Otarioidea","B394","binary_aquatic_dependence","SDR9C7",91,"Epithelial / body-surface interface","shared",0.220181989308241,0.725202529670631,0.159676535634248,0.159676535634248,6,"top_positive"
"Otarioidea","Otarioidea","B394","binary_aquatic_dependence","HGFAC",10,"Vascular / hematologic regulation","shared",-0.251889764940469,-0.628904620380683,0.158414636997665,0.158414636997665,7,"top_positive"
"Otarioidea","Otarioidea","B394","marine","SDR9C7",68,"Epithelial / body-surface interface","shared",0.409389888665918,0.750207581006501,0.307127398064579,0.307127398064579,1,"top_positive"
"Otarioidea","Otarioidea","B394","marine","EPOR",1,"Vascular / hematologic regulation","shared",-0.562386788005208,-0.502524437345524,0.282613104212874,0.282613104212874,2,"top_positive"
"Otarioidea","Otarioidea","B394","marine","KCNK18",69,"Ion channels / mechanosensation / membrane signaling","shared",0.43928773003255,0.594147181232109,0.261001566548691,0.261001566548691,3,"top_positive"
"Otarioidea","Otarioidea","B394","marine","TPX2",2,"DNA repair / chromatin / cell-cycle","marine_specific",-0.547364151458345,-0.455774825923789,0.24947480084785,0.24947480084785,4,"top_positive"
"Otarioidea","Otarioidea","B394","marine","HGFAC",3,"Vascular / hematologic regulation","shared",-0.314672853107267,-0.637190014423496,0.200506399810102,0.200506399810102,5,"top_positive"
"Otarioidea","Otarioidea","B394","marine","ESYT3",55,"Membrane trafficking / ER / vesicle processing","marine_specific",0.153832070750976,1.29178860728676,0.198718516431443,0.198718516431443,6,"top_positive"
"Otarioidea","Otarioidea","B394","marine","NKPD1",58,"Unassigned / low-confidence","marine_specific",0.230941713295598,0.668003556962673,0.154269885932513,0.154269885932513,7,"top_positive"
"Phocidae","Phocidae","B409","binary_aquatic_dependence","TGM3",101,"Epithelial / body-surface interface","shared",1.04080869919882,3.49677302526257,3.63947178381704,3.63947178381704,1,"top_positive"
"Phocidae","Phocidae","B409","binary_aquatic_dependence","PER1",100,"Endocrine / circadian / systemic regulation","aquatic_specific",0.784004329488712,1.30067151278296,1.01973209726447,1.01973209726447,2,"top_positive"
"Phocidae","Phocidae","B409","binary_aquatic_dependence","SYTL5",93,"Membrane trafficking / ER / vesicle processing","aquatic_specific",0.265993756746688,1.63931981231984,0.43604883538823,0.43604883538823,3,"top_positive"
"Phocidae","Phocidae","B409","binary_aquatic_dependence","PMIS2",3,"Developmental / transcriptional signaling regulators","aquatic_specific",-0.39072525213697,-1.11454446072728,0.435480665435529,0.435480665435529,4,"top_positive"
"Phocidae","Phocidae","B409","binary_aquatic_dependence","OMP",92,"Sensory systems","shared",0.231144543648012,1.6681111244486,0.385574784614844,0.385574784614844,5,"top_positive"
"Phocidae","Phocidae","B409","binary_aquatic_dependence","FN3K",12,"Metabolism / redox / lipid handling","shared",-0.244837253974046,-1.48334480467037,0.363178068672161,0.363178068672161,6,"top_positive"
"Phocidae","Phocidae","B409","binary_aquatic_dependence","ATF7IP2",1,"DNA repair / chromatin / cell-cycle","aquatic_specific",-0.581769927151342,-0.617022950355934,0.358965396879278,0.358965396879278,7,"top_positive"
"Phocidae","Phocidae","B409","marine","TGM3",71,"Epithelial / body-surface interface","shared",0.691315381170856,3.57042173251485,2.46828746095421,2.46828746095421,1,"top_positive"
"Phocidae","Phocidae","B409","marine","OMP",64,"Sensory systems","shared",0.345615697623917,1.66207879005841,0.574440520531954,0.574440520531954,2,"top_positive"
"Phocidae","Phocidae","B409","marine","SYDE1",4,"Cytoskeletal / muscle / ECM / adhesion","shared",-0.314258007626709,-1.55789320285591,0.489580414024693,0.489580414024693,3,"top_positive"
"Phocidae","Phocidae","B409","marine","MYH7B",67,"Cytoskeletal / muscle / ECM / adhesion","marine_specific",0.397856553371577,1.16725334090979,0.464399391125826,0.464399391125826,4,"top_positive"
"Phocidae","Phocidae","B409","marine","KCNK18",69,"Ion channels / mechanosensation / membrane signaling","shared",0.43928773003255,0.820522409648946,0.360445426775523,0.360445426775523,5,"top_positive"
"Phocidae","Phocidae","B409","marine","NKPD1",58,"Unassigned / low-confidence","marine_specific",0.230941713295598,1.47283747607586,0.340139610130923,0.340139610130923,6,"top_positive"
"Phocidae","Phocidae","B409","marine","FN3K",11,"Metabolism / redox / lipid handling","shared",-0.217860441354345,-1.48575847577325,0.323687997277918,0.323687997277918,7,"top_positive"
"Pinnipedia","Crown Pinnipedia","B410","binary_aquatic_dependence","PER1",100,"Endocrine / circadian / systemic regulation","aquatic_specific",0.784004329488712,1.14686079145267,0.899143825819746,0.899143825819746,1,"top_positive"
"Pinnipedia","Crown Pinnipedia","B410","binary_aquatic_dependence","CACNA1G",99,"Ion channels / mechanosensation / membrane signaling","aquatic_specific",0.593854706123962,0.856493163342732,0.508632495814081,0.508632495814081,2,"top_positive"
"Pinnipedia","Crown Pinnipedia","B410","binary_aquatic_dependence","PMIS2",3,"Developmental / transcriptional signaling regulators","aquatic_specific",-0.39072525213697,-0.912747553737685,0.35663351807156,0.35663351807156,3,"top_positive"
"Pinnipedia","Crown Pinnipedia","B410","binary_aquatic_dependence","ATF7IP2",1,"DNA repair / chromatin / cell-cycle","aquatic_specific",-0.581769927151342,-0.605662267577492,0.352356093286874,0.352356093286874,4,"top_positive"
"Pinnipedia","Crown Pinnipedia","B410","binary_aquatic_dependence","FAM13A",96,"Developmental / transcriptional signaling regulators","aquatic_specific",0.348973910716795,0.595619627303456,0.207855710639767,0.207855710639767,5,"top_positive"
"Pinnipedia","Crown Pinnipedia","B410","binary_aquatic_dependence","NUBP2",13,"Metabolism / redox / lipid handling","shared",-0.239999172123246,-0.785314891338837,0.188474923777378,0.188474923777378,6,"top_positive"
"Pinnipedia","Crown Pinnipedia","B410","binary_aquatic_dependence","NLRP8",11,"Immune / inflammatory regulation","aquatic_specific",-0.249357601464042,-0.718723659517145,0.179219207852654,0.179219207852654,7,"top_positive"
"Pinnipedia","Crown Pinnipedia","B410","marine","EPOR",1,"Vascular / hematologic regulation","shared",-0.562386788005208,-0.728112625897194,0.409480920984361,0.409480920984361,1,"top_positive"
"Pinnipedia","Crown Pinnipedia","B410","marine","TPX2",2,"DNA repair / chromatin / cell-cycle","marine_specific",-0.547364151458345,-0.567162475783006,0.310444407295979,0.310444407295979,2,"top_positive"
"Pinnipedia","Crown Pinnipedia","B410","marine","TRIM66",44,"DNA repair / chromatin / cell-cycle","marine_specific",0.0785377211171152,3.52001916185544,0.276454283260704,0.276454283260704,3,"top_positive"
"Pinnipedia","Crown Pinnipedia","B410","marine","OR52W1",61,"Sensory systems","shared",0.282799403614638,0.548854428108315,0.155215704940285,0.155215704940285,4,"top_positive"
"Pinnipedia","Crown Pinnipedia","B410","marine","KRT17",57,"Epithelial / body-surface interface","marine_specific",0.189861649168978,0.736835251933537,0.139896756097941,0.139896756097941,5,"top_positive"
"Pinnipedia","Crown Pinnipedia","B410","marine","CD34",9,"Vascular / hematologic regulation","shared",-0.231912055829233,-0.454357895229391,0.105371073564891,0.105371073564891,6,"top_positive"
"Pinnipedia","Crown Pinnipedia","B410","marine","CATSPERZ",6,"Cilia / flagella / reproductive-cell function","shared",-0.264244206101874,-0.392932027905444,0.103830011765873,0.103830011765873,7,"top_positive"
"Sirenia","Sirenia","B26","binary_aquatic_dependence","TGM3",101,"Epithelial / body-surface interface","shared",1.04080869919882,1.41161122774524,1.46921724572396,1.46921724572396,1,"top_positive"
"Sirenia","Sirenia","B26","binary_aquatic_dependence","ATF7IP2",1,"DNA repair / chromatin / cell-cycle","aquatic_specific",-0.581769927151342,-0.925599796246078,0.538486126033378,0.538486126033378,2,"top_positive"
"Sirenia","Sirenia","B26","binary_aquatic_dependence","IL33",94,"Immune / inflammatory regulation","shared",0.340038935001018,1.45973400354367,0.496366395949764,0.496366395949764,3,"top_positive"
"Sirenia","Sirenia","B26","binary_aquatic_dependence","LRP2",98,"Transport / endocytic / epithelial solute handling","aquatic_specific",0.471378525654808,0.823076261926727,0.387980474848491,0.387980474848491,4,"top_positive"
"Sirenia","Sirenia","B26","binary_aquatic_dependence","PER1",100,"Endocrine / circadian / systemic regulation","aquatic_specific",0.784004329488712,0.381905226772711,0.299415351244174,0.299415351244174,5,"top_positive"
"Sirenia","Sirenia","B26","binary_aquatic_dependence","SDR9C7",91,"Epithelial / body-surface interface","shared",0.220181989308241,1.22242504407907,0.269155977985545,0.269155977985545,6,"top_positive"
"Sirenia","Sirenia","B26","binary_aquatic_dependence","WDR93",2,"Cilia / flagella / reproductive-cell function","shared",-0.4793197990576,-0.504020882488762,0.241587188115348,0.241587188115348,7,"top_positive"
"Sirenia","Sirenia","B26","marine","TGM3",71,"Epithelial / body-surface interface","shared",0.691315381170856,1.44715490822502,1.00044044699286,1.00044044699286,1,"top_positive"
"Sirenia","Sirenia","B26","marine","SDR9C7",68,"Epithelial / body-surface interface","shared",0.409389888665918,1.25606266589364,0.514219354947612,0.514219354947612,2,"top_positive"
"Sirenia","Sirenia","B26","marine","IL33",59,"Immune / inflammatory regulation","shared",0.27044270721607,1.49209879308934,0.403527237036912,0.403527237036912,3,"top_positive"
"Sirenia","Sirenia","B26","marine","KRTDAP",66,"Epithelial / body-surface interface","shared",0.386565925079529,0.62686937948906,0.242326341586219,0.242326341586219,4,"top_positive"
"Sirenia","Sirenia","B26","marine","ALOX12B",54,"Epithelial / body-surface interface","marine_specific",0.149753620737968,0.860075813619587,0.128799467198687,0.128799467198687,5,"top_positive"
"Sirenia","Sirenia","B26","marine","WDR93",8,"Cilia / flagella / reproductive-cell function","shared",-0.242927446164409,-0.49855662988697,0.121113088866776,0.121113088866776,6,"top_positive"
"Sirenia","Sirenia","B26","marine","COL20A1",46,"Cytoskeletal / muscle / ECM / adhesion","shared",0.0921292718400568,1.09990489816915,0.101333437361636,0.101333437361636,7,"top_positive"
"Ursus_arctos_plus_Ursus_maritimus","Brown bear + polar bear","B349","binary_aquatic_dependence","WDR93",2,"Cilia / flagella / reproductive-cell function","shared",-0.4793197990576,-1.95118120400594,0.935239782629095,0.935239782629095,1,"top_positive"
"Ursus_arctos_plus_Ursus_maritimus","Brown bear + polar bear","B349","binary_aquatic_dependence","SYTL5",93,"Membrane trafficking / ER / vesicle processing","aquatic_specific",0.265993756746688,2.71462862352636,0.722074265743867,0.722074265743867,2,"top_positive"
"Ursus_arctos_plus_Ursus_maritimus","Brown bear + polar bear","B349","binary_aquatic_dependence","DBNL",80,"Cytoskeletal / muscle / ECM / adhesion","shared",0.116035395287358,4.14850378290266,0.481373276300208,0.481373276300208,3,"top_positive"
"Ursus_arctos_plus_Ursus_maritimus","Brown bear + polar bear","B349","binary_aquatic_dependence","CATSPERG",17,"Cilia / flagella / reproductive-cell function","aquatic_specific",-0.232264279338058,-2.00168850047952,0.464920737023154,0.464920737023154,4,"top_positive"
"Ursus_arctos_plus_Ursus_maritimus","Brown bear + polar bear","B349","binary_aquatic_dependence","PDGFB",5,"Vascular / hematologic regulation","aquatic_specific",-0.348561123284862,-1.26540545001707,0.441071145068738,0.441071145068738,5,"top_positive"
"Ursus_arctos_plus_Ursus_maritimus","Brown bear + polar bear","B349","binary_aquatic_dependence","PMIS2",3,"Developmental / transcriptional signaling regulators","aquatic_specific",-0.39072525213697,-1.11454446072728,0.435480665435529,0.435480665435529,6,"top_positive"
"Ursus_arctos_plus_Ursus_maritimus","Brown bear + polar bear","B349","binary_aquatic_dependence","KEAP1",21,"Developmental / transcriptional signaling regulators","aquatic_specific",-0.19883739251004,-2.00822504552793,0.399310231626132,0.399310231626132,7,"top_positive"
"Ursus_arctos_plus_Ursus_maritimus","Brown bear + polar bear","B349","marine","MYH7B",67,"Cytoskeletal / muscle / ECM / adhesion","marine_specific",0.397856553371577,1.61756087030557,0.643557192728503,0.643557192728503,1,"top_positive"
"Ursus_arctos_plus_Ursus_maritimus","Brown bear + polar bear","B349","marine","TRIM66",44,"DNA repair / chromatin / cell-cycle","marine_specific",0.0785377211171152,6.56758940833018,0.515803505363155,0.515803505363155,2,"top_positive"
"Ursus_arctos_plus_Ursus_maritimus","Brown bear + polar bear","B349","marine","WDR93",8,"Cilia / flagella / reproductive-cell function","shared",-0.242927446164409,-1.96092042820439,0.47636139175531,0.47636139175531,3,"top_positive"
"Ursus_arctos_plus_Ursus_maritimus","Brown bear + polar bear","B349","marine","DBNL",48,"Cytoskeletal / muscle / ECM / adhesion","shared",0.109704318050152,4.21288710609289,0.462171906996197,0.462171906996197,4,"top_positive"
"Ursus_arctos_plus_Ursus_maritimus","Brown bear + polar bear","B349","marine","HGFAC",3,"Vascular / hematologic regulation","shared",-0.314672853107267,-1.34988804740223,0.424773123251458,0.424773123251458,5,"top_positive"
"Ursus_arctos_plus_Ursus_maritimus","Brown bear + polar bear","B349","marine","TOGARAM2",51,"Cilia / flagella / reproductive-cell function","shared",0.129304237042922,2.44622972661069,0.316307868431111,0.316307868431111,6,"top_positive"
"Ursus_arctos_plus_Ursus_maritimus","Brown bear + polar bear","B349","marine","CATSPERZ",6,"Cilia / flagella / reproductive-cell function","shared",-0.264244206101874,-1.16646446859008,0.308231477448631,0.308231477448631,7,"top_positive"
"common_ancestor_Cetacea_plus_Hippopotamus","Cetacea + hippo ancestor","B593","binary_aquatic_dependence","TGM3",101,"Epithelial / body-surface interface","shared",1.04080869919882,2.21446954561285,2.3048391671847,2.3048391671847,1,"top_positive"
"common_ancestor_Cetacea_plus_Hippopotamus","Cetacea + hippo ancestor","B593","binary_aquatic_dependence","LRP2",98,"Transport / endocytic / epithelial solute handling","aquatic_specific",0.471378525654808,4.01679782060841,1.89343223453184,1.89343223453184,2,"top_positive"
"common_ancestor_Cetacea_plus_Hippopotamus","Cetacea + hippo ancestor","B593","binary_aquatic_dependence","IL33",94,"Immune / inflammatory regulation","shared",0.340038935001018,1.77089357082817,0.60217276382456,0.60217276382456,3,"top_positive"
"common_ancestor_Cetacea_plus_Hippopotamus","Cetacea + hippo ancestor","B593","binary_aquatic_dependence","ATF7IP2",1,"DNA repair / chromatin / cell-cycle","aquatic_specific",-0.581769927151342,-0.950457125790869,0.552947372831828,0.552947372831828,4,"top_positive"
"common_ancestor_Cetacea_plus_Hippopotamus","Cetacea + hippo ancestor","B593","binary_aquatic_dependence","FAM13A",96,"Developmental / transcriptional signaling regulators","aquatic_specific",0.348973910716795,1.21681028358969,0.424635043264705,0.424635043264705,5,"top_positive"
"common_ancestor_Cetacea_plus_Hippopotamus","Cetacea + hippo ancestor","B593","binary_aquatic_dependence","PDGFB",5,"Vascular / hematologic regulation","aquatic_specific",-0.348561123284862,-1.10821241334476,0.386279763633677,0.386279763633677,6,"top_positive"
"common_ancestor_Cetacea_plus_Hippopotamus","Cetacea + hippo ancestor","B593","binary_aquatic_dependence","SMCO3",7,"Unassigned / low-confidence","aquatic_specific",-0.307082295991399,-1.04300225274641,0.32028752649757,0.32028752649757,7,"top_positive"
"common_ancestor_Cetacea_plus_Hippopotamus","Cetacea + hippo ancestor","B593","marine","TGM3",71,"Epithelial / body-surface interface","shared",0.691315381170856,2.26468495935251,1.56561154590669,1.56561154590669,1,"top_positive"
"common_ancestor_Cetacea_plus_Hippopotamus","Cetacea + hippo ancestor","B593","marine","IL33",59,"Immune / inflammatory regulation","shared",0.27044270721607,1.80742195264678,0.488804085955552,0.488804085955552,2,"top_positive"
"common_ancestor_Cetacea_plus_Hippopotamus","Cetacea + hippo ancestor","B593","marine","EPOR",1,"Vascular / hematologic regulation","shared",-0.562386788005208,-0.643961483788576,0.362155430466925,0.362155430466925,3,"top_positive"
"common_ancestor_Cetacea_plus_Hippopotamus","Cetacea + hippo ancestor","B593","marine","IL36G",56,"Immune / inflammatory regulation","marine_specific",0.166019839478868,2.0864955505301,0.34639965637238,0.34639965637238,4,"top_positive"
"common_ancestor_Cetacea_plus_Hippopotamus","Cetacea + hippo ancestor","B593","marine","ATG2A",20,"Membrane trafficking / ER / vesicle processing","marine_specific",-0.0892133442112914,-3.19304680080076,0.284862383322601,0.284862383322601,5,"top_positive"
"common_ancestor_Cetacea_plus_Hippopotamus","Cetacea + hippo ancestor","B593","marine","OR52W1",61,"Sensory systems","shared",0.282799403614638,0.838162328351196,0.237031806589975,0.237031806589975,6,"top_positive"
"common_ancestor_Cetacea_plus_Hippopotamus","Cetacea + hippo ancestor","B593","marine","CAPN14",63,"Epithelial / body-surface interface","marine_specific",0.342438899161804,0.689837675216484,0.236227254101471,0.236227254101471,7,"top_positive"
"crown_Cetacea","Crown Cetacea","B592","binary_aquatic_dependence","TGM3",101,"Epithelial / body-surface interface","shared",1.04080869919882,2.37978610985346,2.47690208536799,2.47690208536799,1,"top_positive"
"crown_Cetacea","Crown Cetacea","B592","binary_aquatic_dependence","PER1",100,"Endocrine / circadian / systemic regulation","aquatic_specific",0.784004329488712,1.92710373109188,1.51085766854988,1.51085766854988,2,"top_positive"
"crown_Cetacea","Crown Cetacea","B592","binary_aquatic_dependence","PRSS53",89,"Epithelial / body-surface interface","aquatic_specific",0.194083977905306,2.11579829502964,0.410642549544615,0.410642549544615,3,"top_positive"
"crown_Cetacea","Crown Cetacea","B592","binary_aquatic_dependence","WDR93",2,"Cilia / flagella / reproductive-cell function","shared",-0.4793197990576,-0.745919106237803,0.357533796115129,0.357533796115129,4,"top_positive"
"crown_Cetacea","Crown Cetacea","B592","binary_aquatic_dependence","OR52W1",88,"Sensory systems","shared",0.190684677268266,1.38310812837251,0.263737527085827,0.263737527085827,5,"top_positive"
"crown_Cetacea","Crown Cetacea","B592","binary_aquatic_dependence","SLC6A15",16,"Transport / endocytic / epithelial solute handling","aquatic_specific",-0.23289351110375,-0.966017864776508,0.224979292316748,0.224979292316748,6,"top_positive"
"crown_Cetacea","Crown Cetacea","B592","binary_aquatic_dependence","ATF7IP2",1,"DNA repair / chromatin / cell-cycle","aquatic_specific",-0.581769927151342,-0.363629023403181,0.211548430455382,0.211548430455382,7,"top_positive"
"crown_Cetacea","Crown Cetacea","B592","marine","TGM3",71,"Epithelial / body-surface interface","shared",0.691315381170856,2.43302258033502,1.6819859325216,1.6819859325216,1,"top_positive"
"crown_Cetacea","Crown Cetacea","B592","marine","KRTDAP",66,"Epithelial / body-surface interface","shared",0.386565925079529,1.59463705565283,0.616432348584532,0.616432348584532,2,"top_positive"
"crown_Cetacea","Crown Cetacea","B592","marine","OR52W1",61,"Sensory systems","shared",0.282799403614638,1.37492373000625,0.388827610861381,0.388827610861381,3,"top_positive"
"crown_Cetacea","Crown Cetacea","B592","marine","SSTR4",52,"Endocrine / circadian / systemic regulation","marine_specific",0.137940410562783,2.56488849133872,0.35380177154302,0.35380177154302,4,"top_positive"
"crown_Cetacea","Crown Cetacea","B592","marine","ACP4",65,"Cytoskeletal / muscle / ECM / adhesion","marine_specific",0.36185377349003,0.749583795952328,0.271239725112331,0.271239725112331,5,"top_positive"
"crown_Cetacea","Crown Cetacea","B592","marine","CD34",9,"Vascular / hematologic regulation","shared",-0.231912055829233,-0.965606190449255,0.22393571674852,0.22393571674852,6,"top_positive"
"crown_Cetacea","Crown Cetacea","B592","marine","CATSPERZ",6,"Cilia / flagella / reproductive-cell function","shared",-0.264244206101874,-0.834407507881815,0.220487349485674,0.220487349485674,7,"top_positive"
"Dugong_plus_Hydrodamalis","Dugong + Hydrodamalis","B25","binary_aquatic_dependence","PDGFB",5,"Vascular / hematologic regulation","aquatic_specific",-0.348561123284862,1.75550979038938,-0.611902464475696,0.611902464475696,1,"top_negative"
"Dugong_plus_Hydrodamalis","Dugong + Hydrodamalis","B25","binary_aquatic_dependence","IL33",94,"Immune / inflammatory regulation","shared",0.340038935001018,-1.25231167496481,-0.425834728244375,0.425834728244375,2,"top_negative"
"Dugong_plus_Hydrodamalis","Dugong + Hydrodamalis","B25","binary_aquatic_dependence","PER1",100,"Endocrine / circadian / systemic regulation","aquatic_specific",0.784004329488712,-0.494138411226618,-0.387406653768342,0.387406653768342,3,"top_negative"
"Dugong_plus_Hydrodamalis","Dugong + Hydrodamalis","B25","binary_aquatic_dependence","CASTOR1",40,"Endocrine / circadian / systemic regulation","aquatic_specific",-0.0825057476543748,2.05005959172027,-0.169141699350903,0.169141699350903,4,"top_negative"
"Dugong_plus_Hydrodamalis","Dugong + Hydrodamalis","B25","binary_aquatic_dependence","HGFAC",10,"Vascular / hematologic regulation","shared",-0.251889764940469,0.536937454755236,-0.13524904926603,0.13524904926603,5,"top_negative"
"Dugong_plus_Hydrodamalis","Dugong + Hydrodamalis","B25","binary_aquatic_dependence","SDR9C7",91,"Epithelial / body-surface interface","shared",0.220181989308241,-0.529451635541802,-0.116575714356096,0.116575714356096,6,"top_negative"
"Dugong_plus_Hydrodamalis","Dugong + Hydrodamalis","B25","binary_aquatic_dependence","CATSPERG",17,"Cilia / flagella / reproductive-cell function","aquatic_specific",-0.232264279338058,0.399035516084777,-0.0926816965737208,0.0926816965737208,7,"top_negative"
"Dugong_plus_Hydrodamalis","Dugong + Hydrodamalis","B25","marine","TPX2",2,"DNA repair / chromatin / cell-cycle","marine_specific",-0.547364151458345,2.60533077025585,-1.42606466632941,1.42606466632941,1,"top_negative"
"Dugong_plus_Hydrodamalis","Dugong + Hydrodamalis","B25","marine","EPOR",1,"Vascular / hematologic regulation","shared",-0.562386788005208,1.26649833692855,-0.712261931719188,0.712261931719188,2,"top_negative"
"Dugong_plus_Hydrodamalis","Dugong + Hydrodamalis","B25","marine","IL33",59,"Immune / inflammatory regulation","shared",0.27044270721607,-1.25623647320033,-0.339739992715866,0.339739992715866,3,"top_negative"
"Dugong_plus_Hydrodamalis","Dugong + Hydrodamalis","B25","marine","SDR9C7",68,"Epithelial / body-surface interface","shared",0.409389888665918,-0.526229367957119,-0.215432982360701,0.215432982360701,4,"top_negative"
"Dugong_plus_Hydrodamalis","Dugong + Hydrodamalis","B25","marine","APH1B",14,"Membrane trafficking / ER / vesicle processing","marine_specific",-0.152260877432123,1.1544469310121,-0.175777102664723,0.175777102664723,5,"top_negative"
"Dugong_plus_Hydrodamalis","Dugong + Hydrodamalis","B25","marine","HGFAC",3,"Vascular / hematologic regulation","shared",-0.314672853107267,0.53453366461062,-0.168203233324907,0.168203233324907,6,"top_negative"
"Dugong_plus_Hydrodamalis","Dugong + Hydrodamalis","B25","marine","OMP",64,"Sensory systems","shared",0.345615697623917,-0.379325592931973,-0.13110087942779,0.13110087942779,7,"top_negative"
"Lutrinae_sampled","Lutrinae / Enhydra-related","B380","binary_aquatic_dependence","PUSL1",6,"Metabolism / redox / lipid handling","shared",-0.314220898750119,2.44721978996208,-0.768967601840962,0.768967601840962,1,"top_negative"
"Lutrinae_sampled","Lutrinae / Enhydra-related","B380","binary_aquatic_dependence","ATF7IP2",1,"DNA repair / chromatin / cell-cycle","aquatic_specific",-0.581769927151342,1.31691961767155,-0.766144230036948,0.766144230036948,2,"top_negative"
"Lutrinae_sampled","Lutrinae / Enhydra-related","B380","binary_aquatic_dependence","KIF18A",95,"DNA repair / chromatin / cell-cycle","aquatic_specific",0.340198342633948,-1.47964940305389,-0.503374274598242,0.503374274598242,3,"top_negative"
"Lutrinae_sampled","Lutrinae / Enhydra-related","B380","binary_aquatic_dependence","CACNA1G",99,"Ion channels / mechanosensation / membrane signaling","aquatic_specific",0.593854706123962,-0.736989778825035,-0.437664848520505,0.437664848520505,4,"top_negative"
"Lutrinae_sampled","Lutrinae / Enhydra-related","B380","binary_aquatic_dependence","IL33",94,"Immune / inflammatory regulation","shared",0.340038935001018,-1.25231167496481,-0.425834728244375,0.425834728244375,5,"top_negative"
"Lutrinae_sampled","Lutrinae / Enhydra-related","B380","binary_aquatic_dependence","SPEF2",85,"Cilia / flagella / reproductive-cell function","aquatic_specific",0.174059525751515,-1.91992469287402,-0.334181181520275,0.334181181520275,6,"top_negative"
"Lutrinae_sampled","Lutrinae / Enhydra-related","B380","binary_aquatic_dependence","NWD1",97,"Developmental / transcriptional signaling regulators","aquatic_specific",0.404558879261438,-0.770902977382563,-0.311875644549196,0.311875644549196,7,"top_negative"
"Lutrinae_sampled","Lutrinae / Enhydra-related","B380","marine","PUSL1",5,"Metabolism / redox / lipid handling","shared",-0.270477624990477,2.47049022849186,-0.668212329564657,0.668212329564657,1,"top_negative"
"Lutrinae_sampled","Lutrinae / Enhydra-related","B380","marine","FAM234A",18,"Unassigned / low-confidence","marine_specific",-0.108556846491888,5.98528734085229,-0.649743919070743,0.649743919070743,2,"top_negative"
"Lutrinae_sampled","Lutrinae / Enhydra-related","B380","marine","KCNK18",69,"Ion channels / mechanosensation / membrane signaling","shared",0.43928773003255,-1.21344822905597,-0.533052918054014,0.533052918054014,3,"top_negative"
"Lutrinae_sampled","Lutrinae / Enhydra-related","B380","marine","ACP4",65,"Cytoskeletal / muscle / ECM / adhesion","marine_specific",0.36185377349003,-1.04945723387968,-0.379750060195771,0.379750060195771,4,"top_negative"
"Lutrinae_sampled","Lutrinae / Enhydra-related","B380","marine","MYH7B",67,"Cytoskeletal / muscle / ECM / adhesion","marine_specific",0.397856553371577,-0.886166488666984,-0.352567144894439,0.352567144894439,5,"top_negative"
"Lutrinae_sampled","Lutrinae / Enhydra-related","B380","marine","IL33",59,"Immune / inflammatory regulation","shared",0.27044270721607,-1.25623647320033,-0.339739992715866,0.339739992715866,6,"top_negative"
"Lutrinae_sampled","Lutrinae / Enhydra-related","B380","marine","KRTDAP",66,"Epithelial / body-surface interface","shared",0.386565925079529,-0.7956627842008,-0.307576120225936,0.307576120225936,7,"top_negative"
"Mysticeti","Mysticeti","B544","binary_aquatic_dependence","LRP2",98,"Transport / endocytic / epithelial solute handling","aquatic_specific",0.471378525654808,-0.871086630920443,-0.410611531800893,0.410611531800893,1,"top_negative"
"Mysticeti","Mysticeti","B544","binary_aquatic_dependence","PER1",100,"Endocrine / circadian / systemic regulation","aquatic_specific",0.784004329488712,-0.366159151001057,-0.28707035966674,0.28707035966674,2,"top_negative"
"Mysticeti","Mysticeti","B544","binary_aquatic_dependence","NWD1",97,"Developmental / transcriptional signaling regulators","aquatic_specific",0.404558879261438,-0.621487675694987,-0.25142835755396,0.25142835755396,3,"top_negative"
"Mysticeti","Mysticeti","B544","binary_aquatic_dependence","SEC61A2",87,"Membrane trafficking / ER / vesicle processing","aquatic_specific",0.176583875943885,-1.31034677313231,-0.231386112030266,0.231386112030266,4,"top_negative"
"Mysticeti","Mysticeti","B544","binary_aquatic_dependence","FZD5",83,"Developmental / transcriptional signaling regulators","aquatic_specific",0.130676120517993,-1.58059404971009,-0.206545898529939,0.206545898529939,5,"top_negative"
"Mysticeti","Mysticeti","B544","binary_aquatic_dependence","C1orf112",37,"DNA repair / chromatin / cell-cycle","aquatic_specific",-0.10365191227098,1.74509572612884,-0.180882509109169,0.180882509109169,6,"top_negative"
"Mysticeti","Mysticeti","B544","binary_aquatic_dependence","ABHD8",82,"Metabolism / redox / lipid handling","aquatic_specific",0.123391794658719,-1.25863666037256,-0.155305436346626,0.155305436346626,7,"top_negative"
"Mysticeti","Mysticeti","B544","marine","EPOR",1,"Vascular / hematologic regulation","shared",-0.562386788005208,0.799318534189459,-0.449526183035841,0.449526183035841,1,"top_negative"
"Mysticeti","Mysticeti","B544","marine","F11",7,"Vascular / hematologic regulation","marine_specific",-0.254306353084796,0.846216648756426,-0.215198269864885,0.215198269864885,2,"top_negative"
"Mysticeti","Mysticeti","B544","marine","TOGARAM2",51,"Cilia / flagella / reproductive-cell function","shared",0.129304237042922,-1.39735365729225,-0.180683748535311,0.180683748535311,3,"top_negative"
"Mysticeti","Mysticeti","B544","marine","OMP",64,"Sensory systems","shared",0.345615697623917,-0.488165581528873,-0.168717688016087,0.168717688016087,4,"top_negative"
"Mysticeti","Mysticeti","B544","marine","RARS1",17,"RNA processing / translation / protein homeostasis","marine_specific",-0.115426630752885,0.85377068883655,-0.0985478740479728,0.0985478740479728,5,"top_negative"
"Mysticeti","Mysticeti","B544","marine","CD34",9,"Vascular / hematologic regulation","shared",-0.231912055829233,0.383436961168388,-0.0889236539454746,0.0889236539454746,6,"top_negative"
"Mysticeti","Mysticeti","B544","marine","OR52W1",61,"Sensory systems","shared",0.282799403614638,-0.259173016655465,-0.0732939745431722,0.0732939745431722,7,"top_negative"
"Odontoceti","Odontoceti","B591","binary_aquatic_dependence","WDR93",2,"Cilia / flagella / reproductive-cell function","shared",-0.4793197990576,2.79337272873195,-1.33891885502878,1.33891885502878,1,"top_negative"
"Odontoceti","Odontoceti","B591","binary_aquatic_dependence","LRP2",98,"Transport / endocytic / epithelial solute handling","aquatic_specific",0.471378525654808,-1.90251226232833,-0.896803425256523,0.896803425256523,2,"top_negative"
"Odontoceti","Odontoceti","B591","binary_aquatic_dependence","NLRP8",11,"Immune / inflammatory regulation","aquatic_specific",-0.249357601464042,2.52224184057161,-0.628940175677187,0.628940175677187,3,"top_negative"
"Odontoceti","Odontoceti","B591","binary_aquatic_dependence","IL33",94,"Immune / inflammatory regulation","shared",0.340038935001018,-1.25231167496481,-0.425834728244375,0.425834728244375,4,"top_negative"
"Odontoceti","Odontoceti","B591","binary_aquatic_dependence","SYTL5",93,"Membrane trafficking / ER / vesicle processing","aquatic_specific",0.265993756746688,-1.47902884264825,-0.393412438192713,0.393412438192713,5,"top_negative"
"Odontoceti","Odontoceti","B591","binary_aquatic_dependence","SYNPO2",22,"Cytoskeletal / muscle / ECM / adhesion","aquatic_specific",-0.164171125185038,1.73976657206973,-0.285619435696004,0.285619435696004,6,"top_negative"
"Odontoceti","Odontoceti","B591","binary_aquatic_dependence","PRSS53",89,"Epithelial / body-surface interface","aquatic_specific",0.194083977905306,-1.31221071644592,-0.254679075697796,0.254679075697796,7,"top_negative"
"Odontoceti","Odontoceti","B591","marine","WDR93",8,"Cilia / flagella / reproductive-cell function","shared",-0.242927446164409,2.8334785110413,-0.688329698448994,0.688329698448994,1,"top_negative"
"Odontoceti","Odontoceti","B591","marine","ASMTL",10,"Endocrine / circadian / systemic regulation","shared",-0.225475311673798,1.89932613666417,-0.428251152634545,0.428251152634545,2,"top_negative"
"Odontoceti","Odontoceti","B591","marine","KCNK18",69,"Ion channels / mechanosensation / membrane signaling","shared",0.43928773003255,-0.960759357598265,-0.422049797306872,0.422049797306872,3,"top_negative"
"Odontoceti","Odontoceti","B591","marine","RARS1",17,"RNA processing / translation / protein homeostasis","marine_specific",-0.115426630752885,3.27406578158353,-0.377914382031499,0.377914382031499,4,"top_negative"
"Odontoceti","Odontoceti","B591","marine","ACP4",65,"Cytoskeletal / muscle / ECM / adhesion","marine_specific",0.36185377349003,-0.956816466824801,-0.346227649057952,0.346227649057952,5,"top_negative"
"Odontoceti","Odontoceti","B591","marine","IL33",59,"Immune / inflammatory regulation","shared",0.27044270721607,-1.25623647320033,-0.339739992715866,0.339739992715866,6,"top_negative"
"Odontoceti","Odontoceti","B591","marine","OMP",64,"Sensory systems","shared",0.345615697623917,-0.83680215058049,-0.28921195904607,0.28921195904607,7,"top_negative"
"Otariidae","Otariidae","B393","binary_aquatic_dependence","ACADSB",14,"Metabolism / redox / lipid handling","aquatic_specific",-0.238865076823398,3.02406705652264,-0.722344009775387,0.722344009775387,1,"top_negative"
"Otariidae","Otariidae","B393","binary_aquatic_dependence","SLC6A15",16,"Transport / endocytic / epithelial solute handling","aquatic_specific",-0.23289351110375,2.22530909925717,-0.518260049417126,0.518260049417126,2,"top_negative"
"Otariidae","Otariidae","B393","binary_aquatic_dependence","TGM3",101,"Epithelial / body-surface interface","shared",1.04080869919882,-0.452983284835164,-0.471468943448094,0.471468943448094,3,"top_negative"
"Otariidae","Otariidae","B393","binary_aquatic_dependence","TIGD7",26,"Developmental / transcriptional signaling regulators","aquatic_specific",-0.153350666144971,1.93834609322955,-0.297246664616254,0.297246664616254,4,"top_negative"
"Otariidae","Otariidae","B393","binary_aquatic_dependence","H1_8",24,"DNA repair / chromatin / cell-cycle","aquatic_specific",-0.160268979059258,1.71922596608087,-0.275538590355948,0.275538590355948,5,"top_negative"
"Otariidae","Otariidae","B393","binary_aquatic_dependence","PUSL1",6,"Metabolism / redox / lipid handling","shared",-0.314220898750119,0.799589526228338,-0.25124773956265,0.25124773956265,6,"top_negative"
"Otariidae","Otariidae","B393","binary_aquatic_dependence","FN3K",12,"Metabolism / redox / lipid handling","shared",-0.244837253974046,0.951598543288925,-0.232986774224563,0.232986774224563,7,"top_negative"
"Otariidae","Otariidae","B393","marine","TGM3",71,"Epithelial / body-surface interface","shared",0.691315381170856,-0.451513902045998,-0.312138505296869,0.312138505296869,1,"top_negative"
"Otariidae","Otariidae","B393","marine","PUSL1",5,"Metabolism / redox / lipid handling","shared",-0.270477624990477,0.80871305536337,-0.218738786513476,0.218738786513476,2,"top_negative"
"Otariidae","Otariidae","B393","marine","FN3K",11,"Metabolism / redox / lipid handling","shared",-0.217860441354345,0.948775487373491,-0.206700646425372,0.206700646425372,3,"top_negative"
"Otariidae","Otariidae","B393","marine","HOXD10",60,"Developmental / transcriptional signaling regulators","marine_specific",0.28020716230031,-0.60795096148977,-0.170352213736793,0.170352213736793,4,"top_negative"
"Otariidae","Otariidae","B393","marine","MYH7B",67,"Cytoskeletal / muscle / ECM / adhesion","marine_specific",0.397856553371577,-0.388628585487009,-0.154618429563533,0.154618429563533,5,"top_negative"
"Otariidae","Otariidae","B393","marine","ACP4",65,"Cytoskeletal / muscle / ECM / adhesion","marine_specific",0.36185377349003,-0.399286178212381,-0.144483210288563,0.144483210288563,6,"top_negative"
"Otariidae","Otariidae","B393","marine","TREM2",19,"Immune / inflammatory regulation","marine_specific",-0.0898257166079112,1.12922978859989,-0.101433874975985,0.101433874975985,7,"top_negative"
"Otariinae_sampled","Otariinae","B392","binary_aquatic_dependence","NWD1",97,"Developmental / transcriptional signaling regulators","aquatic_specific",0.404558879261438,-2.18087531346393,-0.882292472623907,0.882292472623907,1,"top_negative"
"Otariinae_sampled","Otariinae","B392","binary_aquatic_dependence","CACNA1G",99,"Ion channels / mechanosensation / membrane signaling","aquatic_specific",0.593854706123962,-1.36052119398748,-0.80795191383086,0.80795191383086,2,"top_negative"
"Otariinae_sampled","Otariinae","B392","binary_aquatic_dependence","PDGFB",5,"Vascular / hematologic regulation","aquatic_specific",-0.348561123284862,1.90195349480841,-0.66294704658599,0.66294704658599,3,"top_negative"
"Otariinae_sampled","Otariinae","B392","binary_aquatic_dependence","IL33",94,"Immune / inflammatory regulation","shared",0.340038935001018,-1.25231167496481,-0.425834728244375,0.425834728244375,4,"top_negative"
"Otariinae_sampled","Otariinae","B392","binary_aquatic_dependence","MEFV",36,"Immune / inflammatory regulation","aquatic_specific",-0.106234859098565,3.94063657235663,-0.41863297102296,0.41863297102296,5,"top_negative"
"Otariinae_sampled","Otariinae","B392","binary_aquatic_dependence","PMIS2",3,"Developmental / transcriptional signaling regulators","aquatic_specific",-0.39072525213697,0.877135480396908,-0.342718981736365,0.342718981736365,6,"top_negative"
"Otariinae_sampled","Otariinae","B392","binary_aquatic_dependence","TGM3",101,"Epithelial / body-surface interface","shared",1.04080869919882,-0.322874311486016,-0.336050392142473,0.336050392142473,7,"top_negative"
"Otariinae_sampled","Otariinae","B392","marine","ACP4",65,"Cytoskeletal / muscle / ECM / adhesion","marine_specific",0.36185377349003,-1.20249539309819,-0.435127495596957,0.435127495596957,1,"top_negative"
"Otariinae_sampled","Otariinae","B392","marine","IL33",59,"Immune / inflammatory regulation","shared",0.27044270721607,-1.25623647320033,-0.339739992715866,0.339739992715866,2,"top_negative"
"Otariinae_sampled","Otariinae","B392","marine","ALOX12B",54,"Epithelial / body-surface interface","marine_specific",0.149753620737968,-2.17584430081126,-0.325840562208559,0.325840562208559,3,"top_negative"
"Otariinae_sampled","Otariinae","B392","marine","TGM3",71,"Epithelial / body-surface interface","shared",0.691315381170856,-0.319027268642501,-0.220548457825487,0.220548457825487,4,"top_negative"
"Otariinae_sampled","Otariinae","B392","marine","TREM2",19,"Immune / inflammatory regulation","marine_specific",-0.0898257166079112,2.32068104658434,-0.208456838027836,0.208456838027836,5,"top_negative"
"Otariinae_sampled","Otariinae","B392","marine","FAM234A",18,"Unassigned / low-confidence","marine_specific",-0.108556846491888,1.83010037811165,-0.198669925811413,0.198669925811413,6,"top_negative"
"Otariinae_sampled","Otariinae","B392","marine","TOGARAM2",51,"Cilia / flagella / reproductive-cell function","shared",0.129304237042922,-1.487833667982,-0.192383197285185,0.192383197285185,7,"top_negative"
"Otarioidea","Otarioidea","B394","binary_aquatic_dependence","FAM20B",28,"Developmental / transcriptional signaling regulators","aquatic_specific",-0.149046125022571,2.66112402284671,-0.396630223809778,0.396630223809778,1,"top_negative"
"Otarioidea","Otarioidea","B394","binary_aquatic_dependence","ATF7IP2",1,"DNA repair / chromatin / cell-cycle","aquatic_specific",-0.581769927151342,0.548589360018638,-0.319152792014044,0.319152792014044,2,"top_negative"
"Otarioidea","Otarioidea","B394","binary_aquatic_dependence","SYTL5",93,"Membrane trafficking / ER / vesicle processing","aquatic_specific",0.265993756746688,-1.02446507838628,-0.272501314855755,0.272501314855755,3,"top_negative"
"Otarioidea","Otarioidea","B394","binary_aquatic_dependence","CORO2A",34,"Cytoskeletal / muscle / ECM / adhesion","aquatic_specific",-0.110434776748237,2.43830145314571,-0.269273276623049,0.269273276623049,4,"top_negative"
"Otarioidea","Otarioidea","B394","binary_aquatic_dependence","SLC5A5",19,"Transport / endocytic / epithelial solute handling","aquatic_specific",-0.231105741131879,1.11756234059809,-0.258275072985,0.258275072985,5,"top_negative"
"Otarioidea","Otarioidea","B394","binary_aquatic_dependence","PFKP",4,"Metabolism / redox / lipid handling","aquatic_specific",-0.356881027792284,0.637908549625335,-0.227657458827775,0.227657458827775,6,"top_negative"
"Otarioidea","Otarioidea","B394","binary_aquatic_dependence","LRP2",98,"Transport / endocytic / epithelial solute handling","aquatic_specific",0.471378525654808,-0.402230659654637,-0.189602895321164,0.189602895321164,7,"top_negative"
"Otarioidea","Otarioidea","B394","marine","CATSPERZ",6,"Cilia / flagella / reproductive-cell function","shared",-0.264244206101874,0.872783786529336,-0.230628058770032,0.230628058770032,1,"top_negative"
"Otarioidea","Otarioidea","B394","marine","KRTDAP",66,"Epithelial / body-surface interface","shared",0.386565925079529,-0.546341259339231,-0.211196914325585,0.211196914325585,2,"top_negative"
"Otarioidea","Otarioidea","B394","marine","SYDE1",4,"Cytoskeletal / muscle / ECM / adhesion","shared",-0.314258007626709,0.659397489303723,-0.207220941222642,0.207220941222642,3,"top_negative"
"Otarioidea","Otarioidea","B394","marine","OR52W1",61,"Sensory systems","shared",0.282799403614638,-0.730182456987571,-0.206495163365956,0.206495163365956,4,"top_negative"
"Otarioidea","Otarioidea","B394","marine","HOXD10",60,"Developmental / transcriptional signaling regulators","marine_specific",0.28020716230031,-0.60795096148977,-0.170352213736793,0.170352213736793,5,"top_negative"
"Otarioidea","Otarioidea","B394","marine","CAPN14",63,"Epithelial / body-surface interface","marine_specific",0.342438899161804,-0.492569210135545,-0.168674858079815,0.168674858079815,6,"top_negative"
"Otarioidea","Otarioidea","B394","marine","IL36G",56,"Immune / inflammatory regulation","marine_specific",0.166019839478868,-0.647976041766687,-0.107576878440258,0.107576878440258,7,"top_negative"
"Phocidae","Phocidae","B409","binary_aquatic_dependence","ACADSB",14,"Metabolism / redox / lipid handling","aquatic_specific",-0.238865076823398,2.32662040107206,-0.555748360840961,0.555748360840961,1,"top_negative"
"Phocidae","Phocidae","B409","binary_aquatic_dependence","C16orf91",9,"Unassigned / low-confidence","aquatic_specific",-0.262195862787636,1.43644720049197,-0.376630513081876,0.376630513081876,2,"top_negative"
"Phocidae","Phocidae","B409","binary_aquatic_dependence","WDR93",2,"Cilia / flagella / reproductive-cell function","shared",-0.4793197990576,0.749362405539457,-0.359184237644493,0.359184237644493,3,"top_negative"
"Phocidae","Phocidae","B409","binary_aquatic_dependence","KIF18A",95,"DNA repair / chromatin / cell-cycle","aquatic_specific",0.340198342633948,-0.873904057480098,-0.297300711975811,0.297300711975811,4,"top_negative"
"Phocidae","Phocidae","B409","binary_aquatic_dependence","FAM20B",28,"Developmental / transcriptional signaling regulators","aquatic_specific",-0.149046125022571,1.9798263101707,-0.295085439748677,0.295085439748677,5,"top_negative"
"Phocidae","Phocidae","B409","binary_aquatic_dependence","XCR1",30,"Immune / inflammatory regulation","aquatic_specific",-0.128894917212046,1.96923758201036,-0.253824715104076,0.253824715104076,6,"top_negative"
"Phocidae","Phocidae","B409","binary_aquatic_dependence","SDR9C7",91,"Epithelial / body-surface interface","shared",0.220181989308241,-0.989163401455691,-0.21779596548342,0.21779596548342,7,"top_negative"
"Phocidae","Phocidae","B409","marine","SDR9C7",68,"Epithelial / body-surface interface","shared",0.409389888665918,-0.993922458336688,-0.406901804561013,0.406901804561013,1,"top_negative"
"Phocidae","Phocidae","B409","marine","KRTDAP",66,"Epithelial / body-surface interface","shared",0.386565925079529,-0.7956627842008,-0.307576120225936,0.307576120225936,2,"top_negative"
"Phocidae","Phocidae","B409","marine","TREM2",19,"Immune / inflammatory regulation","marine_specific",-0.0898257166079112,2.68691015399246,-0.241353630043445,0.241353630043445,3,"top_negative"
"Phocidae","Phocidae","B409","marine","WDR93",8,"Cilia / flagella / reproductive-cell function","shared",-0.242927446164409,0.767994365587348,-0.18656690990079,0.18656690990079,4,"top_negative"
"Phocidae","Phocidae","B409","marine","HOXD10",60,"Developmental / transcriptional signaling regulators","marine_specific",0.28020716230031,-0.60795096148977,-0.170352213736793,0.170352213736793,5,"top_negative"
"Phocidae","Phocidae","B409","marine","PUSL1",5,"Metabolism / redox / lipid handling","shared",-0.270477624990477,0.615048465630365,-0.166356848237738,0.166356848237738,6,"top_negative"
"Phocidae","Phocidae","B409","marine","CD34",9,"Vascular / hematologic regulation","shared",-0.231912055829233,0.442407835823525,-0.102599710720795,0.102599710720795,7,"top_negative"
"Pinnipedia","Crown Pinnipedia","B410","binary_aquatic_dependence","KEAP1",21,"Developmental / transcriptional signaling regulators","aquatic_specific",-0.19883739251004,1.46780926495515,-0.29185536694576,0.29185536694576,1,"top_negative"
"Pinnipedia","Crown Pinnipedia","B410","binary_aquatic_dependence","TTC28",15,"Developmental / transcriptional signaling regulators","aquatic_specific",-0.237914556985983,1.18412251609546,-0.281719983833979,0.281719983833979,2,"top_negative"
"Pinnipedia","Crown Pinnipedia","B410","binary_aquatic_dependence","PFKP",4,"Metabolism / redox / lipid handling","aquatic_specific",-0.356881027792284,0.693880836050186,-0.24763290593496,0.24763290593496,3,"top_negative"
"Pinnipedia","Crown Pinnipedia","B410","binary_aquatic_dependence","WDR93",2,"Cilia / flagella / reproductive-cell function","shared",-0.4793197990576,0.483935611468843,-0.231959920046063,0.231959920046063,4,"top_negative"
"Pinnipedia","Crown Pinnipedia","B410","binary_aquatic_dependence","C16orf91",9,"Unassigned / low-confidence","aquatic_specific",-0.262195862787636,0.751256861728057,-0.19697644103592,0.19697644103592,5,"top_negative"
"Pinnipedia","Crown Pinnipedia","B410","binary_aquatic_dependence","SMCO3",7,"Unassigned / low-confidence","aquatic_specific",-0.307082295991399,0.612069633515172,-0.187955748366453,0.187955748366453,6,"top_negative"
"Pinnipedia","Crown Pinnipedia","B410","binary_aquatic_dependence","KIF18A",95,"DNA repair / chromatin / cell-cycle","aquatic_specific",0.340198342633948,-0.529974464939578,-0.180296434610758,0.180296434610758,7,"top_negative"
"Pinnipedia","Crown Pinnipedia","B410","marine","SDR9C7",68,"Epithelial / body-surface interface","shared",0.409389888665918,-0.451061458929896,-0.184660000452797,0.184660000452797,1,"top_negative"
"Pinnipedia","Crown Pinnipedia","B410","marine","HOXD10",60,"Developmental / transcriptional signaling regulators","marine_specific",0.28020716230031,-0.60795096148977,-0.170352213736793,0.170352213736793,2,"top_negative"
"Pinnipedia","Crown Pinnipedia","B410","marine","FANCM",12,"DNA repair / chromatin / cell-cycle","marine_specific",-0.215464965565117,0.745606843057031,-0.160652152764398,0.160652152764398,3,"top_negative"
"Pinnipedia","Crown Pinnipedia","B410","marine","KCNK18",69,"Ion channels / mechanosensation / membrane signaling","shared",0.43928773003255,-0.351649036643747,-0.154475107075364,0.154475107075364,4,"top_negative"
"Pinnipedia","Crown Pinnipedia","B410","marine","FAM234A",18,"Unassigned / low-confidence","marine_specific",-0.108556846491888,1.31852510464187,-0.143134927380309,0.143134927380309,5,"top_negative"
"Pinnipedia","Crown Pinnipedia","B410","marine","TREM2",19,"Immune / inflammatory regulation","marine_specific",-0.0898257166079112,1.45034826322039,-0.130278572074811,0.130278572074811,6,"top_negative"
"Pinnipedia","Crown Pinnipedia","B410","marine","WDR93",8,"Cilia / flagella / reproductive-cell function","shared",-0.242927446164409,0.499779069064163,-0.121410052894183,0.121410052894183,7,"top_negative"
"Sirenia","Sirenia","B26","binary_aquatic_dependence","SLC5A5",19,"Transport / endocytic / epithelial solute handling","aquatic_specific",-0.231105741131879,1.48413506329796,-0.342992133743284,0.342992133743284,1,"top_negative"
"Sirenia","Sirenia","B26","binary_aquatic_dependence","NUBP2",13,"Metabolism / redox / lipid handling","shared",-0.239999172123246,1.07693305708742,-0.258463042133138,0.258463042133138,2,"top_negative"
"Sirenia","Sirenia","B26","binary_aquatic_dependence","ACADSB",14,"Metabolism / redox / lipid handling","aquatic_specific",-0.238865076823398,0.876407483425385,-0.209343140857005,0.209343140857005,3,"top_negative"
"Sirenia","Sirenia","B26","binary_aquatic_dependence","XCR1",30,"Immune / inflammatory regulation","aquatic_specific",-0.128894917212046,1.559102622942,-0.200960403509194,0.200960403509194,4,"top_negative"
"Sirenia","Sirenia","B26","binary_aquatic_dependence","CLASP2",27,"Cytoskeletal / muscle / ECM / adhesion","aquatic_specific",-0.153215743294715,1.26151006145461,-0.193283201739531,0.193283201739531,5,"top_negative"
"Sirenia","Sirenia","B26","binary_aquatic_dependence","PUSL1",6,"Metabolism / redox / lipid handling","shared",-0.314220898750119,0.607272906263645,-0.190817838392759,0.190817838392759,6,"top_negative"
"Sirenia","Sirenia","B26","binary_aquatic_dependence","FAM13A",96,"Developmental / transcriptional signaling regulators","aquatic_specific",0.348973910716795,-0.444395460230509,-0.155082421661431,0.155082421661431,7,"top_negative"
"Sirenia","Sirenia","B26","marine","TPX2",2,"DNA repair / chromatin / cell-cycle","marine_specific",-0.547364151458345,0.727193324653712,-0.398039557095252,0.398039557095252,1,"top_negative"
"Sirenia","Sirenia","B26","marine","EPOR",1,"Vascular / hematologic regulation","shared",-0.562386788005208,0.57567988554124,-0.323754761748744,0.323754761748744,2,"top_negative"
"Sirenia","Sirenia","B26","marine","VEPH1",13,"Developmental / transcriptional signaling regulators","marine_specific",-0.163677799839901,1.66316646075573,-0.272223427064013,0.272223427064013,3,"top_negative"
"Sirenia","Sirenia","B26","marine","CD34",9,"Vascular / hematologic regulation","shared",-0.231912055829233,1.11193508043678,-0.257871150452738,0.257871150452738,4,"top_negative"
"Sirenia","Sirenia","B26","marine","F11",7,"Vascular / hematologic regulation","marine_specific",-0.254306353084796,0.754935058679131,-0.191984781588547,0.191984781588547,5,"top_negative"
"Sirenia","Sirenia","B26","marine","CREB3L3",15,"Endocrine / circadian / systemic regulation","marine_specific",-0.150758430810258,1.13569127184439,-0.171215034028167,0.171215034028167,6,"top_negative"
"Sirenia","Sirenia","B26","marine","PUSL1",5,"Metabolism / redox / lipid handling","shared",-0.270477624990477,0.61474516335201,-0.166274811757834,0.166274811757834,7,"top_negative"
"Ursus_arctos_plus_Ursus_maritimus","Brown bear + polar bear","B349","binary_aquatic_dependence","TGM3",101,"Epithelial / body-surface interface","shared",1.04080869919882,-1.69603332234884,-1.76524623603174,1.76524623603174,1,"top_negative"
"Ursus_arctos_plus_Ursus_maritimus","Brown bear + polar bear","B349","binary_aquatic_dependence","PER1",100,"Endocrine / circadian / systemic regulation","aquatic_specific",0.784004329488712,-2.13299524816487,-1.67227750934011,1.67227750934011,2,"top_negative"
"Ursus_arctos_plus_Ursus_maritimus","Brown bear + polar bear","B349","binary_aquatic_dependence","ACADSB",14,"Metabolism / redox / lipid handling","aquatic_specific",-0.238865076823398,3.73940880920809,-0.893214172485581,0.893214172485581,3,"top_negative"
"Ursus_arctos_plus_Ursus_maritimus","Brown bear + polar bear","B349","binary_aquatic_dependence","NWD1",97,"Developmental / transcriptional signaling regulators","aquatic_specific",0.404558879261438,-2.18087531346393,-0.882292472623907,0.882292472623907,4,"top_negative"
"Ursus_arctos_plus_Ursus_maritimus","Brown bear + polar bear","B349","binary_aquatic_dependence","FAM13A",96,"Developmental / transcriptional signaling regulators","aquatic_specific",0.348973910716795,-2.30749048069004,-0.80525397698818,0.80525397698818,5,"top_negative"
"Ursus_arctos_plus_Ursus_maritimus","Brown bear + polar bear","B349","binary_aquatic_dependence","CACNA1G",99,"Ion channels / mechanosensation / membrane signaling","aquatic_specific",0.593854706123962,-1.2268101338551,-0.72854697151042,0.72854697151042,6,"top_negative"
"Ursus_arctos_plus_Ursus_maritimus","Brown bear + polar bear","B349","binary_aquatic_dependence","IL33",94,"Immune / inflammatory regulation","shared",0.340038935001018,-1.25231167496481,-0.425834728244375,0.425834728244375,7,"top_negative"
"Ursus_arctos_plus_Ursus_maritimus","Brown bear + polar bear","B349","marine","TGM3",71,"Epithelial / body-surface interface","shared",0.691315381170856,-1.7172799009855,-1.18718200932684,1.18718200932684,1,"top_negative"
"Ursus_arctos_plus_Ursus_maritimus","Brown bear + polar bear","B349","marine","KCNK18",69,"Ion channels / mechanosensation / membrane signaling","shared",0.43928773003255,-1.84894711320307,-0.812219780309212,0.812219780309212,2,"top_negative"
"Ursus_arctos_plus_Ursus_maritimus","Brown bear + polar bear","B349","marine","SDR9C7",68,"Epithelial / body-surface interface","shared",0.409389888665918,-1.25209097364866,-0.512593384301628,0.512593384301628,3,"top_negative"
"Ursus_arctos_plus_Ursus_maritimus","Brown bear + polar bear","B349","marine","OR52W1",61,"Sensory systems","shared",0.282799403614638,-1.69014656195179,-0.477972439741297,0.477972439741297,4,"top_negative"
"Ursus_arctos_plus_Ursus_maritimus","Brown bear + polar bear","B349","marine","ACP4",65,"Cytoskeletal / muscle / ECM / adhesion","marine_specific",0.36185377349003,-1.20249539309819,-0.435127495596957,0.435127495596957,5,"top_negative"
"Ursus_arctos_plus_Ursus_maritimus","Brown bear + polar bear","B349","marine","IL33",59,"Immune / inflammatory regulation","shared",0.27044270721607,-1.25623647320033,-0.339739992715866,0.339739992715866,6,"top_negative"
"Ursus_arctos_plus_Ursus_maritimus","Brown bear + polar bear","B349","marine","FANCM",12,"DNA repair / chromatin / cell-cycle","marine_specific",-0.215464965565117,1.55466276153557,-0.334975358379631,0.334975358379631,7,"top_negative"
"common_ancestor_Cetacea_plus_Hippopotamus","Cetacea + hippo ancestor","B593","binary_aquatic_dependence","PER1",100,"Endocrine / circadian / systemic regulation","aquatic_specific",0.784004329488712,-1.92182721378643,-1.50672085613779,1.50672085613779,1,"top_negative"
"common_ancestor_Cetacea_plus_Hippopotamus","Cetacea + hippo ancestor","B593","binary_aquatic_dependence","PFKP",4,"Metabolism / redox / lipid handling","aquatic_specific",-0.356881027792284,2.11040151153593,-0.753162260491333,0.753162260491333,2,"top_negative"
"common_ancestor_Cetacea_plus_Hippopotamus","Cetacea + hippo ancestor","B593","binary_aquatic_dependence","WDR93",2,"Cilia / flagella / reproductive-cell function","shared",-0.4793197990576,1.10262152465278,-0.528508327633155,0.528508327633155,3,"top_negative"
"common_ancestor_Cetacea_plus_Hippopotamus","Cetacea + hippo ancestor","B593","binary_aquatic_dependence","SPINT4",43,"Epithelial / body-surface interface","aquatic_specific",-0.0769933368325998,4.54906952881321,-0.350248042506832,0.350248042506832,4,"top_negative"
"common_ancestor_Cetacea_plus_Hippopotamus","Cetacea + hippo ancestor","B593","binary_aquatic_dependence","C16orf91",9,"Unassigned / low-confidence","aquatic_specific",-0.262195862787636,1.17002088852542,-0.30677463634648,0.30677463634648,5,"top_negative"
"common_ancestor_Cetacea_plus_Hippopotamus","Cetacea + hippo ancestor","B593","binary_aquatic_dependence","NUBP2",13,"Metabolism / redox / lipid handling","shared",-0.239999172123246,1.03364569562828,-0.248074111219543,0.248074111219543,6,"top_negative"
"common_ancestor_Cetacea_plus_Hippopotamus","Cetacea + hippo ancestor","B593","binary_aquatic_dependence","SYDE1",18,"Cytoskeletal / muscle / ECM / adhesion","shared",-0.232023025562006,1.05914626010616,-0.245746319782515,0.245746319782515,7,"top_negative"
"common_ancestor_Cetacea_plus_Hippopotamus","Cetacea + hippo ancestor","B593","marine","TPX2",2,"DNA repair / chromatin / cell-cycle","marine_specific",-0.547364151458345,2.52917132444605,-1.38437771589819,1.38437771589819,1,"top_negative"
"common_ancestor_Cetacea_plus_Hippopotamus","Cetacea + hippo ancestor","B593","marine","F11",7,"Vascular / hematologic regulation","marine_specific",-0.254306353084796,3.29990152707931,-0.83918592289049,0.83918592289049,2,"top_negative"
"common_ancestor_Cetacea_plus_Hippopotamus","Cetacea + hippo ancestor","B593","marine","ASMTL",10,"Endocrine / circadian / systemic regulation","shared",-0.225475311673798,2.20075782167452,-0.496216555760611,0.496216555760611,3,"top_negative"
"common_ancestor_Cetacea_plus_Hippopotamus","Cetacea + hippo ancestor","B593","marine","MYH13",70,"Cytoskeletal / muscle / ECM / adhesion","marine_specific",0.480299625271563,-0.79063567847604,-0.37974202009837,0.37974202009837,4,"top_negative"
"common_ancestor_Cetacea_plus_Hippopotamus","Cetacea + hippo ancestor","B593","marine","SYDE1",4,"Cytoskeletal / muscle / ECM / adhesion","shared",-0.314258007626709,1.07861356982937,-0.338962951453709,0.338962951453709,5,"top_negative"
"common_ancestor_Cetacea_plus_Hippopotamus","Cetacea + hippo ancestor","B593","marine","HIGD1B",62,"Vascular / hematologic regulation","marine_specific",0.328380050132626,-0.96800720760728,-0.317874255362822,0.317874255362822,6,"top_negative"
"common_ancestor_Cetacea_plus_Hippopotamus","Cetacea + hippo ancestor","B593","marine","SDR9C7",68,"Epithelial / body-surface interface","shared",0.409389888665918,-0.702136056899047,-0.287447402162228,0.287447402162228,7,"top_negative"
"crown_Cetacea","Crown Cetacea","B592","binary_aquatic_dependence","PUSL1",6,"Metabolism / redox / lipid handling","shared",-0.314220898750119,1.88964550598599,-0.59376610921004,0.59376610921004,1,"top_negative"
"crown_Cetacea","Crown Cetacea","B592","binary_aquatic_dependence","PDGFB",5,"Vascular / hematologic regulation","aquatic_specific",-0.348561123284862,1.08897335640145,-0.379573776334576,0.379573776334576,2,"top_negative"
"crown_Cetacea","Crown Cetacea","B592","binary_aquatic_dependence","PI4KA",23,"Ion channels / mechanosensation / membrane signaling","aquatic_specific",-0.161213914772254,1.33692874365827,-0.2155315165367,0.2155315165367,3,"top_negative"
"crown_Cetacea","Crown Cetacea","B592","binary_aquatic_dependence","SYTL5",93,"Membrane trafficking / ER / vesicle processing","aquatic_specific",0.265993756746688,-0.76027070667666,-0.202227261413384,0.202227261413384,4,"top_negative"
"crown_Cetacea","Crown Cetacea","B592","binary_aquatic_dependence","KEAP1",21,"Developmental / transcriptional signaling regulators","aquatic_specific",-0.19883739251004,0.855900193680992,-0.170184962760367,0.170184962760367,5,"top_negative"
"crown_Cetacea","Crown Cetacea","B592","binary_aquatic_dependence","SEC61A2",87,"Membrane trafficking / ER / vesicle processing","aquatic_specific",0.176583875943885,-0.688049683508075,-0.121498479955819,0.121498479955819,6,"top_negative"
"crown_Cetacea","Crown Cetacea","B592","binary_aquatic_dependence","SLC5A5",19,"Transport / endocytic / epithelial solute handling","aquatic_specific",-0.231105741131879,0.50899067728183,-0.117630667702434,0.117630667702434,7,"top_negative"
"crown_Cetacea","Crown Cetacea","B592","marine","PUSL1",5,"Metabolism / redox / lipid handling","shared",-0.270477624990477,1.90812849125645,-0.516106062491707,0.516106062491707,1,"top_negative"
"crown_Cetacea","Crown Cetacea","B592","marine","CREB3L3",15,"Endocrine / circadian / systemic regulation","marine_specific",-0.150758430810258,0.996344712879543,-0.150207365459817,0.150207365459817,2,"top_negative"
"crown_Cetacea","Crown Cetacea","B592","marine","MYH13",70,"Cytoskeletal / muscle / ECM / adhesion","marine_specific",0.480299625271563,-0.283023146788076,-0.135935911345492,0.135935911345492,3,"top_negative"
"crown_Cetacea","Crown Cetacea","B592","marine","FAM234A",18,"Unassigned / low-confidence","marine_specific",-0.108556846491888,1.20036675160253,-0.130308029187682,0.130308029187682,4,"top_negative"
"crown_Cetacea","Crown Cetacea","B592","marine","ATG2A",20,"Membrane trafficking / ER / vesicle processing","marine_specific",-0.0892133442112914,1.09816155356847,-0.0979706646781102,0.0979706646781102,5,"top_negative"
"crown_Cetacea","Crown Cetacea","B592","marine","APH1B",14,"Membrane trafficking / ER / vesicle processing","marine_specific",-0.152260877432123,0.452194054214912,-0.0688514634643515,0.0688514634643515,6,"top_negative"
"crown_Cetacea","Crown Cetacea","B592","marine","RNF224",45,"Developmental / transcriptional signaling regulators","marine_specific",0.0826571992947204,-0.802395730662643,-0.0663237838226149,0.0663237838226149,7,"top_negative"
