"target_name","display_label","branch_id","native_branch_label","target_type","inclusion_set","branch_group","model","trait","gene","gene_order","predictor_class","module","coefficient","scaled_GBI","contribution","abs_contribution","contribution_sign","GBI_raw_if_available","imputed_flag","fitted_logit","fitted_probability","intercept_included_in_profile_score"
"common_ancestor_Cetacea_plus_Hippopotamus","Cetacea + hippo ancestor","B593","B593","internal_clade","required","Cetacean axis","marine","marine_binary","EPOR",1,"shared","Vascular / hematologic regulation",-0.562386788005208,-0.643961483788576,0.362155430466925,0.362155430466925,"positive",33.6369283018948,FALSE,-5.04187628944983,0.00642012869324354,-3.98243194839294
"common_ancestor_Cetacea_plus_Hippopotamus","Cetacea + hippo ancestor","B593","B593","internal_clade","required","Cetacean axis","marine","marine_binary","TPX2",2,"marine_specific","DNA repair / chromatin / cell-cycle",-0.547364151458345,2.52917132444605,-1.38437771589819,1.38437771589819,"negative",135.381397779483,FALSE,-5.04187628944983,0.00642012869324354,-3.98243194839294
"common_ancestor_Cetacea_plus_Hippopotamus","Cetacea + hippo ancestor","B593","B593","internal_clade","required","Cetacean axis","marine","marine_binary","HGFAC",3,"shared","Vascular / hematologic regulation",-0.314672853107267,-0.337838594343815,0.106308634371917,0.106308634371917,"positive",50.379798632421,FALSE,-5.04187628944983,0.00642012869324354,-3.98243194839294
"common_ancestor_Cetacea_plus_Hippopotamus","Cetacea + hippo ancestor","B593","B593","internal_clade","required","Cetacean axis","marine","marine_binary","SYDE1",4,"shared","Cytoskeletal / muscle / ECM / adhesion",-0.314258007626709,1.07861356982937,-0.338962951453709,0.338962951453709,"negative",85.4061938987131,FALSE,-5.04187628944983,0.00642012869324354,-3.98243194839294
"common_ancestor_Cetacea_plus_Hippopotamus","Cetacea + hippo ancestor","B593","B593","internal_clade","required","Cetacean axis","marine","marine_binary","PUSL1",5,"shared","Metabolism / redox / lipid handling",-0.270477624990477,0.135450853728185,-0.036636425219332,0.036636425219332,"negative",59.0910826640655,FALSE,-5.04187628944983,0.00642012869324354,-3.98243194839294
"common_ancestor_Cetacea_plus_Hippopotamus","Cetacea + hippo ancestor","B593","B593","internal_clade","required","Cetacean axis","marine","marine_binary","CATSPERZ",6,"shared","Cilia / flagella / reproductive-cell function",-0.264244206101874,-0.14830447896314,0.0391885993049672,0.0391885993049672,"positive",38.8901044494023,FALSE,-5.04187628944983,0.00642012869324354,-3.98243194839294
"common_ancestor_Cetacea_plus_Hippopotamus","Cetacea + hippo ancestor","B593","B593","internal_clade","required","Cetacean axis","marine","marine_binary","F11",7,"marine_specific","Vascular / hematologic regulation",-0.254306353084796,3.29990152707931,-0.83918592289049,0.83918592289049,"negative",166.458164826551,FALSE,-5.04187628944983,0.00642012869324354,-3.98243194839294
"common_ancestor_Cetacea_plus_Hippopotamus","Cetacea + hippo ancestor","B593","B593","internal_clade","required","Cetacean axis","marine","marine_binary","WDR93",8,"shared","Cilia / flagella / reproductive-cell function",-0.242927446164409,1.12496472991798,-0.273284808864008,0.273284808864008,"negative",79.7382396579416,FALSE,-5.04187628944983,0.00642012869324354,-3.98243194839294
"common_ancestor_Cetacea_plus_Hippopotamus","Cetacea + hippo ancestor","B593","B593","internal_clade","required","Cetacean axis","marine","marine_binary","CD34",9,"shared","Vascular / hematologic regulation",-0.231912055829233,-0.12598873685386,0.029218306975107,0.029218306975107,"positive",50.5293044167416,FALSE,-5.04187628944983,0.00642012869324354,-3.98243194839294
"common_ancestor_Cetacea_plus_Hippopotamus","Cetacea + hippo ancestor","B593","B593","internal_clade","required","Cetacean axis","marine","marine_binary","ASMTL",10,"shared","Endocrine / circadian / systemic regulation",-0.225475311673798,2.20075782167452,-0.496216555760611,0.496216555760611,"negative",169.463194546219,FALSE,-5.04187628944983,0.00642012869324354,-3.98243194839294
"common_ancestor_Cetacea_plus_Hippopotamus","Cetacea + hippo ancestor","B593","B593","internal_clade","required","Cetacean axis","marine","marine_binary","FN3K",11,"shared","Metabolism / redox / lipid handling",-0.217860441354345,-0.536586337185766,0.116900936244002,0.116900936244002,"positive",32.2360411733022,FALSE,-5.04187628944983,0.00642012869324354,-3.98243194839294
"common_ancestor_Cetacea_plus_Hippopotamus","Cetacea + hippo ancestor","B593","B593","internal_clade","required","Cetacean axis","marine","marine_binary","FANCM",12,"marine_specific","DNA repair / chromatin / cell-cycle",-0.215464965565117,-0.751500434285231,0.161922015195437,0.161922015195437,"positive",39.2477471886609,FALSE,-5.04187628944983,0.00642012869324354,-3.98243194839294
"common_ancestor_Cetacea_plus_Hippopotamus","Cetacea + hippo ancestor","B593","B593","internal_clade","required","Cetacean axis","marine","marine_binary","VEPH1",13,"marine_specific","Developmental / transcriptional signaling regulators",-0.163677799839901,-0.824020951024615,0.134873936285692,0.134873936285692,"positive",35.4736938091481,FALSE,-5.04187628944983,0.00642012869324354,-3.98243194839294
"common_ancestor_Cetacea_plus_Hippopotamus","Cetacea + hippo ancestor","B593","B593","internal_clade","required","Cetacean axis","marine","marine_binary","APH1B",14,"marine_specific","Membrane trafficking / ER / vesicle processing",-0.152260877432123,1.24012240442231,-0.188822125420575,0.188822125420575,"negative",117.030263103579,FALSE,-5.04187628944983,0.00642012869324354,-3.98243194839294
"common_ancestor_Cetacea_plus_Hippopotamus","Cetacea + hippo ancestor","B593","B593","internal_clade","required","Cetacean axis","marine","marine_binary","CREB3L3",15,"marine_specific","Endocrine / circadian / systemic regulation",-0.150758430810258,1.72498880907706,-0.260056606021713,0.260056606021713,"negative",105.163367902466,FALSE,-5.04187628944983,0.00642012869324354,-3.98243194839294
"common_ancestor_Cetacea_plus_Hippopotamus","Cetacea + hippo ancestor","B593","B593","internal_clade","required","Cetacean axis","marine","marine_binary","POLG",16,"marine_specific","DNA repair / chromatin / cell-cycle",-0.124940186455302,0.249590856502757,-0.0311839281489929,0.0311839281489929,"negative",63.0952869579777,FALSE,-5.04187628944983,0.00642012869324354,-3.98243194839294
"common_ancestor_Cetacea_plus_Hippopotamus","Cetacea + hippo ancestor","B593","B593","internal_clade","required","Cetacean axis","marine","marine_binary","RARS1",17,"marine_specific","RNA processing / translation / protein homeostasis",-0.115426630752885,0.568622898960311,-0.065634225395927,0.065634225395927,"negative",77.4613187136851,FALSE,-5.04187628944983,0.00642012869324354,-3.98243194839294
"common_ancestor_Cetacea_plus_Hippopotamus","Cetacea + hippo ancestor","B593","B593","internal_clade","required","Cetacean axis","marine","marine_binary","FAM234A",18,"marine_specific","Unassigned / low-confidence",-0.108556846491888,-1.19283125749411,0.129489999710514,0.129489999710514,"positive",23.3862898992758,FALSE,-5.04187628944983,0.00642012869324354,-3.98243194839294
"common_ancestor_Cetacea_plus_Hippopotamus","Cetacea + hippo ancestor","B593","B593","internal_clade","required","Cetacean axis","marine","marine_binary","TREM2",19,"marine_specific","Immune / inflammatory regulation",-0.0898257166079112,1.06290583852303,-0.0954762786320642,0.0954762786320642,"negative",89.200724555162,FALSE,-5.04187628944983,0.00642012869324354,-3.98243194839294
"common_ancestor_Cetacea_plus_Hippopotamus","Cetacea + hippo ancestor","B593","B593","internal_clade","required","Cetacean axis","marine","marine_binary","ATG2A",20,"marine_specific","Membrane trafficking / ER / vesicle processing",-0.0892133442112914,-3.19304680080076,0.284862383322601,0.284862383322601,"positive",0,FALSE,-5.04187628944983,0.00642012869324354,-3.98243194839294
"common_ancestor_Cetacea_plus_Hippopotamus","Cetacea + hippo ancestor","B593","B593","internal_clade","required","Cetacean axis","marine","marine_binary","NUBP2",21,"shared","Metabolism / redox / lipid handling",-0.0844817154354269,1.04197019508927,-0.0880274295137283,0.0880274295137283,"negative",95.0538863212813,FALSE,-5.04187628944983,0.00642012869324354,-3.98243194839294
"common_ancestor_Cetacea_plus_Hippopotamus","Cetacea + hippo ancestor","B593","B593","internal_clade","required","Cetacean axis","marine","marine_binary","SF3B3",22,"marine_specific","RNA processing / translation / protein homeostasis",-0.0727218763044334,-0.413231010897288,0.0300509344596286,0.0300509344596286,"positive",45.8609276886251,FALSE,-5.04187628944983,0.00642012869324354,-3.98243194839294
"common_ancestor_Cetacea_plus_Hippopotamus","Cetacea + hippo ancestor","B593","B593","internal_clade","required","Cetacean axis","marine","marine_binary","RTL4",23,"marine_specific","Unassigned / low-confidence",-0.0665426884505536,-1.10642635259299,0.0736245840740776,0.0736245840740776,"positive",11.5389930995729,FALSE,-5.04187628944983,0.00642012869324354,-3.98243194839294
"common_ancestor_Cetacea_plus_Hippopotamus","Cetacea + hippo ancestor","B593","B593","internal_clade","required","Cetacean axis","marine","marine_binary","SOX7",24,"shared","Developmental / transcriptional signaling regulators",-0.0651622513698966,0.0585023439904477,-0.00381214444483371,0.00381214444483371,"negative",56.964104200634,FALSE,-5.04187628944983,0.00642012869324354,-3.98243194839294
"common_ancestor_Cetacea_plus_Hippopotamus","Cetacea + hippo ancestor","B593","B593","internal_clade","required","Cetacean axis","marine","marine_binary","CTD_3088G3",25,"marine_specific","Unassigned / low-confidence",-0.0645538212784956,-1.29379740049258,0.08351956616198,0.08351956616198,"positive",66.1758821243487,FALSE,-5.04187628944983,0.00642012869324354,-3.98243194839294
"common_ancestor_Cetacea_plus_Hippopotamus","Cetacea + hippo ancestor","B593","B593","internal_clade","required","Cetacean axis","marine","marine_binary","COL4A1",26,"marine_specific","Cytoskeletal / muscle / ECM / adhesion",-0.0505715443318336,2.40884050478093,-0.121818784375846,0.121818784375846,"negative",113.944074760587,FALSE,-5.04187628944983,0.00642012869324354,-3.98243194839294
"common_ancestor_Cetacea_plus_Hippopotamus","Cetacea + hippo ancestor","B593","B593","internal_clade","required","Cetacean axis","marine","marine_binary","IDUA",27,"marine_specific","Metabolism / redox / lipid handling",-0.0503352858652507,-1.09080986034699,0.0549062261451998,0.0549062261451998,"positive",28.8037970002551,FALSE,-5.04187628944983,0.00642012869324354,-3.98243194839294
"common_ancestor_Cetacea_plus_Hippopotamus","Cetacea + hippo ancestor","B593","B593","internal_clade","required","Cetacean axis","marine","marine_binary","CYP21A2",28,"marine_specific","Endocrine / circadian / systemic regulation",-0.0450852911002748,-0.798534312613255,0.0360021519377264,0.0360021519377264,"positive",14.71850352521,FALSE,-5.04187628944983,0.00642012869324354,-3.98243194839294
"common_ancestor_Cetacea_plus_Hippopotamus","Cetacea + hippo ancestor","B593","B593","internal_clade","required","Cetacean axis","marine","marine_binary","ACVR1",29,"marine_specific","Developmental / transcriptional signaling regulators",-0.0383732664782303,2.13816577836383,-0.0820484051877882,0.0820484051877882,"negative",134.871769882847,FALSE,-5.04187628944983,0.00642012869324354,-3.98243194839294
"common_ancestor_Cetacea_plus_Hippopotamus","Cetacea + hippo ancestor","B593","B593","internal_clade","required","Cetacean axis","marine","marine_binary","KEL",30,"marine_specific","Vascular / hematologic regulation",-0.0377052256901275,1.17784019279023,-0.0444107302960591,0.0444107302960591,"negative",99.9830148342352,FALSE,-5.04187628944983,0.00642012869324354,-3.98243194839294
"common_ancestor_Cetacea_plus_Hippopotamus","Cetacea + hippo ancestor","B593","B593","internal_clade","required","Cetacean axis","marine","marine_binary","CATSPER4",31,"marine_specific","Cilia / flagella / reproductive-cell function",-0.0348617965707268,-0.191263308919467,0.00666778256699452,0.00666778256699452,"positive",46.6638642005462,FALSE,-5.04187628944983,0.00642012869324354,-3.98243194839294
"common_ancestor_Cetacea_plus_Hippopotamus","Cetacea + hippo ancestor","B593","B593","internal_clade","required","Cetacean axis","marine","marine_binary","DCXR",32,"marine_specific","Metabolism / redox / lipid handling",-0.0329559416768714,0.161981077992218,-0.00533823895906829,0.00533823895906829,"negative",83.070095111302,FALSE,-5.04187628944983,0.00642012869324354,-3.98243194839294
"common_ancestor_Cetacea_plus_Hippopotamus","Cetacea + hippo ancestor","B593","B593","internal_clade","required","Cetacean axis","marine","marine_binary","RDH12",33,"marine_specific","Sensory systems",-0.0319401455848149,0.328183839952552,-0.0104822396266681,0.0104822396266681,"negative",65.6674692321084,FALSE,-5.04187628944983,0.00642012869324354,-3.98243194839294
"common_ancestor_Cetacea_plus_Hippopotamus","Cetacea + hippo ancestor","B593","B593","internal_clade","required","Cetacean axis","marine","marine_binary","BAK1",34,"marine_specific","Membrane trafficking / ER / vesicle processing",-0.0220699887647022,1.82670470296704,-0.0403153522709112,0.0403153522709112,"negative",123.233961603306,FALSE,-5.04187628944983,0.00642012869324354,-3.98243194839294
"common_ancestor_Cetacea_plus_Hippopotamus","Cetacea + hippo ancestor","B593","B593","internal_clade","required","Cetacean axis","marine","marine_binary","PECAM1",35,"marine_specific","Vascular / hematologic regulation",-0.00822384288509239,-0.651537591477429,0.00535814278604189,0.00535814278604189,"positive",31.8617052094141,FALSE,-5.04187628944983,0.00642012869324354,-3.98243194839294
"common_ancestor_Cetacea_plus_Hippopotamus","Cetacea + hippo ancestor","B593","B593","internal_clade","required","Cetacean axis","marine","marine_binary","ASH2L",36,"marine_specific","DNA repair / chromatin / cell-cycle",-0.00671137272561463,2.47487498057727,-0.0166098084439523,0.0166098084439523,"negative",146.285940623555,FALSE,-5.04187628944983,0.00642012869324354,-3.98243194839294
"common_ancestor_Cetacea_plus_Hippopotamus","Cetacea + hippo ancestor","B593","B593","internal_clade","required","Cetacean axis","marine","marine_binary","STMN4",37,"marine_specific","Sensory systems",-0.00252384447419297,0.275840661483533,-0.000696178929242951,0.000696178929242951,"negative",79.1840085590737,FALSE,-5.04187628944983,0.00642012869324354,-3.98243194839294
"common_ancestor_Cetacea_plus_Hippopotamus","Cetacea + hippo ancestor","B593","B593","internal_clade","required","Cetacean axis","marine","marine_binary","OR10G3",38,"marine_specific","Sensory systems",0.0313624648344271,-0.988792850147534,-0.031010980991285,0.031010980991285,"negative",29.0773969200132,FALSE,-5.04187628944983,0.00642012869324354,-3.98243194839294
"common_ancestor_Cetacea_plus_Hippopotamus","Cetacea + hippo ancestor","B593","B593","internal_clade","required","Cetacean axis","marine","marine_binary","TGM1",39,"shared","Epithelial / body-surface interface",0.0321438716739072,0.76542826540408,0.0246038279387301,0.0246038279387301,"positive",85.2273914306301,FALSE,-5.04187628944983,0.00642012869324354,-3.98243194839294
"common_ancestor_Cetacea_plus_Hippopotamus","Cetacea + hippo ancestor","B593","B593","internal_clade","required","Cetacean axis","marine","marine_binary","SLC2A7",40,"marine_specific","Transport / endocytic / epithelial solute handling",0.0382557135453081,-1.25362466364382e-14,-4.79583060256912e-16,4.79583060256912e-16,"negative",,TRUE,-5.04187628944983,0.00642012869324354,-3.98243194839294
"common_ancestor_Cetacea_plus_Hippopotamus","Cetacea + hippo ancestor","B593","B593","internal_clade","required","Cetacean axis","marine","marine_binary","NR2C2AP",41,"marine_specific","Developmental / transcriptional signaling regulators",0.0628652617594018,1.66834715421309,0.104881080555159,0.104881080555159,"positive",163.325391265871,FALSE,-5.04187628944983,0.00642012869324354,-3.98243194839294
"common_ancestor_Cetacea_plus_Hippopotamus","Cetacea + hippo ancestor","B593","B593","internal_clade","required","Cetacean axis","marine","marine_binary","CAPN13",42,"marine_specific","Unassigned / low-confidence",0.0728829596448735,-0.703556439008449,-0.0512772755521437,0.0512772755521437,"negative",34.6663901414894,FALSE,-5.04187628944983,0.00642012869324354,-3.98243194839294
"common_ancestor_Cetacea_plus_Hippopotamus","Cetacea + hippo ancestor","B593","B593","internal_clade","required","Cetacean axis","marine","marine_binary","TGM5",43,"marine_specific","Epithelial / body-surface interface",0.0730096499546588,-0.583462824107603,-0.0425984165496528,0.0425984165496528,"negative",36.0634400294981,FALSE,-5.04187628944983,0.00642012869324354,-3.98243194839294
"common_ancestor_Cetacea_plus_Hippopotamus","Cetacea + hippo ancestor","B593","B593","internal_clade","required","Cetacean axis","marine","marine_binary","TRIM66",44,"marine_specific","DNA repair / chromatin / cell-cycle",0.0785377211171152,-0.0299164823345409,-0.00234957234639528,0.00234957234639528,"negative",60.7492958228349,FALSE,-5.04187628944983,0.00642012869324354,-3.98243194839294
"common_ancestor_Cetacea_plus_Hippopotamus","Cetacea + hippo ancestor","B593","B593","internal_clade","required","Cetacean axis","marine","marine_binary","RNF224",45,"marine_specific","Developmental / transcriptional signaling regulators",0.0826571992947204,-0.211857321398581,-0.0175115328368881,0.0175115328368881,"negative",55.8305188944248,FALSE,-5.04187628944983,0.00642012869324354,-3.98243194839294
"common_ancestor_Cetacea_plus_Hippopotamus","Cetacea + hippo ancestor","B593","B593","internal_clade","required","Cetacean axis","marine","marine_binary","COL20A1",46,"shared","Cytoskeletal / muscle / ECM / adhesion",0.0921292718400568,-0.396972831232972,-0.0365728178817795,0.0365728178817795,"negative",61.5318955292433,FALSE,-5.04187628944983,0.00642012869324354,-3.98243194839294
"common_ancestor_Cetacea_plus_Hippopotamus","Cetacea + hippo ancestor","B593","B593","internal_clade","required","Cetacean axis","marine","marine_binary","PNPLA7",47,"shared","Metabolism / redox / lipid handling",0.10673604147477,-0.693501190402316,-0.0740215718215838,0.0740215718215838,"negative",39.542266693782,FALSE,-5.04187628944983,0.00642012869324354,-3.98243194839294
"common_ancestor_Cetacea_plus_Hippopotamus","Cetacea + hippo ancestor","B593","B593","internal_clade","required","Cetacean axis","marine","marine_binary","DBNL",48,"shared","Cytoskeletal / muscle / ECM / adhesion",0.109704318050152,-1.15179942473548,-0.126357370421163,0.126357370421163,"negative",0,FALSE,-5.04187628944983,0.00642012869324354,-3.98243194839294
"common_ancestor_Cetacea_plus_Hippopotamus","Cetacea + hippo ancestor","B593","B593","internal_clade","required","Cetacean axis","marine","marine_binary","OR6B1",49,"shared","Sensory systems",0.111781295712533,-0.357383350805451,-0.0399487740191201,0.0399487740191201,"negative",57.5031323140267,FALSE,-5.04187628944983,0.00642012869324354,-3.98243194839294
"common_ancestor_Cetacea_plus_Hippopotamus","Cetacea + hippo ancestor","B593","B593","internal_clade","required","Cetacean axis","marine","marine_binary","SLC28A1",50,"marine_specific","Transport / endocytic / epithelial solute handling",0.128656733732997,-1.87139393763955,-0.240767431544435,0.240767431544435,"negative",0,FALSE,-5.04187628944983,0.00642012869324354,-3.98243194839294
"common_ancestor_Cetacea_plus_Hippopotamus","Cetacea + hippo ancestor","B593","B593","internal_clade","required","Cetacean axis","marine","marine_binary","TOGARAM2",51,"shared","Cilia / flagella / reproductive-cell function",0.129304237042922,-2.06419088809656,-0.266908627896278,0.266908627896278,"negative",0,FALSE,-5.04187628944983,0.00642012869324354,-3.98243194839294
"common_ancestor_Cetacea_plus_Hippopotamus","Cetacea + hippo ancestor","B593","B593","internal_clade","required","Cetacean axis","marine","marine_binary","SSTR4",52,"marine_specific","Endocrine / circadian / systemic regulation",0.137940410562783,-9.11423443282958e-15,-1.25722123962997e-15,1.25722123962997e-15,"negative",,TRUE,-5.04187628944983,0.00642012869324354,-3.98243194839294
"common_ancestor_Cetacea_plus_Hippopotamus","Cetacea + hippo ancestor","B593","B593","internal_clade","required","Cetacean axis","marine","marine_binary","CALHM1",53,"marine_specific","Ion channels / mechanosensation / membrane signaling",0.145696679568621,-1.11583487805307,-0.162573436679188,0.162573436679188,"negative",0,FALSE,-5.04187628944983,0.00642012869324354,-3.98243194839294
"common_ancestor_Cetacea_plus_Hippopotamus","Cetacea + hippo ancestor","B593","B593","internal_clade","required","Cetacean axis","marine","marine_binary","ALOX12B",54,"marine_specific","Epithelial / body-surface interface",0.149753620737968,-1.93169382162935e-15,-2.89278143946159e-16,2.89278143946159e-16,"negative",,TRUE,-5.04187628944983,0.00642012869324354,-3.98243194839294
"common_ancestor_Cetacea_plus_Hippopotamus","Cetacea + hippo ancestor","B593","B593","internal_clade","required","Cetacean axis","marine","marine_binary","ESYT3",55,"marine_specific","Membrane trafficking / ER / vesicle processing",0.153832070750976,0.288676238409189,0.044407663531088,0.044407663531088,"positive",78.5311122368313,FALSE,-5.04187628944983,0.00642012869324354,-3.98243194839294
"common_ancestor_Cetacea_plus_Hippopotamus","Cetacea + hippo ancestor","B593","B593","internal_clade","required","Cetacean axis","marine","marine_binary","IL36G",56,"marine_specific","Immune / inflammatory regulation",0.166019839478868,2.0864955505301,0.34639965637238,0.34639965637238,"positive",254.409863027399,FALSE,-5.04187628944983,0.00642012869324354,-3.98243194839294
"common_ancestor_Cetacea_plus_Hippopotamus","Cetacea + hippo ancestor","B593","B593","internal_clade","required","Cetacean axis","marine","marine_binary","KRT17",57,"marine_specific","Epithelial / body-surface interface",0.189861649168978,0.714808881359487,0.135714793055545,0.135714793055545,"positive",129.28955686187,FALSE,-5.04187628944983,0.00642012869324354,-3.98243194839294
"common_ancestor_Cetacea_plus_Hippopotamus","Cetacea + hippo ancestor","B593","B593","internal_clade","required","Cetacean axis","marine","marine_binary","NKPD1",58,"marine_specific","Unassigned / low-confidence",0.230941713295598,-0.363476801212921,-0.0839419552153156,0.0839419552153156,"negative",49.0071979119806,FALSE,-5.04187628944983,0.00642012869324354,-3.98243194839294
"common_ancestor_Cetacea_plus_Hippopotamus","Cetacea + hippo ancestor","B593","B593","internal_clade","required","Cetacean axis","marine","marine_binary","IL33",59,"shared","Immune / inflammatory regulation",0.27044270721607,1.80742195264678,0.488804085955552,0.488804085955552,"positive",105.682244925993,FALSE,-5.04187628944983,0.00642012869324354,-3.98243194839294
"common_ancestor_Cetacea_plus_Hippopotamus","Cetacea + hippo ancestor","B593","B593","internal_clade","required","Cetacean axis","marine","marine_binary","HOXD10",60,"marine_specific","Developmental / transcriptional signaling regulators",0.28020716230031,0.760215899729953,0.213017939998907,0.213017939998907,"positive",214.083097702027,FALSE,-5.04187628944983,0.00642012869324354,-3.98243194839294
"common_ancestor_Cetacea_plus_Hippopotamus","Cetacea + hippo ancestor","B593","B593","internal_clade","required","Cetacean axis","marine","marine_binary","OR52W1",61,"shared","Sensory systems",0.282799403614638,0.838162328351196,0.237031806589975,0.237031806589975,"positive",107.456401574877,FALSE,-5.04187628944983,0.00642012869324354,-3.98243194839294
"common_ancestor_Cetacea_plus_Hippopotamus","Cetacea + hippo ancestor","B593","B593","internal_clade","required","Cetacean axis","marine","marine_binary","HIGD1B",62,"marine_specific","Vascular / hematologic regulation",0.328380050132626,-0.96800720760728,-0.317874255362822,0.317874255362822,"negative",0,FALSE,-5.04187628944983,0.00642012869324354,-3.98243194839294
"common_ancestor_Cetacea_plus_Hippopotamus","Cetacea + hippo ancestor","B593","B593","internal_clade","required","Cetacean axis","marine","marine_binary","CAPN14",63,"marine_specific","Epithelial / body-surface interface",0.342438899161804,0.689837675216484,0.236227254101471,0.236227254101471,"positive",145.646033996774,FALSE,-5.04187628944983,0.00642012869324354,-3.98243194839294
"common_ancestor_Cetacea_plus_Hippopotamus","Cetacea + hippo ancestor","B593","B593","internal_clade","required","Cetacean axis","marine","marine_binary","OMP",64,"shared","Sensory systems",0.345615697623917,0.370655677998915,0.128104420729861,0.128104420729861,"positive",120.967042110865,FALSE,-5.04187628944983,0.00642012869324354,-3.98243194839294
"common_ancestor_Cetacea_plus_Hippopotamus","Cetacea + hippo ancestor","B593","B593","internal_clade","required","Cetacean axis","marine","marine_binary","ACP4",65,"marine_specific","Cytoskeletal / muscle / ECM / adhesion",0.36185377349003,0.232557645894068,0.0841518617207267,0.0841518617207267,"positive",78.0420734486217,FALSE,-5.04187628944983,0.00642012869324354,-3.98243194839294
"common_ancestor_Cetacea_plus_Hippopotamus","Cetacea + hippo ancestor","B593","B593","internal_clade","required","Cetacean axis","marine","marine_binary","KRTDAP",66,"shared","Epithelial / body-surface interface",0.386565925079529,0.563150408824032,0.217694758745977,0.217694758745977,"positive",119.109602424669,FALSE,-5.04187628944983,0.00642012869324354,-3.98243194839294
"common_ancestor_Cetacea_plus_Hippopotamus","Cetacea + hippo ancestor","B593","B593","internal_clade","required","Cetacean axis","marine","marine_binary","MYH7B",67,"marine_specific","Cytoskeletal / muscle / ECM / adhesion",0.397856553371577,-0.297592267231319,-0.118399033750686,0.118399033750686,"negative",57.4960757996092,FALSE,-5.04187628944983,0.00642012869324354,-3.98243194839294
"common_ancestor_Cetacea_plus_Hippopotamus","Cetacea + hippo ancestor","B593","B593","internal_clade","required","Cetacean axis","marine","marine_binary","SDR9C7",68,"shared","Epithelial / body-surface interface",0.409389888665918,-0.702136056899047,-0.287447402162228,0.287447402162228,"negative",24.4016269386717,FALSE,-5.04187628944983,0.00642012869324354,-3.98243194839294
"common_ancestor_Cetacea_plus_Hippopotamus","Cetacea + hippo ancestor","B593","B593","internal_clade","required","Cetacean axis","marine","marine_binary","KCNK18",69,"shared","Ion channels / mechanosensation / membrane signaling",0.43928773003255,0.367765028636966,0.161554664615288,0.161554664615288,"positive",73.7015223952546,FALSE,-5.04187628944983,0.00642012869324354,-3.98243194839294
"common_ancestor_Cetacea_plus_Hippopotamus","Cetacea + hippo ancestor","B593","B593","internal_clade","required","Cetacean axis","marine","marine_binary","MYH13",70,"marine_specific","Cytoskeletal / muscle / ECM / adhesion",0.480299625271563,-0.79063567847604,-0.37974202009837,0.37974202009837,"negative",44.3256270060399,FALSE,-5.04187628944983,0.00642012869324354,-3.98243194839294
"common_ancestor_Cetacea_plus_Hippopotamus","Cetacea + hippo ancestor","B593","B593","internal_clade","required","Cetacean axis","marine","marine_binary","TGM3",71,"shared","Epithelial / body-surface interface",0.691315381170856,2.26468495935251,1.56561154590669,1.56561154590669,"positive",136.921725686724,FALSE,-5.04187628944983,0.00642012869324354,-3.98243194839294
"crown_Cetacea","Crown Cetacea","B592","B592","internal_clade","required","Cetacean axis","marine","marine_binary","EPOR",1,"shared","Vascular / hematologic regulation",-0.562386788005208,0.0483417997687054,-0.0271867894983131,0.0271867894983131,"negative",53.8489151302688,FALSE,-0.371292979445585,0.408228629134192,-3.98243194839294
"crown_Cetacea","Crown Cetacea","B592","B592","internal_clade","required","Cetacean axis","marine","marine_binary","TPX2",2,"marine_specific","DNA repair / chromatin / cell-cycle",-0.547364151458345,-0.0358194860999145,0.0196063026147537,0.0196063026147537,"positive",50.9861536533939,FALSE,-0.371292979445585,0.408228629134192,-3.98243194839294
"crown_Cetacea","Crown Cetacea","B592","B592","internal_clade","required","Cetacean axis","marine","marine_binary","HGFAC",3,"shared","Vascular / hematologic regulation",-0.314672853107267,0.184284557842802,-0.0579893476000056,0.0579893476000056,"negative",73.2083466203579,FALSE,-0.371292979445585,0.408228629134192,-3.98243194839294
"crown_Cetacea","Crown Cetacea","B592","B592","internal_clade","required","Cetacean axis","marine","marine_binary","SYDE1",4,"shared","Cytoskeletal / muscle / ECM / adhesion",-0.314258007626709,-0.00747120614164629,0.0023478863566422,0.0023478863566422,"positive",56.3778344526324,FALSE,-0.371292979445585,0.408228629134192,-3.98243194839294
"crown_Cetacea","Crown Cetacea","B592","B592","internal_clade","required","Cetacean axis","marine","marine_binary","PUSL1",5,"shared","Metabolism / redox / lipid handling",-0.270477624990477,1.90812849125645,-0.516106062491707,0.516106062491707,"negative",117.082622214755,FALSE,-0.371292979445585,0.408228629134192,-3.98243194839294
"crown_Cetacea","Crown Cetacea","B592","B592","internal_clade","required","Cetacean axis","marine","marine_binary","CATSPERZ",6,"shared","Cilia / flagella / reproductive-cell function",-0.264244206101874,-0.834407507881815,0.220487349485674,0.220487349485674,"positive",12.6833994820669,FALSE,-0.371292979445585,0.408228629134192,-3.98243194839294
"crown_Cetacea","Crown Cetacea","B592","B592","internal_clade","required","Cetacean axis","marine","marine_binary","F11",7,"marine_specific","Vascular / hematologic regulation",-0.254306353084796,0.0163917424422471,-0.00416852424119314,0.00416852424119314,"negative",61.2709901362382,FALSE,-0.371292979445585,0.408228629134192,-3.98243194839294
"crown_Cetacea","Crown Cetacea","B592","B592","internal_clade","required","Cetacean axis","marine","marine_binary","WDR93",8,"shared","Cilia / flagella / reproductive-cell function",-0.242927446164409,-0.742996171262058,0.180494162394625,0.180494162394625,"positive",31.4707551671749,FALSE,-0.371292979445585,0.408228629134192,-3.98243194839294
"crown_Cetacea","Crown Cetacea","B592","B592","internal_clade","required","Cetacean axis","marine","marine_binary","CD34",9,"shared","Vascular / hematologic regulation",-0.231912055829233,-0.965606190449255,0.22393571674852,0.22393571674852,"positive",21.6155135061289,FALSE,-0.371292979445585,0.408228629134192,-3.98243194839294
"crown_Cetacea","Crown Cetacea","B592","B592","internal_clade","required","Cetacean axis","marine","marine_binary","ASMTL",10,"shared","Endocrine / circadian / systemic regulation",-0.225475311673798,0.142016691512799,-0.0320212577817299,0.0320212577817299,"negative",92.0825334129311,FALSE,-0.371292979445585,0.408228629134192,-3.98243194839294
"crown_Cetacea","Crown Cetacea","B592","B592","internal_clade","required","Cetacean axis","marine","marine_binary","FN3K",11,"shared","Metabolism / redox / lipid handling",-0.217860441354345,0.215216232580442,-0.0468871034165945,0.0468871034165945,"negative",57.768963609525,FALSE,-0.371292979445585,0.408228629134192,-3.98243194839294
"crown_Cetacea","Crown Cetacea","B592","B592","internal_clade","required","Cetacean axis","marine","marine_binary","FANCM",12,"marine_specific","DNA repair / chromatin / cell-cycle",-0.215464965565117,-0.253420454590239,0.0546032295217821,0.0546032295217821,"positive",50.3842223751892,FALSE,-0.371292979445585,0.408228629134192,-3.98243194839294
"crown_Cetacea","Crown Cetacea","B592","B592","internal_clade","required","Cetacean axis","marine","marine_binary","VEPH1",13,"marine_specific","Developmental / transcriptional signaling regulators",-0.163677799839901,0.0775085272700306,-0.0126864252123896,0.0126864252123896,"negative",63.9267645682313,FALSE,-0.371292979445585,0.408228629134192,-3.98243194839294
"crown_Cetacea","Crown Cetacea","B592","B592","internal_clade","required","Cetacean axis","marine","marine_binary","APH1B",14,"marine_specific","Membrane trafficking / ER / vesicle processing",-0.152260877432123,0.452194054214912,-0.0688514634643515,0.0688514634643515,"negative",77.8259508675235,FALSE,-0.371292979445585,0.408228629134192,-3.98243194839294
"crown_Cetacea","Crown Cetacea","B592","B592","internal_clade","required","Cetacean axis","marine","marine_binary","CREB3L3",15,"marine_specific","Endocrine / circadian / systemic regulation",-0.150758430810258,0.996344712879543,-0.150207365459817,0.150207365459817,"negative",83.1224405170438,FALSE,-0.371292979445585,0.408228629134192,-3.98243194839294
"crown_Cetacea","Crown Cetacea","B592","B592","internal_clade","required","Cetacean axis","marine","marine_binary","POLG",16,"marine_specific","DNA repair / chromatin / cell-cycle",-0.124940186455302,0.20953219333182,-0.026178991303266,0.026178991303266,"negative",62.1551592619872,FALSE,-0.371292979445585,0.408228629134192,-3.98243194839294
"crown_Cetacea","Crown Cetacea","B592","B592","internal_clade","required","Cetacean axis","marine","marine_binary","RARS1",17,"marine_specific","RNA processing / translation / protein homeostasis",-0.115426630752885,-0.318352936355758,0.0367464068338329,0.0367464068338329,"positive",43.8148830273889,FALSE,-0.371292979445585,0.408228629134192,-3.98243194839294
"crown_Cetacea","Crown Cetacea","B592","B592","internal_clade","required","Cetacean axis","marine","marine_binary","FAM234A",18,"marine_specific","Unassigned / low-confidence",-0.108556846491888,1.20036675160253,-0.130308029187682,0.130308029187682,"negative",88.4751417233021,FALSE,-0.371292979445585,0.408228629134192,-3.98243194839294
"crown_Cetacea","Crown Cetacea","B592","B592","internal_clade","required","Cetacean axis","marine","marine_binary","TREM2",19,"marine_specific","Immune / inflammatory regulation",-0.0898257166079112,-0.341217171829595,0.0306500769785181,0.0306500769785181,"positive",41.9828468787626,FALSE,-0.371292979445585,0.408228629134192,-3.98243194839294
"crown_Cetacea","Crown Cetacea","B592","B592","internal_clade","required","Cetacean axis","marine","marine_binary","ATG2A",20,"marine_specific","Membrane trafficking / ER / vesicle processing",-0.0892133442112914,1.09816155356847,-0.0979706646781102,0.0979706646781102,"negative",79.8204168494822,FALSE,-0.371292979445585,0.408228629134192,-3.98243194839294
"crown_Cetacea","Crown Cetacea","B592","B592","internal_clade","required","Cetacean axis","marine","marine_binary","NUBP2",21,"shared","Metabolism / redox / lipid handling",-0.0844817154354269,0.137584589517086,-0.0116233821398825,0.0116233821398825,"negative",61.6799967218999,FALSE,-0.371292979445585,0.408228629134192,-3.98243194839294
"crown_Cetacea","Crown Cetacea","B592","B592","internal_clade","required","Cetacean axis","marine","marine_binary","SF3B3",22,"marine_specific","RNA processing / translation / protein homeostasis",-0.0727218763044334,-0.285802222280951,0.0207840738562475,0.0207840738562475,"positive",49.6497965437647,FALSE,-0.371292979445585,0.408228629134192,-3.98243194839294
"crown_Cetacea","Crown Cetacea","B592","B592","internal_clade","required","Cetacean axis","marine","marine_binary","RTL4",23,"marine_specific","Unassigned / low-confidence",-0.0665426884505536,-0.139863477365178,0.00930689179992207,0.00930689179992207,"positive",49.1377044373821,FALSE,-0.371292979445585,0.408228629134192,-3.98243194839294
"crown_Cetacea","Crown Cetacea","B592","B592","internal_clade","required","Cetacean axis","marine","marine_binary","SOX7",24,"shared","Developmental / transcriptional signaling regulators",-0.0651622513698966,-0.307176312186031,0.020016300069544,0.020016300069544,"positive",43.5467940363912,FALSE,-0.371292979445585,0.408228629134192,-3.98243194839294
"crown_Cetacea","Crown Cetacea","B592","B592","internal_clade","required","Cetacean axis","marine","marine_binary","CTD_3088G3",25,"marine_specific","Unassigned / low-confidence",-0.0645538212784956,-0.351283878714846,0.0226767167245749,0.0226767167245749,"positive",97.1145485023587,FALSE,-0.371292979445585,0.408228629134192,-3.98243194839294
"crown_Cetacea","Crown Cetacea","B592","B592","internal_clade","required","Cetacean axis","marine","marine_binary","COL4A1",26,"marine_specific","Cytoskeletal / muscle / ECM / adhesion",-0.0505715443318336,0.329289183112964,-0.0166526625217905,0.0166526625217905,"negative",65.8953016545798,FALSE,-0.371292979445585,0.408228629134192,-3.98243194839294
"crown_Cetacea","Crown Cetacea","B592","B592","internal_clade","required","Cetacean axis","marine","marine_binary","IDUA",27,"marine_specific","Metabolism / redox / lipid handling",-0.0503352858652507,0.181506518931191,-0.00913618251680802,0.00913618251680802,"negative",65.2718652348511,FALSE,-0.371292979445585,0.408228629134192,-3.98243194839294
"crown_Cetacea","Crown Cetacea","B592","B592","internal_clade","required","Cetacean axis","marine","marine_binary","CYP21A2",28,"marine_specific","Endocrine / circadian / systemic regulation",-0.0450852911002748,0.121633348756383,-0.00548387493618279,0.00548387493618279,"negative",61.6877240898017,FALSE,-0.371292979445585,0.408228629134192,-3.98243194839294
"crown_Cetacea","Crown Cetacea","B592","B592","internal_clade","required","Cetacean axis","marine","marine_binary","ACVR1",29,"marine_specific","Developmental / transcriptional signaling regulators",-0.0383732664782303,-0.259962604108351,0.00997561428182444,0.00997561428182444,"positive",46.3742403744875,FALSE,-0.371292979445585,0.408228629134192,-3.98243194839294
"crown_Cetacea","Crown Cetacea","B592","B592","internal_clade","required","Cetacean axis","marine","marine_binary","KEL",30,"marine_specific","Vascular / hematologic regulation",-0.0377052256901275,-0.117239866200692,0.00442055561497745,0.00442055561497745,"positive",51.508093306621,FALSE,-0.371292979445585,0.408228629134192,-3.98243194839294
"crown_Cetacea","Crown Cetacea","B592","B592","internal_clade","required","Cetacean axis","marine","marine_binary","CATSPER4",31,"marine_specific","Cilia / flagella / reproductive-cell function",-0.0348617965707268,-0.22566287414274,0.00786701321192974,0.00786701321192974,"positive",45.1866457167909,FALSE,-0.371292979445585,0.408228629134192,-3.98243194839294
"crown_Cetacea","Crown Cetacea","B592","B592","internal_clade","required","Cetacean axis","marine","marine_binary","DCXR",32,"marine_specific","Metabolism / redox / lipid handling",-0.0329559416768714,-0.00132027447136349,4.35108884757173e-05,4.35108884757173e-05,"positive",62.8587324006601,FALSE,-0.371292979445585,0.408228629134192,-3.98243194839294
"crown_Cetacea","Crown Cetacea","B592","B592","internal_clade","required","Cetacean axis","marine","marine_binary","RDH12",33,"marine_specific","Sensory systems",-0.0319401455848149,0.040350075632139,-0.00128878729004881,0.00128878729004881,"negative",54.4250233441118,FALSE,-0.371292979445585,0.408228629134192,-3.98243194839294
"crown_Cetacea","Crown Cetacea","B592","B592","internal_clade","required","Cetacean axis","marine","marine_binary","BAK1",34,"marine_specific","Membrane trafficking / ER / vesicle processing",-0.0220699887647022,-0.0235548916728521,0.000519856194573623,0.000519856194573623,"positive",48.3946026422197,FALSE,-0.371292979445585,0.408228629134192,-3.98243194839294
"crown_Cetacea","Crown Cetacea","B592","B592","internal_clade","required","Cetacean axis","marine","marine_binary","PECAM1",35,"marine_specific","Vascular / hematologic regulation",-0.00822384288509239,-0.138395600485956,0.00113814367438451,0.00113814367438451,"positive",44.6203275322077,FALSE,-0.371292979445585,0.408228629134192,-3.98243194839294
"crown_Cetacea","Crown Cetacea","B592","B592","internal_clade","required","Cetacean axis","marine","marine_binary","ASH2L",36,"marine_specific","DNA repair / chromatin / cell-cycle",-0.00671137272561463,0.336626976370337,-0.002259229107918,0.002259229107918,"negative",69.676180146073,FALSE,-0.371292979445585,0.408228629134192,-3.98243194839294
"crown_Cetacea","Crown Cetacea","B592","B592","internal_clade","required","Cetacean axis","marine","marine_binary","STMN4",37,"marine_specific","Sensory systems",-0.00252384447419297,0.0895297898176139,-0.000225959265306843,0.000225959265306843,"negative",66.6575546706514,FALSE,-0.371292979445585,0.408228629134192,-3.98243194839294
"crown_Cetacea","Crown Cetacea","B592","B592","internal_clade","required","Cetacean axis","marine","marine_binary","OR10G3",38,"marine_specific","Sensory systems",0.0313624648344271,8.74702954887376e-16,2.74328406632248e-17,2.74328406632248e-17,"positive",,TRUE,-0.371292979445585,0.408228629134192,-3.98243194839294
"crown_Cetacea","Crown Cetacea","B592","B592","internal_clade","required","Cetacean axis","marine","marine_binary","TGM1",39,"shared","Epithelial / body-surface interface",0.0321438716739072,5.80687897478652,0.186655572591448,0.186655572591448,"positive",224.604537686393,FALSE,-0.371292979445585,0.408228629134192,-3.98243194839294
"crown_Cetacea","Crown Cetacea","B592","B592","internal_clade","required","Cetacean axis","marine","marine_binary","SLC2A7",40,"marine_specific","Transport / endocytic / epithelial solute handling",0.0382557135453081,-1.25362466364382e-14,-4.79583060256912e-16,4.79583060256912e-16,"negative",,TRUE,-0.371292979445585,0.408228629134192,-3.98243194839294
"crown_Cetacea","Crown Cetacea","B592","B592","internal_clade","required","Cetacean axis","marine","marine_binary","NR2C2AP",41,"marine_specific","Developmental / transcriptional signaling regulators",0.0628652617594018,-0.196648937593192,-0.0123623869365043,0.0123623869365043,"negative",40.3975952498773,FALSE,-0.371292979445585,0.408228629134192,-3.98243194839294
"crown_Cetacea","Crown Cetacea","B592","B592","internal_clade","required","Cetacean axis","marine","marine_binary","CAPN13",42,"marine_specific","Unassigned / low-confidence",0.0728829596448735,0.208643475007083,0.0152065539691074,0.0152065539691074,"positive",70.7984939722655,FALSE,-0.371292979445585,0.408228629134192,-3.98243194839294
"crown_Cetacea","Crown Cetacea","B592","B592","internal_clade","required","Cetacean axis","marine","marine_binary","TGM5",43,"marine_specific","Epithelial / body-surface interface",0.0730096499546588,0.894341222739826,0.0652955396122563,0.0652955396122563,"positive",104.042492325422,FALSE,-0.371292979445585,0.408228629134192,-3.98243194839294
"crown_Cetacea","Crown Cetacea","B592","B592","internal_clade","required","Cetacean axis","marine","marine_binary","TRIM66",44,"marine_specific","DNA repair / chromatin / cell-cycle",0.0785377211171152,0.629422851249619,0.0494334363561821,0.0494334363561821,"positive",76.5784188986761,FALSE,-0.371292979445585,0.408228629134192,-3.98243194839294
"crown_Cetacea","Crown Cetacea","B592","B592","internal_clade","required","Cetacean axis","marine","marine_binary","RNF224",45,"marine_specific","Developmental / transcriptional signaling regulators",0.0826571992947204,-0.802395730662643,-0.0663237838226149,0.0663237838226149,"negative",25.0641386163138,FALSE,-0.371292979445585,0.408228629134192,-3.98243194839294
"crown_Cetacea","Crown Cetacea","B592","B592","internal_clade","required","Cetacean axis","marine","marine_binary","COL20A1",46,"shared","Cytoskeletal / muscle / ECM / adhesion",0.0921292718400568,-0.0683349038621223,-0.00629564493407762,0.00629564493407762,"negative",70.9103736829665,FALSE,-0.371292979445585,0.408228629134192,-3.98243194839294
"crown_Cetacea","Crown Cetacea","B592","B592","internal_clade","required","Cetacean axis","marine","marine_binary","PNPLA7",47,"shared","Metabolism / redox / lipid handling",0.10673604147477,-0.0598812979798603,-0.00639149270474141,0.00639149270474141,"negative",61.2714037388611,FALSE,-0.371292979445585,0.408228629134192,-3.98243194839294
"crown_Cetacea","Crown Cetacea","B592","B592","internal_clade","required","Cetacean axis","marine","marine_binary","DBNL",48,"shared","Cytoskeletal / muscle / ECM / adhesion",0.109704318050152,0.106922723400977,0.0117298844547691,0.0117298844547691,"positive",66.1637346583136,FALSE,-0.371292979445585,0.408228629134192,-3.98243194839294
"crown_Cetacea","Crown Cetacea","B592","B592","internal_clade","required","Cetacean axis","marine","marine_binary","OR6B1",49,"shared","Sensory systems",0.111781295712533,-0.0980112130705358,-0.0109558203913817,0.0109558203913817,"negative",75.9572118802936,FALSE,-0.371292979445585,0.408228629134192,-3.98243194839294
"crown_Cetacea","Crown Cetacea","B592","B592","internal_clade","required","Cetacean axis","marine","marine_binary","SLC28A1",50,"marine_specific","Transport / endocytic / epithelial solute handling",0.128656733732997,1.15252907987709,0.148280626949283,0.148280626949283,"positive",94.0518254942811,FALSE,-0.371292979445585,0.408228629134192,-3.98243194839294
"crown_Cetacea","Crown Cetacea","B592","B592","internal_clade","required","Cetacean axis","marine","marine_binary","TOGARAM2",51,"shared","Cilia / flagella / reproductive-cell function",0.129304237042922,0.141654728483063,0.0183165565900248,0.0183165565900248,"positive",78.2148057254633,FALSE,-0.371292979445585,0.408228629134192,-3.98243194839294
"crown_Cetacea","Crown Cetacea","B592","B592","internal_clade","required","Cetacean axis","marine","marine_binary","SSTR4",52,"marine_specific","Endocrine / circadian / systemic regulation",0.137940410562783,2.56488849133872,0.35380177154302,0.35380177154302,"positive",189.472783718922,FALSE,-0.371292979445585,0.408228629134192,-3.98243194839294
"crown_Cetacea","Crown Cetacea","B592","B592","internal_clade","required","Cetacean axis","marine","marine_binary","CALHM1",53,"marine_specific","Ion channels / mechanosensation / membrane signaling",0.145696679568621,0.0526115744985631,0.00766533171131777,0.00766533171131777,"positive",87.9460645870378,FALSE,-0.371292979445585,0.408228629134192,-3.98243194839294
"crown_Cetacea","Crown Cetacea","B592","B592","internal_clade","required","Cetacean axis","marine","marine_binary","ALOX12B",54,"marine_specific","Epithelial / body-surface interface",0.149753620737968,-1.93169382162935e-15,-2.89278143946159e-16,2.89278143946159e-16,"negative",,TRUE,-0.371292979445585,0.408228629134192,-3.98243194839294
"crown_Cetacea","Crown Cetacea","B592","B592","internal_clade","required","Cetacean axis","marine","marine_binary","ESYT3",55,"marine_specific","Membrane trafficking / ER / vesicle processing",0.153832070750976,0.30322450604401,0.046645653667192,0.046645653667192,"positive",79.0887929107311,FALSE,-0.371292979445585,0.408228629134192,-3.98243194839294
"crown_Cetacea","Crown Cetacea","B592","B592","internal_clade","required","Cetacean axis","marine","marine_binary","IL36G",56,"marine_specific","Immune / inflammatory regulation",0.166019839478868,-0.189580544497514,-0.0314741315657938,0.0314741315657938,"negative",50.6177782499488,FALSE,-0.371292979445585,0.408228629134192,-3.98243194839294
"crown_Cetacea","Crown Cetacea","B592","B592","internal_clade","required","Cetacean axis","marine","marine_binary","KRT17",57,"marine_specific","Epithelial / body-surface interface",0.189861649168978,0.378912199424075,0.0719408950728997,0.0719408950728997,"positive",105.082917646404,FALSE,-0.371292979445585,0.408228629134192,-3.98243194839294
"crown_Cetacea","Crown Cetacea","B592","B592","internal_clade","required","Cetacean axis","marine","marine_binary","NKPD1",58,"marine_specific","Unassigned / low-confidence",0.230941713295598,-8.24683525220817e-16,-1.90453826241149e-16,1.90453826241149e-16,"negative",,TRUE,-0.371292979445585,0.408228629134192,-3.98243194839294
"crown_Cetacea","Crown Cetacea","B592","B592","internal_clade","required","Cetacean axis","marine","marine_binary","IL33",59,"shared","Immune / inflammatory regulation",0.27044270721607,-0.234226672848738,-0.0633448955074255,0.0633448955074255,"negative",35.2546775862122,FALSE,-0.371292979445585,0.408228629134192,-3.98243194839294
"crown_Cetacea","Crown Cetacea","B592","B592","internal_clade","required","Cetacean axis","marine","marine_binary","HOXD10",60,"marine_specific","Developmental / transcriptional signaling regulators",0.28020716230031,0.0919957276128884,0.0257778617781597,0.0257778617781597,"positive",109.523742809986,FALSE,-0.371292979445585,0.408228629134192,-3.98243194839294
"crown_Cetacea","Crown Cetacea","B592","B592","internal_clade","required","Cetacean axis","marine","marine_binary","OR52W1",61,"shared","Sensory systems",0.282799403614638,1.37492373000625,0.388827610861381,0.388827610861381,"positive",130.269456161426,FALSE,-0.371292979445585,0.408228629134192,-3.98243194839294
"crown_Cetacea","Crown Cetacea","B592","B592","internal_clade","required","Cetacean axis","marine","marine_binary","HIGD1B",62,"marine_specific","Vascular / hematologic regulation",0.328380050132626,0.190948581428909,0.0627037047423789,0.0627037047423789,"positive",77.8549003239523,FALSE,-0.371292979445585,0.408228629134192,-3.98243194839294
"crown_Cetacea","Crown Cetacea","B592","B592","internal_clade","required","Cetacean axis","marine","marine_binary","CAPN14",63,"marine_specific","Epithelial / body-surface interface",0.342438899161804,0.129293431991621,0.0442751005200623,0.0442751005200623,"positive",106.792474368769,FALSE,-0.371292979445585,0.408228629134192,-3.98243194839294
"crown_Cetacea","Crown Cetacea","B592","B592","internal_clade","required","Cetacean axis","marine","marine_binary","OMP",64,"shared","Sensory systems",0.345615697623917,-0.117385590267114,-0.0405703026711639,0.0405703026711639,"negative",72.0734847104922,FALSE,-0.371292979445585,0.408228629134192,-3.98243194839294
"crown_Cetacea","Crown Cetacea","B592","B592","internal_clade","required","Cetacean axis","marine","marine_binary","ACP4",65,"marine_specific","Cytoskeletal / muscle / ECM / adhesion",0.36185377349003,0.749583795952328,0.271239725112331,0.271239725112331,"positive",106.159356699727,FALSE,-0.371292979445585,0.408228629134192,-3.98243194839294
"crown_Cetacea","Crown Cetacea","B592","B592","internal_clade","required","Cetacean axis","marine","marine_binary","KRTDAP",66,"shared","Epithelial / body-surface interface",0.386565925079529,1.59463705565283,0.616432348584532,0.616432348584532,"positive",209.526714240191,FALSE,-0.371292979445585,0.408228629134192,-3.98243194839294
"crown_Cetacea","Crown Cetacea","B592","B592","internal_clade","required","Cetacean axis","marine","marine_binary","MYH7B",67,"marine_specific","Cytoskeletal / muscle / ECM / adhesion",0.397856553371577,0.00110377599104038,0.000439144511489623,0.000439144511489623,"positive",66.4223963670754,FALSE,-0.371292979445585,0.408228629134192,-3.98243194839294
"crown_Cetacea","Crown Cetacea","B592","B592","internal_clade","required","Cetacean axis","marine","marine_binary","SDR9C7",68,"shared","Epithelial / body-surface interface",0.409389888665918,0.258071024407597,0.105651667950126,0.105651667950126,"positive",67.0062373681899,FALSE,-0.371292979445585,0.408228629134192,-3.98243194839294
"crown_Cetacea","Crown Cetacea","B592","B592","internal_clade","required","Cetacean axis","marine","marine_binary","KCNK18",69,"shared","Ion channels / mechanosensation / membrane signaling",0.43928773003255,0.373560888161216,0.164100714589284,0.164100714589284,"positive",73.8942238572368,FALSE,-0.371292979445585,0.408228629134192,-3.98243194839294
"crown_Cetacea","Crown Cetacea","B592","B592","internal_clade","required","Cetacean axis","marine","marine_binary","MYH13",70,"marine_specific","Cytoskeletal / muscle / ECM / adhesion",0.480299625271563,-0.283023146788076,-0.135935911345492,0.135935911345492,"negative",70.5781578388376,FALSE,-0.371292979445585,0.408228629134192,-3.98243194839294
"crown_Cetacea","Crown Cetacea","B592","B592","internal_clade","required","Cetacean axis","marine","marine_binary","TGM3",71,"shared","Epithelial / body-surface interface",0.691315381170856,2.43302258033502,1.6819859325216,1.6819859325216,"positive",142.710093583312,FALSE,-0.371292979445585,0.408228629134192,-3.98243194839294
"Mysticeti","Mysticeti","B544","B568","internal_clade","optional","Cetacean axis","marine","marine_binary","EPOR",1,"shared","Vascular / hematologic regulation",-0.562386788005208,0.799318534189459,-0.449526183035841,0.449526183035841,"negative",75.7738896682116,FALSE,6.32466955056963,0.998211645768525,-3.98243194839294
"Mysticeti","Mysticeti","B544","B568","internal_clade","optional","Cetacean axis","marine","marine_binary","TPX2",2,"marine_specific","DNA repair / chromatin / cell-cycle",-0.547364151458345,0.0956214569249658,-0.0523397576309446,0.0523397576309446,"negative",55.3109217691857,FALSE,6.32466955056963,0.998211645768525,-3.98243194839294
"Mysticeti","Mysticeti","B544","B568","internal_clade","optional","Cetacean axis","marine","marine_binary","HGFAC",3,"shared","Vascular / hematologic regulation",-0.314672853107267,0.101401668594288,-0.0319083523664022,0.0319083523664022,"negative",69.5844965637868,FALSE,6.32466955056963,0.998211645768525,-3.98243194839294
"Mysticeti","Mysticeti","B544","B568","internal_clade","optional","Cetacean axis","marine","marine_binary","SYDE1",4,"shared","Cytoskeletal / muscle / ECM / adhesion",-0.314258007626709,-0.543170556690599,0.170695696947078,0.170695696947078,"positive",42.0599159560177,FALSE,6.32466955056963,0.998211645768525,-3.98243194839294
"Mysticeti","Mysticeti","B544","B568","internal_clade","optional","Cetacean axis","marine","marine_binary","PUSL1",5,"shared","Metabolism / redox / lipid handling",-0.270477624990477,-0.649792144051807,0.175754235860602,0.175754235860602,"positive",33.4025708903425,FALSE,6.32466955056963,0.998211645768525,-3.98243194839294
"Mysticeti","Mysticeti","B544","B568","internal_clade","optional","Cetacean axis","marine","marine_binary","CATSPERZ",6,"shared","Cilia / flagella / reproductive-cell function",-0.264244206101874,-0.136040902894649,0.0359480203827786,0.0359480203827786,"positive",39.358529607615,FALSE,6.32466955056963,0.998211645768525,-3.98243194839294
"Mysticeti","Mysticeti","B544","B568","internal_clade","optional","Cetacean axis","marine","marine_binary","F11",7,"marine_specific","Vascular / hematologic regulation",-0.254306353084796,0.846216648756426,-0.215198269864885,0.215198269864885,"negative",87.854415527946,FALSE,6.32466955056963,0.998211645768525,-3.98243194839294
"Mysticeti","Mysticeti","B544","B568","internal_clade","optional","Cetacean axis","marine","marine_binary","WDR93",8,"shared","Cilia / flagella / reproductive-cell function",-0.242927446164409,-0.373351029314013,0.0906972120741065,0.0906972120741065,"positive",41.0222619170182,FALSE,6.32466955056963,0.998211645768525,-3.98243194839294
"Mysticeti","Mysticeti","B544","B568","internal_clade","optional","Cetacean axis","marine","marine_binary","CD34",9,"shared","Vascular / hematologic regulation",-0.231912055829233,0.383436961168388,-0.0889236539454746,0.0889236539454746,"negative",68.0723271993602,FALSE,6.32466955056963,0.998211645768525,-3.98243194839294
"Mysticeti","Mysticeti","B544","B568","internal_clade","optional","Cetacean axis","marine","marine_binary","ASMTL",10,"shared","Endocrine / circadian / systemic regulation",-0.225475311673798,-0.800861655785762,0.180574531445889,0.180574531445889,"positive",56.643133668441,FALSE,6.32466955056963,0.998211645768525,-3.98243194839294
"Mysticeti","Mysticeti","B544","B568","internal_clade","optional","Cetacean axis","marine","marine_binary","FN3K",11,"shared","Metabolism / redox / lipid handling",-0.217860441354345,-0.0588960875656424,0.012831127631095,0.012831127631095,"positive",48.4594867727013,FALSE,6.32466955056963,0.998211645768525,-3.98243194839294
"Mysticeti","Mysticeti","B544","B568","internal_clade","optional","Cetacean axis","marine","marine_binary","FANCM",12,"marine_specific","DNA repair / chromatin / cell-cycle",-0.215464965565117,-0.640624852534522,0.138032211791509,0.138032211791509,"positive",41.726793155766,FALSE,6.32466955056963,0.998211645768525,-3.98243194839294
"Mysticeti","Mysticeti","B544","B568","internal_clade","optional","Cetacean axis","marine","marine_binary","VEPH1",13,"marine_specific","Developmental / transcriptional signaling regulators",-0.163677799839901,-0.527787120799415,0.0863870347162845,0.0863870347162845,"positive",44.8230965026417,FALSE,6.32466955056963,0.998211645768525,-3.98243194839294
"Mysticeti","Mysticeti","B544","B568","internal_clade","optional","Cetacean axis","marine","marine_binary","APH1B",14,"marine_specific","Membrane trafficking / ER / vesicle processing",-0.152260877432123,-0.55729552928552,0.0848543062780128,0.0848543062780128,"positive",27.597595941369,FALSE,6.32466955056963,0.998211645768525,-3.98243194839294
"Mysticeti","Mysticeti","B544","B568","internal_clade","optional","Cetacean axis","marine","marine_binary","CREB3L3",15,"marine_specific","Endocrine / circadian / systemic regulation",-0.150758430810258,-0.612185449047376,0.0922921176632557,0.0922921176632557,"positive",34.4656316836099,FALSE,6.32466955056963,0.998211645768525,-3.98243194839294
"Mysticeti","Mysticeti","B544","B568","internal_clade","optional","Cetacean axis","marine","marine_binary","POLG",16,"marine_specific","DNA repair / chromatin / cell-cycle",-0.124940186455302,-0.460189529262791,0.0574961655908708,0.0574961655908708,"positive",46.4376117908957,FALSE,6.32466955056963,0.998211645768525,-3.98243194839294
"Mysticeti","Mysticeti","B544","B568","internal_clade","optional","Cetacean axis","marine","marine_binary","RARS1",17,"marine_specific","RNA processing / translation / protein homeostasis",-0.115426630752885,0.85377068883655,-0.0985478740479728,0.0985478740479728,"negative",88.2780810099674,FALSE,6.32466955056963,0.998211645768525,-3.98243194839294
"Mysticeti","Mysticeti","B544","B568","internal_clade","optional","Cetacean axis","marine","marine_binary","FAM234A",18,"marine_specific","Unassigned / low-confidence",-0.108556846491888,-0.629346073248238,0.0683198250638816,0.0683198250638816,"positive",38.7116426377472,FALSE,6.32466955056963,0.998211645768525,-3.98243194839294
"Mysticeti","Mysticeti","B544","B568","internal_clade","optional","Cetacean axis","marine","marine_binary","TREM2",19,"marine_specific","Immune / inflammatory regulation",-0.0898257166079112,0.329570238845243,-0.0296038828769144,0.0296038828769144,"negative",64.5400998192716,FALSE,6.32466955056963,0.998211645768525,-3.98243194839294
"Mysticeti","Mysticeti","B544","B568","internal_clade","optional","Cetacean axis","marine","marine_binary","ATG2A",20,"marine_specific","Membrane trafficking / ER / vesicle processing",-0.0892133442112914,-1.03283146971418,0.0921423494198649,0.0921423494198649,"positive",40.1819893076059,FALSE,6.32466955056963,0.998211645768525,-3.98243194839294
"Mysticeti","Mysticeti","B544","B568","internal_clade","optional","Cetacean axis","marine","marine_binary","NUBP2",21,"shared","Metabolism / redox / lipid handling",-0.0844817154354269,-0.613033261041447,0.0517901015117553,0.0517901015117553,"positive",33.980487661253,FALSE,6.32466955056963,0.998211645768525,-3.98243194839294
"Mysticeti","Mysticeti","B544","B568","internal_clade","optional","Cetacean axis","marine","marine_binary","SF3B3",22,"marine_specific","RNA processing / translation / protein homeostasis",-0.0727218763044334,-0.66026786113706,0.0480159177254021,0.0480159177254021,"positive",38.5157254144095,FALSE,6.32466955056963,0.998211645768525,-3.98243194839294
"Mysticeti","Mysticeti","B544","B568","internal_clade","optional","Cetacean axis","marine","marine_binary","RTL4",23,"marine_specific","Unassigned / low-confidence",-0.0665426884505536,-1.04518186046658,0.0695492109151977,0.0695492109151977,"positive",13.9213668069727,FALSE,6.32466955056963,0.998211645768525,-3.98243194839294
"Mysticeti","Mysticeti","B544","B568","internal_clade","optional","Cetacean axis","marine","marine_binary","SOX7",24,"shared","Developmental / transcriptional signaling regulators",-0.0651622513698966,-0.589592800033429,0.0384191942416595,0.0384191942416595,"positive",33.1845003970383,FALSE,6.32466955056963,0.998211645768525,-3.98243194839294
"Mysticeti","Mysticeti","B544","B568","internal_clade","optional","Cetacean axis","marine","marine_binary","CTD_3088G3",25,"marine_specific","Unassigned / low-confidence",-0.0645538212784956,-1.67309817453171,0.108004880540097,0.108004880540097,"positive",53.7250685988477,FALSE,6.32466955056963,0.998211645768525,-3.98243194839294
"Mysticeti","Mysticeti","B544","B568","internal_clade","optional","Cetacean axis","marine","marine_binary","COL4A1",26,"marine_specific","Cytoskeletal / muscle / ECM / adhesion",-0.0505715443318336,-1.20079806436434,0.0607262125455811,0.0607262125455811,"positive",30.5420914594768,FALSE,6.32466955056963,0.998211645768525,-3.98243194839294
"Mysticeti","Mysticeti","B544","B568","internal_clade","optional","Cetacean axis","marine","marine_binary","IDUA",27,"marine_specific","Metabolism / redox / lipid handling",-0.0503352858652507,0.0604095485703664,-0.00304073189628014,0.00304073189628014,"negative",61.8008947670915,FALSE,6.32466955056963,0.998211645768525,-3.98243194839294
"Mysticeti","Mysticeti","B544","B568","internal_clade","optional","Cetacean axis","marine","marine_binary","CYP21A2",28,"marine_specific","Endocrine / circadian / systemic regulation",-0.0450852911002748,0.125056802173311,-0.00563822233005322,0.00563822233005322,"negative",61.862471524843,FALSE,6.32466955056963,0.998211645768525,-3.98243194839294
"Mysticeti","Mysticeti","B544","B568","internal_clade","optional","Cetacean axis","marine","marine_binary","ACVR1",29,"marine_specific","Developmental / transcriptional signaling regulators",-0.0383732664782303,1.09325162391138,-0.0419516358921096,0.0419516358921096,"negative",96.3115652277358,FALSE,6.32466955056963,0.998211645768525,-3.98243194839294
"Mysticeti","Mysticeti","B544","B568","internal_clade","optional","Cetacean axis","marine","marine_binary","KEL",30,"marine_specific","Vascular / hematologic regulation",-0.0377052256901275,-0.647819394813327,0.0244261764878783,0.0244261764878783,"positive",31.6484708569511,FALSE,6.32466955056963,0.998211645768525,-3.98243194839294
"Mysticeti","Mysticeti","B544","B568","internal_clade","optional","Cetacean axis","marine","marine_binary","CATSPER4",31,"marine_specific","Cilia / flagella / reproductive-cell function",-0.0348617965707268,-0.371376434002932,0.0129468496933721,0.0129468496933721,"positive",38.9292769808155,FALSE,6.32466955056963,0.998211645768525,-3.98243194839294
"Mysticeti","Mysticeti","B544","B568","internal_clade","optional","Cetacean axis","marine","marine_binary","DCXR",32,"marine_specific","Metabolism / redox / lipid handling",-0.0329559416768714,-0.348948167194402,0.0114999154463099,0.0114999154463099,"positive",19.8337768680453,FALSE,6.32466955056963,0.998211645768525,-3.98243194839294
"Mysticeti","Mysticeti","B544","B568","internal_clade","optional","Cetacean axis","marine","marine_binary","RDH12",33,"marine_specific","Sensory systems",-0.0319401455848149,0.381839886326385,-0.0121960215593539,0.0121960215593539,"negative",67.7632108465291,FALSE,6.32466955056963,0.998211645768525,-3.98243194839294
"Mysticeti","Mysticeti","B544","B568","internal_clade","optional","Cetacean axis","marine","marine_binary","BAK1",34,"marine_specific","Membrane trafficking / ER / vesicle processing",-0.0220699887647022,0.453663893854581,-0.0100123570403216,0.0100123570403216,"negative",67.6971632648075,FALSE,6.32466955056963,0.998211645768525,-3.98243194839294
"Mysticeti","Mysticeti","B544","B568","internal_clade","optional","Cetacean axis","marine","marine_binary","PECAM1",35,"marine_specific","Vascular / hematologic regulation",-0.00822384288509239,-0.0254975455920182,0.000209687808904237,0.000209687808904237,"positive",47.4273939361608,FALSE,6.32466955056963,0.998211645768525,-3.98243194839294
"Mysticeti","Mysticeti","B544","B568","internal_clade","optional","Cetacean axis","marine","marine_binary","ASH2L",36,"marine_specific","DNA repair / chromatin / cell-cycle",-0.00671137272561463,0.625424860054249,-0.00419745934768943,0.00419745934768943,"negative",80.0233132437766,FALSE,6.32466955056963,0.998211645768525,-3.98243194839294
"Mysticeti","Mysticeti","B544","B568","internal_clade","optional","Cetacean axis","marine","marine_binary","STMN4",37,"marine_specific","Sensory systems",-0.00252384447419297,0.213503509339693,-0.000538849652267792,0.000538849652267792,"negative",74.9928228548622,FALSE,6.32466955056963,0.998211645768525,-3.98243194839294
"Mysticeti","Mysticeti","B544","B568","internal_clade","optional","Cetacean axis","marine","marine_binary","OR10G3",38,"marine_specific","Sensory systems",0.0313624648344271,8.74702954887376e-16,2.74328406632248e-17,2.74328406632248e-17,"positive",,TRUE,6.32466955056963,0.998211645768525,-3.98243194839294
"Mysticeti","Mysticeti","B544","B568","internal_clade","optional","Cetacean axis","marine","marine_binary","TGM1",39,"shared","Epithelial / body-surface interface",0.0321438716739072,6.50928895800504,0.209233748954495,0.209233748954495,"positive",244.023531267022,FALSE,6.32466955056963,0.998211645768525,-3.98243194839294
"Mysticeti","Mysticeti","B544","B568","internal_clade","optional","Cetacean axis","marine","marine_binary","SLC2A7",40,"marine_specific","Transport / endocytic / epithelial solute handling",0.0382557135453081,-1.25362466364382e-14,-4.79583060256912e-16,4.79583060256912e-16,"negative",,TRUE,6.32466955056963,0.998211645768525,-3.98243194839294
"Mysticeti","Mysticeti","B544","B568","internal_clade","optional","Cetacean axis","marine","marine_binary","NR2C2AP",41,"marine_specific","Developmental / transcriptional signaling regulators",0.0628652617594018,-0.809540079394764,-0.0508919489958788,0.0508919489958788,"negative",0,FALSE,6.32466955056963,0.998211645768525,-3.98243194839294
"Mysticeti","Mysticeti","B544","B568","internal_clade","optional","Cetacean axis","marine","marine_binary","CAPN13",42,"marine_specific","Unassigned / low-confidence",0.0728829596448735,-0.275309931131861,-0.0200654026005163,0.0200654026005163,"negative",51.6291710517063,FALSE,6.32466955056963,0.998211645768525,-3.98243194839294
"Mysticeti","Mysticeti","B544","B568","internal_clade","optional","Cetacean axis","marine","marine_binary","TGM5",43,"marine_specific","Epithelial / body-surface interface",0.0730096499546588,0.0681269808481685,0.00497392702419253,0.00497392702419253,"positive",66.0366002201687,FALSE,6.32466955056963,0.998211645768525,-3.98243194839294
"Mysticeti","Mysticeti","B544","B568","internal_clade","optional","Cetacean axis","marine","marine_binary","TRIM66",44,"marine_specific","DNA repair / chromatin / cell-cycle",0.0785377211171152,0.243287675624285,0.0191072596194113,0.0191072596194113,"positive",67.3082587435717,FALSE,6.32466955056963,0.998211645768525,-3.98243194839294
"Mysticeti","Mysticeti","B544","B568","internal_clade","optional","Cetacean axis","marine","marine_binary","RNF224",45,"marine_specific","Developmental / transcriptional signaling regulators",0.0826571992947204,-0.543823486383526,-0.0449509262951527,0.0449509262951527,"negative",38.5354588082891,FALSE,6.32466955056963,0.998211645768525,-3.98243194839294
"Mysticeti","Mysticeti","B544","B568","internal_clade","optional","Cetacean axis","marine","marine_binary","COL20A1",46,"shared","Cytoskeletal / muscle / ECM / adhesion",0.0921292718400568,1.35128908895604,0.124493279810933,0.124493279810933,"positive",111.422778047428,FALSE,6.32466955056963,0.998211645768525,-3.98243194839294
"Mysticeti","Mysticeti","B544","B568","internal_clade","optional","Cetacean axis","marine","marine_binary","PNPLA7",47,"shared","Metabolism / redox / lipid handling",0.10673604147477,1.19105422358694,0.127128413007475,0.127128413007475,"positive",104.170545176421,FALSE,6.32466955056963,0.998211645768525,-3.98243194839294
"Mysticeti","Mysticeti","B544","B568","internal_clade","optional","Cetacean axis","marine","marine_binary","DBNL",48,"shared","Cytoskeletal / muscle / ECM / adhesion",0.109704318050152,2.03811090717303,0.223589567181993,0.223589567181993,"positive",167.675114874778,FALSE,6.32466955056963,0.998211645768525,-3.98243194839294
"Mysticeti","Mysticeti","B544","B568","internal_clade","optional","Cetacean axis","marine","marine_binary","OR6B1",49,"shared","Sensory systems",0.111781295712533,2.22606504459034,0.248832435024686,0.248832435024686,"positive",241.313015134608,FALSE,6.32466955056963,0.998211645768525,-3.98243194839294
"Mysticeti","Mysticeti","B544","B568","internal_clade","optional","Cetacean axis","marine","marine_binary","SLC28A1",50,"marine_specific","Transport / endocytic / epithelial solute handling",0.128656733732997,-0.477134510938064,-0.0613865677285822,0.0613865677285822,"negative",43.3650736259732,FALSE,6.32466955056963,0.998211645768525,-3.98243194839294
"Mysticeti","Mysticeti","B544","B568","internal_clade","optional","Cetacean axis","marine","marine_binary","TOGARAM2",51,"shared","Cilia / flagella / reproductive-cell function",0.129304237042922,-1.39735365729225,-0.180683748535311,0.180683748535311,"negative",23.6446939286435,FALSE,6.32466955056963,0.998211645768525,-3.98243194839294
"Mysticeti","Mysticeti","B544","B568","internal_clade","optional","Cetacean axis","marine","marine_binary","SSTR4",52,"marine_specific","Endocrine / circadian / systemic regulation",0.137940410562783,1.58071230779434,0.218044104718796,0.218044104718796,"positive",151.109757011672,FALSE,6.32466955056963,0.998211645768525,-3.98243194839294
"Mysticeti","Mysticeti","B544","B568","internal_clade","optional","Cetacean axis","marine","marine_binary","CALHM1",53,"marine_specific","Ion channels / mechanosensation / membrane signaling",0.145696679568621,0.798470435783835,0.116334491227414,0.116334491227414,"positive",144.08500997402,FALSE,6.32466955056963,0.998211645768525,-3.98243194839294
"Mysticeti","Mysticeti","B544","B568","internal_clade","optional","Cetacean axis","marine","marine_binary","ALOX12B",54,"marine_specific","Epithelial / body-surface interface",0.149753620737968,-1.93169382162935e-15,-2.89278143946159e-16,2.89278143946159e-16,"negative",,TRUE,6.32466955056963,0.998211645768525,-3.98243194839294
"Mysticeti","Mysticeti","B544","B568","internal_clade","optional","Cetacean axis","marine","marine_binary","ESYT3",55,"marine_specific","Membrane trafficking / ER / vesicle processing",0.153832070750976,1.3343067354598,0.205259168132756,0.205259168132756,"positive",118.613404842559,FALSE,6.32466955056963,0.998211645768525,-3.98243194839294
"Mysticeti","Mysticeti","B544","B568","internal_clade","optional","Cetacean axis","marine","marine_binary","IL36G",56,"marine_specific","Immune / inflammatory regulation",0.166019839478868,4.17380519819718,0.692934469020761,0.692934469020761,"positive",441.300444411497,FALSE,6.32466955056963,0.998211645768525,-3.98243194839294
"Mysticeti","Mysticeti","B544","B568","internal_clade","optional","Cetacean axis","marine","marine_binary","KRT17",57,"marine_specific","Epithelial / body-surface interface",0.189861649168978,4.50468499097082,0.855266921372465,0.855266921372465,"positive",402.409741104463,FALSE,6.32466955056963,0.998211645768525,-3.98243194839294
"Mysticeti","Mysticeti","B544","B568","internal_clade","optional","Cetacean axis","marine","marine_binary","NKPD1",58,"marine_specific","Unassigned / low-confidence",0.230941713295598,2.95305214558461,0.681982921952551,0.681982921952551,"positive",163.307313241875,FALSE,6.32466955056963,0.998211645768525,-3.98243194839294
"Mysticeti","Mysticeti","B544","B568","internal_clade","optional","Cetacean axis","marine","marine_binary","IL33",59,"shared","Immune / inflammatory regulation",0.27044270721607,0.817323917917835,0.221039293034144,0.221039293034144,"positive",71.5283777310766,FALSE,6.32466955056963,0.998211645768525,-3.98243194839294
"Mysticeti","Mysticeti","B544","B568","internal_clade","optional","Cetacean axis","marine","marine_binary","HOXD10",60,"marine_specific","Developmental / transcriptional signaling regulators",0.28020716230031,0.137901544783869,0.038641000540717,0.038641000540717,"positive",116.706828310058,FALSE,6.32466955056963,0.998211645768525,-3.98243194839294
"Mysticeti","Mysticeti","B544","B568","internal_clade","optional","Cetacean axis","marine","marine_binary","OR52W1",61,"shared","Sensory systems",0.282799403614638,-0.259173016655465,-0.0732939745431722,0.0732939745431722,"negative",60.8182285464179,FALSE,6.32466955056963,0.998211645768525,-3.98243194839294
"Mysticeti","Mysticeti","B544","B568","internal_clade","optional","Cetacean axis","marine","marine_binary","HIGD1B",62,"marine_specific","Vascular / hematologic regulation",0.328380050132626,2.11745684216464,0.695330583983698,0.695330583983698,"positive",207.271492425006,FALSE,6.32466955056963,0.998211645768525,-3.98243194839294
"Mysticeti","Mysticeti","B544","B568","internal_clade","optional","Cetacean axis","marine","marine_binary","CAPN14",63,"marine_specific","Epithelial / body-surface interface",0.342438899161804,-0.160790459886935,-0.0550609080794024,0.0550609080794024,"negative",86.685601581377,FALSE,6.32466955056963,0.998211645768525,-3.98243194839294
"Mysticeti","Mysticeti","B544","B568","internal_clade","optional","Cetacean axis","marine","marine_binary","OMP",64,"shared","Sensory systems",0.345615697623917,-0.488165581528873,-0.168717688016087,0.168717688016087,"negative",34.9275424214793,FALSE,6.32466955056963,0.998211645768525,-3.98243194839294
"Mysticeti","Mysticeti","B544","B568","internal_clade","optional","Cetacean axis","marine","marine_binary","ACP4",65,"marine_specific","Cytoskeletal / muscle / ECM / adhesion",0.36185377349003,0.260620097805244,0.0943063658381681,0.0943063658381681,"positive",79.5681856365993,FALSE,6.32466955056963,0.998211645768525,-3.98243194839294
"Mysticeti","Mysticeti","B544","B568","internal_clade","optional","Cetacean axis","marine","marine_binary","KRTDAP",66,"shared","Epithelial / body-surface interface",0.386565925079529,3.96281146283065,1.53188787904489,1.53188787904489,"positive",417.113977566145,FALSE,6.32466955056963,0.998211645768525,-3.98243194839294
"Mysticeti","Mysticeti","B544","B568","internal_clade","optional","Cetacean axis","marine","marine_binary","MYH7B",67,"marine_specific","Cytoskeletal / muscle / ECM / adhesion",0.397856553371577,0.00451192963762382,0.00179510077468008,0.00179510077468008,"positive",66.524246634874,FALSE,6.32466955056963,0.998211645768525,-3.98243194839294
"Mysticeti","Mysticeti","B544","B568","internal_clade","optional","Cetacean axis","marine","marine_binary","SDR9C7",68,"shared","Epithelial / body-surface interface",0.409389888665918,0.215346927302576,0.0881608545929491,0.0881608545929491,"positive",65.1105592915032,FALSE,6.32466955056963,0.998211645768525,-3.98243194839294
"Mysticeti","Mysticeti","B544","B568","internal_clade","optional","Cetacean axis","marine","marine_binary","KCNK18",69,"shared","Ion channels / mechanosensation / membrane signaling",0.43928773003255,4.27418229221562e-16,1.87759583689272e-16,1.87759583689272e-16,"positive",,TRUE,6.32466955056963,0.998211645768525,-3.98243194839294
"Mysticeti","Mysticeti","B544","B568","internal_clade","optional","Cetacean axis","marine","marine_binary","MYH13",70,"marine_specific","Cytoskeletal / muscle / ECM / adhesion",0.480299625271563,3.17806330627745,1.52642261509437,1.52642261509437,"positive",249.577440070773,FALSE,6.32466955056963,0.998211645768525,-3.98243194839294
"Mysticeti","Mysticeti","B544","B568","internal_clade","optional","Cetacean axis","marine","marine_binary","TGM3",71,"shared","Epithelial / body-surface interface",0.691315381170856,3.42737713935613,2.36939853351026,2.36939853351026,"positive",176.901440554183,FALSE,6.32466955056963,0.998211645768525,-3.98243194839294
"Odontoceti","Odontoceti","B591","B591","internal_clade","required","Cetacean axis","marine","marine_binary","EPOR",1,"shared","Vascular / hematologic regulation",-0.562386788005208,-0.691901425209498,0.389116220139795,0.389116220139795,"positive",32.2373083844883,FALSE,2.5938377836976,0.93046393538429,-3.98243194839294
"Odontoceti","Odontoceti","B591","B591","internal_clade","required","Cetacean axis","marine","marine_binary","TPX2",2,"marine_specific","DNA repair / chromatin / cell-cycle",-0.547364151458345,-1.48197132846654,0.811177978691681,0.811177978691681,"positive",3.4037852183404,FALSE,2.5938377836976,0.93046393538429,-3.98243194839294
"Odontoceti","Odontoceti","B591","B591","internal_clade","required","Cetacean axis","marine","marine_binary","HGFAC",3,"shared","Vascular / hematologic regulation",-0.314672853107267,0.873192452474121,-0.274769960331763,0.274769960331763,"negative",103.329146408678,FALSE,2.5938377836976,0.93046393538429,-3.98243194839294
"Odontoceti","Odontoceti","B591","B591","internal_clade","required","Cetacean axis","marine","marine_binary","SYDE1",4,"shared","Cytoskeletal / muscle / ECM / adhesion",-0.314258007626709,-0.590415682120783,0.185542855934842,0.185542855934842,"positive",40.7971706221312,FALSE,2.5938377836976,0.93046393538429,-3.98243194839294
"Odontoceti","Odontoceti","B591","B591","internal_clade","required","Cetacean axis","marine","marine_binary","PUSL1",5,"shared","Metabolism / redox / lipid handling",-0.270477624990477,-1.67083747087067,0.451924150866194,0.451924150866194,"positive",0,FALSE,2.5938377836976,0.93046393538429,-3.98243194839294
"Odontoceti","Odontoceti","B591","B591","internal_clade","required","Cetacean axis","marine","marine_binary","CATSPERZ",6,"shared","Cilia / flagella / reproductive-cell function",-0.264244206101874,-1.16646446859008,0.308231477448631,0.308231477448631,"positive",0,FALSE,2.5938377836976,0.93046393538429,-3.98243194839294
"Odontoceti","Odontoceti","B591","B591","internal_clade","required","Cetacean axis","marine","marine_binary","F11",7,"marine_specific","Vascular / hematologic regulation",-0.254306353084796,-0.328077657800485,0.083432232683843,0.083432232683843,"positive",50.2359193262377,FALSE,2.5938377836976,0.93046393538429,-3.98243194839294
"Odontoceti","Odontoceti","B591","B591","internal_clade","required","Cetacean axis","marine","marine_binary","WDR93",8,"shared","Cilia / flagella / reproductive-cell function",-0.242927446164409,2.8334785110413,-0.688329698448994,0.688329698448994,"negative",123.885663932473,FALSE,2.5938377836976,0.93046393538429,-3.98243194839294
"Odontoceti","Odontoceti","B591","B591","internal_clade","required","Cetacean axis","marine","marine_binary","CD34",9,"shared","Vascular / hematologic regulation",-0.231912055829233,-1.59329152110271,0.369503512194215,0.369503512194215,"positive",0,FALSE,2.5938377836976,0.93046393538429,-3.98243194839294
"Odontoceti","Odontoceti","B591","B591","internal_clade","required","Cetacean axis","marine","marine_binary","ASMTL",10,"shared","Endocrine / circadian / systemic regulation",-0.225475311673798,1.89932613666417,-0.428251152634545,0.428251152634545,"negative",158.133463609727,FALSE,2.5938377836976,0.93046393538429,-3.98243194839294
"Odontoceti","Odontoceti","B591","B591","internal_clade","required","Cetacean axis","marine","marine_binary","FN3K",11,"shared","Metabolism / redox / lipid handling",-0.217860441354345,-1.48575847577325,0.323687997277918,0.323687997277918,"positive",0,FALSE,2.5938377836976,0.93046393538429,-3.98243194839294
"Odontoceti","Odontoceti","B591","B591","internal_clade","required","Cetacean axis","marine","marine_binary","FANCM",12,"marine_specific","DNA repair / chromatin / cell-cycle",-0.215464965565117,0.206112300129155,-0.0444099796498754,0.0444099796498754,"negative",60.6588275168441,FALSE,2.5938377836976,0.93046393538429,-3.98243194839294
"Odontoceti","Odontoceti","B591","B591","internal_clade","required","Cetacean axis","marine","marine_binary","VEPH1",13,"marine_specific","Developmental / transcriptional signaling regulators",-0.163677799839901,0.740441464137904,-0.121193829760327,0.121193829760327,"negative",84.8495166416401,FALSE,2.5938377836976,0.93046393538429,-3.98243194839294
"Odontoceti","Odontoceti","B591","B591","internal_clade","required","Cetacean axis","marine","marine_binary","APH1B",14,"marine_specific","Membrane trafficking / ER / vesicle processing",-0.152260877432123,0.424176503934273,-0.0645854866751229,0.0645854866751229,"negative",76.431904328898,FALSE,2.5938377836976,0.93046393538429,-3.98243194839294
"Odontoceti","Odontoceti","B591","B591","internal_clade","required","Cetacean axis","marine","marine_binary","CREB3L3",15,"marine_specific","Endocrine / circadian / systemic regulation",-0.150758430810258,0.468883046411079,-0.0706880723104677,0.0706880723104677,"negative",67.167127971598,FALSE,2.5938377836976,0.93046393538429,-3.98243194839294
"Odontoceti","Odontoceti","B591","B591","internal_clade","required","Cetacean axis","marine","marine_binary","POLG",16,"marine_specific","DNA repair / chromatin / cell-cycle",-0.124940186455302,-0.747637083704411,0.0934099166389273,0.0934099166389273,"positive",39.6915702187604,FALSE,2.5938377836976,0.93046393538429,-3.98243194839294
"Odontoceti","Odontoceti","B591","B591","internal_clade","required","Cetacean axis","marine","marine_binary","RARS1",17,"marine_specific","RNA processing / translation / protein homeostasis",-0.115426630752885,3.27406578158353,-0.377914382031499,0.377914382031499,"negative",180.089266768992,FALSE,2.5938377836976,0.93046393538429,-3.98243194839294
"Odontoceti","Odontoceti","B591","B591","internal_clade","required","Cetacean axis","marine","marine_binary","FAM234A",18,"marine_specific","Unassigned / low-confidence",-0.108556846491888,0.899293556491101,-0.0976244725631486,0.0976244725631486,"negative",80.2867224991899,FALSE,2.5938377836976,0.93046393538429,-3.98243194839294
"Odontoceti","Odontoceti","B591","B591","internal_clade","required","Cetacean axis","marine","marine_binary","TREM2",19,"marine_specific","Immune / inflammatory regulation",-0.0898257166079112,1.03910246849606,-0.093338123861708,0.093338123861708,"negative",88.4002643348445,FALSE,2.5938377836976,0.93046393538429,-3.98243194839294
"Odontoceti","Odontoceti","B591","B591","internal_clade","required","Cetacean axis","marine","marine_binary","ATG2A",20,"marine_specific","Membrane trafficking / ER / vesicle processing",-0.0892133442112914,-0.717957308842827,0.0640513725228076,0.0640513725228076,"positive",46.0389379105074,FALSE,2.5938377836976,0.93046393538429,-3.98243194839294
"Odontoceti","Odontoceti","B591","B591","internal_clade","required","Cetacean axis","marine","marine_binary","NUBP2",21,"shared","Metabolism / redox / lipid handling",-0.0844817154354269,-1.5338568234149,0.129582855674425,0.129582855674425,"positive",0,FALSE,2.5938377836976,0.93046393538429,-3.98243194839294
"Odontoceti","Odontoceti","B591","B591","internal_clade","required","Cetacean axis","marine","marine_binary","SF3B3",22,"marine_specific","RNA processing / translation / protein homeostasis",-0.0727218763044334,-0.993003591939669,0.0722130843828947,0.0722130843828947,"positive",28.6224190342805,FALSE,2.5938377836976,0.93046393538429,-3.98243194839294
"Odontoceti","Odontoceti","B591","B591","internal_clade","required","Cetacean axis","marine","marine_binary","RTL4",23,"marine_specific","Unassigned / low-confidence",-0.0665426884505536,-1.40306317738601,0.093363595889241,0.093363595889241,"positive",0,FALSE,2.5938377836976,0.93046393538429,-3.98243194839294
"Odontoceti","Odontoceti","B591","B591","internal_clade","required","Cetacean axis","marine","marine_binary","SOX7",24,"shared","Developmental / transcriptional signaling regulators",-0.0651622513698966,1.04550347200709,-0.0681273600510255,0.0681273600510255,"negative",93.1786878066995,FALSE,2.5938377836976,0.93046393538429,-3.98243194839294
"Odontoceti","Odontoceti","B591","B591","internal_clade","required","Cetacean axis","marine","marine_binary","CTD_3088G3",25,"marine_specific","Unassigned / low-confidence",-0.0645538212784956,-0.47684901310185,0.0307824259686038,0.0307824259686038,"positive",92.9927850350483,FALSE,2.5938377836976,0.93046393538429,-3.98243194839294
"Odontoceti","Odontoceti","B591","B591","internal_clade","required","Cetacean axis","marine","marine_binary","COL4A1",26,"marine_specific","Cytoskeletal / muscle / ECM / adhesion",-0.0505715443318336,-0.131888495530749,0.00666980489859213,0.00666980489859213,"positive",55.239627321458,FALSE,2.5938377836976,0.93046393538429,-3.98243194839294
"Odontoceti","Odontoceti","B591","B591","internal_clade","required","Cetacean axis","marine","marine_binary","IDUA",27,"marine_specific","Metabolism / redox / lipid handling",-0.0503352858652507,-0.413560939969895,0.0208167081360864,0.0208167081360864,"positive",48.2156038765685,FALSE,2.5938377836976,0.93046393538429,-3.98243194839294
"Odontoceti","Odontoceti","B591","B591","internal_clade","required","Cetacean axis","marine","marine_binary","CYP21A2",28,"marine_specific","Endocrine / circadian / systemic regulation",-0.0450852911002748,0.050074023027673,-0.0022576019047645,0.0022576019047645,"negative",58.0350356779938,FALSE,2.5938377836976,0.93046393538429,-3.98243194839294
"Odontoceti","Odontoceti","B591","B591","internal_clade","required","Cetacean axis","marine","marine_binary","ACVR1",29,"marine_specific","Developmental / transcriptional signaling regulators",-0.0383732664782303,-1.51662346995931,0.058197796559887,0.058197796559887,"positive",0,FALSE,2.5938377836976,0.93046393538429,-3.98243194839294
"Odontoceti","Odontoceti","B591","B591","internal_clade","required","Cetacean axis","marine","marine_binary","KEL",30,"marine_specific","Vascular / hematologic regulation",-0.0377052256901275,-0.445140313679606,0.0167841159910637,0.0167841159910637,"positive",39.2347605886463,FALSE,2.5938377836976,0.93046393538429,-3.98243194839294
"Odontoceti","Odontoceti","B591","B591","internal_clade","required","Cetacean axis","marine","marine_binary","CATSPER4",31,"marine_specific","Cilia / flagella / reproductive-cell function",-0.0348617965707268,-0.788106057452274,0.0274747930510587,0.0274747930510587,"positive",21.0336815425552,FALSE,2.5938377836976,0.93046393538429,-3.98243194839294
"Odontoceti","Odontoceti","B591","B591","internal_clade","required","Cetacean axis","marine","marine_binary","DCXR",32,"marine_specific","Metabolism / redox / lipid handling",-0.0329559416768714,0.00415429895872952,-0.000136908834192178,0.000136908834192178,"negative",63.5363054128391,FALSE,2.5938377836976,0.93046393538429,-3.98243194839294
"Odontoceti","Odontoceti","B591","B591","internal_clade","required","Cetacean axis","marine","marine_binary","RDH12",33,"marine_specific","Sensory systems",-0.0319401455848149,-0.286437343967702,0.00914885046725609,0.00914885046725609,"positive",41.6610938224886,FALSE,2.5938377836976,0.93046393538429,-3.98243194839294
"Odontoceti","Odontoceti","B591","B591","internal_clade","required","Cetacean axis","marine","marine_binary","BAK1",34,"marine_specific","Membrane trafficking / ER / vesicle processing",-0.0220699887647022,-1.22001861224148,0.0269257970648969,0.0269257970648969,"positive",0,FALSE,2.5938377836976,0.93046393538429,-3.98243194839294
"Odontoceti","Odontoceti","B591","B591","internal_clade","required","Cetacean axis","marine","marine_binary","PECAM1",35,"marine_specific","Vascular / hematologic regulation",-0.00822384288509239,-1.53314578690373,0.0126083500714376,0.0126083500714376,"positive",9.94163980921043,FALSE,2.5938377836976,0.93046393538429,-3.98243194839294
"Odontoceti","Odontoceti","B591","B591","internal_clade","required","Cetacean axis","marine","marine_binary","ASH2L",36,"marine_specific","DNA repair / chromatin / cell-cycle",-0.00671137272561463,-1.60809850259647,0.0107925484304276,0.0107925484304276,"positive",0,FALSE,2.5938377836976,0.93046393538429,-3.98243194839294
"Odontoceti","Odontoceti","B591","B591","internal_clade","required","Cetacean axis","marine","marine_binary","STMN4",37,"marine_specific","Sensory systems",-0.00252384447419297,-0.124507122696133,0.000314236613614301,0.000314236613614301,"positive",52.2669638744721,FALSE,2.5938377836976,0.93046393538429,-3.98243194839294
"Odontoceti","Odontoceti","B591","B591","internal_clade","required","Cetacean axis","marine","marine_binary","OR10G3",38,"marine_specific","Sensory systems",0.0313624648344271,8.74702954887376e-16,2.74328406632248e-17,2.74328406632248e-17,"positive",,TRUE,2.5938377836976,0.93046393538429,-3.98243194839294
"Odontoceti","Odontoceti","B591","B591","internal_clade","required","Cetacean axis","marine","marine_binary","TGM1",39,"shared","Epithelial / body-surface interface",0.0321438716739072,2.23175443278434,0.0717372280950933,0.0717372280950933,"positive",125.765793662603,FALSE,2.5938377836976,0.93046393538429,-3.98243194839294
"Odontoceti","Odontoceti","B591","B591","internal_clade","required","Cetacean axis","marine","marine_binary","SLC2A7",40,"marine_specific","Transport / endocytic / epithelial solute handling",0.0382557135453081,-1.25362466364382e-14,-4.79583060256912e-16,4.79583060256912e-16,"negative",,TRUE,2.5938377836976,0.93046393538429,-3.98243194839294
"Odontoceti","Odontoceti","B591","B591","internal_clade","required","Cetacean axis","marine","marine_binary","NR2C2AP",41,"marine_specific","Developmental / transcriptional signaling regulators",0.0628652617594018,-0.809540079394764,-0.0508919489958788,0.0508919489958788,"negative",0,FALSE,2.5938377836976,0.93046393538429,-3.98243194839294
"Odontoceti","Odontoceti","B591","B591","internal_clade","required","Cetacean axis","marine","marine_binary","CAPN13",42,"marine_specific","Unassigned / low-confidence",0.0728829596448735,1.43508282938708e-15,1.04593083941269e-16,1.04593083941269e-16,"positive",,TRUE,2.5938377836976,0.93046393538429,-3.98243194839294
"Odontoceti","Odontoceti","B591","B591","internal_clade","required","Cetacean axis","marine","marine_binary","TGM5",43,"marine_specific","Epithelial / body-surface interface",0.0730096499546588,3.08931323665211e-15,2.25549678008265e-16,2.25549678008265e-16,"positive",,TRUE,2.5938377836976,0.93046393538429,-3.98243194839294
"Odontoceti","Odontoceti","B591","B591","internal_clade","required","Cetacean axis","marine","marine_binary","TRIM66",44,"marine_specific","DNA repair / chromatin / cell-cycle",0.0785377211171152,-0.248809565919223,-0.0195409362994344,0.0195409362994344,"negative",55.4942088228265,FALSE,2.5938377836976,0.93046393538429,-3.98243194839294
"Odontoceti","Odontoceti","B591","B591","internal_clade","required","Cetacean axis","marine","marine_binary","RNF224",45,"marine_specific","Developmental / transcriptional signaling regulators",0.0826571992947204,-1.28348373692975,-0.106089171034934,0.106089171034934,"negative",0,FALSE,2.5938377836976,0.93046393538429,-3.98243194839294
"Odontoceti","Odontoceti","B591","B591","internal_clade","required","Cetacean axis","marine","marine_binary","COL20A1",46,"shared","Cytoskeletal / muscle / ECM / adhesion",0.0921292718400568,1.47033120589741,0.135460543363041,0.135460543363041,"positive",114.819932788633,FALSE,2.5938377836976,0.93046393538429,-3.98243194839294
"Odontoceti","Odontoceti","B591","B591","internal_clade","required","Cetacean axis","marine","marine_binary","PNPLA7",47,"shared","Metabolism / redox / lipid handling",0.10673604147477,2.27913060673255e-15,2.43265378966623e-16,2.43265378966623e-16,"positive",,TRUE,2.5938377836976,0.93046393538429,-3.98243194839294
"Odontoceti","Odontoceti","B591","B591","internal_clade","required","Cetacean axis","marine","marine_binary","DBNL",48,"shared","Cytoskeletal / muscle / ECM / adhesion",0.109704318050152,0.621554999827545,0.0681872673867429,0.0681872673867429,"positive",93.2149734360713,FALSE,2.5938377836976,0.93046393538429,-3.98243194839294
"Odontoceti","Odontoceti","B591","B591","internal_clade","required","Cetacean axis","marine","marine_binary","OR6B1",49,"shared","Sensory systems",0.111781295712533,-0.161789230336347,-0.0180850097993304,0.0180850097993304,"negative",71.4194669417647,FALSE,2.5938377836976,0.93046393538429,-3.98243194839294
"Odontoceti","Odontoceti","B591","B591","internal_clade","required","Cetacean axis","marine","marine_binary","SLC28A1",50,"marine_specific","Transport / endocytic / epithelial solute handling",0.128656733732997,0.343689580954553,0.0442179789036752,0.0442179789036752,"positive",68.8948254764637,FALSE,2.5938377836976,0.93046393538429,-3.98243194839294
"Odontoceti","Odontoceti","B591","B591","internal_clade","required","Cetacean axis","marine","marine_binary","TOGARAM2",51,"shared","Cilia / flagella / reproductive-cell function",0.129304237042922,0.62862587920116,0.0812839896955421,0.0812839896955421,"positive",95.481813743178,FALSE,2.5938377836976,0.93046393538429,-3.98243194839294
"Odontoceti","Odontoceti","B591","B591","internal_clade","required","Cetacean axis","marine","marine_binary","SSTR4",52,"marine_specific","Endocrine / circadian / systemic regulation",0.137940410562783,1.06078482037016,0.146325093640629,0.146325093640629,"positive",130.843068567684,FALSE,2.5938377836976,0.93046393538429,-3.98243194839294
"Odontoceti","Odontoceti","B591","B591","internal_clade","required","Cetacean axis","marine","marine_binary","CALHM1",53,"marine_specific","Ion channels / mechanosensation / membrane signaling",0.145696679568621,-1.11583487805307,-0.162573436679188,0.162573436679188,"negative",0,FALSE,2.5938377836976,0.93046393538429,-3.98243194839294
"Odontoceti","Odontoceti","B591","B591","internal_clade","required","Cetacean axis","marine","marine_binary","ALOX12B",54,"marine_specific","Epithelial / body-surface interface",0.149753620737968,-1.93169382162935e-15,-2.89278143946159e-16,2.89278143946159e-16,"negative",,TRUE,2.5938377836976,0.93046393538429,-3.98243194839294
"Odontoceti","Odontoceti","B591","B591","internal_clade","required","Cetacean axis","marine","marine_binary","ESYT3",55,"marine_specific","Membrane trafficking / ER / vesicle processing",0.153832070750976,1.94650279516033,0.299434555702077,0.299434555702077,"positive",142.080797641645,FALSE,2.5938377836976,0.93046393538429,-3.98243194839294
"Odontoceti","Odontoceti","B591","B591","internal_clade","required","Cetacean axis","marine","marine_binary","IL36G",56,"marine_specific","Immune / inflammatory regulation",0.166019839478868,7.4991103527243,1.24500109699361,1.24500109699361,"positive",739.036917916378,FALSE,2.5938377836976,0.93046393538429,-3.98243194839294
"Odontoceti","Odontoceti","B591","B591","internal_clade","required","Cetacean axis","marine","marine_binary","KRT17",57,"marine_specific","Epithelial / body-surface interface",0.189861649168978,8.01156136287436,1.52108825277379,1.52108825277379,"positive",655.135342973416,FALSE,2.5938377836976,0.93046393538429,-3.98243194839294
"Odontoceti","Odontoceti","B591","B591","internal_clade","required","Cetacean axis","marine","marine_binary","NKPD1",58,"marine_specific","Unassigned / low-confidence",0.230941713295598,3.30013257701517,0.762138271438499,0.762138271438499,"positive",175.26901596712,FALSE,2.5938377836976,0.93046393538429,-3.98243194839294
"Odontoceti","Odontoceti","B591","B591","internal_clade","required","Cetacean axis","marine","marine_binary","IL33",59,"shared","Immune / inflammatory regulation",0.27044270721607,-1.25623647320033,-0.339739992715866,0.339739992715866,"negative",0,FALSE,2.5938377836976,0.93046393538429,-3.98243194839294
"Odontoceti","Odontoceti","B591","B591","internal_clade","required","Cetacean axis","marine","marine_binary","HOXD10",60,"marine_specific","Developmental / transcriptional signaling regulators",0.28020716230031,-0.60795096148977,-0.170352213736793,0.170352213736793,"negative",0,FALSE,2.5938377836976,0.93046393538429,-3.98243194839294
"Odontoceti","Odontoceti","B591","B591","internal_clade","required","Cetacean axis","marine","marine_binary","OR52W1",61,"shared","Sensory systems",0.282799403614638,-1.33745146082202e-15,-3.78230475483995e-16,3.78230475483995e-16,"negative",,TRUE,2.5938377836976,0.93046393538429,-3.98243194839294
"Odontoceti","Odontoceti","B591","B591","internal_clade","required","Cetacean axis","marine","marine_binary","HIGD1B",62,"marine_specific","Vascular / hematologic regulation",0.328380050132626,1.21309854206703,0.398357360059787,0.398357360059787,"positive",146.519627705652,FALSE,2.5938377836976,0.93046393538429,-3.98243194839294
"Odontoceti","Odontoceti","B591","B591","internal_clade","required","Cetacean axis","marine","marine_binary","CAPN14",63,"marine_specific","Epithelial / body-surface interface",0.342438899161804,-0.759752811169599,-0.260168916292003,0.260168916292003,"negative",45.1691294888155,FALSE,2.5938377836976,0.93046393538429,-3.98243194839294
"Odontoceti","Odontoceti","B591","B591","internal_clade","required","Cetacean axis","marine","marine_binary","OMP",64,"shared","Sensory systems",0.345615697623917,-0.83680215058049,-0.28921195904607,0.28921195904607,"negative",0,FALSE,2.5938377836976,0.93046393538429,-3.98243194839294
"Odontoceti","Odontoceti","B591","B591","internal_clade","required","Cetacean axis","marine","marine_binary","ACP4",65,"marine_specific","Cytoskeletal / muscle / ECM / adhesion",0.36185377349003,-0.956816466824801,-0.346227649057952,0.346227649057952,"negative",13.360685833933,FALSE,2.5938377836976,0.93046393538429,-3.98243194839294
"Odontoceti","Odontoceti","B591","B591","internal_clade","required","Cetacean axis","marine","marine_binary","KRTDAP",66,"shared","Epithelial / body-surface interface",0.386565925079529,2.00567549029258,0.775325801314288,0.775325801314288,"positive",245.557144900209,FALSE,2.5938377836976,0.93046393538429,-3.98243194839294
"Odontoceti","Odontoceti","B591","B591","internal_clade","required","Cetacean axis","marine","marine_binary","MYH7B",67,"marine_specific","Cytoskeletal / muscle / ECM / adhesion",0.397856553371577,-0.536780722048969,-0.213561727990709,0.213561727990709,"negative",50.3480975381435,FALSE,2.5938377836976,0.93046393538429,-3.98243194839294
"Odontoceti","Odontoceti","B591","B591","internal_clade","required","Cetacean axis","marine","marine_binary","SDR9C7",68,"shared","Epithelial / body-surface interface",0.409389888665918,1.09746070982389,0.449289317810024,0.449289317810024,"positive",104.250151979872,FALSE,2.5938377836976,0.93046393538429,-3.98243194839294
"Odontoceti","Odontoceti","B591","B591","internal_clade","required","Cetacean axis","marine","marine_binary","KCNK18",69,"shared","Ion channels / mechanosensation / membrane signaling",0.43928773003255,-0.960759357598265,-0.422049797306872,0.422049797306872,"negative",29.5305775275635,FALSE,2.5938377836976,0.93046393538429,-3.98243194839294
"Odontoceti","Odontoceti","B591","B591","internal_clade","required","Cetacean axis","marine","marine_binary","MYH13",70,"marine_specific","Cytoskeletal / muscle / ECM / adhesion",0.480299625271563,1.03466291707707,0.496948211354498,0.496948211354498,"positive",138.725793801521,FALSE,2.5938377836976,0.93046393538429,-3.98243194839294
"Odontoceti","Odontoceti","B591","B591","internal_clade","required","Cetacean axis","marine","marine_binary","TGM3",71,"shared","Epithelial / body-surface interface",0.691315381170856,1.75873690516497,1.21584187397337,1.21584187397337,"positive",119.524465008407,FALSE,2.5938377836976,0.93046393538429,-3.98243194839294
"Pinnipedia","Crown Pinnipedia","B410","B501","internal_clade","required","Pinniped axis","marine","marine_binary","EPOR",1,"shared","Vascular / hematologic regulation",-0.562386788005208,-0.728112625897194,0.409480920984361,0.409480920984361,"positive",31.1801123134563,FALSE,-3.90233894875139,0.0197948720201391,-3.98243194839294
"Pinnipedia","Crown Pinnipedia","B410","B501","internal_clade","required","Pinniped axis","marine","marine_binary","TPX2",2,"marine_specific","DNA repair / chromatin / cell-cycle",-0.547364151458345,-0.567162475783006,0.310444407295979,0.310444407295979,"positive",33.5035096046826,FALSE,-3.90233894875139,0.0197948720201391,-3.98243194839294
"Pinnipedia","Crown Pinnipedia","B410","B501","internal_clade","required","Pinniped axis","marine","marine_binary","HGFAC",3,"shared","Vascular / hematologic regulation",-0.314672853107267,-0.301183621555742,0.0947743095041247,0.0947743095041247,"positive",51.982446976561,FALSE,-3.90233894875139,0.0197948720201391,-3.98243194839294
"Pinnipedia","Crown Pinnipedia","B410","B501","internal_clade","required","Pinniped axis","marine","marine_binary","SYDE1",4,"shared","Cytoskeletal / muscle / ECM / adhesion",-0.314258007626709,0.256664463502161,-0.0806588629287674,0.0806588629287674,"negative",63.4375275176573,FALSE,-3.90233894875139,0.0197948720201391,-3.98243194839294
"Pinnipedia","Crown Pinnipedia","B410","B501","internal_clade","required","Pinniped axis","marine","marine_binary","PUSL1",5,"shared","Metabolism / redox / lipid handling",-0.270477624990477,-0.339873364585273,0.091928140450547,0.091928140450547,"positive",43.5412823945927,FALSE,-3.90233894875139,0.0197948720201391,-3.98243194839294
"Pinnipedia","Crown Pinnipedia","B410","B501","internal_clade","required","Pinniped axis","marine","marine_binary","CATSPERZ",6,"shared","Cilia / flagella / reproductive-cell function",-0.264244206101874,-0.392932027905444,0.103830011765873,0.103830011765873,"positive",29.5461987504038,FALSE,-3.90233894875139,0.0197948720201391,-3.98243194839294
"Pinnipedia","Crown Pinnipedia","B410","B501","internal_clade","required","Pinniped axis","marine","marine_binary","F11",7,"marine_specific","Vascular / hematologic regulation",-0.254306353084796,-0.279924525527587,0.0711865852259127,0.0711865852259127,"positive",51.7785040202056,FALSE,-3.90233894875139,0.0197948720201391,-3.98243194839294
"Pinnipedia","Crown Pinnipedia","B410","B501","internal_clade","required","Pinniped axis","marine","marine_binary","WDR93",8,"shared","Cilia / flagella / reproductive-cell function",-0.242927446164409,0.499779069064163,-0.121410052894183,0.121410052894183,"negative",63.583651427509,FALSE,-3.90233894875139,0.0197948720201391,-3.98243194839294
"Pinnipedia","Crown Pinnipedia","B410","B501","internal_clade","required","Pinniped axis","marine","marine_binary","CD34",9,"shared","Vascular / hematologic regulation",-0.231912055829233,-0.454357895229391,0.105371073564891,0.105371073564891,"positive",39.2213008180703,FALSE,-3.90233894875139,0.0197948720201391,-3.98243194839294
"Pinnipedia","Crown Pinnipedia","B410","B501","internal_clade","required","Pinniped axis","marine","marine_binary","ASMTL",10,"shared","Endocrine / circadian / systemic regulation",-0.225475311673798,-0.425358373938104,0.095907811936754,0.095907811936754,"positive",70.7569490391033,FALSE,-3.90233894875139,0.0197948720201391,-3.98243194839294
"Pinnipedia","Crown Pinnipedia","B410","B501","internal_clade","required","Pinniped axis","marine","marine_binary","FN3K",11,"shared","Metabolism / redox / lipid handling",-0.217860441354345,0.330333896969041,-0.071966688587976,0.071966688587976,"negative",61.678620897325,FALSE,-3.90233894875139,0.0197948720201391,-3.98243194839294
"Pinnipedia","Crown Pinnipedia","B410","B501","internal_clade","required","Pinniped axis","marine","marine_binary","FANCM",12,"marine_specific","DNA repair / chromatin / cell-cycle",-0.215464965565117,0.745606843057031,-0.160652152764398,0.160652152764398,"negative",72.7212830169886,FALSE,-3.90233894875139,0.0197948720201391,-3.98243194839294
"Pinnipedia","Crown Pinnipedia","B410","B501","internal_clade","required","Pinniped axis","marine","marine_binary","VEPH1",13,"marine_specific","Developmental / transcriptional signaling regulators",-0.163677799839901,0.265407285932724,-0.0434412806229478,0.0434412806229478,"negative",69.8570162177799,FALSE,-3.90233894875139,0.0197948720201391,-3.98243194839294
"Pinnipedia","Crown Pinnipedia","B410","B501","internal_clade","required","Pinniped axis","marine","marine_binary","APH1B",14,"marine_specific","Membrane trafficking / ER / vesicle processing",-0.152260877432123,-0.540081379400624,0.0822332647122903,0.0822332647122903,"positive",28.4541064436096,FALSE,-3.90233894875139,0.0197948720201391,-3.98243194839294
"Pinnipedia","Crown Pinnipedia","B410","B501","internal_clade","required","Pinniped axis","marine","marine_binary","CREB3L3",15,"marine_specific","Endocrine / circadian / systemic regulation",-0.150758430810258,-0.0948572858010516,0.0143005355582867,0.0143005355582867,"positive",50.1144134963637,FALSE,-3.90233894875139,0.0197948720201391,-3.98243194839294
"Pinnipedia","Crown Pinnipedia","B410","B501","internal_clade","required","Pinniped axis","marine","marine_binary","POLG",16,"marine_specific","DNA repair / chromatin / cell-cycle",-0.124940186455302,0.81153831185433,-0.101393747998701,0.101393747998701,"negative",76.2835045530844,FALSE,-3.90233894875139,0.0197948720201391,-3.98243194839294
"Pinnipedia","Crown Pinnipedia","B410","B501","internal_clade","required","Pinniped axis","marine","marine_binary","RARS1",17,"marine_specific","RNA processing / translation / protein homeostasis",-0.115426630752885,-0.655612661072632,0.0756751605465471,0.0756751605465471,"positive",31.0213128020844,FALSE,-3.90233894875139,0.0197948720201391,-3.98243194839294
"Pinnipedia","Crown Pinnipedia","B410","B501","internal_clade","required","Pinniped axis","marine","marine_binary","FAM234A",18,"marine_specific","Unassigned / low-confidence",-0.108556846491888,1.31852510464187,-0.143134927380309,0.143134927380309,"negative",91.6887460734294,FALSE,-3.90233894875139,0.0197948720201391,-3.98243194839294
"Pinnipedia","Crown Pinnipedia","B410","B501","internal_clade","required","Pinniped axis","marine","marine_binary","TREM2",19,"marine_specific","Immune / inflammatory regulation",-0.0898257166079112,1.45034826322039,-0.130278572074811,0.130278572074811,"negative",102.229646438162,FALSE,-3.90233894875139,0.0197948720201391,-3.98243194839294
"Pinnipedia","Crown Pinnipedia","B410","B501","internal_clade","required","Pinniped axis","marine","marine_binary","ATG2A",20,"marine_specific","Membrane trafficking / ER / vesicle processing",-0.0892133442112914,-0.0100203053048618,0.000893944946264862,0.000893944946264862,"positive",59.207216413703,FALSE,-3.90233894875139,0.0197948720201391,-3.98243194839294
"Pinnipedia","Crown Pinnipedia","B410","B501","internal_clade","required","Pinniped axis","marine","marine_binary","NUBP2",21,"shared","Metabolism / redox / lipid handling",-0.0844817154354269,-0.807074646905076,0.0681830506549823,0.0681830506549823,"positive",26.8199183757362,FALSE,-3.90233894875139,0.0197948720201391,-3.98243194839294
"Pinnipedia","Crown Pinnipedia","B410","B501","internal_clade","required","Pinniped axis","marine","marine_binary","SF3B3",22,"marine_specific","RNA processing / translation / protein homeostasis",-0.0727218763044334,0.00799332650521676,-0.000581289701373323,0.000581289701373323,"negative",58.3852857268726,FALSE,-3.90233894875139,0.0197948720201391,-3.98243194839294
"Pinnipedia","Crown Pinnipedia","B410","B501","internal_clade","required","Pinniped axis","marine","marine_binary","RTL4",23,"marine_specific","Unassigned / low-confidence",-0.0665426884505536,-0.0137463096747716,0.000914716402033159,0.000914716402033159,"positive",54.0435859938365,FALSE,-3.90233894875139,0.0197948720201391,-3.98243194839294
"Pinnipedia","Crown Pinnipedia","B410","B501","internal_clade","required","Pinniped axis","marine","marine_binary","SOX7",24,"shared","Developmental / transcriptional signaling regulators",-0.0651622513698966,-0.158689206570915,0.0103405459682634,0.0103405459682634,"positive",48.9950134437257,FALSE,-3.90233894875139,0.0197948720201391,-3.98243194839294
"Pinnipedia","Crown Pinnipedia","B410","B501","internal_clade","required","Pinniped axis","marine","marine_binary","CTD_3088G3",25,"marine_specific","Unassigned / low-confidence",-0.0645538212784956,0.0742144238198556,-0.00479082465155348,0.00479082465155348,"negative",111.081828252044,FALSE,-3.90233894875139,0.0197948720201391,-3.98243194839294
"Pinnipedia","Crown Pinnipedia","B410","B501","internal_clade","required","Pinniped axis","marine","marine_binary","COL4A1",26,"marine_specific","Cytoskeletal / muscle / ECM / adhesion",-0.0505715443318336,1.21111328520934,-0.0612478691938365,0.0612478691938365,"negative",86.2701612502797,FALSE,-3.90233894875139,0.0197948720201391,-3.98243194839294
"Pinnipedia","Crown Pinnipedia","B410","B501","internal_clade","required","Pinniped axis","marine","marine_binary","IDUA",27,"marine_specific","Metabolism / redox / lipid handling",-0.0503352858652507,0.815339557110695,-0.0410403496844137,0.0410403496844137,"negative",83.4392541501656,FALSE,-3.90233894875139,0.0197948720201391,-3.98243194839294
"Pinnipedia","Crown Pinnipedia","B410","B501","internal_clade","required","Pinniped axis","marine","marine_binary","CYP21A2",28,"marine_specific","Endocrine / circadian / systemic regulation",-0.0450852911002748,0.747881175432751,-0.0337184405028013,0.0337184405028013,"negative",93.6540423317145,FALSE,-3.90233894875139,0.0197948720201391,-3.98243194839294
"Pinnipedia","Crown Pinnipedia","B410","B501","internal_clade","required","Pinniped axis","marine","marine_binary","ACVR1",29,"marine_specific","Developmental / transcriptional signaling regulators",-0.0383732664782303,-0.265381601815582,0.0101835589248889,0.0101835589248889,"positive",46.174264462853,FALSE,-3.90233894875139,0.0197948720201391,-3.98243194839294
"Pinnipedia","Crown Pinnipedia","B410","B501","internal_clade","required","Pinniped axis","marine","marine_binary","KEL",30,"marine_specific","Vascular / hematologic regulation",-0.0377052256901275,-0.725013630770283,0.0273368025766123,0.0273368025766123,"positive",28.7590861394432,FALSE,-3.90233894875139,0.0197948720201391,-3.98243194839294
"Pinnipedia","Crown Pinnipedia","B410","B501","internal_clade","required","Pinniped axis","marine","marine_binary","CATSPER4",31,"marine_specific","Cilia / flagella / reproductive-cell function",-0.0348617965707268,1.03579034564113,-0.0361095123196637,0.0361095123196637,"negative",99.3571563195417,FALSE,-3.90233894875139,0.0197948720201391,-3.98243194839294
"Pinnipedia","Crown Pinnipedia","B410","B501","internal_clade","required","Pinniped axis","marine","marine_binary","DCXR",32,"marine_specific","Metabolism / redox / lipid handling",-0.0329559416768714,-0.0967488122439941,0.00318844821361965,0.00318844821361965,"positive",51.0478027251146,FALSE,-3.90233894875139,0.0197948720201391,-3.98243194839294
"Pinnipedia","Crown Pinnipedia","B410","B501","internal_clade","required","Pinniped axis","marine","marine_binary","RDH12",33,"marine_specific","Sensory systems",-0.0319401455848149,1.63612871761206,-0.0522581894360258,0.0522581894360258,"negative",116.754246859769,FALSE,-3.90233894875139,0.0197948720201391,-3.98243194839294
"Pinnipedia","Crown Pinnipedia","B410","B501","internal_clade","required","Pinniped axis","marine","marine_binary","BAK1",34,"marine_specific","Membrane trafficking / ER / vesicle processing",-0.0220699887647022,-0.444972282572898,0.00982053327698773,0.00982053327698773,"positive",31.3490986051761,FALSE,-3.90233894875139,0.0197948720201391,-3.98243194839294
"Pinnipedia","Crown Pinnipedia","B410","B501","internal_clade","required","Pinniped axis","marine","marine_binary","PECAM1",35,"marine_specific","Vascular / hematologic regulation",-0.00822384288509239,0.183862577693795,-0.00151205695140186,0.00151205695140186,"negative",52.6328668644162,FALSE,-3.90233894875139,0.0197948720201391,-3.98243194839294
"Pinnipedia","Crown Pinnipedia","B410","B501","internal_clade","required","Pinniped axis","marine","marine_binary","ASH2L",36,"marine_specific","DNA repair / chromatin / cell-cycle",-0.00671137272561463,-0.420524222255146,0.00282229479570349,0.00282229479570349,"positive",42.5487506534167,FALSE,-3.90233894875139,0.0197948720201391,-3.98243194839294
"Pinnipedia","Crown Pinnipedia","B410","B501","internal_clade","required","Pinniped axis","marine","marine_binary","STMN4",37,"marine_specific","Sensory systems",-0.00252384447419297,0.593909541424283,-0.00149893531429416,0.00149893531429416,"negative",100.569100702619,FALSE,-3.90233894875139,0.0197948720201391,-3.98243194839294
"Pinnipedia","Crown Pinnipedia","B410","B501","internal_clade","required","Pinniped axis","marine","marine_binary","OR10G3",38,"marine_specific","Sensory systems",0.0313624648344271,-0.443878186847996,-0.0139211140257895,0.0139211140257895,"negative",55.6362523659629,FALSE,-3.90233894875139,0.0197948720201391,-3.98243194839294
"Pinnipedia","Crown Pinnipedia","B410","B501","internal_clade","required","Pinniped axis","marine","marine_binary","TGM1",39,"shared","Epithelial / body-surface interface",0.0321438716739072,0.0265911090438802,0.00085474119677336,0.00085474119677336,"positive",64.8013235510888,FALSE,-3.90233894875139,0.0197948720201391,-3.98243194839294
"Pinnipedia","Crown Pinnipedia","B410","B501","internal_clade","required","Pinniped axis","marine","marine_binary","SLC2A7",40,"marine_specific","Transport / endocytic / epithelial solute handling",0.0382557135453081,-1.25362466364382e-14,-4.79583060256912e-16,4.79583060256912e-16,"negative",,TRUE,-3.90233894875139,0.0197948720201391,-3.98243194839294
"Pinnipedia","Crown Pinnipedia","B410","B501","internal_clade","required","Pinniped axis","marine","marine_binary","NR2C2AP",41,"marine_specific","Developmental / transcriptional signaling regulators",0.0628652617594018,-0.41899447011221,-0.026340197039346,0.026340197039346,"negative",25.7420973715448,FALSE,-3.90233894875139,0.0197948720201391,-3.98243194839294
"Pinnipedia","Crown Pinnipedia","B410","B501","internal_clade","required","Pinniped axis","marine","marine_binary","CAPN13",42,"marine_specific","Unassigned / low-confidence",0.0728829596448735,-0.274788682036217,-0.0200274124237136,0.0200274124237136,"negative",51.6498176513783,FALSE,-3.90233894875139,0.0197948720201391,-3.98243194839294
"Pinnipedia","Crown Pinnipedia","B410","B501","internal_clade","required","Pinniped axis","marine","marine_binary","TGM5",43,"marine_specific","Epithelial / body-surface interface",0.0730096499546588,0.195877250833798,0.0143009295174565,0.0143009295174565,"positive",71.9131183571285,FALSE,-3.90233894875139,0.0197948720201391,-3.98243194839294
"Pinnipedia","Crown Pinnipedia","B410","B501","internal_clade","required","Pinniped axis","marine","marine_binary","TRIM66",44,"marine_specific","DNA repair / chromatin / cell-cycle",0.0785377211171152,3.52001916185544,0.276454283260704,0.276454283260704,"positive",145.974558993072,FALSE,-3.90233894875139,0.0197948720201391,-3.98243194839294
"Pinnipedia","Crown Pinnipedia","B410","B501","internal_clade","required","Pinniped axis","marine","marine_binary","RNF224",45,"marine_specific","Developmental / transcriptional signaling regulators",0.0826571992947204,0,0,0,"zero",,TRUE,-3.90233894875139,0.0197948720201391,-3.98243194839294
"Pinnipedia","Crown Pinnipedia","B410","B501","internal_clade","required","Pinniped axis","marine","marine_binary","COL20A1",46,"shared","Cytoskeletal / muscle / ECM / adhesion",0.0921292718400568,0.420865873732678,0.0387740664893209,0.0387740664893209,"positive",84.870901130792,FALSE,-3.90233894875139,0.0197948720201391,-3.98243194839294
"Pinnipedia","Crown Pinnipedia","B410","B501","internal_clade","required","Pinniped axis","marine","marine_binary","PNPLA7",47,"shared","Metabolism / redox / lipid handling",0.10673604147477,-0.0166253148281091,-0.00177452029302416,0.00177452029302416,"negative",62.7548091640452,FALSE,-3.90233894875139,0.0197948720201391,-3.98243194839294
"Pinnipedia","Crown Pinnipedia","B410","B501","internal_clade","required","Pinniped axis","marine","marine_binary","DBNL",48,"shared","Cytoskeletal / muscle / ECM / adhesion",0.109704318050152,0.780619052535125,0.0856372808153213,0.0856372808153213,"positive",101.576049621631,FALSE,-3.90233894875139,0.0197948720201391,-3.98243194839294
"Pinnipedia","Crown Pinnipedia","B410","B501","internal_clade","required","Pinniped axis","marine","marine_binary","OR6B1",49,"shared","Sensory systems",0.111781295712533,-0.311520017949215,-0.0348221112467548,0.0348221112467548,"negative",60.7662645883505,FALSE,-3.90233894875139,0.0197948720201391,-3.98243194839294
"Pinnipedia","Crown Pinnipedia","B410","B501","internal_clade","required","Pinniped axis","marine","marine_binary","SLC28A1",50,"marine_specific","Transport / endocytic / epithelial solute handling",0.128656733732997,0.224263365433573,0.0288529920926529,0.0288529920926529,"positive",65.1803613460752,FALSE,-3.90233894875139,0.0197948720201391,-3.98243194839294
"Pinnipedia","Crown Pinnipedia","B410","B501","internal_clade","required","Pinniped axis","marine","marine_binary","TOGARAM2",51,"shared","Cilia / flagella / reproductive-cell function",0.129304237042922,-0.149724196229333,-0.0193599729602987,0.0193599729602987,"negative",67.8831008148482,FALSE,-3.90233894875139,0.0197948720201391,-3.98243194839294
"Pinnipedia","Crown Pinnipedia","B410","B501","internal_clade","required","Pinniped axis","marine","marine_binary","SSTR4",52,"marine_specific","Endocrine / circadian / systemic regulation",0.137940410562783,-0.59872459648828,-0.08258831665363,0.08258831665363,"negative",66.1556628527878,FALSE,-3.90233894875139,0.0197948720201391,-3.98243194839294
"Pinnipedia","Crown Pinnipedia","B410","B501","internal_clade","required","Pinniped axis","marine","marine_binary","CALHM1",53,"marine_specific","Ion channels / mechanosensation / membrane signaling",0.145696679568621,-0.610528871900131,-0.0889520294166249,0.0889520294166249,"negative",38.0331289947414,FALSE,-3.90233894875139,0.0197948720201391,-3.98243194839294
"Pinnipedia","Crown Pinnipedia","B410","B501","internal_clade","required","Pinniped axis","marine","marine_binary","ALOX12B",54,"marine_specific","Epithelial / body-surface interface",0.149753620737968,0.164415816060434,0.0246218637616378,0.0246218637616378,"positive",60.2579127731936,FALSE,-3.90233894875139,0.0197948720201391,-3.98243194839294
"Pinnipedia","Crown Pinnipedia","B410","B501","internal_clade","required","Pinniped axis","marine","marine_binary","ESYT3",55,"marine_specific","Membrane trafficking / ER / vesicle processing",0.153832070750976,0.123472044265016,0.0189939602491436,0.0189939602491436,"positive",72.1983179389813,FALSE,-3.90233894875139,0.0197948720201391,-3.98243194839294
"Pinnipedia","Crown Pinnipedia","B410","B501","internal_clade","required","Pinniped axis","marine","marine_binary","IL36G",56,"marine_specific","Immune / inflammatory regulation",0.166019839478868,-0.207745921947418,-0.0344899446140998,0.0344899446140998,"negative",48.9913123556966,FALSE,-3.90233894875139,0.0197948720201391,-3.98243194839294
"Pinnipedia","Crown Pinnipedia","B410","B501","internal_clade","required","Pinniped axis","marine","marine_binary","KRT17",57,"marine_specific","Epithelial / body-surface interface",0.189861649168978,0.736835251933537,0.139896756097941,0.139896756097941,"positive",130.876903312094,FALSE,-3.90233894875139,0.0197948720201391,-3.98243194839294
"Pinnipedia","Crown Pinnipedia","B410","B501","internal_clade","required","Pinniped axis","marine","marine_binary","NKPD1",58,"marine_specific","Unassigned / low-confidence",0.230941713295598,-0.395017309570588,-0.0912259742536492,0.0912259742536492,"negative",47.9201928531748,FALSE,-3.90233894875139,0.0197948720201391,-3.98243194839294
"Pinnipedia","Crown Pinnipedia","B410","B501","internal_clade","required","Pinniped axis","marine","marine_binary","IL33",59,"shared","Immune / inflammatory regulation",0.27044270721607,-0.0310268273659989,-0.00839097918918639,0.00839097918918639,"negative",42.2641456320153,FALSE,-3.90233894875139,0.0197948720201391,-3.98243194839294
"Pinnipedia","Crown Pinnipedia","B410","B501","internal_clade","required","Pinniped axis","marine","marine_binary","HOXD10",60,"marine_specific","Developmental / transcriptional signaling regulators",0.28020716230031,-0.60795096148977,-0.170352213736793,0.170352213736793,"negative",0,FALSE,-3.90233894875139,0.0197948720201391,-3.98243194839294
"Pinnipedia","Crown Pinnipedia","B410","B501","internal_clade","required","Pinniped axis","marine","marine_binary","OR52W1",61,"shared","Sensory systems",0.282799403614638,0.548854428108315,0.155215704940285,0.155215704940285,"positive",95.160441209228,FALSE,-3.90233894875139,0.0197948720201391,-3.98243194839294
"Pinnipedia","Crown Pinnipedia","B410","B501","internal_clade","required","Pinniped axis","marine","marine_binary","HIGD1B",62,"marine_specific","Vascular / hematologic regulation",0.328380050132626,-0.307326711973699,-0.100919961085019,0.100919961085019,"negative",44.3823781891698,FALSE,-3.90233894875139,0.0197948720201391,-3.98243194839294
"Pinnipedia","Crown Pinnipedia","B410","B501","internal_clade","required","Pinniped axis","marine","marine_binary","CAPN14",63,"marine_specific","Epithelial / body-surface interface",0.342438899161804,-0.0700141626433788,-0.0239755727813341,0.0239755727813341,"negative",92.9776691931519,FALSE,-3.90233894875139,0.0197948720201391,-3.98243194839294
"Pinnipedia","Crown Pinnipedia","B410","B501","internal_clade","required","Pinniped axis","marine","marine_binary","OMP",64,"shared","Sensory systems",0.345615697623917,-0.328847213426796,-0.113654759080183,0.113654759080183,"negative",50.8885733470168,FALSE,-3.90233894875139,0.0197948720201391,-3.98243194839294
"Pinnipedia","Crown Pinnipedia","B410","B501","internal_clade","required","Pinniped axis","marine","marine_binary","ACP4",65,"marine_specific","Cytoskeletal / muscle / ECM / adhesion",0.36185377349003,0.129596417965782,0.0468949528717094,0.0468949528717094,"positive",72.4427628349999,FALSE,-3.90233894875139,0.0197948720201391,-3.98243194839294
"Pinnipedia","Crown Pinnipedia","B410","B501","internal_clade","required","Pinniped axis","marine","marine_binary","KRTDAP",66,"shared","Epithelial / body-surface interface",0.386565925079529,0.0252747653352942,0.00977036304300601,0.00977036304300601,"positive",71.9609918733982,FALSE,-3.90233894875139,0.0197948720201391,-3.98243194839294
"Pinnipedia","Crown Pinnipedia","B410","B501","internal_clade","required","Pinniped axis","marine","marine_binary","MYH7B",67,"marine_specific","Cytoskeletal / muscle / ECM / adhesion",0.397856553371577,0.101689756679325,0.0404579361056304,0.0404579361056304,"positive",69.4283374519668,FALSE,-3.90233894875139,0.0197948720201391,-3.98243194839294
"Pinnipedia","Crown Pinnipedia","B410","B501","internal_clade","required","Pinniped axis","marine","marine_binary","SDR9C7",68,"shared","Epithelial / body-surface interface",0.409389888665918,-0.451061458929896,-0.184660000452797,0.184660000452797,"negative",35.5418649596903,FALSE,-3.90233894875139,0.0197948720201391,-3.98243194839294
"Pinnipedia","Crown Pinnipedia","B410","B501","internal_clade","required","Pinniped axis","marine","marine_binary","KCNK18",69,"shared","Ion channels / mechanosensation / membrane signaling",0.43928773003255,-0.351649036643747,-0.154475107075364,0.154475107075364,"negative",49.7823536213896,FALSE,-3.90233894875139,0.0197948720201391,-3.98243194839294
"Pinnipedia","Crown Pinnipedia","B410","B501","internal_clade","required","Pinniped axis","marine","marine_binary","MYH13",70,"marine_specific","Cytoskeletal / muscle / ECM / adhesion",0.480299625271563,-0.047108742899058,-0.022626311561432,0.022626311561432,"negative",82.7790980744988,FALSE,-3.90233894875139,0.0197948720201391,-3.98243194839294
"Pinnipedia","Crown Pinnipedia","B410","B501","internal_clade","required","Pinniped axis","marine","marine_binary","TGM3",71,"shared","Epithelial / body-surface interface",0.691315381170856,-0.160850894160822,-0.111198697208462,0.111198697208462,"negative",53.5185399665276,FALSE,-3.90233894875139,0.0197948720201391,-3.98243194839294
"Phocidae","Phocidae","B409","B500","internal_clade","required","Pinniped axis","marine","marine_binary","EPOR",1,"shared","Vascular / hematologic regulation",-0.562386788005208,-0.53735770508762,0.302202873774077,0.302202873774077,"positive",36.749255257629,FALSE,1.89963785072527,0.869850531997302,-3.98243194839294
"Phocidae","Phocidae","B409","B500","internal_clade","required","Pinniped axis","marine","marine_binary","TPX2",2,"marine_specific","DNA repair / chromatin / cell-cycle",-0.547364151458345,-0.453106570925006,0.248014293714566,0.248014293714566,"positive",37.256262205174,FALSE,1.89963785072527,0.869850531997302,-3.98243194839294
"Phocidae","Phocidae","B409","B500","internal_clade","required","Pinniped axis","marine","marine_binary","HGFAC",3,"shared","Vascular / hematologic regulation",-0.314672853107267,-0.114482058839714,0.0360243960846869,0.0360243960846869,"positive",60.1455126556755,FALSE,1.89963785072527,0.869850531997302,-3.98243194839294
"Phocidae","Phocidae","B409","B500","internal_clade","required","Pinniped axis","marine","marine_binary","SYDE1",4,"shared","Cytoskeletal / muscle / ECM / adhesion",-0.314258007626709,-1.55789320285591,0.489580414024693,0.489580414024693,"positive",14.9388897132641,FALSE,1.89963785072527,0.869850531997302,-3.98243194839294
"Phocidae","Phocidae","B409","B500","internal_clade","required","Pinniped axis","marine","marine_binary","PUSL1",5,"shared","Metabolism / redox / lipid handling",-0.270477624990477,0.615048465630365,-0.166356848237738,0.166356848237738,"negative",74.780683125107,FALSE,1.89963785072527,0.869850531997302,-3.98243194839294
"Phocidae","Phocidae","B409","B500","internal_clade","required","Pinniped axis","marine","marine_binary","CATSPERZ",6,"shared","Cilia / flagella / reproductive-cell function",-0.264244206101874,-0.146551370166126,0.0387253504626899,0.0387253504626899,"positive",38.9570669945049,FALSE,1.89963785072527,0.869850531997302,-3.98243194839294
"Phocidae","Phocidae","B409","B500","internal_clade","required","Pinniped axis","marine","marine_binary","F11",7,"marine_specific","Vascular / hematologic regulation",-0.254306353084796,-0.31927979466385,0.0811948801946263,0.0811948801946263,"positive",50.5177587076778,FALSE,1.89963785072527,0.869850531997302,-3.98243194839294
"Phocidae","Phocidae","B409","B500","internal_clade","required","Pinniped axis","marine","marine_binary","WDR93",8,"shared","Cilia / flagella / reproductive-cell function",-0.242927446164409,0.767994365587348,-0.18656690990079,0.18656690990079,"negative",70.5142449195574,FALSE,1.89963785072527,0.869850531997302,-3.98243194839294
"Phocidae","Phocidae","B409","B500","internal_clade","required","Pinniped axis","marine","marine_binary","CD34",9,"shared","Vascular / hematologic regulation",-0.231912055829233,0.442407835823525,-0.102599710720795,0.102599710720795,"negative",70.1030991089878,FALSE,1.89963785072527,0.869850531997302,-3.98243194839294
"Phocidae","Phocidae","B409","B500","internal_clade","required","Pinniped axis","marine","marine_binary","ASMTL",10,"shared","Endocrine / circadian / systemic regulation",-0.225475311673798,-1.1214687753254,0.252863521648927,0.252863521648927,"positive",44.5926672399264,FALSE,1.89963785072527,0.869850531997302,-3.98243194839294
"Phocidae","Phocidae","B409","B500","internal_clade","required","Pinniped axis","marine","marine_binary","FN3K",11,"shared","Metabolism / redox / lipid handling",-0.217860441354345,-1.48575847577325,0.323687997277918,0.323687997277918,"positive",0,FALSE,1.89963785072527,0.869850531997302,-3.98243194839294
"Phocidae","Phocidae","B409","B500","internal_clade","required","Pinniped axis","marine","marine_binary","FANCM",12,"marine_specific","DNA repair / chromatin / cell-cycle",-0.215464965565117,-0.19266061397629,0.0415116125561555,0.0415116125561555,"positive",51.7427400529104,FALSE,1.89963785072527,0.869850531997302,-3.98243194839294
"Phocidae","Phocidae","B409","B500","internal_clade","required","Pinniped axis","marine","marine_binary","VEPH1",13,"marine_specific","Developmental / transcriptional signaling regulators",-0.163677799839901,0.372548931340333,-0.0609779894144921,0.0609779894144921,"negative",73.2385016726914,FALSE,1.89963785072527,0.869850531997302,-3.98243194839294
"Phocidae","Phocidae","B409","B500","internal_clade","required","Pinniped axis","marine","marine_binary","APH1B",14,"marine_specific","Membrane trafficking / ER / vesicle processing",-0.152260877432123,-0.71011567318959,0.10812283547815,0.10812283547815,"positive",19.993847915299,FALSE,1.89963785072527,0.869850531997302,-3.98243194839294
"Phocidae","Phocidae","B409","B500","internal_clade","required","Pinniped axis","marine","marine_binary","CREB3L3",15,"marine_specific","Endocrine / circadian / systemic regulation",-0.150758430810258,0.15087265505648,-0.0227453247284924,0.0227453247284924,"negative",57.5475565234319,FALSE,1.89963785072527,0.869850531997302,-3.98243194839294
"Phocidae","Phocidae","B409","B500","internal_clade","required","Pinniped axis","marine","marine_binary","POLG",16,"marine_specific","DNA repair / chromatin / cell-cycle",-0.124940186455302,0.740215937877927,-0.0924827172956544,0.0924827172956544,"negative",74.6096559068406,FALSE,1.89963785072527,0.869850531997302,-3.98243194839294
"Phocidae","Phocidae","B409","B500","internal_clade","required","Pinniped axis","marine","marine_binary","RARS1",17,"marine_specific","RNA processing / translation / protein homeostasis",-0.115426630752885,0.824936281222905,-0.0952196155273744,0.0952196155273744,"negative",87.1842800261117,FALSE,1.89963785072527,0.869850531997302,-3.98243194839294
"Phocidae","Phocidae","B409","B500","internal_clade","required","Pinniped axis","marine","marine_binary","FAM234A",18,"marine_specific","Unassigned / low-confidence",-0.108556846491888,0.38944569781895,-0.0422769968350581,0.0422769968350581,"negative",66.4201675381003,FALSE,1.89963785072527,0.869850531997302,-3.98243194839294
"Phocidae","Phocidae","B409","B500","internal_clade","required","Pinniped axis","marine","marine_binary","TREM2",19,"marine_specific","Immune / inflammatory regulation",-0.0898257166079112,2.68691015399246,-0.241353630043445,0.241353630043445,"negative",143.812775314534,FALSE,1.89963785072527,0.869850531997302,-3.98243194839294
"Phocidae","Phocidae","B409","B500","internal_clade","required","Pinniped axis","marine","marine_binary","ATG2A",20,"marine_specific","Membrane trafficking / ER / vesicle processing",-0.0892133442112914,0.255728735569016,-0.0228144157110369,0.0228144157110369,"negative",64.1503926634195,FALSE,1.89963785072527,0.869850531997302,-3.98243194839294
"Phocidae","Phocidae","B409","B500","internal_clade","required","Pinniped axis","marine","marine_binary","NUBP2",21,"shared","Metabolism / redox / lipid handling",-0.0844817154354269,0.0458236734872856,-0.00387126254375878,0.00387126254375878,"negative",58.293809831874,FALSE,1.89963785072527,0.869850531997302,-3.98243194839294
"Phocidae","Phocidae","B409","B500","internal_clade","required","Pinniped axis","marine","marine_binary","SF3B3",22,"marine_specific","RNA processing / translation / protein homeostasis",-0.0727218763044334,1.1583858380884,-0.0842399916302719,0.0842399916302719,"negative",92.5901652180092,FALSE,1.89963785072527,0.869850531997302,-3.98243194839294
"Phocidae","Phocidae","B409","B500","internal_clade","required","Pinniped axis","marine","marine_binary","RTL4",23,"marine_specific","Unassigned / low-confidence",-0.0665426884505536,-1.21078549261932,0.0805689218158177,0.0805689218158177,"positive",7.47948566154166,FALSE,1.89963785072527,0.869850531997302,-3.98243194839294
"Phocidae","Phocidae","B409","B500","internal_clade","required","Pinniped axis","marine","marine_binary","SOX7",24,"shared","Developmental / transcriptional signaling regulators",-0.0651622513698966,-0.176834354535214,0.0115229246610571,0.0115229246610571,"positive",48.3292401640963,FALSE,1.89963785072527,0.869850531997302,-3.98243194839294
"Phocidae","Phocidae","B409","B500","internal_clade","required","Pinniped axis","marine","marine_binary","CTD_3088G3",25,"marine_specific","Unassigned / low-confidence",-0.0645538212784956,-0.524716375387312,0.0338724471186526,0.0338724471186526,"positive",91.4215053473554,FALSE,1.89963785072527,0.869850531997302,-3.98243194839294
"Phocidae","Phocidae","B409","B500","internal_clade","required","Pinniped axis","marine","marine_binary","COL4A1",26,"marine_specific","Cytoskeletal / muscle / ECM / adhesion",-0.0505715443318336,-0.0480131616991899,0.00242809973538208,0.00242809973538208,"positive",57.1775967490318,FALSE,1.89963785072527,0.869850531997302,-3.98243194839294
"Phocidae","Phocidae","B409","B500","internal_clade","required","Pinniped axis","marine","marine_binary","IDUA",27,"marine_specific","Metabolism / redox / lipid handling",-0.0503352858652507,0.599385313317022,-0.0301702310892451,0.0301702310892451,"negative",77.2494147151925,FALSE,1.89963785072527,0.869850531997302,-3.98243194839294
"Phocidae","Phocidae","B409","B500","internal_clade","required","Pinniped axis","marine","marine_binary","CYP21A2",28,"marine_specific","Endocrine / circadian / systemic regulation",-0.0450852911002748,-0.10790943548955,0.0048651283115127,0.0048651283115127,"positive",49.9708966953137,FALSE,1.89963785072527,0.869850531997302,-3.98243194839294
"Phocidae","Phocidae","B409","B500","internal_clade","required","Pinniped axis","marine","marine_binary","ACVR1",29,"marine_specific","Developmental / transcriptional signaling regulators",-0.0383732664782303,1.24266799765482,-0.0476852302179775,0.0476852302179775,"negative",101.825440148294,FALSE,1.89963785072527,0.869850531997302,-3.98243194839294
"Phocidae","Phocidae","B409","B500","internal_clade","required","Pinniped axis","marine","marine_binary","KEL",30,"marine_specific","Vascular / hematologic regulation",-0.0377052256901275,-0.985889539664609,0.03717318759859,0.03717318759859,"positive",18.9944857780179,FALSE,1.89963785072527,0.869850531997302,-3.98243194839294
"Phocidae","Phocidae","B409","B500","internal_clade","required","Pinniped axis","marine","marine_binary","CATSPER4",31,"marine_specific","Cilia / flagella / reproductive-cell function",-0.0348617965707268,-0.1757971708513,0.00612860520792731,0.00612860520792731,"positive",47.3280256478877,FALSE,1.89963785072527,0.869850531997302,-3.98243194839294
"Phocidae","Phocidae","B409","B500","internal_clade","required","Pinniped axis","marine","marine_binary","DCXR",32,"marine_specific","Metabolism / redox / lipid handling",-0.0329559416768714,-0.404755694297154,0.0133391050546386,0.0133391050546386,"positive",12.92663154903,FALSE,1.89963785072527,0.869850531997302,-3.98243194839294
"Phocidae","Phocidae","B409","B500","internal_clade","required","Pinniped axis","marine","marine_binary","RDH12",33,"marine_specific","Sensory systems",-0.0319401455848149,0.00758943433858324,-0.000242407637680742,0.000242407637680742,"negative",53.145431500992,FALSE,1.89963785072527,0.869850531997302,-3.98243194839294
"Phocidae","Phocidae","B409","B500","internal_clade","required","Pinniped axis","marine","marine_binary","BAK1",34,"marine_specific","Membrane trafficking / ER / vesicle processing",-0.0220699887647022,-0.728864646735043,0.016086034564431,0.016086034564431,"positive",19.8662112258096,FALSE,1.89963785072527,0.869850531997302,-3.98243194839294
"Phocidae","Phocidae","B409","B500","internal_clade","required","Pinniped axis","marine","marine_binary","PECAM1",35,"marine_specific","Vascular / hematologic regulation",-0.00822384288509239,-0.234859857938294,0.00193145057169964,0.00193145057169964,"positive",42.2218665797039,FALSE,1.89963785072527,0.869850531997302,-3.98243194839294
"Phocidae","Phocidae","B409","B500","internal_clade","required","Pinniped axis","marine","marine_binary","ASH2L",36,"marine_specific","DNA repair / chromatin / cell-cycle",-0.00671137272561463,-0.859932604037282,0.00577132822460258,0.00577132822460258,"positive",26.8055015944223,FALSE,1.89963785072527,0.869850531997302,-3.98243194839294
"Phocidae","Phocidae","B409","B500","internal_clade","required","Pinniped axis","marine","marine_binary","STMN4",37,"marine_specific","Sensory systems",-0.00252384447419297,-0.513051647216699,0.00129486256480347,0.00129486256480347,"positive",26.1435013707209,FALSE,1.89963785072527,0.869850531997302,-3.98243194839294
"Phocidae","Phocidae","B409","B500","internal_clade","required","Pinniped axis","marine","marine_binary","OR10G3",38,"marine_specific","Sensory systems",0.0313624648344271,1.58436041948588,0.0496894479411841,0.0496894479411841,"positive",154.491540328557,FALSE,1.89963785072527,0.869850531997302,-3.98243194839294
"Phocidae","Phocidae","B409","B500","internal_clade","required","Pinniped axis","marine","marine_binary","TGM1",39,"shared","Epithelial / body-surface interface",0.0321438716739072,2.27617561001814,0.0731650967157004,0.0731650967157004,"positive",126.993872101344,FALSE,1.89963785072527,0.869850531997302,-3.98243194839294
"Phocidae","Phocidae","B409","B500","internal_clade","required","Pinniped axis","marine","marine_binary","SLC2A7",40,"marine_specific","Transport / endocytic / epithelial solute handling",0.0382557135453081,-1.25362466364382e-14,-4.79583060256912e-16,4.79583060256912e-16,"negative",,TRUE,1.89963785072527,0.869850531997302,-3.98243194839294
"Phocidae","Phocidae","B409","B500","internal_clade","required","Pinniped axis","marine","marine_binary","NR2C2AP",41,"marine_specific","Developmental / transcriptional signaling regulators",0.0628652617594018,-0.546822720715663,-0.0343761534737785,0.0343761534737785,"negative",17.3165327366915,FALSE,1.89963785072527,0.869850531997302,-3.98243194839294
"Phocidae","Phocidae","B409","B500","internal_clade","required","Pinniped axis","marine","marine_binary","CAPN13",42,"marine_specific","Unassigned / low-confidence",0.0728829596448735,0.982938811535325,0.071639489734509,0.071639489734509,"positive",101.468217862031,FALSE,1.89963785072527,0.869850531997302,-3.98243194839294
"Phocidae","Phocidae","B409","B500","internal_clade","required","Pinniped axis","marine","marine_binary","TGM5",43,"marine_specific","Epithelial / body-surface interface",0.0730096499546588,-0.417772676573519,-0.0305014368772535,0.0305014368772535,"negative",43.6851942317328,FALSE,1.89963785072527,0.869850531997302,-3.98243194839294
"Phocidae","Phocidae","B409","B500","internal_clade","required","Pinniped axis","marine","marine_binary","TRIM66",44,"marine_specific","DNA repair / chromatin / cell-cycle",0.0785377211171152,2.32243879746027,0.182399050586503,0.182399050586503,"positive",117.223586594423,FALSE,1.89963785072527,0.869850531997302,-3.98243194839294
"Phocidae","Phocidae","B409","B500","internal_clade","required","Pinniped axis","marine","marine_binary","RNF224",45,"marine_specific","Developmental / transcriptional signaling regulators",0.0826571992947204,0,0,0,"zero",,TRUE,1.89963785072527,0.869850531997302,-3.98243194839294
"Phocidae","Phocidae","B409","B500","internal_clade","required","Pinniped axis","marine","marine_binary","COL20A1",46,"shared","Cytoskeletal / muscle / ECM / adhesion",0.0921292718400568,0.863962706409843,0.0795962550385036,0.0795962550385036,"positive",97.5157409960258,FALSE,1.89963785072527,0.869850531997302,-3.98243194839294
"Phocidae","Phocidae","B409","B500","internal_clade","required","Pinniped axis","marine","marine_binary","PNPLA7",47,"shared","Metabolism / redox / lipid handling",0.10673604147477,1.04147627763539,0.11116305516468,0.11116305516468,"positive",99.0409718701341,FALSE,1.89963785072527,0.869850531997302,-3.98243194839294
"Phocidae","Phocidae","B409","B500","internal_clade","required","Pinniped axis","marine","marine_binary","DBNL",48,"shared","Cytoskeletal / muscle / ECM / adhesion",0.109704318050152,1.6173657787321,0.177432009793457,0.177432009793457,"positive",145.558979810214,FALSE,1.89963785072527,0.869850531997302,-3.98243194839294
"Phocidae","Phocidae","B409","B500","internal_clade","required","Pinniped axis","marine","marine_binary","OR6B1",49,"shared","Sensory systems",0.111781295712533,-0.382582825078464,-0.0427656039046322,0.0427656039046322,"negative",55.7102138173701,FALSE,1.89963785072527,0.869850531997302,-3.98243194839294
"Phocidae","Phocidae","B409","B500","internal_clade","required","Pinniped axis","marine","marine_binary","SLC28A1",50,"marine_specific","Transport / endocytic / epithelial solute handling",0.128656733732997,0.320485977540879,0.041232679077636,0.041232679077636,"positive",68.1731334074329,FALSE,1.89963785072527,0.869850531997302,-3.98243194839294
"Phocidae","Phocidae","B409","B500","internal_clade","required","Pinniped axis","marine","marine_binary","TOGARAM2",51,"shared","Cilia / flagella / reproductive-cell function",0.129304237042922,-0.284812115401828,-0.0368274132826141,0.0368274132826141,"negative",63.0931575502252,FALSE,1.89963785072527,0.869850531997302,-3.98243194839294
"Phocidae","Phocidae","B409","B500","internal_clade","required","Pinniped axis","marine","marine_binary","SSTR4",52,"marine_specific","Endocrine / circadian / systemic regulation",0.137940410562783,1.77250968410326,0.244500713551712,0.244500713551712,"positive",158.585987378496,FALSE,1.89963785072527,0.869850531997302,-3.98243194839294
"Phocidae","Phocidae","B409","B500","internal_clade","required","Pinniped axis","marine","marine_binary","CALHM1",53,"marine_specific","Ion channels / mechanosensation / membrane signaling",0.145696679568621,-0.148616014589802,-0.0216528598564558,0.0216528598564558,"negative",72.8001633709294,FALSE,1.89963785072527,0.869850531997302,-3.98243194839294
"Phocidae","Phocidae","B409","B500","internal_clade","required","Pinniped axis","marine","marine_binary","ALOX12B",54,"marine_specific","Epithelial / body-surface interface",0.149753620737968,0.241073348609337,0.0361016068176747,0.0361016068176747,"positive",62.2317202471742,FALSE,1.89963785072527,0.869850531997302,-3.98243194839294
"Phocidae","Phocidae","B409","B500","internal_clade","required","Pinniped axis","marine","marine_binary","ESYT3",55,"marine_specific","Membrane trafficking / ER / vesicle processing",0.153832070750976,0.295658018708604,0.0454816852520755,0.0454816852520755,"positive",78.7987457475786,FALSE,1.89963785072527,0.869850531997302,-3.98243194839294
"Phocidae","Phocidae","B409","B500","internal_clade","required","Pinniped axis","marine","marine_binary","IL36G",56,"marine_specific","Immune / inflammatory regulation",0.166019839478868,-0.463549549333185,-0.0769584217707971,0.0769584217707971,"negative",26.0875286762028,FALSE,1.89963785072527,0.869850531997302,-3.98243194839294
"Phocidae","Phocidae","B409","B500","internal_clade","required","Pinniped axis","marine","marine_binary","KRT17",57,"marine_specific","Epithelial / body-surface interface",0.189861649168978,0.709908841798211,0.134784463463448,0.134784463463448,"positive",128.936431939296,FALSE,1.89963785072527,0.869850531997302,-3.98243194839294
"Phocidae","Phocidae","B409","B500","internal_clade","required","Pinniped axis","marine","marine_binary","NKPD1",58,"marine_specific","Unassigned / low-confidence",0.230941713295598,1.47283747607586,0.340139610130923,0.340139610130923,"positive",112.293524382525,FALSE,1.89963785072527,0.869850531997302,-3.98243194839294
"Phocidae","Phocidae","B409","B500","internal_clade","required","Pinniped axis","marine","marine_binary","IL33",59,"shared","Immune / inflammatory regulation",0.27044270721607,0.0635248084945291,0.0171798211846429,0.0171798211846429,"positive",45.5257458988279,FALSE,1.89963785072527,0.869850531997302,-3.98243194839294
"Phocidae","Phocidae","B409","B500","internal_clade","required","Pinniped axis","marine","marine_binary","HOXD10",60,"marine_specific","Developmental / transcriptional signaling regulators",0.28020716230031,-0.60795096148977,-0.170352213736793,0.170352213736793,"negative",0,FALSE,1.89963785072527,0.869850531997302,-3.98243194839294
"Phocidae","Phocidae","B409","B500","internal_clade","required","Pinniped axis","marine","marine_binary","OR52W1",61,"shared","Sensory systems",0.282799403614638,0.442311986159996,0.125085565897653,0.125085565897653,"positive",90.6322494717878,FALSE,1.89963785072527,0.869850531997302,-3.98243194839294
"Phocidae","Phocidae","B409","B500","internal_clade","required","Pinniped axis","marine","marine_binary","HIGD1B",62,"marine_specific","Vascular / hematologic regulation",0.328380050132626,0.348136883373302,0.114321207215141,0.114321207215141,"positive",88.414301895387,FALSE,1.89963785072527,0.869850531997302,-3.98243194839294
"Phocidae","Phocidae","B409","B500","internal_clade","required","Pinniped axis","marine","marine_binary","CAPN14",63,"marine_specific","Epithelial / body-surface interface",0.342438899161804,0.27833731656721,0.0953135242809259,0.0953135242809259,"positive",117.12330110821,FALSE,1.89963785072527,0.869850531997302,-3.98243194839294
"Phocidae","Phocidae","B409","B500","internal_clade","required","Pinniped axis","marine","marine_binary","OMP",64,"shared","Sensory systems",0.345615697623917,1.66207879005841,0.574440520531954,0.574440520531954,"positive",250.345998693755,FALSE,1.89963785072527,0.869850531997302,-3.98243194839294
"Phocidae","Phocidae","B409","B500","internal_clade","required","Pinniped axis","marine","marine_binary","ACP4",65,"marine_specific","Cytoskeletal / muscle / ECM / adhesion",0.36185377349003,0.8260586716069,0.298912447445118,0.298912447445118,"positive",110.3182676951,FALSE,1.89963785072527,0.869850531997302,-3.98243194839294
"Phocidae","Phocidae","B409","B500","internal_clade","required","Pinniped axis","marine","marine_binary","KRTDAP",66,"shared","Epithelial / body-surface interface",0.386565925079529,-0.7956627842008,-0.307576120225936,0.307576120225936,"negative",0,FALSE,1.89963785072527,0.869850531997302,-3.98243194839294
"Phocidae","Phocidae","B409","B500","internal_clade","required","Pinniped axis","marine","marine_binary","MYH7B",67,"marine_specific","Cytoskeletal / muscle / ECM / adhesion",0.397856553371577,1.16725334090979,0.464399391125826,0.464399391125826,"positive",101.271953575059,FALSE,1.89963785072527,0.869850531997302,-3.98243194839294
"Phocidae","Phocidae","B409","B500","internal_clade","required","Pinniped axis","marine","marine_binary","SDR9C7",68,"shared","Epithelial / body-surface interface",0.409389888665918,-0.993922458336688,-0.406901804561013,0.406901804561013,"negative",11.4549967753479,FALSE,1.89963785072527,0.869850531997302,-3.98243194839294
"Phocidae","Phocidae","B409","B500","internal_clade","required","Pinniped axis","marine","marine_binary","KCNK18",69,"shared","Ion channels / mechanosensation / membrane signaling",0.43928773003255,0.820522409648946,0.360445426775523,0.360445426775523,"positive",88.7548563967423,FALSE,1.89963785072527,0.869850531997302,-3.98243194839294
"Phocidae","Phocidae","B409","B500","internal_clade","required","Pinniped axis","marine","marine_binary","MYH13",70,"marine_specific","Cytoskeletal / muscle / ECM / adhesion",0.480299625271563,-0.0687814215233578,-0.0330356909833142,0.0330356909833142,"negative",81.6582379138527,FALSE,1.89963785072527,0.869850531997302,-3.98243194839294
"Phocidae","Phocidae","B409","B500","internal_clade","required","Pinniped axis","marine","marine_binary","TGM3",71,"shared","Epithelial / body-surface interface",0.691315381170856,3.57042173251485,2.46828746095421,2.46828746095421,"positive",181.820095849344,FALSE,1.89963785072527,0.869850531997302,-3.98243194839294
"Otarioidea","Otarioidea","B394","B493","internal_clade","required","Pinniped axis","marine","marine_binary","EPOR",1,"shared","Vascular / hematologic regulation",-0.562386788005208,-0.502524437345524,0.282613104212874,0.282613104212874,"positive",37.7662221932397,FALSE,-3.4167712074555,0.0317754145273201,-3.98243194839294
"Otarioidea","Otarioidea","B394","B493","internal_clade","required","Pinniped axis","marine","marine_binary","TPX2",2,"marine_specific","DNA repair / chromatin / cell-cycle",-0.547364151458345,-0.455774825923789,0.24947480084785,0.24947480084785,"positive",37.1684692855709,FALSE,-3.4167712074555,0.0317754145273201,-3.98243194839294
"Otarioidea","Otarioidea","B394","B493","internal_clade","required","Pinniped axis","marine","marine_binary","HGFAC",3,"shared","Vascular / hematologic regulation",-0.314672853107267,-0.637190014423496,0.200506399810102,0.200506399810102,"positive",37.2913955805227,FALSE,-3.4167712074555,0.0317754145273201,-3.98243194839294
"Otarioidea","Otarioidea","B394","B493","internal_clade","required","Pinniped axis","marine","marine_binary","SYDE1",4,"shared","Cytoskeletal / muscle / ECM / adhesion",-0.314258007626709,0.659397489303723,-0.207220941222642,0.207220941222642,"negative",74.2015850686191,FALSE,-3.4167712074555,0.0317754145273201,-3.98243194839294
"Otarioidea","Otarioidea","B394","B493","internal_clade","required","Pinniped axis","marine","marine_binary","PUSL1",5,"shared","Metabolism / redox / lipid handling",-0.270477624990477,-0.43732296015992,0.11828607561786,0.11828607561786,"positive",40.3533073469435,FALSE,-3.4167712074555,0.0317754145273201,-3.98243194839294
"Otarioidea","Otarioidea","B394","B493","internal_clade","required","Pinniped axis","marine","marine_binary","CATSPERZ",6,"shared","Cilia / flagella / reproductive-cell function",-0.264244206101874,0.872783786529336,-0.230628058770032,0.230628058770032,"negative",77.892058662523,FALSE,-3.4167712074555,0.0317754145273201,-3.98243194839294
"Otarioidea","Otarioidea","B394","B493","internal_clade","required","Pinniped axis","marine","marine_binary","F11",7,"marine_specific","Vascular / hematologic regulation",-0.254306353084796,-0.500982162539013,0.127402946715831,0.127402946715831,"positive",44.6969267428232,FALSE,-3.4167712074555,0.0317754145273201,-3.98243194839294
"Otarioidea","Otarioidea","B394","B493","internal_clade","required","Pinniped axis","marine","marine_binary","WDR93",8,"shared","Cilia / flagella / reproductive-cell function",-0.242927446164409,-0.0115881288652683,0.00281507455106369,0.00281507455106369,"positive",50.3700941846603,FALSE,-3.4167712074555,0.0317754145273201,-3.98243194839294
"Otarioidea","Otarioidea","B394","B493","internal_clade","required","Pinniped axis","marine","marine_binary","CD34",9,"shared","Vascular / hematologic regulation",-0.231912055829233,0.214333411357875,-0.0497065020608974,0.0497065020608974,"negative",62.2489314844115,FALSE,-3.4167712074555,0.0317754145273201,-3.98243194839294
"Otarioidea","Otarioidea","B394","B493","internal_clade","required","Pinniped axis","marine","marine_binary","ASMTL",10,"shared","Endocrine / circadian / systemic regulation",-0.225475311673798,0.253085173773149,-0.0570644584365182,0.0570644584365182,"negative",96.2571974648907,FALSE,-3.4167712074555,0.0317754145273201,-3.98243194839294
"Otarioidea","Otarioidea","B394","B493","internal_clade","required","Pinniped axis","marine","marine_binary","FN3K",11,"shared","Metabolism / redox / lipid handling",-0.217860441354345,-0.278317002160821,0.0606342649271745,0.0606342649271745,"positive",41.0074542597159,FALSE,-3.4167712074555,0.0317754145273201,-3.98243194839294
"Otarioidea","Otarioidea","B394","B493","internal_clade","required","Pinniped axis","marine","marine_binary","FANCM",12,"marine_specific","DNA repair / chromatin / cell-cycle",-0.215464965565117,-0.300180347389791,0.0646783482136661,0.0646783482136661,"positive",49.3387268581724,FALSE,-3.4167712074555,0.0317754145273201,-3.98243194839294
"Otarioidea","Otarioidea","B394","B493","internal_clade","required","Pinniped axis","marine","marine_binary","VEPH1",13,"marine_specific","Developmental / transcriptional signaling regulators",-0.163677799839901,0.209509826961998,-0.0342921075219782,0.0342921075219782,"negative",68.0928427840331,FALSE,-3.4167712074555,0.0317754145273201,-3.98243194839294
"Otarioidea","Otarioidea","B394","B493","internal_clade","required","Pinniped axis","marine","marine_binary","APH1B",14,"marine_specific","Membrane trafficking / ER / vesicle processing",-0.152260877432123,-0.167992160295404,0.0255786337282961,0.0255786337282961,"positive",46.9678481075964,FALSE,-3.4167712074555,0.0317754145273201,-3.98243194839294
"Otarioidea","Otarioidea","B394","B493","internal_clade","required","Pinniped axis","marine","marine_binary","CREB3L3",15,"marine_specific","Endocrine / circadian / systemic regulation",-0.150758430810258,-0.507862876432771,0.0765646103177886,0.0765646103177886,"positive",37.6213098255977,FALSE,-3.4167712074555,0.0317754145273201,-3.98243194839294
"Otarioidea","Otarioidea","B394","B493","internal_clade","required","Pinniped axis","marine","marine_binary","POLG",16,"marine_specific","DNA repair / chromatin / cell-cycle",-0.124940186455302,0.408725593387347,-0.051066251846869,0.051066251846869,"negative",66.8299840670891,FALSE,-3.4167712074555,0.0317754145273201,-3.98243194839294
"Otarioidea","Otarioidea","B394","B493","internal_clade","required","Pinniped axis","marine","marine_binary","RARS1",17,"marine_specific","RNA processing / translation / protein homeostasis",-0.115426630752885,0.616460837053161,-0.0711559974121497,0.0711559974121497,"negative",79.2759973591665,FALSE,-3.4167712074555,0.0317754145273201,-3.98243194839294
"Otarioidea","Otarioidea","B394","B493","internal_clade","required","Pinniped axis","marine","marine_binary","FAM234A",18,"marine_specific","Unassigned / low-confidence",-0.108556846491888,0.201515113552758,-0.0218758452477422,0.0218758452477422,"negative",61.3089373323213,FALSE,-3.4167712074555,0.0317754145273201,-3.98243194839294
"Otarioidea","Otarioidea","B394","B493","internal_clade","required","Pinniped axis","marine","marine_binary","TREM2",19,"marine_specific","Immune / inflammatory regulation",-0.0898257166079112,-0.0449341850308004,0.00403624537058412,0.00403624537058412,"positive",51.9462572958815,FALSE,-3.4167712074555,0.0317754145273201,-3.98243194839294
"Otarioidea","Otarioidea","B394","B493","internal_clade","required","Pinniped axis","marine","marine_binary","ATG2A",20,"marine_specific","Membrane trafficking / ER / vesicle processing",-0.0892133442112914,-0.129362417977104,0.0115408539229964,0.0115408539229964,"positive",56.9873435027321,FALSE,-3.4167712074555,0.0317754145273201,-3.98243194839294
"Otarioidea","Otarioidea","B394","B493","internal_clade","required","Pinniped axis","marine","marine_binary","NUBP2",21,"shared","Metabolism / redox / lipid handling",-0.0844817154354269,-0.257118263210175,0.0217217919457732,0.0217217919457732,"positive",47.1145620772979,FALSE,-3.4167712074555,0.0317754145273201,-3.98243194839294
"Otarioidea","Otarioidea","B394","B493","internal_clade","required","Pinniped axis","marine","marine_binary","SF3B3",22,"marine_specific","RNA processing / translation / protein homeostasis",-0.0727218763044334,-0.728389121195122,0.0529698235730466,0.0529698235730466,"positive",36.4902606555476,FALSE,-3.4167712074555,0.0317754145273201,-3.98243194839294
"Otarioidea","Otarioidea","B394","B493","internal_clade","required","Pinniped axis","marine","marine_binary","RTL4",23,"marine_specific","Unassigned / low-confidence",-0.0665426884505536,0.680594674558424,-0.0452885993902472,0.0452885993902472,"negative",81.0530303924135,FALSE,-3.4167712074555,0.0317754145273201,-3.98243194839294
"Otarioidea","Otarioidea","B394","B493","internal_clade","required","Pinniped axis","marine","marine_binary","SOX7",24,"shared","Developmental / transcriptional signaling regulators",-0.0651622513698966,-0.225222995534609,0.0146760374493073,0.0146760374493073,"positive",46.5537867878901,FALSE,-3.4167712074555,0.0317754145273201,-3.98243194839294
"Otarioidea","Otarioidea","B394","B493","internal_clade","required","Pinniped axis","marine","marine_binary","CTD_3088G3",25,"marine_specific","Unassigned / low-confidence",-0.0645538212784956,-0.356454109704013,0.0230104748918181,0.0230104748918181,"positive",96.9448320495174,FALSE,-3.4167712074555,0.0317754145273201,-3.98243194839294
"Otarioidea","Otarioidea","B394","B493","internal_clade","required","Pinniped axis","marine","marine_binary","COL4A1",26,"marine_specific","Cytoskeletal / muscle / ECM / adhesion",-0.0505715443318336,1.57610393884742,-0.079706010215,0.079706010215,"negative",94.7034001512573,FALSE,-3.4167712074555,0.0317754145273201,-3.98243194839294
"Otarioidea","Otarioidea","B394","B493","internal_clade","required","Pinniped axis","marine","marine_binary","IDUA",27,"marine_specific","Metabolism / redox / lipid handling",-0.0503352858652507,1.14630974237778,-0.0576998285727072,0.0576998285727072,"negative",92.9257651284997,FALSE,-3.4167712074555,0.0317754145273201,-3.98243194839294
"Otarioidea","Otarioidea","B394","B493","internal_clade","required","Pinniped axis","marine","marine_binary","CYP21A2",28,"marine_specific","Endocrine / circadian / systemic regulation",-0.0450852911002748,-0.374698558520069,0.0168933935857306,0.0168933935857306,"positive",36.3528597984262,FALSE,-3.4167712074555,0.0317754145273201,-3.98243194839294
"Otarioidea","Otarioidea","B394","B493","internal_clade","required","Pinniped axis","marine","marine_binary","ACVR1",29,"marine_specific","Developmental / transcriptional signaling regulators",-0.0383732664782303,-1.23119575314289,0.0472450027222175,0.0472450027222175,"positive",10.5330673603994,FALSE,-3.4167712074555,0.0317754145273201,-3.98243194839294
"Otarioidea","Otarioidea","B394","B493","internal_clade","required","Pinniped axis","marine","marine_binary","KEL",30,"marine_specific","Vascular / hematologic regulation",-0.0377052256901275,-0.827617966132046,0.0312055221982131,0.0312055221982131,"positive",24.9185999312548,FALSE,-3.4167712074555,0.0317754145273201,-3.98243194839294
"Otarioidea","Otarioidea","B394","B493","internal_clade","required","Pinniped axis","marine","marine_binary","CATSPER4",31,"marine_specific","Cilia / flagella / reproductive-cell function",-0.0348617965707268,-0.667614418422557,0.0232742380427312,0.0232742380427312,"positive",26.2079468321713,FALSE,-3.4167712074555,0.0317754145273201,-3.98243194839294
"Otarioidea","Otarioidea","B394","B493","internal_clade","required","Pinniped axis","marine","marine_binary","DCXR",32,"marine_specific","Metabolism / redox / lipid handling",-0.0329559416768714,-0.0595566571653403,0.00196274572001038,0.00196274572001038,"positive",55.6509742539772,FALSE,-3.4167712074555,0.0317754145273201,-3.98243194839294
"Otarioidea","Otarioidea","B394","B493","internal_clade","required","Pinniped axis","marine","marine_binary","RDH12",33,"marine_specific","Sensory systems",-0.0319401455848149,-0.569148631445406,0.0181786901477644,0.0181786901477644,"positive",30.6187258122651,FALSE,-3.4167712074555,0.0317754145273201,-3.98243194839294
"Otarioidea","Otarioidea","B394","B493","internal_clade","required","Pinniped axis","marine","marine_binary","BAK1",34,"marine_specific","Membrane trafficking / ER / vesicle processing",-0.0220699887647022,1.20236624854407,-0.0265362095964246,0.0265362095964246,"negative",97.9806999317379,FALSE,-3.4167712074555,0.0317754145273201,-3.98243194839294
"Otarioidea","Otarioidea","B394","B493","internal_clade","required","Pinniped axis","marine","marine_binary","PECAM1",35,"marine_specific","Vascular / hematologic regulation",-0.00822384288509239,0.0656609898753333,-0.000539985664414383,0.000539985664414383,"negative",49.6939348662447,FALSE,-3.4167712074555,0.0317754145273201,-3.98243194839294
"Otarioidea","Otarioidea","B394","B493","internal_clade","required","Pinniped axis","marine","marine_binary","ASH2L",36,"marine_specific","DNA repair / chromatin / cell-cycle",-0.00671137272561463,-1.1256437383222,0.00755461468413453,0.00755461468413453,"positive",17.285527150991,FALSE,-3.4167712074555,0.0317754145273201,-3.98243194839294
"Otarioidea","Otarioidea","B394","B493","internal_clade","required","Pinniped axis","marine","marine_binary","STMN4",37,"marine_specific","Sensory systems",-0.00252384447419297,-0.436331368989727,0.00110123251454178,0.00110123251454178,"positive",31.3017243929413,FALSE,-3.4167712074555,0.0317754145273201,-3.98243194839294
"Otarioidea","Otarioidea","B394","B493","internal_clade","required","Pinniped axis","marine","marine_binary","OR10G3",38,"marine_specific","Sensory systems",0.0313624648344271,0.0161150929828374,0.000505409036977761,0.000505409036977761,"positive",78.0560840349444,FALSE,-3.4167712074555,0.0317754145273201,-3.98243194839294
"Otarioidea","Otarioidea","B394","B493","internal_clade","required","Pinniped axis","marine","marine_binary","TGM1",39,"shared","Epithelial / body-surface interface",0.0321438716739072,-1.48685802484288,-0.0477933735478686,0.0477933735478686,"negative",22.9601485710736,FALSE,-3.4167712074555,0.0317754145273201,-3.98243194839294
"Otarioidea","Otarioidea","B394","B493","internal_clade","required","Pinniped axis","marine","marine_binary","SLC2A7",40,"marine_specific","Transport / endocytic / epithelial solute handling",0.0382557135453081,-1.25362466364382e-14,-4.79583060256912e-16,4.79583060256912e-16,"negative",,TRUE,-3.4167712074555,0.0317754145273201,-3.98243194839294
"Otarioidea","Otarioidea","B394","B493","internal_clade","required","Pinniped axis","marine","marine_binary","NR2C2AP",41,"marine_specific","Developmental / transcriptional signaling regulators",0.0628652617594018,0.045446548331699,0.00285700915693357,0.00285700915693357,"positive",56.3548750752439,FALSE,-3.4167712074555,0.0317754145273201,-3.98243194839294
"Otarioidea","Otarioidea","B394","B493","internal_clade","required","Pinniped axis","marine","marine_binary","CAPN13",42,"marine_specific","Unassigned / low-confidence",0.0728829596448735,-0.754715618187517,-0.0550059079437165,0.0550059079437165,"negative",32.6399826121812,FALSE,-3.4167712074555,0.0317754145273201,-3.98243194839294
"Otarioidea","Otarioidea","B394","B493","internal_clade","required","Pinniped axis","marine","marine_binary","TGM5",43,"marine_specific","Epithelial / body-surface interface",0.0730096499546588,0.53394791510795,0.0389833503760514,0.0389833503760514,"positive",87.4643840445089,FALSE,-3.4167712074555,0.0317754145273201,-3.98243194839294
"Otarioidea","Otarioidea","B394","B493","internal_clade","required","Pinniped axis","marine","marine_binary","TRIM66",44,"marine_specific","DNA repair / chromatin / cell-cycle",0.0785377211171152,0.44525765702823,0.0349695216929433,0.0349695216929433,"positive",72.1570634946693,FALSE,-3.4167712074555,0.0317754145273201,-3.98243194839294
"Otarioidea","Otarioidea","B394","B493","internal_clade","required","Pinniped axis","marine","marine_binary","RNF224",45,"marine_specific","Developmental / transcriptional signaling regulators",0.0826571992947204,0,0,0,"zero",,TRUE,-3.4167712074555,0.0317754145273201,-3.98243194839294
"Otarioidea","Otarioidea","B394","B493","internal_clade","required","Pinniped axis","marine","marine_binary","COL20A1",46,"shared","Cytoskeletal / muscle / ECM / adhesion",0.0921292718400568,-0.4439860601758,-0.0409041124311321,0.0409041124311321,"negative",60.1902593276531,FALSE,-3.4167712074555,0.0317754145273201,-3.98243194839294
"Otarioidea","Otarioidea","B394","B493","internal_clade","required","Pinniped axis","marine","marine_binary","PNPLA7",47,"shared","Metabolism / redox / lipid handling",0.10673604147477,1.0212284900172,0.109001886465692,0.109001886465692,"positive",98.346601385121,FALSE,-3.4167712074555,0.0317754145273201,-3.98243194839294
"Otarioidea","Otarioidea","B394","B493","internal_clade","required","Pinniped axis","marine","marine_binary","DBNL",48,"shared","Cytoskeletal / muscle / ECM / adhesion",0.109704318050152,-0.2346760639844,-0.0257449775621024,0.0257449775621024,"negative",48.2078644437239,FALSE,-3.4167712074555,0.0317754145273201,-3.98243194839294
"Otarioidea","Otarioidea","B394","B493","internal_clade","required","Pinniped axis","marine","marine_binary","OR6B1",49,"shared","Sensory systems",0.111781295712533,-0.258920764825853,-0.028942498579114,0.028942498579114,"negative",64.5086511482237,FALSE,-3.4167712074555,0.0317754145273201,-3.98243194839294
"Otarioidea","Otarioidea","B394","B493","internal_clade","required","Pinniped axis","marine","marine_binary","SLC28A1",50,"marine_specific","Transport / endocytic / epithelial solute handling",0.128656733732997,0.435527529955119,0.0560335494548255,0.0560335494548255,"positive",71.7512231767753,FALSE,-3.4167712074555,0.0317754145273201,-3.98243194839294
"Otarioidea","Otarioidea","B394","B493","internal_clade","required","Pinniped axis","marine","marine_binary","TOGARAM2",51,"shared","Cilia / flagella / reproductive-cell function",0.129304237042922,-0.0597548348672426,-0.00772655333213461,0.00772655333213461,"negative",71.073231650519,FALSE,-3.4167712074555,0.0317754145273201,-3.98243194839294
"Otarioidea","Otarioidea","B394","B493","internal_clade","required","Pinniped axis","marine","marine_binary","SSTR4",52,"marine_specific","Endocrine / circadian / systemic regulation",0.137940410562783,0.197013854679956,0.0271761720011096,0.0271761720011096,"positive",97.173417564362,FALSE,-3.4167712074555,0.0317754145273201,-3.98243194839294
"Otarioidea","Otarioidea","B394","B493","internal_clade","required","Pinniped axis","marine","marine_binary","CALHM1",53,"marine_specific","Ion channels / mechanosensation / membrane signaling",0.145696679568621,0.29234753350937,0.0425940649123912,0.0425940649123912,"positive",105.990395235616,FALSE,-3.4167712074555,0.0317754145273201,-3.98243194839294
"Otarioidea","Otarioidea","B394","B493","internal_clade","required","Pinniped axis","marine","marine_binary","ALOX12B",54,"marine_specific","Epithelial / body-surface interface",0.149753620737968,-0.102010656464603,-0.0152764651594314,0.0152764651594314,"negative",53.3978620351826,FALSE,-3.4167712074555,0.0317754145273201,-3.98243194839294
"Otarioidea","Otarioidea","B394","B493","internal_clade","required","Pinniped axis","marine","marine_binary","ESYT3",55,"marine_specific","Membrane trafficking / ER / vesicle processing",0.153832070750976,1.29178860728676,0.198718516431443,0.198718516431443,"positive",116.983551792857,FALSE,-3.4167712074555,0.0317754145273201,-3.98243194839294
"Otarioidea","Otarioidea","B394","B493","internal_clade","required","Pinniped axis","marine","marine_binary","IL36G",56,"marine_specific","Immune / inflammatory regulation",0.166019839478868,-0.647976041766687,-0.107576878440258,0.107576878440258,"negative",9.57461003375296,FALSE,-3.4167712074555,0.0317754145273201,-3.98243194839294
"Otarioidea","Otarioidea","B394","B493","internal_clade","required","Pinniped axis","marine","marine_binary","KRT17",57,"marine_specific","Epithelial / body-surface interface",0.189861649168978,-0.316871291778274,-0.0601617060313277,0.0601617060313277,"negative",54.9407732031576,FALSE,-3.4167712074555,0.0317754145273201,-3.98243194839294
"Otarioidea","Otarioidea","B394","B493","internal_clade","required","Pinniped axis","marine","marine_binary","NKPD1",58,"marine_specific","Unassigned / low-confidence",0.230941713295598,0.668003556962673,0.154269885932513,0.154269885932513,"positive",84.5559073582934,FALSE,-3.4167712074555,0.0317754145273201,-3.98243194839294
"Otarioidea","Otarioidea","B394","B493","internal_clade","required","Pinniped axis","marine","marine_binary","IL33",59,"shared","Immune / inflammatory regulation",0.27044270721607,-0.0232183534227087,-0.00627923435673683,0.00627923435673683,"negative",42.5335023751858,FALSE,-3.4167712074555,0.0317754145273201,-3.98243194839294
"Otarioidea","Otarioidea","B394","B493","internal_clade","required","Pinniped axis","marine","marine_binary","HOXD10",60,"marine_specific","Developmental / transcriptional signaling regulators",0.28020716230031,-0.60795096148977,-0.170352213736793,0.170352213736793,"negative",0,FALSE,-3.4167712074555,0.0317754145273201,-3.98243194839294
"Otarioidea","Otarioidea","B394","B493","internal_clade","required","Pinniped axis","marine","marine_binary","OR52W1",61,"shared","Sensory systems",0.282799403614638,-0.730182456987571,-0.206495163365956,0.206495163365956,"negative",40.799717453883,FALSE,-3.4167712074555,0.0317754145273201,-3.98243194839294
"Otarioidea","Otarioidea","B394","B493","internal_clade","required","Pinniped axis","marine","marine_binary","HIGD1B",62,"marine_specific","Vascular / hematologic regulation",0.328380050132626,0.368048390245316,0.120859748839989,0.120859748839989,"positive",89.751892507113,FALSE,-3.4167712074555,0.0317754145273201,-3.98243194839294
"Otarioidea","Otarioidea","B394","B493","internal_clade","required","Pinniped axis","marine","marine_binary","CAPN14",63,"marine_specific","Epithelial / body-surface interface",0.342438899161804,-0.492569210135545,-0.168674858079815,0.168674858079815,"negative",63.6886916819417,FALSE,-3.4167712074555,0.0317754145273201,-3.98243194839294
"Otarioidea","Otarioidea","B394","B493","internal_clade","required","Pinniped axis","marine","marine_binary","OMP",64,"shared","Sensory systems",0.345615697623917,4.25545854736594e-16,1.47075327455754e-16,1.47075327455754e-16,"positive",,TRUE,-3.4167712074555,0.0317754145273201,-3.98243194839294
"Otarioidea","Otarioidea","B394","B493","internal_clade","required","Pinniped axis","marine","marine_binary","ACP4",65,"marine_specific","Cytoskeletal / muscle / ECM / adhesion",0.36185377349003,-0.126682072641159,-0.0458403860187414,0.0458403860187414,"negative",58.5056439663525,FALSE,-3.4167712074555,0.0317754145273201,-3.98243194839294
"Otarioidea","Otarioidea","B394","B493","internal_clade","required","Pinniped axis","marine","marine_binary","KRTDAP",66,"shared","Epithelial / body-surface interface",0.386565925079529,-0.546341259339231,-0.211196914325585,0.211196914325585,"negative",21.8547978887861,FALSE,-3.4167712074555,0.0317754145273201,-3.98243194839294
"Otarioidea","Otarioidea","B394","B493","internal_clade","required","Pinniped axis","marine","marine_binary","MYH7B",67,"marine_specific","Cytoskeletal / muscle / ECM / adhesion",0.397856553371577,-0.189293813976045,-0.0753117844030699,0.0753117844030699,"negative",60.7324986871989,FALSE,-3.4167712074555,0.0317754145273201,-3.98243194839294
"Otarioidea","Otarioidea","B394","B493","internal_clade","required","Pinniped axis","marine","marine_binary","SDR9C7",68,"shared","Epithelial / body-surface interface",0.409389888665918,0.750207581006501,0.307127398064579,0.307127398064579,"positive",88.8424502853959,FALSE,-3.4167712074555,0.0317754145273201,-3.98243194839294
"Otarioidea","Otarioidea","B394","B493","internal_clade","required","Pinniped axis","marine","marine_binary","KCNK18",69,"shared","Ion channels / mechanosensation / membrane signaling",0.43928773003255,0.594147181232109,0.261001566548691,0.261001566548691,"positive",81.2283045039714,FALSE,-3.4167712074555,0.0317754145273201,-3.98243194839294
"Otarioidea","Otarioidea","B394","B493","internal_clade","required","Pinniped axis","marine","marine_binary","MYH13",70,"marine_specific","Cytoskeletal / muscle / ECM / adhesion",0.480299625271563,-0.196248714755418,-0.0942581841570532,0.0942581841570532,"negative",75.0659281562107,FALSE,-3.4167712074555,0.0317754145273201,-3.98243194839294
"Otarioidea","Otarioidea","B394","B493","internal_clade","required","Pinniped axis","marine","marine_binary","TGM3",71,"shared","Epithelial / body-surface interface",0.691315381170856,0.0404442668309117,0.0279597437403875,0.0279597437403875,"positive",60.4401683038092,FALSE,-3.4167712074555,0.0317754145273201,-3.98243194839294
"Otariidae","Otariidae","B393","B492","internal_clade","required","Pinniped axis","marine","marine_binary","EPOR",1,"shared","Vascular / hematologic regulation",-0.562386788005208,-0.0713214095881812,0.0401102184543011,0.0401102184543011,"positive",50.3553144659261,FALSE,-1.02520245639138,0.264015264648081,-3.98243194839294
"Otariidae","Otariidae","B393","B492","internal_clade","required","Pinniped axis","marine","marine_binary","TPX2",2,"marine_specific","DNA repair / chromatin / cell-cycle",-0.547364151458345,-0.394872691943337,0.216139155959637,0.216139155959637,"positive",39.1723168018846,FALSE,-1.02520245639138,0.264015264648081,-3.98243194839294
"Otariidae","Otariidae","B393","B492","internal_clade","required","Pinniped axis","marine","marine_binary","HGFAC",3,"shared","Vascular / hematologic regulation",-0.314672853107267,-0.817573571524875,0.25726820837683,0.25726820837683,"positive",29.40456912535,FALSE,-1.02520245639138,0.264015264648081,-3.98243194839294
"Otariidae","Otariidae","B393","B492","internal_clade","required","Pinniped axis","marine","marine_binary","SYDE1",4,"shared","Cytoskeletal / muscle / ECM / adhesion",-0.314258007626709,-0.700673326479718,0.220192203576695,0.220192203576695,"positive",37.8502565294741,FALSE,-1.02520245639138,0.264015264648081,-3.98243194839294
"Otariidae","Otariidae","B393","B492","internal_clade","required","Pinniped axis","marine","marine_binary","PUSL1",5,"shared","Metabolism / redox / lipid handling",-0.270477624990477,0.80871305536337,-0.218738786513476,0.218738786513476,"negative",81.1162443559292,FALSE,-1.02520245639138,0.264015264648081,-3.98243194839294
"Otariidae","Otariidae","B393","B492","internal_clade","required","Pinniped axis","marine","marine_binary","CATSPERZ",6,"shared","Cilia / flagella / reproductive-cell function",-0.264244206101874,-0.824579944169246,0.21789047271453,0.21789047271453,"positive",13.0587775986289,FALSE,-1.02520245639138,0.264015264648081,-3.98243194839294
"Otariidae","Otariidae","B393","B492","internal_clade","required","Pinniped axis","marine","marine_binary","F11",7,"marine_specific","Vascular / hematologic regulation",-0.254306353084796,-0.196491836423677,0.0499691223318397,0.0499691223318397,"positive",54.4512686590433,FALSE,-1.02520245639138,0.264015264648081,-3.98243194839294
"Otariidae","Otariidae","B393","B492","internal_clade","required","Pinniped axis","marine","marine_binary","WDR93",8,"shared","Cilia / flagella / reproductive-cell function",-0.242927446164409,0.348718173473907,-0.0847132153131334,0.0847132153131334,"negative",59.6802884446661,FALSE,-1.02520245639138,0.264015264648081,-3.98243194839294
"Otariidae","Otariidae","B393","B492","internal_clade","required","Pinniped axis","marine","marine_binary","CD34",9,"shared","Vascular / hematologic regulation",-0.231912055829233,0.0973881351529012,-0.0225854826366845,0.0225854826366845,"negative",58.2217030725973,FALSE,-1.02520245639138,0.264015264648081,-3.98243194839294
"Otariidae","Otariidae","B393","B492","internal_clade","required","Pinniped axis","marine","marine_binary","ASMTL",10,"shared","Endocrine / circadian / systemic regulation",-0.225475311673798,-1.0189767812077,0.229754107331169,0.229754107331169,"positive",48.444972004962,FALSE,-1.02520245639138,0.264015264648081,-3.98243194839294
"Otariidae","Otariidae","B393","B492","internal_clade","required","Pinniped axis","marine","marine_binary","FN3K",11,"shared","Metabolism / redox / lipid handling",-0.217860441354345,0.948775487373491,-0.206700646425372,0.206700646425372,"negative",82.6823016429782,FALSE,-1.02520245639138,0.264015264648081,-3.98243194839294
"Otariidae","Otariidae","B393","B492","internal_clade","required","Pinniped axis","marine","marine_binary","FANCM",12,"marine_specific","DNA repair / chromatin / cell-cycle",-0.215464965565117,-0.550271460870738,0.11856422136798,0.11856422136798,"positive",43.746987392239,FALSE,-1.02520245639138,0.264015264648081,-3.98243194839294
"Otariidae","Otariidae","B393","B492","internal_clade","required","Pinniped axis","marine","marine_binary","VEPH1",13,"marine_specific","Developmental / transcriptional signaling regulators",-0.163677799839901,-0.256061624215643,0.041911603275048,0.041911603275048,"positive",53.3989944266564,FALSE,-1.02520245639138,0.264015264648081,-3.98243194839294
"Otariidae","Otariidae","B393","B492","internal_clade","required","Pinniped axis","marine","marine_binary","APH1B",14,"marine_specific","Membrane trafficking / ER / vesicle processing",-0.152260877432123,0.0315149817182055,-0.00479849876867129,0.00479849876867129,"negative",56.8945632546854,FALSE,-1.02520245639138,0.264015264648081,-3.98243194839294
"Otariidae","Otariidae","B393","B492","internal_clade","required","Pinniped axis","marine","marine_binary","CREB3L3",15,"marine_specific","Endocrine / circadian / systemic regulation",-0.150758430810258,-1.27804317604617,0.19267578372848,0.19267578372848,"positive",14.3239440114099,FALSE,-1.02520245639138,0.264015264648081,-3.98243194839294
"Otariidae","Otariidae","B393","B492","internal_clade","required","Pinniped axis","marine","marine_binary","POLG",16,"marine_specific","DNA repair / chromatin / cell-cycle",-0.124940186455302,0.129110682635937,-0.0161311127619053,0.0161311127619053,"negative",60.2677650362745,FALSE,-1.02520245639138,0.264015264648081,-3.98243194839294
"Otariidae","Otariidae","B393","B492","internal_clade","required","Pinniped axis","marine","marine_binary","RARS1",17,"marine_specific","RNA processing / translation / protein homeostasis",-0.115426630752885,0.54141682748243,-0.0624939202292129,0.0624939202292129,"negative",76.429286838847,FALSE,-1.02520245639138,0.264015264648081,-3.98243194839294
"Otariidae","Otariidae","B393","B492","internal_clade","required","Pinniped axis","marine","marine_binary","FAM234A",18,"marine_specific","Unassigned / low-confidence",-0.108556846491888,0.380874116514898,-0.0413464929992413,0.0413464929992413,"negative",66.1870424965131,FALSE,-1.02520245639138,0.264015264648081,-3.98243194839294
"Otariidae","Otariidae","B393","B492","internal_clade","required","Pinniped axis","marine","marine_binary","TREM2",19,"marine_specific","Immune / inflammatory regulation",-0.0898257166079112,1.12922978859989,-0.101433874975985,0.101433874975985,"negative",91.4310677221458,FALSE,-1.02520245639138,0.264015264648081,-3.98243194839294
"Otariidae","Otariidae","B393","B492","internal_clade","required","Pinniped axis","marine","marine_binary","ATG2A",20,"marine_specific","Membrane trafficking / ER / vesicle processing",-0.0892133442112914,-0.535776875002463,0.0477984467700448,0.0477984467700448,"positive",49.4276613119594,FALSE,-1.02520245639138,0.264015264648081,-3.98243194839294
"Otariidae","Otariidae","B393","B492","internal_clade","required","Pinniped axis","marine","marine_binary","NUBP2",21,"shared","Metabolism / redox / lipid handling",-0.0844817154354269,0.290203114718261,-0.0245168569561027,0.0245168569561027,"negative",67.3119680618925,FALSE,-1.02520245639138,0.264015264648081,-3.98243194839294
"Otariidae","Otariidae","B393","B492","internal_clade","required","Pinniped axis","marine","marine_binary","SF3B3",22,"marine_specific","RNA processing / translation / protein homeostasis",-0.0727218763044334,-0.487338935111713,0.0354402017575283,0.0354402017575283,"positive",43.6574600968514,FALSE,-1.02520245639138,0.264015264648081,-3.98243194839294
"Otariidae","Otariidae","B393","B492","internal_clade","required","Pinniped axis","marine","marine_binary","RTL4",23,"marine_specific","Unassigned / low-confidence",-0.0665426884505536,0.299450654492204,-0.0199262516081891,0.0199262516081891,"negative",66.2267585006606,FALSE,-1.02520245639138,0.264015264648081,-3.98243194839294
"Otariidae","Otariidae","B393","B492","internal_clade","required","Pinniped axis","marine","marine_binary","SOX7",24,"shared","Developmental / transcriptional signaling regulators",-0.0651622513698966,0.69728072585231,-0.0454363819333722,0.0454363819333722,"negative",80.4018617259665,FALSE,-1.02520245639138,0.264015264648081,-3.98243194839294
"Otariidae","Otariidae","B393","B492","internal_clade","required","Pinniped axis","marine","marine_binary","CTD_3088G3",25,"marine_specific","Unassigned / low-confidence",-0.0645538212784956,-0.7586713829039,0.0489751368610874,0.0489751368610874,"positive",83.7417683910431,FALSE,-1.02520245639138,0.264015264648081,-3.98243194839294
"Otariidae","Otariidae","B393","B492","internal_clade","required","Pinniped axis","marine","marine_binary","COL4A1",26,"marine_specific","Cytoskeletal / muscle / ECM / adhesion",-0.0505715443318336,0.162375646464764,-0.00821158720360296,0.00821158720360296,"negative",62.0387050093487,FALSE,-1.02520245639138,0.264015264648081,-3.98243194839294
"Otariidae","Otariidae","B393","B492","internal_clade","required","Pinniped axis","marine","marine_binary","IDUA",27,"marine_specific","Metabolism / redox / lipid handling",-0.0503352858652507,0.169012879179844,-0.00850731158842653,0.00850731158842653,"negative",64.9137633394648,FALSE,-1.02520245639138,0.264015264648081,-3.98243194839294
"Otariidae","Otariidae","B393","B492","internal_clade","required","Pinniped axis","marine","marine_binary","CYP21A2",28,"marine_specific","Endocrine / circadian / systemic regulation",-0.0450852911002748,-0.55716830551182,0.0251200952458472,0.0251200952458472,"positive",27.0388378515302,FALSE,-1.02520245639138,0.264015264648081,-3.98243194839294
"Otariidae","Otariidae","B393","B492","internal_clade","required","Pinniped axis","marine","marine_binary","ACVR1",29,"marine_specific","Developmental / transcriptional signaling regulators",-0.0383732664782303,-0.44238778254542,0.0169758642663288,0.0169758642663288,"positive",39.6422498231061,FALSE,-1.02520245639138,0.264015264648081,-3.98243194839294
"Otariidae","Otariidae","B393","B492","internal_clade","required","Pinniped axis","marine","marine_binary","KEL",30,"marine_specific","Vascular / hematologic regulation",-0.0377052256901275,-0.759749509151593,0.0286465267105244,0.0286465267105244,"positive",27.4589202021816,FALSE,-1.02520245639138,0.264015264648081,-3.98243194839294
"Otariidae","Otariidae","B393","B492","internal_clade","required","Pinniped axis","marine","marine_binary","CATSPER4",31,"marine_specific","Cilia / flagella / reproductive-cell function",-0.0348617965707268,-0.0124031496541933,0.000432396080080768,0.000432396080080768,"positive",54.344645383656,FALSE,-1.02520245639138,0.264015264648081,-3.98243194839294
"Otariidae","Otariidae","B393","B492","internal_clade","required","Pinniped axis","marine","marine_binary","DCXR",32,"marine_specific","Metabolism / redox / lipid handling",-0.0329559416768714,-0.242820730097627,0.00800238581903274,0.00800238581903274,"positive",32.9688801133911,FALSE,-1.02520245639138,0.264015264648081,-3.98243194839294
"Otariidae","Otariidae","B393","B492","internal_clade","required","Pinniped axis","marine","marine_binary","RDH12",33,"marine_specific","Sensory systems",-0.0319401455848149,1.08845446691485,-0.0347653941357025,0.0347653941357025,"negative",95.3627393615091,FALSE,-1.02520245639138,0.264015264648081,-3.98243194839294
"Otariidae","Otariidae","B393","B492","internal_clade","required","Pinniped axis","marine","marine_binary","BAK1",34,"marine_specific","Membrane trafficking / ER / vesicle processing",-0.0220699887647022,-0.110700017459794,0.00244314814158999,0.00244314814158999,"positive",44.8697538213453,FALSE,-1.02520245639138,0.264015264648081,-3.98243194839294
"Otariidae","Otariidae","B393","B492","internal_clade","required","Pinniped axis","marine","marine_binary","PECAM1",35,"marine_specific","Vascular / hematologic regulation",-0.00822384288509239,-0.165851672114958,0.00136393809370327,0.00136393809370327,"positive",43.9376672655919,FALSE,-1.02520245639138,0.264015264648081,-3.98243194839294
"Otariidae","Otariidae","B393","B492","internal_clade","required","Pinniped axis","marine","marine_binary","ASH2L",36,"marine_specific","DNA repair / chromatin / cell-cycle",-0.00671137272561463,-0.842636085552137,0.00565524484219329,0.00565524484219329,"positive",27.4252062010134,FALSE,-1.02520245639138,0.264015264648081,-3.98243194839294
"Otariidae","Otariidae","B393","B492","internal_clade","required","Pinniped axis","marine","marine_binary","STMN4",37,"marine_specific","Sensory systems",-0.00252384447419297,-0.466750238715967,0.00117800501081154,0.00117800501081154,"positive",29.2565374129409,FALSE,-1.02520245639138,0.264015264648081,-3.98243194839294
"Otariidae","Otariidae","B393","B492","internal_clade","required","Pinniped axis","marine","marine_binary","OR10G3",38,"marine_specific","Sensory systems",0.0313624648344271,1.9608675963639,0.0614976410359305,0.0614976410359305,"positive",172.842303041597,FALSE,-1.02520245639138,0.264015264648081,-3.98243194839294
"Otariidae","Otariidae","B393","B492","internal_clade","required","Pinniped axis","marine","marine_binary","TGM1",39,"shared","Epithelial / body-surface interface",0.0321438716739072,1.2961390895971,0.041662928567544,0.041662928567544,"positive",99.8995491937529,FALSE,-1.02520245639138,0.264015264648081,-3.98243194839294
"Otariidae","Otariidae","B393","B492","internal_clade","required","Pinniped axis","marine","marine_binary","SLC2A7",40,"marine_specific","Transport / endocytic / epithelial solute handling",0.0382557135453081,-1.25362466364382e-14,-4.79583060256912e-16,4.79583060256912e-16,"negative",,TRUE,-1.02520245639138,0.264015264648081,-3.98243194839294
"Otariidae","Otariidae","B393","B492","internal_clade","required","Pinniped axis","marine","marine_binary","NR2C2AP",41,"marine_specific","Developmental / transcriptional signaling regulators",0.0628652617594018,4.54484588179623,0.28571292601526,0.28571292601526,"positive",352.92452789577,FALSE,-1.02520245639138,0.264015264648081,-3.98243194839294
"Otariidae","Otariidae","B393","B492","internal_clade","required","Pinniped axis","marine","marine_binary","CAPN13",42,"marine_specific","Unassigned / low-confidence",0.0728829596448735,-1.06466570724223,-0.0775959877762164,0.0775959877762164,"negative",20.3629053750388,FALSE,-1.02520245639138,0.264015264648081,-3.98243194839294
"Otariidae","Otariidae","B393","B492","internal_clade","required","Pinniped axis","marine","marine_binary","TGM5",43,"marine_specific","Epithelial / body-surface interface",0.0730096499546588,-0.0424797920619401,-0.00310143474858894,0.00310143474858894,"negative",60.9486837159612,FALSE,-1.02520245639138,0.264015264648081,-3.98243194839294
"Otariidae","Otariidae","B393","B492","internal_clade","required","Pinniped axis","marine","marine_binary","TRIM66",44,"marine_specific","DNA repair / chromatin / cell-cycle",0.0785377211171152,1.00836225186564,0.0791944733220497,0.0791944733220497,"positive",85.6758261139106,FALSE,-1.02520245639138,0.264015264648081,-3.98243194839294
"Otariidae","Otariidae","B393","B492","internal_clade","required","Pinniped axis","marine","marine_binary","RNF224",45,"marine_specific","Developmental / transcriptional signaling regulators",0.0826571992947204,0,0,0,"zero",,TRUE,-1.02520245639138,0.264015264648081,-3.98243194839294
"Otariidae","Otariidae","B393","B492","internal_clade","required","Pinniped axis","marine","marine_binary","COL20A1",46,"shared","Cytoskeletal / muscle / ECM / adhesion",0.0921292718400568,0.656454807799381,0.0604787034384615,0.0604787034384615,"positive",91.5940011974202,FALSE,-1.02520245639138,0.264015264648081,-3.98243194839294
"Otariidae","Otariidae","B393","B492","internal_clade","required","Pinniped axis","marine","marine_binary","PNPLA7",47,"shared","Metabolism / redox / lipid handling",0.10673604147477,-0.146349695240584,-0.0156207871410189,0.0156207871410189,"negative",58.3060870298745,FALSE,-1.02520245639138,0.264015264648081,-3.98243194839294
"Otariidae","Otariidae","B393","B492","internal_clade","required","Pinniped axis","marine","marine_binary","DBNL",48,"shared","Cytoskeletal / muscle / ECM / adhesion",0.109704318050152,0.774769940383776,0.0849956079555587,0.0849956079555587,"positive",101.268595665298,FALSE,-1.02520245639138,0.264015264648081,-3.98243194839294
"Otariidae","Otariidae","B393","B492","internal_clade","required","Pinniped axis","marine","marine_binary","OR6B1",49,"shared","Sensory systems",0.111781295712533,0.051192213570754,0.00572233196333161,0.00572233196333161,"positive",86.5728930048872,FALSE,-1.02520245639138,0.264015264648081,-3.98243194839294
"Otariidae","Otariidae","B393","B492","internal_clade","required","Pinniped axis","marine","marine_binary","SLC28A1",50,"marine_specific","Transport / endocytic / epithelial solute handling",0.128656733732997,0.964233741632804,0.124055163753623,0.124055163753623,"positive",88.1953535565522,FALSE,-1.02520245639138,0.264015264648081,-3.98243194839294
"Otariidae","Otariidae","B393","B492","internal_clade","required","Pinniped axis","marine","marine_binary","TOGARAM2",51,"shared","Cilia / flagella / reproductive-cell function",0.129304237042922,0.055391922887596,0.00716241032732098,0.00716241032732098,"positive",75.1561018296554,FALSE,-1.02520245639138,0.264015264648081,-3.98243194839294
"Otariidae","Otariidae","B393","B492","internal_clade","required","Pinniped axis","marine","marine_binary","SSTR4",52,"marine_specific","Endocrine / circadian / systemic regulation",0.137940410562783,0.583520027026573,0.0804909920996518,0.0804909920996518,"positive",112.239364962978,FALSE,-1.02520245639138,0.264015264648081,-3.98243194839294
"Otariidae","Otariidae","B393","B492","internal_clade","required","Pinniped axis","marine","marine_binary","CALHM1",53,"marine_specific","Ion channels / mechanosensation / membrane signaling",0.145696679568621,-0.133975261617839,-0.0195197507620564,0.0195197507620564,"negative",73.9021365111305,FALSE,-1.02520245639138,0.264015264648081,-3.98243194839294
"Otariidae","Otariidae","B393","B492","internal_clade","required","Pinniped axis","marine","marine_binary","ALOX12B",54,"marine_specific","Epithelial / body-surface interface",0.149753620737968,1.26644225444776,0.189654313059107,0.189654313059107,"positive",88.6333110972327,FALSE,-1.02520245639138,0.264015264648081,-3.98243194839294
"Otariidae","Otariidae","B393","B492","internal_clade","required","Pinniped axis","marine","marine_binary","ESYT3",55,"marine_specific","Membrane trafficking / ER / vesicle processing",0.153832070750976,1.49753245265553,0.230368518208788,0.230368518208788,"positive",124.870357920987,FALSE,-1.02520245639138,0.264015264648081,-3.98243194839294
"Otariidae","Otariidae","B393","B492","internal_clade","required","Pinniped axis","marine","marine_binary","IL36G",56,"marine_specific","Immune / inflammatory regulation",0.166019839478868,-0.601712781702293,-0.099896259430598,0.099896259430598,"negative",13.7168644327693,FALSE,-1.02520245639138,0.264015264648081,-3.98243194839294
"Otariidae","Otariidae","B393","B492","internal_clade","required","Pinniped axis","marine","marine_binary","KRT17",57,"marine_specific","Epithelial / body-surface interface",0.189861649168978,0.160618090273583,0.0304952155057144,0.0304952155057144,"positive",89.3513935580429,FALSE,-1.02520245639138,0.264015264648081,-3.98243194839294
"Otariidae","Otariidae","B393","B492","internal_clade","required","Pinniped axis","marine","marine_binary","NKPD1",58,"marine_specific","Unassigned / low-confidence",0.230941713295598,0.329673727530182,0.0761354154643665,0.0761354154643665,"positive",72.8957834323381,FALSE,-1.02520245639138,0.264015264648081,-3.98243194839294
"Otariidae","Otariidae","B393","B492","internal_clade","required","Pinniped axis","marine","marine_binary","IL33",59,"shared","Immune / inflammatory regulation",0.27044270721607,-0.151652909005624,-0.0410134232686733,0.0410134232686733,"negative",38.10309588941,FALSE,-1.02520245639138,0.264015264648081,-3.98243194839294
"Otariidae","Otariidae","B393","B492","internal_clade","required","Pinniped axis","marine","marine_binary","HOXD10",60,"marine_specific","Developmental / transcriptional signaling regulators",0.28020716230031,-0.60795096148977,-0.170352213736793,0.170352213736793,"negative",0,FALSE,-1.02520245639138,0.264015264648081,-3.98243194839294
"Otariidae","Otariidae","B393","B492","internal_clade","required","Pinniped axis","marine","marine_binary","OR52W1",61,"shared","Sensory systems",0.282799403614638,0.693039775804349,0.195991235278693,0.195991235278693,"positive",101.288505182211,FALSE,-1.02520245639138,0.264015264648081,-3.98243194839294
"Otariidae","Otariidae","B393","B492","internal_clade","required","Pinniped axis","marine","marine_binary","HIGD1B",62,"marine_specific","Vascular / hematologic regulation",0.328380050132626,0.982658706583528,0.322685515331161,0.322685515331161,"positive",131.039425102621,FALSE,-1.02520245639138,0.264015264648081,-3.98243194839294
"Otariidae","Otariidae","B393","B492","internal_clade","required","Pinniped axis","marine","marine_binary","CAPN14",63,"marine_specific","Epithelial / body-surface interface",0.342438899161804,0.474966783002149,0.162647102309679,0.162647102309679,"positive",130.752474525103,FALSE,-1.02520245639138,0.264015264648081,-3.98243194839294
"Otariidae","Otariidae","B393","B492","internal_clade","required","Pinniped axis","marine","marine_binary","OMP",64,"shared","Sensory systems",0.345615697623917,4.25545854736594e-16,1.47075327455754e-16,1.47075327455754e-16,"positive",,TRUE,-1.02520245639138,0.264015264648081,-3.98243194839294
"Otariidae","Otariidae","B393","B492","internal_clade","required","Pinniped axis","marine","marine_binary","ACP4",65,"marine_specific","Cytoskeletal / muscle / ECM / adhesion",0.36185377349003,-0.399286178212381,-0.144483210288563,0.144483210288563,"negative",43.6806939113184,FALSE,-1.02520245639138,0.264015264648081,-3.98243194839294
"Otariidae","Otariidae","B393","B492","internal_clade","required","Pinniped axis","marine","marine_binary","KRTDAP",66,"shared","Epithelial / body-surface interface",0.386565925079529,0.24360974033533,0.0941712246311109,0.0941712246311109,"positive",91.0995991530076,FALSE,-1.02520245639138,0.264015264648081,-3.98243194839294
"Otariidae","Otariidae","B393","B492","internal_clade","required","Pinniped axis","marine","marine_binary","MYH7B",67,"marine_specific","Cytoskeletal / muscle / ECM / adhesion",0.397856553371577,-0.388628585487009,-0.154618429563533,0.154618429563533,"negative",54.7755196406941,FALSE,-1.02520245639138,0.264015264648081,-3.98243194839294
"Otariidae","Otariidae","B393","B492","internal_clade","required","Pinniped axis","marine","marine_binary","SDR9C7",68,"shared","Epithelial / body-surface interface",0.409389888665918,2.55593872449409,1.04637546985754,1.04637546985754,"positive",168.963159043394,FALSE,-1.02520245639138,0.264015264648081,-3.98243194839294
"Otariidae","Otariidae","B393","B492","internal_clade","required","Pinniped axis","marine","marine_binary","KCNK18",69,"shared","Ion channels / mechanosensation / membrane signaling",0.43928773003255,4.27418229221562e-16,1.87759583689272e-16,1.87759583689272e-16,"positive",,TRUE,-1.02520245639138,0.264015264648081,-3.98243194839294
"Otariidae","Otariidae","B393","B492","internal_clade","required","Pinniped axis","marine","marine_binary","MYH13",70,"marine_specific","Cytoskeletal / muscle / ECM / adhesion",0.480299625271563,-0.187650295845371,-0.0901283667766296,0.0901283667766296,"negative",75.510618236652,FALSE,-1.02520245639138,0.264015264648081,-3.98243194839294
"Otariidae","Otariidae","B393","B492","internal_clade","required","Pinniped axis","marine","marine_binary","TGM3",71,"shared","Epithelial / body-surface interface",0.691315381170856,-0.451513902045998,-0.312138505296869,0.312138505296869,"negative",43.5239563805856,FALSE,-1.02520245639138,0.264015264648081,-3.98243194839294
"Otariinae_sampled","Otariinae","B392","B491","internal_clade","optional","Pinniped axis","marine","marine_binary","EPOR",1,"shared","Vascular / hematologic regulation",-0.562386788005208,-1.79609739748767,1.0101014463176,1.0101014463176,"positive",0,FALSE,4.68409196414607,0.990843494313051,-3.98243194839294
"Otariinae_sampled","Otariinae","B392","B491","internal_clade","optional","Pinniped axis","marine","marine_binary","TPX2",2,"marine_specific","DNA repair / chromatin / cell-cycle",-0.547364151458345,-0.794095502985267,0.434659411168418,0.434659411168418,"positive",26.0367895867147,FALSE,4.68409196414607,0.990843494313051,-3.98243194839294
"Otariinae_sampled","Otariinae","B392","B491","internal_clade","optional","Pinniped axis","marine","marine_binary","HGFAC",3,"shared","Vascular / hematologic regulation",-0.314672853107267,-0.214195552325863,0.0674015255732662,0.0674015255732662,"positive",55.7857859100594,FALSE,4.68409196414607,0.990843494313051,-3.98243194839294
"Otariinae_sampled","Otariinae","B392","B491","internal_clade","optional","Pinniped axis","marine","marine_binary","SYDE1",4,"shared","Cytoskeletal / muscle / ECM / adhesion",-0.314258007626709,-1.38538644174283,0.435368782975158,0.435368782975158,"positive",19.54956871297,FALSE,4.68409196414607,0.990843494313051,-3.98243194839294
"Otariinae_sampled","Otariinae","B392","B491","internal_clade","optional","Pinniped axis","marine","marine_binary","PUSL1",5,"shared","Metabolism / redox / lipid handling",-0.270477624990477,-1.67083747087067,0.451924150866194,0.451924150866194,"positive",0,FALSE,4.68409196414607,0.990843494313051,-3.98243194839294
"Otariinae_sampled","Otariinae","B392","B491","internal_clade","optional","Pinniped axis","marine","marine_binary","CATSPERZ",6,"shared","Cilia / flagella / reproductive-cell function",-0.264244206101874,-0.190388162446735,0.0503089688369322,0.0503089688369322,"positive",37.2826568351111,FALSE,4.68409196414607,0.990843494313051,-3.98243194839294
"Otariinae_sampled","Otariinae","B392","B491","internal_clade","optional","Pinniped axis","marine","marine_binary","F11",7,"marine_specific","Vascular / hematologic regulation",-0.254306353084796,-1.22200758371452,0.310764292056404,0.310764292056404,"positive",21.5988908276576,FALSE,4.68409196414607,0.990843494313051,-3.98243194839294
"Otariinae_sampled","Otariinae","B392","B491","internal_clade","optional","Pinniped axis","marine","marine_binary","WDR93",8,"shared","Cilia / flagella / reproductive-cell function",-0.242927446164409,-1.96092042820439,0.47636139175531,0.47636139175531,"positive",0,FALSE,4.68409196414607,0.990843494313051,-3.98243194839294
"Otariinae_sampled","Otariinae","B392","B491","internal_clade","optional","Pinniped axis","marine","marine_binary","CD34",9,"shared","Vascular / hematologic regulation",-0.231912055829233,-0.0382700376017873,0.00887528309689253,0.00887528309689253,"positive",53.5500612129046,FALSE,4.68409196414607,0.990843494313051,-3.98243194839294
"Otariinae_sampled","Otariinae","B392","B491","internal_clade","optional","Pinniped axis","marine","marine_binary","ASMTL",10,"shared","Endocrine / circadian / systemic regulation",-0.225475311673798,-1.10238148227411,0.248559808299179,0.248559808299179,"positive",45.3100898113777,FALSE,4.68409196414607,0.990843494313051,-3.98243194839294
"Otariinae_sampled","Otariinae","B392","B491","internal_clade","optional","Pinniped axis","marine","marine_binary","FN3K",11,"shared","Metabolism / redox / lipid handling",-0.217860441354345,-0.170813525603982,0.0372135100773751,0.0372135100773751,"positive",44.6585164387181,FALSE,4.68409196414607,0.990843494313051,-3.98243194839294
"Otariinae_sampled","Otariinae","B392","B491","internal_clade","optional","Pinniped axis","marine","marine_binary","FANCM",12,"marine_specific","DNA repair / chromatin / cell-cycle",-0.215464965565117,-0.75664048629266,0.163029516324221,0.163029516324221,"positive",39.1328217470215,FALSE,4.68409196414607,0.990843494313051,-3.98243194839294
"Otariinae_sampled","Otariinae","B392","B491","internal_clade","optional","Pinniped axis","marine","marine_binary","VEPH1",13,"marine_specific","Developmental / transcriptional signaling regulators",-0.163677799839901,-0.649167204834739,0.106254259815569,0.106254259815569,"positive",40.9922332830235,FALSE,4.68409196414607,0.990843494313051,-3.98243194839294
"Otariinae_sampled","Otariinae","B392","B491","internal_clade","optional","Pinniped axis","marine","marine_binary","APH1B",14,"marine_specific","Membrane trafficking / ER / vesicle processing",-0.152260877432123,-1.11195207086298,0.169306797972063,0.169306797972063,"positive",0,FALSE,4.68409196414607,0.990843494313051,-3.98243194839294
"Otariinae_sampled","Otariinae","B392","B491","internal_clade","optional","Pinniped axis","marine","marine_binary","CREB3L3",15,"marine_specific","Endocrine / circadian / systemic regulation",-0.150758430810258,-1.05920850296743,0.159684611808252,0.159684611808252,"positive",20.9435257302657,FALSE,4.68409196414607,0.990843494313051,-3.98243194839294
"Otariinae_sampled","Otariinae","B392","B491","internal_clade","optional","Pinniped axis","marine","marine_binary","POLG",16,"marine_specific","DNA repair / chromatin / cell-cycle",-0.124940186455302,-1.69193034055098,0.211390092217822,0.211390092217822,"positive",17.5301655780131,FALSE,4.68409196414607,0.990843494313051,-3.98243194839294
"Otariinae_sampled","Otariinae","B392","B491","internal_clade","optional","Pinniped axis","marine","marine_binary","RARS1",17,"marine_specific","RNA processing / translation / protein homeostasis",-0.115426630752885,0.033350841398819,-0.00384957525543951,0.00384957525543951,"negative",57.1563722401474,FALSE,4.68409196414607,0.990843494313051,-3.98243194839294
"Otariinae_sampled","Otariinae","B392","B491","internal_clade","optional","Pinniped axis","marine","marine_binary","FAM234A",18,"marine_specific","Unassigned / low-confidence",-0.108556846491888,1.83010037811165,-0.198669925811413,0.198669925811413,"negative",105.602282289465,FALSE,4.68409196414607,0.990843494313051,-3.98243194839294
"Otariinae_sampled","Otariinae","B392","B491","internal_clade","optional","Pinniped axis","marine","marine_binary","TREM2",19,"marine_specific","Immune / inflammatory regulation",-0.0898257166079112,2.32068104658434,-0.208456838027836,0.208456838027836,"negative",131.497215304738,FALSE,4.68409196414607,0.990843494313051,-3.98243194839294
"Otariinae_sampled","Otariinae","B392","B491","internal_clade","optional","Pinniped axis","marine","marine_binary","ATG2A",20,"marine_specific","Membrane trafficking / ER / vesicle processing",-0.0892133442112914,0.213017257524611,-0.0190039819184885,0.0190039819184885,"negative",63.3559199414668,FALSE,4.68409196414607,0.990843494313051,-3.98243194839294
"Otariinae_sampled","Otariinae","B392","B491","internal_clade","optional","Pinniped axis","marine","marine_binary","NUBP2",21,"shared","Metabolism / redox / lipid handling",-0.0844817154354269,-0.277036404268928,0.0234045106707015,0.0234045106707015,"positive",46.3795372862972,FALSE,4.68409196414607,0.990843494313051,-3.98243194839294
"Otariinae_sampled","Otariinae","B392","B491","internal_clade","optional","Pinniped axis","marine","marine_binary","SF3B3",22,"marine_specific","RNA processing / translation / protein homeostasis",-0.0727218763044334,-0.451531345958225,0.0328362066883484,0.0328362066883484,"positive",44.7221352051565,FALSE,4.68409196414607,0.990843494313051,-3.98243194839294
"Otariinae_sampled","Otariinae","B392","B491","internal_clade","optional","Pinniped axis","marine","marine_binary","RTL4",23,"marine_specific","Unassigned / low-confidence",-0.0665426884505536,0.421383547522093,-0.0280399941209517,0.0280399941209517,"negative",70.9698743031729,FALSE,4.68409196414607,0.990843494313051,-3.98243194839294
"Otariinae_sampled","Otariinae","B392","B491","internal_clade","optional","Pinniped axis","marine","marine_binary","SOX7",24,"shared","Developmental / transcriptional signaling regulators",-0.0651622513698966,0.862660529558436,-0.0562129022739749,0.0562129022739749,"negative",86.4699001081569,FALSE,4.68409196414607,0.990843494313051,-3.98243194839294
"Otariinae_sampled","Otariinae","B392","B491","internal_clade","optional","Pinniped axis","marine","marine_binary","CTD_3088G3",25,"marine_specific","Unassigned / low-confidence",-0.0645538212784956,-1.41950617813664,0.0916345481271532,0.0916345481271532,"positive",62.0494034665344,FALSE,4.68409196414607,0.990843494313051,-3.98243194839294
"Otariinae_sampled","Otariinae","B392","B491","internal_clade","optional","Pinniped axis","marine","marine_binary","COL4A1",26,"marine_specific","Cytoskeletal / muscle / ECM / adhesion",-0.0505715443318336,2.13790533987829,-0.108117174672919,0.108117174672919,"negative",107.684021387918,FALSE,4.68409196414607,0.990843494313051,-3.98243194839294
"Otariinae_sampled","Otariinae","B392","B491","internal_clade","optional","Pinniped axis","marine","marine_binary","IDUA",27,"marine_specific","Metabolism / redox / lipid handling",-0.0503352858652507,1.3840153849881,-0.069664810045281,0.069664810045281,"negative",99.7390591610577,FALSE,4.68409196414607,0.990843494313051,-3.98243194839294
"Otariinae_sampled","Otariinae","B392","B491","internal_clade","optional","Pinniped axis","marine","marine_binary","CYP21A2",28,"marine_specific","Endocrine / circadian / systemic regulation",-0.0450852911002748,-1.08688252884623,0.0490024152048352,0.0490024152048352,"positive",0,FALSE,4.68409196414607,0.990843494313051,-3.98243194839294
"Otariinae_sampled","Otariinae","B392","B491","internal_clade","optional","Pinniped axis","marine","marine_binary","ACVR1",29,"marine_specific","Developmental / transcriptional signaling regulators",-0.0383732664782303,-1.51662346995931,0.058197796559887,0.058197796559887,"positive",0,FALSE,4.68409196414607,0.990843494313051,-3.98243194839294
"Otariinae_sampled","Otariinae","B392","B491","internal_clade","optional","Pinniped axis","marine","marine_binary","KEL",30,"marine_specific","Vascular / hematologic regulation",-0.0377052256901275,-0.694051108927516,0.0261693537025953,0.0261693537025953,"positive",29.9180151231808,FALSE,4.68409196414607,0.990843494313051,-3.98243194839294
"Otariinae_sampled","Otariinae","B392","B491","internal_clade","optional","Pinniped axis","marine","marine_binary","CATSPER4",31,"marine_specific","Cilia / flagella / reproductive-cell function",-0.0348617965707268,-1.27791139638178,0.044550287136075,0.044550287136075,"positive",0,FALSE,4.68409196414607,0.990843494313051,-3.98243194839294
"Otariinae_sampled","Otariinae","B392","B491","internal_clade","optional","Pinniped axis","marine","marine_binary","DCXR",32,"marine_specific","Metabolism / redox / lipid handling",-0.0329559416768714,-0.10210118818123,0.0033648408028399,0.0033648408028399,"positive",50.3853537631238,FALSE,4.68409196414607,0.990843494313051,-3.98243194839294
"Otariinae_sampled","Otariinae","B392","B491","internal_clade","optional","Pinniped axis","marine","marine_binary","RDH12",33,"marine_specific","Sensory systems",-0.0319401455848149,2.38062590532919,-0.076037537999196,0.076037537999196,"negative",145.83342513629,FALSE,4.68409196414607,0.990843494313051,-3.98243194839294
"Otariinae_sampled","Otariinae","B392","B491","internal_clade","optional","Pinniped axis","marine","marine_binary","BAK1",34,"marine_specific","Membrane trafficking / ER / vesicle processing",-0.0220699887647022,0.134803599040238,-0.00297511391625946,0.00297511391625946,"negative",54.7998919137067,FALSE,4.68409196414607,0.990843494313051,-3.98243194839294
"Otariinae_sampled","Otariinae","B392","B491","internal_clade","optional","Pinniped axis","marine","marine_binary","PECAM1",35,"marine_specific","Vascular / hematologic regulation",-0.00822384288509239,-0.986573678688835,0.0081134269281046,0.0081134269281046,"positive",23.5314594367428,FALSE,4.68409196414607,0.990843494313051,-3.98243194839294
"Otariinae_sampled","Otariinae","B392","B491","internal_clade","optional","Pinniped axis","marine","marine_binary","ASH2L",36,"marine_specific","DNA repair / chromatin / cell-cycle",-0.00671137272561463,-1.60809850259647,0.0107925484304276,0.0107925484304276,"positive",0,FALSE,4.68409196414607,0.990843494313051,-3.98243194839294
"Otariinae_sampled","Otariinae","B392","B491","internal_clade","optional","Pinniped axis","marine","marine_binary","STMN4",37,"marine_specific","Sensory systems",-0.00252384447419297,-0.90189421768112,0.00227624073760109,0.00227624073760109,"positive",0,FALSE,4.68409196414607,0.990843494313051,-3.98243194839294
"Otariinae_sampled","Otariinae","B392","B491","internal_clade","optional","Pinniped axis","marine","marine_binary","OR10G3",38,"marine_specific","Sensory systems",0.0313624648344271,8.74702954887376e-16,2.74328406632248e-17,2.74328406632248e-17,"positive",,TRUE,4.68409196414607,0.990843494313051,-3.98243194839294
"Otariinae_sampled","Otariinae","B392","B491","internal_clade","optional","Pinniped axis","marine","marine_binary","TGM1",39,"shared","Epithelial / body-surface interface",0.0321438716739072,-0.136930581661557,-0.00440147904516257,0.00440147904516257,"negative",60.2805639691245,FALSE,4.68409196414607,0.990843494313051,-3.98243194839294
"Otariinae_sampled","Otariinae","B392","B491","internal_clade","optional","Pinniped axis","marine","marine_binary","SLC2A7",40,"marine_specific","Transport / endocytic / epithelial solute handling",0.0382557135453081,-1.25362466364382e-14,-4.79583060256912e-16,4.79583060256912e-16,"negative",,TRUE,4.68409196414607,0.990843494313051,-3.98243194839294
"Otariinae_sampled","Otariinae","B392","B491","internal_clade","optional","Pinniped axis","marine","marine_binary","NR2C2AP",41,"marine_specific","Developmental / transcriptional signaling regulators",0.0628652617594018,-0.809540079394764,-0.0508919489958788,0.0508919489958788,"negative",0,FALSE,4.68409196414607,0.990843494313051,-3.98243194839294
"Otariinae_sampled","Otariinae","B392","B491","internal_clade","optional","Pinniped axis","marine","marine_binary","CAPN13",42,"marine_specific","Unassigned / low-confidence",0.0728829596448735,1.81487265763819,0.132273290667228,0.132273290667228,"positive",134.420994600852,FALSE,4.68409196414607,0.990843494313051,-3.98243194839294
"Otariinae_sampled","Otariinae","B392","B491","internal_clade","optional","Pinniped axis","marine","marine_binary","TGM5",43,"marine_specific","Epithelial / body-surface interface",0.0730096499546588,-0.960276618073378,-0.070109459745181,0.070109459745181,"negative",18.7299886423065,FALSE,4.68409196414607,0.990843494313051,-3.98243194839294
"Otariinae_sampled","Otariinae","B392","B491","internal_clade","optional","Pinniped axis","marine","marine_binary","TRIM66",44,"marine_specific","DNA repair / chromatin / cell-cycle",0.0785377211171152,-0.689598866759354,-0.0541595234802248,0.0541595234802248,"negative",44.9119369362338,FALSE,4.68409196414607,0.990843494313051,-3.98243194839294
"Otariinae_sampled","Otariinae","B392","B491","internal_clade","optional","Pinniped axis","marine","marine_binary","RNF224",45,"marine_specific","Developmental / transcriptional signaling regulators",0.0826571992947204,0,0,0,"zero",,TRUE,4.68409196414607,0.990843494313051,-3.98243194839294
"Otariinae_sampled","Otariinae","B392","B491","internal_clade","optional","Pinniped axis","marine","marine_binary","COL20A1",46,"shared","Cytoskeletal / muscle / ECM / adhesion",0.0921292718400568,0.916541911850354,0.0844403389496667,0.0844403389496667,"positive",99.0162157997374,FALSE,4.68409196414607,0.990843494313051,-3.98243194839294
"Otariinae_sampled","Otariinae","B392","B491","internal_clade","optional","Pinniped axis","marine","marine_binary","PNPLA7",47,"shared","Metabolism / redox / lipid handling",0.10673604147477,-0.552112989486874,-0.05893035494463,0.05893035494463,"negative",44.3909837732017,FALSE,4.68409196414607,0.990843494313051,-3.98243194839294
"Otariinae_sampled","Otariinae","B392","B491","internal_clade","optional","Pinniped axis","marine","marine_binary","DBNL",48,"shared","Cytoskeletal / muscle / ECM / adhesion",0.109704318050152,1.50251863487342,0.164832782196434,0.164832782196434,"positive",139.522130483474,FALSE,4.68409196414607,0.990843494313051,-3.98243194839294
"Otariinae_sampled","Otariinae","B392","B491","internal_clade","optional","Pinniped axis","marine","marine_binary","OR6B1",49,"shared","Sensory systems",0.111781295712533,0.0887036793850592,0.00991541221613104,0.00991541221613104,"positive",89.2417979259392,FALSE,4.68409196414607,0.990843494313051,-3.98243194839294
"Otariinae_sampled","Otariinae","B392","B491","internal_clade","optional","Pinniped axis","marine","marine_binary","SLC28A1",50,"marine_specific","Transport / endocytic / epithelial solute handling",0.128656733732997,-0.891919618248932,-0.114751464836289,0.114751464836289,"negative",30.464184183865,FALSE,4.68409196414607,0.990843494313051,-3.98243194839294
"Otariinae_sampled","Otariinae","B392","B491","internal_clade","optional","Pinniped axis","marine","marine_binary","TOGARAM2",51,"shared","Cilia / flagella / reproductive-cell function",0.129304237042922,-1.487833667982,-0.192383197285185,0.192383197285185,"negative",20.4364565048886,FALSE,4.68409196414607,0.990843494313051,-3.98243194839294
"Otariinae_sampled","Otariinae","B392","B491","internal_clade","optional","Pinniped axis","marine","marine_binary","SSTR4",52,"marine_specific","Endocrine / circadian / systemic regulation",0.137940410562783,4.12200465395837,0.56859101430872,0.56859101430872,"positive",250.168917126396,FALSE,4.68409196414607,0.990843494313051,-3.98243194839294
"Otariinae_sampled","Otariinae","B392","B491","internal_clade","optional","Pinniped axis","marine","marine_binary","CALHM1",53,"marine_specific","Ion channels / mechanosensation / membrane signaling",0.145696679568621,1.88804614028763e-16,2.75082053512258e-17,2.75082053512258e-17,"positive",,TRUE,4.68409196414607,0.990843494313051,-3.98243194839294
"Otariinae_sampled","Otariinae","B392","B491","internal_clade","optional","Pinniped axis","marine","marine_binary","ALOX12B",54,"marine_specific","Epithelial / body-surface interface",0.149753620737968,-2.17584430081126,-0.325840562208559,0.325840562208559,"negative",0,FALSE,4.68409196414607,0.990843494313051,-3.98243194839294
"Otariinae_sampled","Otariinae","B392","B491","internal_clade","optional","Pinniped axis","marine","marine_binary","ESYT3",55,"marine_specific","Membrane trafficking / ER / vesicle processing",0.153832070750976,1.23090267045566,0.189352306689101,0.189352306689101,"positive",114.649603096332,FALSE,4.68409196414607,0.990843494313051,-3.98243194839294
"Otariinae_sampled","Otariinae","B392","B491","internal_clade","optional","Pinniped axis","marine","marine_binary","IL36G",56,"marine_specific","Immune / inflammatory regulation",0.166019839478868,-0.223319011204162,-0.0370753863926945,0.0370753863926945,"negative",47.596951098184,FALSE,4.68409196414607,0.990843494313051,-3.98243194839294
"Otariinae_sampled","Otariinae","B392","B491","internal_clade","optional","Pinniped axis","marine","marine_binary","KRT17",57,"marine_specific","Epithelial / body-surface interface",0.189861649168978,2.25254623279952,0.427672142588687,0.427672142588687,"positive",240.10771993504,FALSE,4.68409196414607,0.990843494313051,-3.98243194839294
"Otariinae_sampled","Otariinae","B392","B491","internal_clade","optional","Pinniped axis","marine","marine_binary","NKPD1",58,"marine_specific","Unassigned / low-confidence",0.230941713295598,0.0197472769145577,0.00456046996357057,0.00456046996357057,"positive",62.2145472310509,FALSE,4.68409196414607,0.990843494313051,-3.98243194839294
"Otariinae_sampled","Otariinae","B392","B491","internal_clade","optional","Pinniped axis","marine","marine_binary","IL33",59,"shared","Immune / inflammatory regulation",0.27044270721607,-1.25623647320033,-0.339739992715866,0.339739992715866,"negative",0,FALSE,4.68409196414607,0.990843494313051,-3.98243194839294
"Otariinae_sampled","Otariinae","B392","B491","internal_clade","optional","Pinniped axis","marine","marine_binary","HOXD10",60,"marine_specific","Developmental / transcriptional signaling regulators",0.28020716230031,-0.60795096148977,-0.170352213736793,0.170352213736793,"negative",0,FALSE,4.68409196414607,0.990843494313051,-3.98243194839294
"Otariinae_sampled","Otariinae","B392","B491","internal_clade","optional","Pinniped axis","marine","marine_binary","OR52W1",61,"shared","Sensory systems",0.282799403614638,1.45509599153175,0.411500278607231,0.411500278607231,"positive",133.676881085925,FALSE,4.68409196414607,0.990843494313051,-3.98243194839294
"Otariinae_sampled","Otariinae","B392","B491","internal_clade","optional","Pinniped axis","marine","marine_binary","HIGD1B",62,"marine_specific","Vascular / hematologic regulation",0.328380050132626,1.3970769234555,0.458772190163452,0.458772190163452,"positive",158.878700139876,FALSE,4.68409196414607,0.990843494313051,-3.98243194839294
"Otariinae_sampled","Otariinae","B392","B491","internal_clade","optional","Pinniped axis","marine","marine_binary","CAPN14",63,"marine_specific","Epithelial / body-surface interface",0.342438899161804,2.81485196360131,0.963914807719074,0.963914807719074,"positive",292.93925904021,FALSE,4.68409196414607,0.990843494313051,-3.98243194839294
"Otariinae_sampled","Otariinae","B392","B491","internal_clade","optional","Pinniped axis","marine","marine_binary","OMP",64,"shared","Sensory systems",0.345615697623917,2.28401197045801,0.789390390551221,0.789390390551221,"positive",312.653282180463,FALSE,4.68409196414607,0.990843494313051,-3.98243194839294
"Otariinae_sampled","Otariinae","B392","B491","internal_clade","optional","Pinniped axis","marine","marine_binary","ACP4",65,"marine_specific","Cytoskeletal / muscle / ECM / adhesion",0.36185377349003,-1.20249539309819,-0.435127495596957,0.435127495596957,"negative",0,FALSE,4.68409196414607,0.990843494313051,-3.98243194839294
"Otariinae_sampled","Otariinae","B392","B491","internal_clade","optional","Pinniped axis","marine","marine_binary","KRTDAP",66,"shared","Epithelial / body-surface interface",0.386565925079529,0.538506601045032,0.208168302394406,0.208168302394406,"positive",116.949398092054,FALSE,4.68409196414607,0.990843494313051,-3.98243194839294
"Otariinae_sampled","Otariinae","B392","B491","internal_clade","optional","Pinniped axis","marine","marine_binary","MYH7B",67,"marine_specific","Cytoskeletal / muscle / ECM / adhesion",0.397856553371577,3.8175256411827,1.51882759400857,1.51882759400857,"positive",180.473471908199,FALSE,4.68409196414607,0.990843494313051,-3.98243194839294
"Otariinae_sampled","Otariinae","B392","B491","internal_clade","optional","Pinniped axis","marine","marine_binary","SDR9C7",68,"shared","Epithelial / body-surface interface",0.409389888665918,-0.312284274108806,-0.127846024209521,0.127846024209521,"negative",41.6994407690272,FALSE,4.68409196414607,0.990843494313051,-3.98243194839294
"Otariinae_sampled","Otariinae","B392","B491","internal_clade","optional","Pinniped axis","marine","marine_binary","KCNK18",69,"shared","Ion channels / mechanosensation / membrane signaling",0.43928773003255,4.27418229221562e-16,1.87759583689272e-16,1.87759583689272e-16,"positive",,TRUE,4.68409196414607,0.990843494313051,-3.98243194839294
"Otariinae_sampled","Otariinae","B392","B491","internal_clade","optional","Pinniped axis","marine","marine_binary","MYH13",70,"marine_specific","Cytoskeletal / muscle / ECM / adhesion",0.480299625271563,2.11524625248677,1.01595198242647,1.01595198242647,"positive",194.611032166142,FALSE,4.68409196414607,0.990843494313051,-3.98243194839294
"Otariinae_sampled","Otariinae","B392","B491","internal_clade","optional","Pinniped axis","marine","marine_binary","TGM3",71,"shared","Epithelial / body-surface interface",0.691315381170856,-0.319027268642501,-0.220548457825487,0.220548457825487,"negative",48.0795712873659,FALSE,4.68409196414607,0.990843494313051,-3.98243194839294
"Sirenia","Sirenia","B26","B313","internal_clade","required","Sirenian / edge context","marine","marine_binary","EPOR",1,"shared","Vascular / hematologic regulation",-0.562386788005208,0.57567988554124,-0.323754761748744,0.323754761748744,"negative",69.2446971478945,FALSE,-3.72801666364514,0.0234760926452579,-3.98243194839294
"Sirenia","Sirenia","B26","B313","internal_clade","required","Sirenian / edge context","marine","marine_binary","TPX2",2,"marine_specific","DNA repair / chromatin / cell-cycle",-0.547364151458345,0.727193324653712,-0.398039557095252,0.398039557095252,"negative",76.091371251105,FALSE,-3.72801666364514,0.0234760926452579,-3.98243194839294
"Sirenia","Sirenia","B26","B313","internal_clade","required","Sirenian / edge context","marine","marine_binary","HGFAC",3,"shared","Vascular / hematologic regulation",-0.314672853107267,0.249108863290005,-0.0783877967457739,0.0783877967457739,"negative",76.04262960798,FALSE,-3.72801666364514,0.0234760926452579,-3.98243194839294
"Sirenia","Sirenia","B26","B313","internal_clade","required","Sirenian / edge context","marine","marine_binary","SYDE1",4,"shared","Cytoskeletal / muscle / ECM / adhesion",-0.314258007626709,-0.0316637023737772,0.00995057202206833,0.00995057202206833,"positive",55.7312288726063,FALSE,-3.72801666364514,0.0234760926452579,-3.98243194839294
"Sirenia","Sirenia","B26","B313","internal_clade","required","Sirenian / edge context","marine","marine_binary","PUSL1",5,"shared","Metabolism / redox / lipid handling",-0.270477624990477,0.61474516335201,-0.166274811757834,0.166274811757834,"negative",74.7707608664297,FALSE,-3.72801666364514,0.0234760926452579,-3.98243194839294
"Sirenia","Sirenia","B26","B313","internal_clade","required","Sirenian / edge context","marine","marine_binary","CATSPERZ",6,"shared","Cilia / flagella / reproductive-cell function",-0.264244206101874,-0.375032437451637,0.0991001486968586,0.0991001486968586,"positive",30.2298996907689,FALSE,-3.72801666364514,0.0234760926452579,-3.98243194839294
"Sirenia","Sirenia","B26","B313","internal_clade","required","Sirenian / edge context","marine","marine_binary","F11",7,"marine_specific","Vascular / hematologic regulation",-0.254306353084796,0.754935058679131,-0.191984781588547,0.191984781588547,"negative",84.9302114928631,FALSE,-3.72801666364514,0.0234760926452579,-3.98243194839294
"Sirenia","Sirenia","B26","B313","internal_clade","required","Sirenian / edge context","marine","marine_binary","WDR93",8,"shared","Cilia / flagella / reproductive-cell function",-0.242927446164409,-0.49855662988697,0.121113088866776,0.121113088866776,"positive",37.7869911038044,FALSE,-3.72801666364514,0.0234760926452579,-3.98243194839294
"Sirenia","Sirenia","B26","B313","internal_clade","required","Sirenian / edge context","marine","marine_binary","CD34",9,"shared","Vascular / hematologic regulation",-0.231912055829233,1.11193508043678,-0.257871150452738,0.257871150452738,"negative",93.1595168582967,FALSE,-3.72801666364514,0.0234760926452579,-3.98243194839294
"Sirenia","Sirenia","B26","B313","internal_clade","required","Sirenian / edge context","marine","marine_binary","ASMTL",10,"shared","Endocrine / circadian / systemic regulation",-0.225475311673798,-7.56170099052134e-16,1.70497688762187e-16,1.70497688762187e-16,"positive",,TRUE,-3.72801666364514,0.0234760926452579,-3.98243194839294
"Sirenia","Sirenia","B26","B313","internal_clade","required","Sirenian / edge context","marine","marine_binary","FN3K",11,"shared","Metabolism / redox / lipid handling",-0.217860441354345,0.492627950974605,-0.107324142822814,0.107324142822814,"negative",67.1904955030115,FALSE,-3.72801666364514,0.0234760926452579,-3.98243194839294
"Sirenia","Sirenia","B26","B313","internal_clade","required","Sirenian / edge context","marine","marine_binary","FANCM",12,"marine_specific","DNA repair / chromatin / cell-cycle",-0.215464965565117,0.0588163382630045,-0.0126728602985045,0.0126728602985045,"negative",57.3654652230962,FALSE,-3.72801666364514,0.0234760926452579,-3.98243194839294
"Sirenia","Sirenia","B26","B313","internal_clade","required","Sirenian / edge context","marine","marine_binary","VEPH1",13,"marine_specific","Developmental / transcriptional signaling regulators",-0.163677799839901,1.66316646075573,-0.272223427064013,0.272223427064013,"negative",113.971536777471,FALSE,-3.72801666364514,0.0234760926452579,-3.98243194839294
"Sirenia","Sirenia","B26","B313","internal_clade","required","Sirenian / edge context","marine","marine_binary","APH1B",14,"marine_specific","Membrane trafficking / ER / vesicle processing",-0.152260877432123,0.913131742623263,-0.139034240342942,0.139034240342942,"negative",100.760453799129,FALSE,-3.72801666364514,0.0234760926452579,-3.98243194839294
"Sirenia","Sirenia","B26","B313","internal_clade","required","Sirenian / edge context","marine","marine_binary","CREB3L3",15,"marine_specific","Endocrine / circadian / systemic regulation",-0.150758430810258,1.13569127184439,-0.171215034028167,0.171215034028167,"negative",87.3375674954694,FALSE,-3.72801666364514,0.0234760926452579,-3.98243194839294
"Sirenia","Sirenia","B26","B313","internal_clade","required","Sirenian / edge context","marine","marine_binary","POLG",16,"marine_specific","DNA repair / chromatin / cell-cycle",-0.124940186455302,0.110817597091643,-0.0138455712431584,0.0138455712431584,"negative",59.8384487535037,FALSE,-3.72801666364514,0.0234760926452579,-3.98243194839294
"Sirenia","Sirenia","B26","B313","internal_clade","required","Sirenian / edge context","marine","marine_binary","RARS1",17,"marine_specific","RNA processing / translation / protein homeostasis",-0.115426630752885,-0.0988880897683538,0.0114143190235499,0.0114143190235499,"positive",52.1400363766621,FALSE,-3.72801666364514,0.0234760926452579,-3.98243194839294
"Sirenia","Sirenia","B26","B313","internal_clade","required","Sirenian / edge context","marine","marine_binary","FAM234A",18,"marine_specific","Unassigned / low-confidence",-0.108556846491888,1.01255158360162,-0.109919406826159,0.109919406826159,"negative",83.3670505441144,FALSE,-3.72801666364514,0.0234760926452579,-3.98243194839294
"Sirenia","Sirenia","B26","B313","internal_clade","required","Sirenian / edge context","marine","marine_binary","TREM2",19,"marine_specific","Immune / inflammatory regulation",-0.0898257166079112,0.202298318367603,-0.0181715914159453,0.0181715914159453,"negative",60.2601970412063,FALSE,-3.72801666364514,0.0234760926452579,-3.98243194839294
"Sirenia","Sirenia","B26","B313","internal_clade","required","Sirenian / edge context","marine","marine_binary","ATG2A",20,"marine_specific","Membrane trafficking / ER / vesicle processing",-0.0892133442112914,1.22024509153412,-0.108862145373172,0.108862145373172,"negative",82.091282788899,FALSE,-3.72801666364514,0.0234760926452579,-3.98243194839294
"Sirenia","Sirenia","B26","B313","internal_clade","required","Sirenian / edge context","marine","marine_binary","NUBP2",21,"shared","Metabolism / redox / lipid handling",-0.0844817154354269,1.08597349730652,-0.0917449039698651,0.0917449039698651,"negative",96.6777084400307,FALSE,-3.72801666364514,0.0234760926452579,-3.98243194839294
"Sirenia","Sirenia","B26","B313","internal_clade","required","Sirenian / edge context","marine","marine_binary","SF3B3",22,"marine_specific","RNA processing / translation / protein homeostasis",-0.0727218763044334,0.310303633032421,-0.0225658624182,0.0225658624182,"negative",67.3739461184992,FALSE,-3.72801666364514,0.0234760926452579,-3.98243194839294
"Sirenia","Sirenia","B26","B313","internal_clade","required","Sirenian / edge context","marine","marine_binary","RTL4",23,"marine_specific","Unassigned / low-confidence",-0.0665426884505536,-0.655554116259465,0.0436223333207316,0.0436223333207316,"positive",29.0776504374529,FALSE,-3.72801666364514,0.0234760926452579,-3.98243194839294
"Sirenia","Sirenia","B26","B313","internal_clade","required","Sirenian / edge context","marine","marine_binary","SOX7",24,"shared","Developmental / transcriptional signaling regulators",-0.0651622513698966,0.479126957298485,-0.0312209912295776,0.0312209912295776,"negative",72.3974657166667,FALSE,-3.72801666364514,0.0234760926452579,-3.98243194839294
"Sirenia","Sirenia","B26","B313","internal_clade","required","Sirenian / edge context","marine","marine_binary","CTD_3088G3",25,"marine_specific","Unassigned / low-confidence",-0.0645538212784956,-4.32918554453808e-15,2.79465469923558e-16,2.79465469923558e-16,"positive",,TRUE,-3.72801666364514,0.0234760926452579,-3.98243194839294
"Sirenia","Sirenia","B26","B313","internal_clade","required","Sirenian / edge context","marine","marine_binary","COL4A1",26,"marine_specific","Cytoskeletal / muscle / ECM / adhesion",-0.0505715443318336,0.499483333992583,-0.025259643568018,0.025259643568018,"negative",69.8276980587355,FALSE,-3.72801666364514,0.0234760926452579,-3.98243194839294
"Sirenia","Sirenia","B26","B313","internal_clade","required","Sirenian / edge context","marine","marine_binary","IDUA",27,"marine_specific","Metabolism / redox / lipid handling",-0.0503352858652507,0.45945808565823,-0.0231269540847078,0.0231269540847078,"negative",73.2387175574355,FALSE,-3.72801666364514,0.0234760926452579,-3.98243194839294
"Sirenia","Sirenia","B26","B313","internal_clade","required","Sirenian / edge context","marine","marine_binary","CYP21A2",28,"marine_specific","Endocrine / circadian / systemic regulation",-0.0450852911002748,0.255870135097154,-0.0115359795247218,0.0115359795247218,"negative",68.5397332292414,FALSE,-3.72801666364514,0.0234760926452579,-3.98243194839294
"Sirenia","Sirenia","B26","B313","internal_clade","required","Sirenian / edge context","marine","marine_binary","ACVR1",29,"marine_specific","Developmental / transcriptional signaling regulators",-0.0383732664782303,-0.492646837045371,0.0189044683575994,0.0189044683575994,"positive",37.7875525553616,FALSE,-3.72801666364514,0.0234760926452579,-3.98243194839294
"Sirenia","Sirenia","B26","B313","internal_clade","required","Sirenian / edge context","marine","marine_binary","KEL",30,"marine_specific","Vascular / hematologic regulation",-0.0377052256901275,1.76711813639685,-0.0666295881539608,0.0666295881539608,"negative",122.039722352797,FALSE,-3.72801666364514,0.0234760926452579,-3.98243194839294
"Sirenia","Sirenia","B26","B313","internal_clade","required","Sirenian / edge context","marine","marine_binary","CATSPER4",31,"marine_specific","Cilia / flagella / reproductive-cell function",-0.0348617965707268,-0.386089760082355,0.0134597826740318,0.0134597826740318,"positive",38.2974434939394,FALSE,-3.72801666364514,0.0234760926452579,-3.98243194839294
"Sirenia","Sirenia","B26","B313","internal_clade","required","Sirenian / edge context","marine","marine_binary","DCXR",32,"marine_specific","Metabolism / redox / lipid handling",-0.0329559416768714,0.222637978489743,-0.00733724423416452,0.00733724423416452,"negative",90.5774341404273,FALSE,-3.72801666364514,0.0234760926452579,-3.98243194839294
"Sirenia","Sirenia","B26","B313","internal_clade","required","Sirenian / edge context","marine","marine_binary","RDH12",33,"marine_specific","Sensory systems",-0.0319401455848149,0.378607205360775,-0.0120927692586831,0.0120927692586831,"negative",67.6369461572046,FALSE,-3.72801666364514,0.0234760926452579,-3.98243194839294
"Sirenia","Sirenia","B26","B313","internal_clade","required","Sirenian / edge context","marine","marine_binary","BAK1",34,"marine_specific","Membrane trafficking / ER / vesicle processing",-0.0220699887647022,2.14637651380737,-0.0473705055445492,0.0473705055445492,"negative",136.164057180449,FALSE,-3.72801666364514,0.0234760926452579,-3.98243194839294
"Sirenia","Sirenia","B26","B313","internal_clade","required","Sirenian / edge context","marine","marine_binary","PECAM1",35,"marine_specific","Vascular / hematologic regulation",-0.00822384288509239,1.19460879504699,-0.00982427503961595,0.00982427503961595,"negative",77.7637847736775,FALSE,-3.72801666364514,0.0234760926452579,-3.98243194839294
"Sirenia","Sirenia","B26","B313","internal_clade","required","Sirenian / edge context","marine","marine_binary","ASH2L",36,"marine_specific","DNA repair / chromatin / cell-cycle",-0.00671137272561463,0.362451840364482,-0.00243254939577101,0.00243254939577101,"negative",70.6014407524491,FALSE,-3.72801666364514,0.0234760926452579,-3.98243194839294
"Sirenia","Sirenia","B26","B313","internal_clade","required","Sirenian / edge context","marine","marine_binary","STMN4",37,"marine_specific","Sensory systems",-0.00252384447419297,-0.164729426243036,0.000415751452160467,0.000415751452160467,"positive",49.5626513125628,FALSE,-3.72801666364514,0.0234760926452579,-3.98243194839294
"Sirenia","Sirenia","B26","B313","internal_clade","required","Sirenian / edge context","marine","marine_binary","OR10G3",38,"marine_specific","Sensory systems",0.0313624648344271,-0.181475594461552,-0.0056915219496072,0.0056915219496072,"negative",68.4256173605384,FALSE,-3.72801666364514,0.0234760926452579,-3.98243194839294
"Sirenia","Sirenia","B26","B313","internal_clade","required","Sirenian / edge context","marine","marine_binary","TGM1",39,"shared","Epithelial / body-surface interface",0.0321438716739072,1.44914456377945,0.046581116895067,0.046581116895067,"positive",104.129574950696,FALSE,-3.72801666364514,0.0234760926452579,-3.98243194839294
"Sirenia","Sirenia","B26","B313","internal_clade","required","Sirenian / edge context","marine","marine_binary","SLC2A7",40,"marine_specific","Transport / endocytic / epithelial solute handling",0.0382557135453081,0.499714069263178,0.0191169182882924,0.0191169182882924,"positive",57.8148344846104,FALSE,-3.72801666364514,0.0234760926452579,-3.98243194839294
"Sirenia","Sirenia","B26","B313","internal_clade","required","Sirenian / edge context","marine","marine_binary","NR2C2AP",41,"marine_specific","Developmental / transcriptional signaling regulators",0.0628652617594018,1.4346123150472,0.0901872787087037,0.0901872787087037,"positive",147.919188133838,FALSE,-3.72801666364514,0.0234760926452579,-3.98243194839294
"Sirenia","Sirenia","B26","B313","internal_clade","required","Sirenian / edge context","marine","marine_binary","CAPN13",42,"marine_specific","Unassigned / low-confidence",0.0728829596448735,-0.0178209583868658,-0.00129884419094291,0.00129884419094291,"negative",61.8282712221363,FALSE,-3.72801666364514,0.0234760926452579,-3.98243194839294
"Sirenia","Sirenia","B26","B313","internal_clade","required","Sirenian / edge context","marine","marine_binary","TGM5",43,"marine_specific","Epithelial / body-surface interface",0.0730096499546588,0.704327740547451,0.0514227217907252,0.0514227217907252,"positive",95.3018636402851,FALSE,-3.72801666364514,0.0234760926452579,-3.98243194839294
"Sirenia","Sirenia","B26","B313","internal_clade","required","Sirenian / edge context","marine","marine_binary","TRIM66",44,"marine_specific","DNA repair / chromatin / cell-cycle",0.0785377211171152,-0.235707938676327,-0.0185119643528515,0.0185119643528515,"negative",55.8087468149621,FALSE,-3.72801666364514,0.0234760926452579,-3.98243194839294
"Sirenia","Sirenia","B26","B313","internal_clade","required","Sirenian / edge context","marine","marine_binary","RNF224",45,"marine_specific","Developmental / transcriptional signaling regulators",0.0826571992947204,-0.378512391989905,-0.0312867742202309,0.0312867742202309,"negative",47.1479790347772,FALSE,-3.72801666364514,0.0234760926452579,-3.98243194839294
"Sirenia","Sirenia","B26","B313","internal_clade","required","Sirenian / edge context","marine","marine_binary","COL20A1",46,"shared","Cytoskeletal / muscle / ECM / adhesion",0.0921292718400568,1.09990489816915,0.101333437361636,0.101333437361636,"positive",104.248922125358,FALSE,-3.72801666364514,0.0234760926452579,-3.98243194839294
"Sirenia","Sirenia","B26","B313","internal_clade","required","Sirenian / edge context","marine","marine_binary","PNPLA7",47,"shared","Metabolism / redox / lipid handling",0.10673604147477,0.096037185040801,0.0102506289656351,0.0102506289656351,"positive",66.6184171864091,FALSE,-3.72801666364514,0.0234760926452579,-3.98243194839294
"Sirenia","Sirenia","B26","B313","internal_clade","required","Sirenian / edge context","marine","marine_binary","DBNL",48,"shared","Cytoskeletal / muscle / ECM / adhesion",0.109704318050152,0.371746958530518,0.0407822465728084,0.0407822465728084,"positive",80.0840112262145,FALSE,-3.72801666364514,0.0234760926452579,-3.98243194839294
"Sirenia","Sirenia","B26","B313","internal_clade","required","Sirenian / edge context","marine","marine_binary","OR6B1",49,"shared","Sensory systems",0.111781295712533,-0.074855077555705,-0.00836739755983887,0.00836739755983887,"negative",77.6047487783188,FALSE,-3.72801666364514,0.0234760926452579,-3.98243194839294
"Sirenia","Sirenia","B26","B313","internal_clade","required","Sirenian / edge context","marine","marine_binary","SLC28A1",50,"marine_specific","Transport / endocytic / epithelial solute handling",0.128656733732997,0.110126616438446,0.014168530768037,0.014168530768037,"positive",61.6304133028244,FALSE,-3.72801666364514,0.0234760926452579,-3.98243194839294
"Sirenia","Sirenia","B26","B313","internal_clade","required","Sirenian / edge context","marine","marine_binary","TOGARAM2",51,"shared","Cilia / flagella / reproductive-cell function",0.129304237042922,-0.199061688774156,-0.0257395197914179,0.0257395197914179,"negative",66.1336935284224,FALSE,-3.72801666364514,0.0234760926452579,-3.98243194839294
"Sirenia","Sirenia","B26","B313","internal_clade","required","Sirenian / edge context","marine","marine_binary","SSTR4",52,"marine_specific","Endocrine / circadian / systemic regulation",0.137940410562783,-9.11423443282958e-15,-1.25722123962997e-15,1.25722123962997e-15,"negative",,TRUE,-3.72801666364514,0.0234760926452579,-3.98243194839294
"Sirenia","Sirenia","B26","B313","internal_clade","required","Sirenian / edge context","marine","marine_binary","CALHM1",53,"marine_specific","Ion channels / mechanosensation / membrane signaling",0.145696679568621,-0.286466966200674,-0.0417372857815345,0.0417372857815345,"negative",62.4244643671116,FALSE,-3.72801666364514,0.0234760926452579,-3.98243194839294
"Sirenia","Sirenia","B26","B313","internal_clade","required","Sirenian / edge context","marine","marine_binary","ALOX12B",54,"marine_specific","Epithelial / body-surface interface",0.149753620737968,0.860075813619587,0.128799467198687,0.128799467198687,"positive",78.1700325202729,FALSE,-3.72801666364514,0.0234760926452579,-3.98243194839294
"Sirenia","Sirenia","B26","B313","internal_clade","required","Sirenian / edge context","marine","marine_binary","ESYT3",55,"marine_specific","Membrane trafficking / ER / vesicle processing",0.153832070750976,-0.220660423710459,-0.0339446499121678,0.0339446499121678,"negative",59.0066423753557,FALSE,-3.72801666364514,0.0234760926452579,-3.98243194839294
"Sirenia","Sirenia","B26","B313","internal_clade","required","Sirenian / edge context","marine","marine_binary","IL36G",56,"marine_specific","Immune / inflammatory regulation",0.166019839478868,0.10439980266958,0.0173324384808292,0.0173324384808292,"positive",76.9397751127355,FALSE,-3.72801666364514,0.0234760926452579,-3.98243194839294
"Sirenia","Sirenia","B26","B313","internal_clade","required","Sirenian / edge context","marine","marine_binary","KRT17",57,"marine_specific","Epithelial / body-surface interface",0.189861649168978,0.461870631509083,0.087691519801032,0.087691519801032,"positive",111.061377522196,FALSE,-3.72801666364514,0.0234760926452579,-3.98243194839294
"Sirenia","Sirenia","B26","B313","internal_clade","required","Sirenian / edge context","marine","marine_binary","NKPD1",58,"marine_specific","Unassigned / low-confidence",0.230941713295598,-8.24683525220817e-16,-1.90453826241149e-16,1.90453826241149e-16,"negative",,TRUE,-3.72801666364514,0.0234760926452579,-3.98243194839294
"Sirenia","Sirenia","B26","B313","internal_clade","required","Sirenian / edge context","marine","marine_binary","IL33",59,"shared","Immune / inflammatory regulation",0.27044270721607,1.49209879308934,0.403527237036912,0.403527237036912,"positive",94.8050338446129,FALSE,-3.72801666364514,0.0234760926452579,-3.98243194839294
"Sirenia","Sirenia","B26","B313","internal_clade","required","Sirenian / edge context","marine","marine_binary","HOXD10",60,"marine_specific","Developmental / transcriptional signaling regulators",0.28020716230031,0.325477259942109,0.0912010594016587,0.0912010594016587,"positive",146.057627026926,FALSE,-3.72801666364514,0.0234760926452579,-3.98243194839294
"Sirenia","Sirenia","B26","B313","internal_clade","required","Sirenian / edge context","marine","marine_binary","OR52W1",61,"shared","Sensory systems",0.282799403614638,-0.144199464259584,-0.0407795224941607,0.0407795224941607,"negative",65.7047533947569,FALSE,-3.72801666364514,0.0234760926452579,-3.98243194839294
"Sirenia","Sirenia","B26","B313","internal_clade","required","Sirenian / edge context","marine","marine_binary","HIGD1B",62,"marine_specific","Vascular / hematologic regulation",0.328380050132626,0.1276951996108,0.0419325560498902,0.0419325560498902,"positive",73.605742777833,FALSE,-3.72801666364514,0.0234760926452579,-3.98243194839294
"Sirenia","Sirenia","B26","B313","internal_clade","required","Sirenian / edge context","marine","marine_binary","CAPN14",63,"marine_specific","Epithelial / body-surface interface",0.342438899161804,-6.15064324466922e-16,-2.10621950184151e-16,2.10621950184151e-16,"negative",,TRUE,-3.72801666364514,0.0234760926452579,-3.98243194839294
"Sirenia","Sirenia","B26","B313","internal_clade","required","Sirenian / edge context","marine","marine_binary","OMP",64,"shared","Sensory systems",0.345615697623917,0.00351083901684515,0.0012134010760522,0.0012134010760522,"positive",84.1852811692156,FALSE,-3.72801666364514,0.0234760926452579,-3.98243194839294
"Sirenia","Sirenia","B26","B313","internal_clade","required","Sirenian / edge context","marine","marine_binary","ACP4",65,"marine_specific","Cytoskeletal / muscle / ECM / adhesion",0.36185377349003,0.0441691385522613,0.0159827694569397,0.0159827694569397,"positive",67.7969958609878,FALSE,-3.72801666364514,0.0234760926452579,-3.98243194839294
"Sirenia","Sirenia","B26","B313","internal_clade","required","Sirenian / edge context","marine","marine_binary","KRTDAP",66,"shared","Epithelial / body-surface interface",0.386565925079529,0.62686937948906,0.242326341586219,0.242326341586219,"positive",124.695021599122,FALSE,-3.72801666364514,0.0234760926452579,-3.98243194839294
"Sirenia","Sirenia","B26","B313","internal_clade","required","Sirenian / edge context","marine","marine_binary","MYH7B",67,"marine_specific","Cytoskeletal / muscle / ECM / adhesion",0.397856553371577,-0.135713802147136,-0.0539946255672115,0.0539946255672115,"negative",62.3336995482275,FALSE,-3.72801666364514,0.0234760926452579,-3.98243194839294
"Sirenia","Sirenia","B26","B313","internal_clade","required","Sirenian / edge context","marine","marine_binary","SDR9C7",68,"shared","Epithelial / body-surface interface",0.409389888665918,1.25606266589364,0.514219354947612,0.514219354947612,"positive",111.28735747779,FALSE,-3.72801666364514,0.0234760926452579,-3.98243194839294
"Sirenia","Sirenia","B26","B313","internal_clade","required","Sirenian / edge context","marine","marine_binary","KCNK18",69,"shared","Ion channels / mechanosensation / membrane signaling",0.43928773003255,4.27418229221562e-16,1.87759583689272e-16,1.87759583689272e-16,"positive",,TRUE,-3.72801666364514,0.0234760926452579,-3.98243194839294
"Sirenia","Sirenia","B26","B313","internal_clade","required","Sirenian / edge context","marine","marine_binary","MYH13",70,"marine_specific","Cytoskeletal / muscle / ECM / adhesion",0.480299625271563,-1.0991104797289e-15,-5.27902351545841e-16,5.27902351545841e-16,"negative",,TRUE,-3.72801666364514,0.0234760926452579,-3.98243194839294
"Sirenia","Sirenia","B26","B313","internal_clade","required","Sirenian / edge context","marine","marine_binary","TGM3",71,"shared","Epithelial / body-surface interface",0.691315381170856,1.44715490822502,1.00044044699286,1.00044044699286,"positive",108.810572191605,FALSE,-3.72801666364514,0.0234760926452579,-3.98243194839294
"Dugong_plus_Hydrodamalis","Dugong + Hydrodamalis","B25","B312","internal_clade","required","Sirenian / edge context","marine","marine_binary","EPOR",1,"shared","Vascular / hematologic regulation",-0.562386788005208,1.26649833692855,-0.712261931719188,0.712261931719188,"negative",89.4133338882731,FALSE,-6.20209777712025,0.00202108474946746,-3.98243194839294
"Dugong_plus_Hydrodamalis","Dugong + Hydrodamalis","B25","B312","internal_clade","required","Sirenian / edge context","marine","marine_binary","TPX2",2,"marine_specific","DNA repair / chromatin / cell-cycle",-0.547364151458345,2.60533077025585,-1.42606466632941,1.42606466632941,"negative",137.887252769372,FALSE,-6.20209777712025,0.00202108474946746,-3.98243194839294
"Dugong_plus_Hydrodamalis","Dugong + Hydrodamalis","B25","B312","internal_clade","required","Sirenian / edge context","marine","marine_binary","HGFAC",3,"shared","Vascular / hematologic regulation",-0.314672853107267,0.53453366461062,-0.168203233324907,0.168203233324907,"negative",88.5221255786282,FALSE,-6.20209777712025,0.00202108474946746,-3.98243194839294
"Dugong_plus_Hydrodamalis","Dugong + Hydrodamalis","B25","B312","internal_clade","required","Sirenian / edge context","marine","marine_binary","SYDE1",4,"shared","Cytoskeletal / muscle / ECM / adhesion",-0.314258007626709,0.304178555736146,-0.0955905468884112,0.0955905468884112,"negative",64.7074616688742,FALSE,-6.20209777712025,0.00202108474946746,-3.98243194839294
"Dugong_plus_Hydrodamalis","Dugong + Hydrodamalis","B25","B312","internal_clade","required","Sirenian / edge context","marine","marine_binary","PUSL1",5,"shared","Metabolism / redox / lipid handling",-0.270477624990477,-0.616403178757511,0.166723267826912,0.166723267826912,"positive",34.4948605771017,FALSE,-6.20209777712025,0.00202108474946746,-3.98243194839294
"Dugong_plus_Hydrodamalis","Dugong + Hydrodamalis","B25","B312","internal_clade","required","Sirenian / edge context","marine","marine_binary","CATSPERZ",6,"shared","Cilia / flagella / reproductive-cell function",-0.264244206101874,-0.509322106478407,0.134585415676521,0.134585415676521,"positive",25.1005100976458,FALSE,-6.20209777712025,0.00202108474946746,-3.98243194839294
"Dugong_plus_Hydrodamalis","Dugong + Hydrodamalis","B25","B312","internal_clade","required","Sirenian / edge context","marine","marine_binary","F11",7,"marine_specific","Vascular / hematologic regulation",-0.254306353084796,2.218021381542e-16,-5.64056928604049e-17,5.64056928604049e-17,"negative",,TRUE,-6.20209777712025,0.00202108474946746,-3.98243194839294
"Dugong_plus_Hydrodamalis","Dugong + Hydrodamalis","B25","B312","internal_clade","required","Sirenian / edge context","marine","marine_binary","WDR93",8,"shared","Cilia / flagella / reproductive-cell function",-0.242927446164409,-1.09992560252131e-15,2.67202117591351e-16,2.67202117591351e-16,"positive",,TRUE,-6.20209777712025,0.00202108474946746,-3.98243194839294
"Dugong_plus_Hydrodamalis","Dugong + Hydrodamalis","B25","B312","internal_clade","required","Sirenian / edge context","marine","marine_binary","CD34",9,"shared","Vascular / hematologic regulation",-0.231912055829233,-2.06332017933569e-16,4.78508824623681e-17,4.78508824623681e-17,"positive",,TRUE,-6.20209777712025,0.00202108474946746,-3.98243194839294
"Dugong_plus_Hydrodamalis","Dugong + Hydrodamalis","B25","B312","internal_clade","required","Sirenian / edge context","marine","marine_binary","ASMTL",10,"shared","Endocrine / circadian / systemic regulation",-0.225475311673798,-7.56170099052134e-16,1.70497688762187e-16,1.70497688762187e-16,"positive",,TRUE,-6.20209777712025,0.00202108474946746,-3.98243194839294
"Dugong_plus_Hydrodamalis","Dugong + Hydrodamalis","B25","B312","internal_clade","required","Sirenian / edge context","marine","marine_binary","FN3K",11,"shared","Metabolism / redox / lipid handling",-0.217860441354345,-0.548596921563606,0.119517567457482,0.119517567457482,"positive",31.8281344546161,FALSE,-6.20209777712025,0.00202108474946746,-3.98243194839294
"Dugong_plus_Hydrodamalis","Dugong + Hydrodamalis","B25","B312","internal_clade","required","Sirenian / edge context","marine","marine_binary","FANCM",12,"marine_specific","DNA repair / chromatin / cell-cycle",-0.215464965565117,6.35581915232807e-16,-1.36945635479448e-16,1.36945635479448e-16,"negative",,TRUE,-6.20209777712025,0.00202108474946746,-3.98243194839294
"Dugong_plus_Hydrodamalis","Dugong + Hydrodamalis","B25","B312","internal_clade","required","Sirenian / edge context","marine","marine_binary","VEPH1",13,"marine_specific","Developmental / transcriptional signaling regulators",-0.163677799839901,2.25133950321112e-16,-3.68494296578253e-17,3.68494296578253e-17,"negative",,TRUE,-6.20209777712025,0.00202108474946746,-3.98243194839294
"Dugong_plus_Hydrodamalis","Dugong + Hydrodamalis","B25","B312","internal_clade","required","Sirenian / edge context","marine","marine_binary","APH1B",14,"marine_specific","Membrane trafficking / ER / vesicle processing",-0.152260877432123,1.1544469310121,-0.175777102664723,0.175777102664723,"negative",112.767378020612,FALSE,-6.20209777712025,0.00202108474946746,-3.98243194839294
"Dugong_plus_Hydrodamalis","Dugong + Hydrodamalis","B25","B312","internal_clade","required","Sirenian / edge context","marine","marine_binary","CREB3L3",15,"marine_specific","Endocrine / circadian / systemic regulation",-0.150758430810258,9.39584365855774e-16,-1.41650264610268e-16,1.41650264610268e-16,"negative",,TRUE,-6.20209777712025,0.00202108474946746,-3.98243194839294
"Dugong_plus_Hydrodamalis","Dugong + Hydrodamalis","B25","B312","internal_clade","required","Sirenian / edge context","marine","marine_binary","POLG",16,"marine_specific","DNA repair / chromatin / cell-cycle",-0.124940186455302,0.896247585863142,-0.111977340487855,0.111977340487855,"negative",78.2715273251651,FALSE,-6.20209777712025,0.00202108474946746,-3.98243194839294
"Dugong_plus_Hydrodamalis","Dugong + Hydrodamalis","B25","B312","internal_clade","required","Sirenian / edge context","marine","marine_binary","RARS1",17,"marine_specific","RNA processing / translation / protein homeostasis",-0.115426630752885,-0.0622275359471383,0.00718271481443222,0.00718271481443222,"positive",53.530713458558,FALSE,-6.20209777712025,0.00202108474946746,-3.98243194839294
"Dugong_plus_Hydrodamalis","Dugong + Hydrodamalis","B25","B312","internal_clade","required","Sirenian / edge context","marine","marine_binary","FAM234A",18,"marine_specific","Unassigned / low-confidence",-0.108556846491888,-0.555490917805459,0.0603023422918453,0.0603023422918453,"positive",40.7203135670992,FALSE,-6.20209777712025,0.00202108474946746,-3.98243194839294
"Dugong_plus_Hydrodamalis","Dugong + Hydrodamalis","B25","B312","internal_clade","required","Sirenian / edge context","marine","marine_binary","TREM2",19,"marine_specific","Immune / inflammatory regulation",-0.0898257166079112,0.0646634050353588,-0.00580843669560871,0.00580843669560871,"negative",55.6318073247728,FALSE,-6.20209777712025,0.00202108474946746,-3.98243194839294
"Dugong_plus_Hydrodamalis","Dugong + Hydrodamalis","B25","B312","internal_clade","required","Sirenian / edge context","marine","marine_binary","ATG2A",20,"marine_specific","Membrane trafficking / ER / vesicle processing",-0.0892133442112914,-1.60705198039265,0.143370481492207,0.143370481492207,"positive",29.5009603896765,FALSE,-6.20209777712025,0.00202108474946746,-3.98243194839294
"Dugong_plus_Hydrodamalis","Dugong + Hydrodamalis","B25","B312","internal_clade","required","Sirenian / edge context","marine","marine_binary","NUBP2",21,"shared","Metabolism / redox / lipid handling",-0.0844817154354269,-1.07501921859528,0.0908194677129815,0.0908194677129815,"positive",16.9321531357258,FALSE,-6.20209777712025,0.00202108474946746,-3.98243194839294
"Dugong_plus_Hydrodamalis","Dugong + Hydrodamalis","B25","B312","internal_clade","required","Sirenian / edge context","marine","marine_binary","SF3B3",22,"marine_specific","RNA processing / translation / protein homeostasis",-0.0727218763044334,2.38972642072912e-16,-1.73785389169699e-17,1.73785389169699e-17,"negative",,TRUE,-6.20209777712025,0.00202108474946746,-3.98243194839294
"Dugong_plus_Hydrodamalis","Dugong + Hydrodamalis","B25","B312","internal_clade","required","Sirenian / edge context","marine","marine_binary","RTL4",23,"marine_specific","Unassigned / low-confidence",-0.0665426884505536,9.13308202877006e-16,-6.07739832033796e-17,6.07739832033796e-17,"negative",,TRUE,-6.20209777712025,0.00202108474946746,-3.98243194839294
"Dugong_plus_Hydrodamalis","Dugong + Hydrodamalis","B25","B312","internal_clade","required","Sirenian / edge context","marine","marine_binary","SOX7",24,"shared","Developmental / transcriptional signaling regulators",-0.0651622513698966,-9.68265284129606e-16,6.30943458371978e-17,6.30943458371978e-17,"positive",,TRUE,-6.20209777712025,0.00202108474946746,-3.98243194839294
"Dugong_plus_Hydrodamalis","Dugong + Hydrodamalis","B25","B312","internal_clade","required","Sirenian / edge context","marine","marine_binary","CTD_3088G3",25,"marine_specific","Unassigned / low-confidence",-0.0645538212784956,-4.32918554453808e-15,2.79465469923558e-16,2.79465469923558e-16,"positive",,TRUE,-6.20209777712025,0.00202108474946746,-3.98243194839294
"Dugong_plus_Hydrodamalis","Dugong + Hydrodamalis","B25","B312","internal_clade","required","Sirenian / edge context","marine","marine_binary","COL4A1",26,"marine_specific","Cytoskeletal / muscle / ECM / adhesion",-0.0505715443318336,-9.2256887516661e-16,4.66557327696581e-17,4.66557327696581e-17,"positive",,TRUE,-6.20209777712025,0.00202108474946746,-3.98243194839294
"Dugong_plus_Hydrodamalis","Dugong + Hydrodamalis","B25","B312","internal_clade","required","Sirenian / edge context","marine","marine_binary","IDUA",27,"marine_specific","Metabolism / redox / lipid handling",-0.0503352858652507,0.053683987616204,-0.0027021988630482,0.0027021988630482,"negative",61.6081217903485,FALSE,-6.20209777712025,0.00202108474946746,-3.98243194839294
"Dugong_plus_Hydrodamalis","Dugong + Hydrodamalis","B25","B312","internal_clade","required","Sirenian / edge context","marine","marine_binary","CYP21A2",28,"marine_specific","Endocrine / circadian / systemic regulation",-0.0450852911002748,-0.676815510363878,0.0305144243059365,0.0305144243059365,"positive",20.9315422025303,FALSE,-6.20209777712025,0.00202108474946746,-3.98243194839294
"Dugong_plus_Hydrodamalis","Dugong + Hydrodamalis","B25","B312","internal_clade","required","Sirenian / edge context","marine","marine_binary","ACVR1",29,"marine_specific","Developmental / transcriptional signaling regulators",-0.0383732664782303,1.9254466322981e-16,-7.38856767107864e-18,7.38856767107864e-18,"negative",,TRUE,-6.20209777712025,0.00202108474946746,-3.98243194839294
"Dugong_plus_Hydrodamalis","Dugong + Hydrodamalis","B25","B312","internal_clade","required","Sirenian / edge context","marine","marine_binary","KEL",30,"marine_specific","Vascular / hematologic regulation",-0.0377052256901275,1.32882486325159e-15,-5.0103641371554e-17,5.0103641371554e-17,"negative",,TRUE,-6.20209777712025,0.00202108474946746,-3.98243194839294
"Dugong_plus_Hydrodamalis","Dugong + Hydrodamalis","B25","B312","internal_clade","required","Sirenian / edge context","marine","marine_binary","CATSPER4",31,"marine_specific","Cilia / flagella / reproductive-cell function",-0.0348617965707268,-0.256881872341087,0.00895536357626238,0.00895536357626238,"positive",43.8460101336493,FALSE,-6.20209777712025,0.00202108474946746,-3.98243194839294
"Dugong_plus_Hydrodamalis","Dugong + Hydrodamalis","B25","B312","internal_clade","required","Sirenian / edge context","marine","marine_binary","DCXR",32,"marine_specific","Metabolism / redox / lipid handling",-0.0329559416768714,-0.2416398355391,0.00796346832683539,0.00796346832683539,"positive",33.1150362099901,FALSE,-6.20209777712025,0.00202108474946746,-3.98243194839294
"Dugong_plus_Hydrodamalis","Dugong + Hydrodamalis","B25","B312","internal_clade","required","Sirenian / edge context","marine","marine_binary","RDH12",33,"marine_specific","Sensory systems",-0.0319401455848149,-1.03128420876345,0.0329393677672251,0.0329393677672251,"positive",12.568257573478,FALSE,-6.20209777712025,0.00202108474946746,-3.98243194839294
"Dugong_plus_Hydrodamalis","Dugong + Hydrodamalis","B25","B312","internal_clade","required","Sirenian / edge context","marine","marine_binary","BAK1",34,"marine_specific","Membrane trafficking / ER / vesicle processing",-0.0220699887647022,-0.254394015265998,0.00561447305872805,0.00561447305872805,"positive",39.0576144255947,FALSE,-6.20209777712025,0.00202108474946746,-3.98243194839294
"Dugong_plus_Hydrodamalis","Dugong + Hydrodamalis","B25","B312","internal_clade","required","Sirenian / edge context","marine","marine_binary","PECAM1",35,"marine_specific","Vascular / hematologic regulation",-0.00822384288509239,8.57324493713752e-16,-7.05050193784327e-18,7.05050193784327e-18,"negative",,TRUE,-6.20209777712025,0.00202108474946746,-3.98243194839294
"Dugong_plus_Hydrodamalis","Dugong + Hydrodamalis","B25","B312","internal_clade","required","Sirenian / edge context","marine","marine_binary","ASH2L",36,"marine_specific","DNA repair / chromatin / cell-cycle",-0.00671137272561463,9.91594659200992e-16,-6.65496135062667e-18,6.65496135062667e-18,"negative",,TRUE,-6.20209777712025,0.00202108474946746,-3.98243194839294
"Dugong_plus_Hydrodamalis","Dugong + Hydrodamalis","B25","B312","internal_clade","required","Sirenian / edge context","marine","marine_binary","STMN4",37,"marine_specific","Sensory systems",-0.00252384447419297,-0.355277476012964,0.000896665094640546,0.000896665094640546,"positive",36.7513143378112,FALSE,-6.20209777712025,0.00202108474946746,-3.98243194839294
"Dugong_plus_Hydrodamalis","Dugong + Hydrodamalis","B25","B312","internal_clade","required","Sirenian / edge context","marine","marine_binary","OR10G3",38,"marine_specific","Sensory systems",0.0313624648344271,8.74702954887376e-16,2.74328406632248e-17,2.74328406632248e-17,"positive",,TRUE,-6.20209777712025,0.00202108474946746,-3.98243194839294
"Dugong_plus_Hydrodamalis","Dugong + Hydrodamalis","B25","B312","internal_clade","required","Sirenian / edge context","marine","marine_binary","TGM1",39,"shared","Epithelial / body-surface interface",0.0321438716739072,-0.903568944304006,-0.0290442041942358,0.0290442041942358,"negative",39.0858973235819,FALSE,-6.20209777712025,0.00202108474946746,-3.98243194839294
"Dugong_plus_Hydrodamalis","Dugong + Hydrodamalis","B25","B312","internal_clade","required","Sirenian / edge context","marine","marine_binary","SLC2A7",40,"marine_specific","Transport / endocytic / epithelial solute handling",0.0382557135453081,2.05158754741943,0.0784849455271989,0.0784849455271989,"positive",85.082043099545,FALSE,-6.20209777712025,0.00202108474946746,-3.98243194839294
"Dugong_plus_Hydrodamalis","Dugong + Hydrodamalis","B25","B312","internal_clade","required","Sirenian / edge context","marine","marine_binary","NR2C2AP",41,"marine_specific","Developmental / transcriptional signaling regulators",0.0628652617594018,0.688260558509772,0.043267680169389,0.043267680169389,"positive",98.7247813000131,FALSE,-6.20209777712025,0.00202108474946746,-3.98243194839294
"Dugong_plus_Hydrodamalis","Dugong + Hydrodamalis","B25","B312","internal_clade","required","Sirenian / edge context","marine","marine_binary","CAPN13",42,"marine_specific","Unassigned / low-confidence",0.0728829596448735,0.770769430041936,0.0561759572652485,0.0561759572652485,"positive",93.0642200058109,FALSE,-6.20209777712025,0.00202108474946746,-3.98243194839294
"Dugong_plus_Hydrodamalis","Dugong + Hydrodamalis","B25","B312","internal_clade","required","Sirenian / edge context","marine","marine_binary","TGM5",43,"marine_specific","Epithelial / body-surface interface",0.0730096499546588,0.393267856740497,0.0287123485590426,0.0287123485590426,"positive",80.9930950632966,FALSE,-6.20209777712025,0.00202108474946746,-3.98243194839294
"Dugong_plus_Hydrodamalis","Dugong + Hydrodamalis","B25","B312","internal_clade","required","Sirenian / edge context","marine","marine_binary","TRIM66",44,"marine_specific","DNA repair / chromatin / cell-cycle",0.0785377211171152,2.36773077894201e-15,1.85956179596958e-16,1.85956179596958e-16,"positive",,TRUE,-6.20209777712025,0.00202108474946746,-3.98243194839294
"Dugong_plus_Hydrodamalis","Dugong + Hydrodamalis","B25","B312","internal_clade","required","Sirenian / edge context","marine","marine_binary","RNF224",45,"marine_specific","Developmental / transcriptional signaling regulators",0.0826571992947204,-0.256751519026235,-0.0212223614773737,0.0212223614773737,"negative",53.4915821972938,FALSE,-6.20209777712025,0.00202108474946746,-3.98243194839294
"Dugong_plus_Hydrodamalis","Dugong + Hydrodamalis","B25","B312","internal_clade","required","Sirenian / edge context","marine","marine_binary","COL20A1",46,"shared","Cytoskeletal / muscle / ECM / adhesion",0.0921292718400568,0.0613322632362228,0.0056504967522559,0.0056504967522559,"positive",74.6107399298444,FALSE,-6.20209777712025,0.00202108474946746,-3.98243194839294
"Dugong_plus_Hydrodamalis","Dugong + Hydrodamalis","B25","B312","internal_clade","required","Sirenian / edge context","marine","marine_binary","PNPLA7",47,"shared","Metabolism / redox / lipid handling",0.10673604147477,2.27913060673255e-15,2.43265378966623e-16,2.43265378966623e-16,"positive",,TRUE,-6.20209777712025,0.00202108474946746,-3.98243194839294
"Dugong_plus_Hydrodamalis","Dugong + Hydrodamalis","B25","B312","internal_clade","required","Sirenian / edge context","marine","marine_binary","DBNL",48,"shared","Cytoskeletal / muscle / ECM / adhesion",0.109704318050152,-0.29525888222751,-0.032391174323019,0.032391174323019,"negative",45.0233764953515,FALSE,-6.20209777712025,0.00202108474946746,-3.98243194839294
"Dugong_plus_Hydrodamalis","Dugong + Hydrodamalis","B25","B312","internal_clade","required","Sirenian / edge context","marine","marine_binary","OR6B1",49,"shared","Sensory systems",0.111781295712533,1.9973360108731e-16,2.23264807268698e-17,2.23264807268698e-17,"positive",,TRUE,-6.20209777712025,0.00202108474946746,-3.98243194839294
"Dugong_plus_Hydrodamalis","Dugong + Hydrodamalis","B25","B312","internal_clade","required","Sirenian / edge context","marine","marine_binary","SLC28A1",50,"marine_specific","Transport / endocytic / epithelial solute handling",0.128656733732997,-4.56902675158572e-16,-5.87836058197703e-17,5.87836058197703e-17,"negative",,TRUE,-6.20209777712025,0.00202108474946746,-3.98243194839294
"Dugong_plus_Hydrodamalis","Dugong + Hydrodamalis","B25","B312","internal_clade","required","Sirenian / edge context","marine","marine_binary","TOGARAM2",51,"shared","Cilia / flagella / reproductive-cell function",0.129304237042922,2.00390138993678e-15,2.59112940335027e-16,2.59112940335027e-16,"positive",,TRUE,-6.20209777712025,0.00202108474946746,-3.98243194839294
"Dugong_plus_Hydrodamalis","Dugong + Hydrodamalis","B25","B312","internal_clade","required","Sirenian / edge context","marine","marine_binary","SSTR4",52,"marine_specific","Endocrine / circadian / systemic regulation",0.137940410562783,-9.11423443282958e-15,-1.25722123962997e-15,1.25722123962997e-15,"negative",,TRUE,-6.20209777712025,0.00202108474946746,-3.98243194839294
"Dugong_plus_Hydrodamalis","Dugong + Hydrodamalis","B25","B312","internal_clade","required","Sirenian / edge context","marine","marine_binary","CALHM1",53,"marine_specific","Ion channels / mechanosensation / membrane signaling",0.145696679568621,-0.583919995354539,-0.0850752044568808,0.0850752044568808,"negative",40.0359130933681,FALSE,-6.20209777712025,0.00202108474946746,-3.98243194839294
"Dugong_plus_Hydrodamalis","Dugong + Hydrodamalis","B25","B312","internal_clade","required","Sirenian / edge context","marine","marine_binary","ALOX12B",54,"marine_specific","Epithelial / body-surface interface",0.149753620737968,-1.93169382162935e-15,-2.89278143946159e-16,2.89278143946159e-16,"negative",,TRUE,-6.20209777712025,0.00202108474946746,-3.98243194839294
"Dugong_plus_Hydrodamalis","Dugong + Hydrodamalis","B25","B312","internal_clade","required","Sirenian / edge context","marine","marine_binary","ESYT3",55,"marine_specific","Membrane trafficking / ER / vesicle processing",0.153832070750976,0,0,0,"zero",,TRUE,-6.20209777712025,0.00202108474946746,-3.98243194839294
"Dugong_plus_Hydrodamalis","Dugong + Hydrodamalis","B25","B312","internal_clade","required","Sirenian / edge context","marine","marine_binary","IL36G",56,"marine_specific","Immune / inflammatory regulation",0.166019839478868,-3.17431236276953e-16,-5.26998828922783e-17,5.26998828922783e-17,"negative",,TRUE,-6.20209777712025,0.00202108474946746,-3.98243194839294
"Dugong_plus_Hydrodamalis","Dugong + Hydrodamalis","B25","B312","internal_clade","required","Sirenian / edge context","marine","marine_binary","KRT17",57,"marine_specific","Epithelial / body-surface interface",0.189861649168978,0.242938655701144,0.0461247338183138,0.0461247338183138,"positive",95.2838851082312,FALSE,-6.20209777712025,0.00202108474946746,-3.98243194839294
"Dugong_plus_Hydrodamalis","Dugong + Hydrodamalis","B25","B312","internal_clade","required","Sirenian / edge context","marine","marine_binary","NKPD1",58,"marine_specific","Unassigned / low-confidence",0.230941713295598,-8.24683525220817e-16,-1.90453826241149e-16,1.90453826241149e-16,"negative",,TRUE,-6.20209777712025,0.00202108474946746,-3.98243194839294
"Dugong_plus_Hydrodamalis","Dugong + Hydrodamalis","B25","B312","internal_clade","required","Sirenian / edge context","marine","marine_binary","IL33",59,"shared","Immune / inflammatory regulation",0.27044270721607,-1.25623647320033,-0.339739992715866,0.339739992715866,"negative",0,FALSE,-6.20209777712025,0.00202108474946746,-3.98243194839294
"Dugong_plus_Hydrodamalis","Dugong + Hydrodamalis","B25","B312","internal_clade","required","Sirenian / edge context","marine","marine_binary","HOXD10",60,"marine_specific","Developmental / transcriptional signaling regulators",0.28020716230031,0.963959025392267,0.270108223078939,0.270108223078939,"positive",245.96368238334,FALSE,-6.20209777712025,0.00202108474946746,-3.98243194839294
"Dugong_plus_Hydrodamalis","Dugong + Hydrodamalis","B25","B312","internal_clade","required","Sirenian / edge context","marine","marine_binary","OR52W1",61,"shared","Sensory systems",0.282799403614638,-1.33745146082202e-15,-3.78230475483995e-16,3.78230475483995e-16,"negative",,TRUE,-6.20209777712025,0.00202108474946746,-3.98243194839294
"Dugong_plus_Hydrodamalis","Dugong + Hydrodamalis","B25","B312","internal_clade","required","Sirenian / edge context","marine","marine_binary","HIGD1B",62,"marine_specific","Vascular / hematologic regulation",0.328380050132626,-0.0638721301244555,-0.0209743332923463,0.0209743332923463,"negative",60.7368693462872,FALSE,-6.20209777712025,0.00202108474946746,-3.98243194839294
"Dugong_plus_Hydrodamalis","Dugong + Hydrodamalis","B25","B312","internal_clade","required","Sirenian / edge context","marine","marine_binary","CAPN14",63,"marine_specific","Epithelial / body-surface interface",0.342438899161804,-6.15064324466922e-16,-2.10621950184151e-16,2.10621950184151e-16,"negative",,TRUE,-6.20209777712025,0.00202108474946746,-3.98243194839294
"Dugong_plus_Hydrodamalis","Dugong + Hydrodamalis","B25","B312","internal_clade","required","Sirenian / edge context","marine","marine_binary","OMP",64,"shared","Sensory systems",0.345615697623917,-0.379325592931973,-0.13110087942779,0.13110087942779,"negative",45.8314855425715,FALSE,-6.20209777712025,0.00202108474946746,-3.98243194839294
"Dugong_plus_Hydrodamalis","Dugong + Hydrodamalis","B25","B312","internal_clade","required","Sirenian / edge context","marine","marine_binary","ACP4",65,"marine_specific","Cytoskeletal / muscle / ECM / adhesion",0.36185377349003,-7.83935998028827e-16,-2.83670199061404e-16,2.83670199061404e-16,"negative",,TRUE,-6.20209777712025,0.00202108474946746,-3.98243194839294
"Dugong_plus_Hydrodamalis","Dugong + Hydrodamalis","B25","B312","internal_clade","required","Sirenian / edge context","marine","marine_binary","KRTDAP",66,"shared","Epithelial / body-surface interface",0.386565925079529,0.0408503566847206,0.0157913559216577,0.0157913559216577,"positive",73.3263027952251,FALSE,-6.20209777712025,0.00202108474946746,-3.98243194839294
"Dugong_plus_Hydrodamalis","Dugong + Hydrodamalis","B25","B312","internal_clade","required","Sirenian / edge context","marine","marine_binary","MYH7B",67,"marine_specific","Cytoskeletal / muscle / ECM / adhesion",0.397856553371577,-1.42658759860454e-15,-5.67577225063439e-16,5.67577225063439e-16,"negative",,TRUE,-6.20209777712025,0.00202108474946746,-3.98243194839294
"Dugong_plus_Hydrodamalis","Dugong + Hydrodamalis","B25","B312","internal_clade","required","Sirenian / edge context","marine","marine_binary","SDR9C7",68,"shared","Epithelial / body-surface interface",0.409389888665918,-0.526229367957119,-0.215432982360701,0.215432982360701,"negative",32.2066474391651,FALSE,-6.20209777712025,0.00202108474946746,-3.98243194839294
"Dugong_plus_Hydrodamalis","Dugong + Hydrodamalis","B25","B312","internal_clade","required","Sirenian / edge context","marine","marine_binary","KCNK18",69,"shared","Ion channels / mechanosensation / membrane signaling",0.43928773003255,4.27418229221562e-16,1.87759583689272e-16,1.87759583689272e-16,"positive",,TRUE,-6.20209777712025,0.00202108474946746,-3.98243194839294
"Dugong_plus_Hydrodamalis","Dugong + Hydrodamalis","B25","B312","internal_clade","required","Sirenian / edge context","marine","marine_binary","MYH13",70,"marine_specific","Cytoskeletal / muscle / ECM / adhesion",0.480299625271563,-1.0991104797289e-15,-5.27902351545841e-16,5.27902351545841e-16,"negative",,TRUE,-6.20209777712025,0.00202108474946746,-3.98243194839294
"Dugong_plus_Hydrodamalis","Dugong + Hydrodamalis","B25","B312","internal_clade","required","Sirenian / edge context","marine","marine_binary","TGM3",71,"shared","Epithelial / body-surface interface",0.691315381170856,2.06640413811224e-16,1.4285369643921e-16,1.4285369643921e-16,"positive",,TRUE,-6.20209777712025,0.00202108474946746,-3.98243194839294
"Ursus_arctos_plus_Ursus_maritimus","Brown bear + polar bear","B349","B470","internal_clade","optional","Sirenian / edge context","marine","marine_binary","EPOR",1,"shared","Vascular / hematologic regulation",-0.562386788005208,0.069511352719054,-0.0390922663855659,0.0390922663855659,"negative",54.4669661139308,FALSE,-6.36576682492943,0.0017164711187468,-3.98243194839294
"Ursus_arctos_plus_Ursus_maritimus","Brown bear + polar bear","B349","B470","internal_clade","optional","Sirenian / edge context","marine","marine_binary","TPX2",2,"marine_specific","DNA repair / chromatin / cell-cycle",-0.547364151458345,0.0442174323843356,-0.0242030373567186,0.0242030373567186,"negative",53.6195881463387,FALSE,-6.36576682492943,0.0017164711187468,-3.98243194839294
"Ursus_arctos_plus_Ursus_maritimus","Brown bear + polar bear","B349","B470","internal_clade","optional","Sirenian / edge context","marine","marine_binary","HGFAC",3,"shared","Vascular / hematologic regulation",-0.314672853107267,-1.34988804740223,0.424773123251458,0.424773123251458,"positive",6.13043062689787,FALSE,-6.36576682492943,0.0017164711187468,-3.98243194839294
"Ursus_arctos_plus_Ursus_maritimus","Brown bear + polar bear","B349","B470","internal_clade","optional","Sirenian / edge context","marine","marine_binary","SYDE1",4,"shared","Cytoskeletal / muscle / ECM / adhesion",-0.314258007626709,-7.9754040122653e-16,2.50633457491256e-16,2.50633457491256e-16,"positive",,TRUE,-6.36576682492943,0.0017164711187468,-3.98243194839294
"Ursus_arctos_plus_Ursus_maritimus","Brown bear + polar bear","B349","B470","internal_clade","optional","Sirenian / edge context","marine","marine_binary","PUSL1",5,"shared","Metabolism / redox / lipid handling",-0.270477624990477,1.13415595589117,-0.306763809318248,0.306763809318248,"negative",91.7628133868133,FALSE,-6.36576682492943,0.0017164711187468,-3.98243194839294
"Ursus_arctos_plus_Ursus_maritimus","Brown bear + polar bear","B349","B470","internal_clade","optional","Sirenian / edge context","marine","marine_binary","CATSPERZ",6,"shared","Cilia / flagella / reproductive-cell function",-0.264244206101874,-1.16646446859008,0.308231477448631,0.308231477448631,"positive",0,FALSE,-6.36576682492943,0.0017164711187468,-3.98243194839294
"Ursus_arctos_plus_Ursus_maritimus","Brown bear + polar bear","B349","B470","internal_clade","optional","Sirenian / edge context","marine","marine_binary","F11",7,"marine_specific","Vascular / hematologic regulation",-0.254306353084796,-0.524297463779642,0.133332175945409,0.133332175945409,"positive",43.9500215025739,FALSE,-6.36576682492943,0.0017164711187468,-3.98243194839294
"Ursus_arctos_plus_Ursus_maritimus","Brown bear + polar bear","B349","B470","internal_clade","optional","Sirenian / edge context","marine","marine_binary","WDR93",8,"shared","Cilia / flagella / reproductive-cell function",-0.242927446164409,-1.96092042820439,0.47636139175531,0.47636139175531,"positive",0,FALSE,-6.36576682492943,0.0017164711187468,-3.98243194839294
"Ursus_arctos_plus_Ursus_maritimus","Brown bear + polar bear","B349","B470","internal_clade","optional","Sirenian / edge context","marine","marine_binary","CD34",9,"shared","Vascular / hematologic regulation",-0.231912055829233,0.421728658157594,-0.0978039601154314,0.0978039601154314,"negative",69.3909731084196,FALSE,-6.36576682492943,0.0017164711187468,-3.98243194839294
"Ursus_arctos_plus_Ursus_maritimus","Brown bear + polar bear","B349","B470","internal_clade","optional","Sirenian / edge context","marine","marine_binary","ASMTL",10,"shared","Endocrine / circadian / systemic regulation",-0.225475311673798,-0.475059115651927,0.107114102165097,0.107114102165097,"positive",68.888877237221,FALSE,-6.36576682492943,0.0017164711187468,-3.98243194839294
"Ursus_arctos_plus_Ursus_maritimus","Brown bear + polar bear","B349","B470","internal_clade","optional","Sirenian / edge context","marine","marine_binary","FN3K",11,"shared","Metabolism / redox / lipid handling",-0.217860441354345,0,0,0,"zero",,TRUE,-6.36576682492943,0.0017164711187468,-3.98243194839294
"Ursus_arctos_plus_Ursus_maritimus","Brown bear + polar bear","B349","B470","internal_clade","optional","Sirenian / edge context","marine","marine_binary","FANCM",12,"marine_specific","DNA repair / chromatin / cell-cycle",-0.215464965565117,1.55466276153557,-0.334975358379631,0.334975358379631,"negative",90.8108098559665,FALSE,-6.36576682492943,0.0017164711187468,-3.98243194839294
"Ursus_arctos_plus_Ursus_maritimus","Brown bear + polar bear","B349","B470","internal_clade","optional","Sirenian / edge context","marine","marine_binary","VEPH1",13,"marine_specific","Developmental / transcriptional signaling regulators",-0.163677799839901,0.657644085929913,-0.107641737062731,0.107641737062731,"negative",82.2363578736374,FALSE,-6.36576682492943,0.0017164711187468,-3.98243194839294
"Ursus_arctos_plus_Ursus_maritimus","Brown bear + polar bear","B349","B470","internal_clade","optional","Sirenian / edge context","marine","marine_binary","APH1B",14,"marine_specific","Membrane trafficking / ER / vesicle processing",-0.152260877432123,-1.11195207086298,0.169306797972063,0.169306797972063,"positive",0,FALSE,-6.36576682492943,0.0017164711187468,-3.98243194839294
"Ursus_arctos_plus_Ursus_maritimus","Brown bear + polar bear","B349","B470","internal_clade","optional","Sirenian / edge context","marine","marine_binary","CREB3L3",15,"marine_specific","Endocrine / circadian / systemic regulation",-0.150758430810258,-0.448647746126137,0.0676374301925355,0.0676374301925355,"positive",39.412522289979,FALSE,-6.36576682492943,0.0017164711187468,-3.98243194839294
"Ursus_arctos_plus_Ursus_maritimus","Brown bear + polar bear","B349","B470","internal_clade","optional","Sirenian / edge context","marine","marine_binary","POLG",16,"marine_specific","DNA repair / chromatin / cell-cycle",-0.124940186455302,-2.43888737757403,0.304715043697582,0.304715043697582,"positive",0,FALSE,-6.36576682492943,0.0017164711187468,-3.98243194839294
"Ursus_arctos_plus_Ursus_maritimus","Brown bear + polar bear","B349","B470","internal_clade","optional","Sirenian / edge context","marine","marine_binary","RARS1",17,"marine_specific","RNA processing / translation / protein homeostasis",-0.115426630752885,1.744564728674,-0.201369228761161,0.201369228761161,"negative",122.069356011779,FALSE,-6.36576682492943,0.0017164711187468,-3.98243194839294
"Ursus_arctos_plus_Ursus_maritimus","Brown bear + polar bear","B349","B470","internal_clade","optional","Sirenian / edge context","marine","marine_binary","FAM234A",18,"marine_specific","Unassigned / low-confidence",-0.108556846491888,1.97535287097488,-0.214438078381731,0.214438078381731,"negative",109.552777797613,FALSE,-6.36576682492943,0.0017164711187468,-3.98243194839294
"Ursus_arctos_plus_Ursus_maritimus","Brown bear + polar bear","B349","B470","internal_clade","optional","Sirenian / edge context","marine","marine_binary","TREM2",19,"marine_specific","Immune / inflammatory regulation",-0.0898257166079112,-1.58966551901242,0.142792844412178,0.142792844412178,"positive",0,FALSE,-6.36576682492943,0.0017164711187468,-3.98243194839294
"Ursus_arctos_plus_Ursus_maritimus","Brown bear + polar bear","B349","B470","internal_clade","optional","Sirenian / edge context","marine","marine_binary","ATG2A",20,"marine_specific","Membrane trafficking / ER / vesicle processing",-0.0892133442112914,0.281027864756067,-0.0250714356314473,0.0250714356314473,"negative",64.6209797034506,FALSE,-6.36576682492943,0.0017164711187468,-3.98243194839294
"Ursus_arctos_plus_Ursus_maritimus","Brown bear + polar bear","B349","B470","internal_clade","optional","Sirenian / edge context","marine","marine_binary","NUBP2",21,"shared","Metabolism / redox / lipid handling",-0.0844817154354269,0.94327508093754,-0.0796894969650946,0.0796894969650946,"negative",91.4118117201333,FALSE,-6.36576682492943,0.0017164711187468,-3.98243194839294
"Ursus_arctos_plus_Ursus_maritimus","Brown bear + polar bear","B349","B470","internal_clade","optional","Sirenian / edge context","marine","marine_binary","SF3B3",22,"marine_specific","RNA processing / translation / protein homeostasis",-0.0727218763044334,4.22064585754188,-0.30693328597698,0.30693328597698,"negative",183.641031666872,FALSE,-6.36576682492943,0.0017164711187468,-3.98243194839294
"Ursus_arctos_plus_Ursus_maritimus","Brown bear + polar bear","B349","B470","internal_clade","optional","Sirenian / edge context","marine","marine_binary","RTL4",23,"marine_specific","Unassigned / low-confidence",-0.0665426884505536,-1.40306317738601,0.093363595889241,0.093363595889241,"positive",0,FALSE,-6.36576682492943,0.0017164711187468,-3.98243194839294
"Ursus_arctos_plus_Ursus_maritimus","Brown bear + polar bear","B349","B470","internal_clade","optional","Sirenian / edge context","marine","marine_binary","SOX7",24,"shared","Developmental / transcriptional signaling regulators",-0.0651622513698966,-9.68265284129606e-16,6.30943458371978e-17,6.30943458371978e-17,"positive",,TRUE,-6.36576682492943,0.0017164711187468,-3.98243194839294
"Ursus_arctos_plus_Ursus_maritimus","Brown bear + polar bear","B349","B470","internal_clade","optional","Sirenian / edge context","marine","marine_binary","CTD_3088G3",25,"marine_specific","Unassigned / low-confidence",-0.0645538212784956,-0.28034382118613,0.01809726492938,0.01809726492938,"positive",99.4432055688144,FALSE,-6.36576682492943,0.0017164711187468,-3.98243194839294
"Ursus_arctos_plus_Ursus_maritimus","Brown bear + polar bear","B349","B470","internal_clade","optional","Sirenian / edge context","marine","marine_binary","COL4A1",26,"marine_specific","Cytoskeletal / muscle / ECM / adhesion",-0.0505715443318336,-1.22520359054607,0.0619604376948221,0.0619604376948221,"positive",29.9781930945651,FALSE,-6.36576682492943,0.0017164711187468,-3.98243194839294
"Ursus_arctos_plus_Ursus_maritimus","Brown bear + polar bear","B349","B470","internal_clade","optional","Sirenian / edge context","marine","marine_binary","IDUA",27,"marine_specific","Metabolism / redox / lipid handling",-0.0503352858652507,3.80548770335533,-0.191550311405087,0.191550311405087,"negative",169.145080471968,FALSE,-6.36576682492943,0.0017164711187468,-3.98243194839294
"Ursus_arctos_plus_Ursus_maritimus","Brown bear + polar bear","B349","B470","internal_clade","optional","Sirenian / edge context","marine","marine_binary","CYP21A2",28,"marine_specific","Endocrine / circadian / systemic regulation",-0.0450852911002748,-1.08688252884623,0.0490024152048352,0.0490024152048352,"positive",0,FALSE,-6.36576682492943,0.0017164711187468,-3.98243194839294
"Ursus_arctos_plus_Ursus_maritimus","Brown bear + polar bear","B349","B470","internal_clade","optional","Sirenian / edge context","marine","marine_binary","ACVR1",29,"marine_specific","Developmental / transcriptional signaling regulators",-0.0383732664782303,-1.51662346995931,0.058197796559887,0.058197796559887,"positive",0,FALSE,-6.36576682492943,0.0017164711187468,-3.98243194839294
"Ursus_arctos_plus_Ursus_maritimus","Brown bear + polar bear","B349","B470","internal_clade","optional","Sirenian / edge context","marine","marine_binary","KEL",30,"marine_specific","Vascular / hematologic regulation",-0.0377052256901275,-1.49335564763725,0.0563073117297892,0.0563073117297892,"positive",0,FALSE,-6.36576682492943,0.0017164711187468,-3.98243194839294
"Ursus_arctos_plus_Ursus_maritimus","Brown bear + polar bear","B349","B470","internal_clade","optional","Sirenian / edge context","marine","marine_binary","CATSPER4",31,"marine_specific","Cilia / flagella / reproductive-cell function",-0.0348617965707268,-1.27791139638178,0.044550287136075,0.044550287136075,"positive",0,FALSE,-6.36576682492943,0.0017164711187468,-3.98243194839294
"Ursus_arctos_plus_Ursus_maritimus","Brown bear + polar bear","B349","B470","internal_clade","optional","Sirenian / edge context","marine","marine_binary","DCXR",32,"marine_specific","Metabolism / redox / lipid handling",-0.0329559416768714,-0.509198746701707,0.0167811241982375,0.0167811241982375,"positive",0,FALSE,-6.36576682492943,0.0017164711187468,-3.98243194839294
"Ursus_arctos_plus_Ursus_maritimus","Brown bear + polar bear","B349","B470","internal_clade","optional","Sirenian / edge context","marine","marine_binary","RDH12",33,"marine_specific","Sensory systems",-0.0319401455848149,-1.35306195395901,0.043216995794725,0.043216995794725,"positive",0,FALSE,-6.36576682492943,0.0017164711187468,-3.98243194839294
"Ursus_arctos_plus_Ursus_maritimus","Brown bear + polar bear","B349","B470","internal_clade","optional","Sirenian / edge context","marine","marine_binary","BAK1",34,"marine_specific","Membrane trafficking / ER / vesicle processing",-0.0220699887647022,-1.22001861224148,0.0269257970648969,0.0269257970648969,"positive",0,FALSE,-6.36576682492943,0.0017164711187468,-3.98243194839294
"Ursus_arctos_plus_Ursus_maritimus","Brown bear + polar bear","B349","B470","internal_clade","optional","Sirenian / edge context","marine","marine_binary","PECAM1",35,"marine_specific","Vascular / hematologic regulation",-0.00822384288509239,0.301214327112357,-0.00247713930091085,0.00247713930091085,"negative",55.550668712707,FALSE,-6.36576682492943,0.0017164711187468,-3.98243194839294
"Ursus_arctos_plus_Ursus_maritimus","Brown bear + polar bear","B349","B470","internal_clade","optional","Sirenian / edge context","marine","marine_binary","ASH2L",36,"marine_specific","DNA repair / chromatin / cell-cycle",-0.00671137272561463,-1.60809850259647,0.0107925484304276,0.0107925484304276,"positive",0,FALSE,-6.36576682492943,0.0017164711187468,-3.98243194839294
"Ursus_arctos_plus_Ursus_maritimus","Brown bear + polar bear","B349","B470","internal_clade","optional","Sirenian / edge context","marine","marine_binary","STMN4",37,"marine_specific","Sensory systems",-0.00252384447419297,-0.90189421768112,0.00227624073760109,0.00227624073760109,"positive",0,FALSE,-6.36576682492943,0.0017164711187468,-3.98243194839294
"Ursus_arctos_plus_Ursus_maritimus","Brown bear + polar bear","B349","B470","internal_clade","optional","Sirenian / edge context","marine","marine_binary","OR10G3",38,"marine_specific","Sensory systems",0.0313624648344271,7.3554564191756,0.230685243287556,0.230685243287556,"positive",435.771738391797,FALSE,-6.36576682492943,0.0017164711187468,-3.98243194839294
"Ursus_arctos_plus_Ursus_maritimus","Brown bear + polar bear","B349","B470","internal_clade","optional","Sirenian / edge context","marine","marine_binary","TGM1",39,"shared","Epithelial / body-surface interface",0.0321438716739072,1.94232351721496,0.0624337978865698,0.0624337978865698,"positive",117.764117681684,FALSE,-6.36576682492943,0.0017164711187468,-3.98243194839294
"Ursus_arctos_plus_Ursus_maritimus","Brown bear + polar bear","B349","B470","internal_clade","optional","Sirenian / edge context","marine","marine_binary","SLC2A7",40,"marine_specific","Transport / endocytic / epithelial solute handling",0.0382557135453081,-1.25362466364382e-14,-4.79583060256912e-16,4.79583060256912e-16,"negative",,TRUE,-6.36576682492943,0.0017164711187468,-3.98243194839294
"Ursus_arctos_plus_Ursus_maritimus","Brown bear + polar bear","B349","B470","internal_clade","optional","Sirenian / edge context","marine","marine_binary","NR2C2AP",41,"marine_specific","Developmental / transcriptional signaling regulators",0.0628652617594018,-0.809540079394764,-0.0508919489958788,0.0508919489958788,"negative",0,FALSE,-6.36576682492943,0.0017164711187468,-3.98243194839294
"Ursus_arctos_plus_Ursus_maritimus","Brown bear + polar bear","B349","B470","internal_clade","optional","Sirenian / edge context","marine","marine_binary","CAPN13",42,"marine_specific","Unassigned / low-confidence",0.0728829596448735,-0.0548941119291008,-0.00400084534446982,0.00400084534446982,"negative",60.3598090873114,FALSE,-6.36576682492943,0.0017164711187468,-3.98243194839294
"Ursus_arctos_plus_Ursus_maritimus","Brown bear + polar bear","B349","B470","internal_clade","optional","Sirenian / edge context","marine","marine_binary","TGM5",43,"marine_specific","Epithelial / body-surface interface",0.0730096499546588,-0.535059861633289,-0.0390645332026347,0.0390645332026347,"negative",38.2899784696508,FALSE,-6.36576682492943,0.0017164711187468,-3.98243194839294
"Ursus_arctos_plus_Ursus_maritimus","Brown bear + polar bear","B349","B470","internal_clade","optional","Sirenian / edge context","marine","marine_binary","TRIM66",44,"marine_specific","DNA repair / chromatin / cell-cycle",0.0785377211171152,6.56758940833018,0.515803505363155,0.515803505363155,"positive",219.139258953389,FALSE,-6.36576682492943,0.0017164711187468,-3.98243194839294
"Ursus_arctos_plus_Ursus_maritimus","Brown bear + polar bear","B349","B470","internal_clade","optional","Sirenian / edge context","marine","marine_binary","RNF224",45,"marine_specific","Developmental / transcriptional signaling regulators",0.0826571992947204,0,0,0,"zero",,TRUE,-6.36576682492943,0.0017164711187468,-3.98243194839294
"Ursus_arctos_plus_Ursus_maritimus","Brown bear + polar bear","B349","B470","internal_clade","optional","Sirenian / edge context","marine","marine_binary","COL20A1",46,"shared","Cytoskeletal / muscle / ECM / adhesion",0.0921292718400568,-0.845170541539901,-0.0778649465727376,0.0778649465727376,"negative",48.7414897830466,FALSE,-6.36576682492943,0.0017164711187468,-3.98243194839294
"Ursus_arctos_plus_Ursus_maritimus","Brown bear + polar bear","B349","B470","internal_clade","optional","Sirenian / edge context","marine","marine_binary","PNPLA7",47,"shared","Metabolism / redox / lipid handling",0.10673604147477,-0.294350667344985,-0.0314178250378605,0.0314178250378605,"negative",53.2305939083339,FALSE,-6.36576682492943,0.0017164711187468,-3.98243194839294
"Ursus_arctos_plus_Ursus_maritimus","Brown bear + polar bear","B349","B470","internal_clade","optional","Sirenian / edge context","marine","marine_binary","DBNL",48,"shared","Cytoskeletal / muscle / ECM / adhesion",0.109704318050152,4.21288710609289,0.462171906996197,0.462171906996197,"positive",281.990506543687,FALSE,-6.36576682492943,0.0017164711187468,-3.98243194839294
"Ursus_arctos_plus_Ursus_maritimus","Brown bear + polar bear","B349","B470","internal_clade","optional","Sirenian / edge context","marine","marine_binary","OR6B1",49,"shared","Sensory systems",0.111781295712533,-1.16559002950679,-0.130291163767878,0.130291163767878,"negative",0,FALSE,-6.36576682492943,0.0017164711187468,-3.98243194839294
"Ursus_arctos_plus_Ursus_maritimus","Brown bear + polar bear","B349","B470","internal_clade","optional","Sirenian / edge context","marine","marine_binary","SLC28A1",50,"marine_specific","Transport / endocytic / epithelial solute handling",0.128656733732997,-0.578738201578202,-0.0744585667015601,0.0744585667015601,"negative",40.2049361071587,FALSE,-6.36576682492943,0.0017164711187468,-3.98243194839294
"Ursus_arctos_plus_Ursus_maritimus","Brown bear + polar bear","B349","B470","internal_clade","optional","Sirenian / edge context","marine","marine_binary","TOGARAM2",51,"shared","Cilia / flagella / reproductive-cell function",0.129304237042922,2.44622972661069,0.316307868431111,0.316307868431111,"positive",159.930354811718,FALSE,-6.36576682492943,0.0017164711187468,-3.98243194839294
"Ursus_arctos_plus_Ursus_maritimus","Brown bear + polar bear","B349","B470","internal_clade","optional","Sirenian / edge context","marine","marine_binary","SSTR4",52,"marine_specific","Endocrine / circadian / systemic regulation",0.137940410562783,-9.11423443282958e-15,-1.25722123962997e-15,1.25722123962997e-15,"negative",,TRUE,-6.36576682492943,0.0017164711187468,-3.98243194839294
"Ursus_arctos_plus_Ursus_maritimus","Brown bear + polar bear","B349","B470","internal_clade","optional","Sirenian / edge context","marine","marine_binary","CALHM1",53,"marine_specific","Ion channels / mechanosensation / membrane signaling",0.145696679568621,1.88804614028763e-16,2.75082053512258e-17,2.75082053512258e-17,"positive",,TRUE,-6.36576682492943,0.0017164711187468,-3.98243194839294
"Ursus_arctos_plus_Ursus_maritimus","Brown bear + polar bear","B349","B470","internal_clade","optional","Sirenian / edge context","marine","marine_binary","ALOX12B",54,"marine_specific","Epithelial / body-surface interface",0.149753620737968,-2.17584430081126,-0.325840562208559,0.325840562208559,"negative",0,FALSE,-6.36576682492943,0.0017164711187468,-3.98243194839294
"Ursus_arctos_plus_Ursus_maritimus","Brown bear + polar bear","B349","B470","internal_clade","optional","Sirenian / edge context","marine","marine_binary","ESYT3",55,"marine_specific","Membrane trafficking / ER / vesicle processing",0.153832070750976,-1.7599721942007,-0.270740167098034,0.270740167098034,"negative",0,FALSE,-6.36576682492943,0.0017164711187468,-3.98243194839294
"Ursus_arctos_plus_Ursus_maritimus","Brown bear + polar bear","B349","B470","internal_clade","optional","Sirenian / edge context","marine","marine_binary","IL36G",56,"marine_specific","Immune / inflammatory regulation",0.166019839478868,-0.754911210720059,-0.125330238024542,0.125330238024542,"negative",0,FALSE,-6.36576682492943,0.0017164711187468,-3.98243194839294
"Ursus_arctos_plus_Ursus_maritimus","Brown bear + polar bear","B349","B470","internal_clade","optional","Sirenian / edge context","marine","marine_binary","KRT17",57,"marine_specific","Epithelial / body-surface interface",0.189861649168978,0.92229379752257,0.175108221415955,0.175108221415955,"positive",144.242108578879,FALSE,-6.36576682492943,0.0017164711187468,-3.98243194839294
"Ursus_arctos_plus_Ursus_maritimus","Brown bear + polar bear","B349","B470","internal_clade","optional","Sirenian / edge context","marine","marine_binary","NKPD1",58,"marine_specific","Unassigned / low-confidence",0.230941713295598,-8.24683525220817e-16,-1.90453826241149e-16,1.90453826241149e-16,"negative",,TRUE,-6.36576682492943,0.0017164711187468,-3.98243194839294
"Ursus_arctos_plus_Ursus_maritimus","Brown bear + polar bear","B349","B470","internal_clade","optional","Sirenian / edge context","marine","marine_binary","IL33",59,"shared","Immune / inflammatory regulation",0.27044270721607,-1.25623647320033,-0.339739992715866,0.339739992715866,"negative",0,FALSE,-6.36576682492943,0.0017164711187468,-3.98243194839294
"Ursus_arctos_plus_Ursus_maritimus","Brown bear + polar bear","B349","B470","internal_clade","optional","Sirenian / edge context","marine","marine_binary","HOXD10",60,"marine_specific","Developmental / transcriptional signaling regulators",0.28020716230031,-0.60795096148977,-0.170352213736793,0.170352213736793,"negative",0,FALSE,-6.36576682492943,0.0017164711187468,-3.98243194839294
"Ursus_arctos_plus_Ursus_maritimus","Brown bear + polar bear","B349","B470","internal_clade","optional","Sirenian / edge context","marine","marine_binary","OR52W1",61,"shared","Sensory systems",0.282799403614638,-1.69014656195179,-0.477972439741297,0.477972439741297,"negative",0,FALSE,-6.36576682492943,0.0017164711187468,-3.98243194839294
"Ursus_arctos_plus_Ursus_maritimus","Brown bear + polar bear","B349","B470","internal_clade","optional","Sirenian / edge context","marine","marine_binary","HIGD1B",62,"marine_specific","Vascular / hematologic regulation",0.328380050132626,-0.96800720760728,-0.317874255362822,0.317874255362822,"negative",0,FALSE,-6.36576682492943,0.0017164711187468,-3.98243194839294
"Ursus_arctos_plus_Ursus_maritimus","Brown bear + polar bear","B349","B470","internal_clade","optional","Sirenian / edge context","marine","marine_binary","CAPN14",63,"marine_specific","Epithelial / body-surface interface",0.342438899161804,0.871355423714802,0.298385992075564,0.298385992075564,"positive",158.227753905708,FALSE,-6.36576682492943,0.0017164711187468,-3.98243194839294
"Ursus_arctos_plus_Ursus_maritimus","Brown bear + polar bear","B349","B470","internal_clade","optional","Sirenian / edge context","marine","marine_binary","OMP",64,"shared","Sensory systems",0.345615697623917,4.25545854736594e-16,1.47075327455754e-16,1.47075327455754e-16,"positive",,TRUE,-6.36576682492943,0.0017164711187468,-3.98243194839294
"Ursus_arctos_plus_Ursus_maritimus","Brown bear + polar bear","B349","B470","internal_clade","optional","Sirenian / edge context","marine","marine_binary","ACP4",65,"marine_specific","Cytoskeletal / muscle / ECM / adhesion",0.36185377349003,-1.20249539309819,-0.435127495596957,0.435127495596957,"negative",0,FALSE,-6.36576682492943,0.0017164711187468,-3.98243194839294
"Ursus_arctos_plus_Ursus_maritimus","Brown bear + polar bear","B349","B470","internal_clade","optional","Sirenian / edge context","marine","marine_binary","KRTDAP",66,"shared","Epithelial / body-surface interface",0.386565925079529,-0.7956627842008,-0.307576120225936,0.307576120225936,"negative",0,FALSE,-6.36576682492943,0.0017164711187468,-3.98243194839294
"Ursus_arctos_plus_Ursus_maritimus","Brown bear + polar bear","B349","B470","internal_clade","optional","Sirenian / edge context","marine","marine_binary","MYH7B",67,"marine_specific","Cytoskeletal / muscle / ECM / adhesion",0.397856553371577,1.61756087030557,0.643557192728503,0.643557192728503,"positive",114.729076468174,FALSE,-6.36576682492943,0.0017164711187468,-3.98243194839294
"Ursus_arctos_plus_Ursus_maritimus","Brown bear + polar bear","B349","B470","internal_clade","optional","Sirenian / edge context","marine","marine_binary","SDR9C7",68,"shared","Epithelial / body-surface interface",0.409389888665918,-1.25209097364866,-0.512593384301628,0.512593384301628,"negative",0,FALSE,-6.36576682492943,0.0017164711187468,-3.98243194839294
"Ursus_arctos_plus_Ursus_maritimus","Brown bear + polar bear","B349","B470","internal_clade","optional","Sirenian / edge context","marine","marine_binary","KCNK18",69,"shared","Ion channels / mechanosensation / membrane signaling",0.43928773003255,-1.84894711320307,-0.812219780309212,0.812219780309212,"negative",0,FALSE,-6.36576682492943,0.0017164711187468,-3.98243194839294
"Ursus_arctos_plus_Ursus_maritimus","Brown bear + polar bear","B349","B470","internal_clade","optional","Sirenian / edge context","marine","marine_binary","MYH13",70,"marine_specific","Cytoskeletal / muscle / ECM / adhesion",0.480299625271563,-0.168597203408712,-0.080977173619038,0.080977173619038,"negative",76.4959995372086,FALSE,-6.36576682492943,0.0017164711187468,-3.98243194839294
"Ursus_arctos_plus_Ursus_maritimus","Brown bear + polar bear","B349","B470","internal_clade","optional","Sirenian / edge context","marine","marine_binary","TGM3",71,"shared","Epithelial / body-surface interface",0.691315381170856,-1.7172799009855,-1.18718200932684,1.18718200932684,"negative",0,FALSE,-6.36576682492943,0.0017164711187468,-3.98243194839294
"Lutrinae_sampled","Lutrinae / Enhydra-related","B380","B483","internal_clade","optional","Sirenian / edge context","marine","marine_binary","EPOR",1,"shared","Vascular / hematologic regulation",-0.562386788005208,-0.310191019353831,0.174447331042462,0.174447331042462,"positive",43.3814498014771,FALSE,-5.75789525014659,0.00314781088208898,-3.98243194839294
"Lutrinae_sampled","Lutrinae / Enhydra-related","B380","B483","internal_clade","optional","Sirenian / edge context","marine","marine_binary","TPX2",2,"marine_specific","DNA repair / chromatin / cell-cycle",-0.547364151458345,-0.278088783911622,0.152215831235868,0.152215831235868,"positive",43.0148282010726,FALSE,-5.75789525014659,0.00314781088208898,-3.98243194839294
"Lutrinae_sampled","Lutrinae / Enhydra-related","B380","B483","internal_clade","optional","Sirenian / edge context","marine","marine_binary","HGFAC",3,"shared","Vascular / hematologic regulation",-0.314672853107267,-1.04968787787554,0.330308279403207,0.330308279403207,"positive",19.2559431565118,FALSE,-5.75789525014659,0.00314781088208898,-3.98243194839294
"Lutrinae_sampled","Lutrinae / Enhydra-related","B380","B483","internal_clade","optional","Sirenian / edge context","marine","marine_binary","SYDE1",4,"shared","Cytoskeletal / muscle / ECM / adhesion",-0.314258007626709,0.166771499395492,-0.0524092791289462,0.0524092791289462,"negative",61.0349109526391,FALSE,-5.75789525014659,0.00314781088208898,-3.98243194839294
"Lutrinae_sampled","Lutrinae / Enhydra-related","B380","B483","internal_clade","optional","Sirenian / edge context","marine","marine_binary","PUSL1",5,"shared","Metabolism / redox / lipid handling",-0.270477624990477,2.47049022849186,-0.668212329564657,0.668212329564657,"negative",135.479775896997,FALSE,-5.75789525014659,0.00314781088208898,-3.98243194839294
"Lutrinae_sampled","Lutrinae / Enhydra-related","B380","B483","internal_clade","optional","Sirenian / edge context","marine","marine_binary","CATSPERZ",6,"shared","Cilia / flagella / reproductive-cell function",-0.264244206101874,0.441833988371891,-0.116752071486155,0.116752071486155,"negative",61.4313031491064,FALSE,-5.75789525014659,0.00314781088208898,-3.98243194839294
"Lutrinae_sampled","Lutrinae / Enhydra-related","B380","B483","internal_clade","optional","Sirenian / edge context","marine","marine_binary","F11",7,"marine_specific","Vascular / hematologic regulation",-0.254306353084796,0.23174705622472,-0.0589347487066459,0.0589347487066459,"negative",68.1698935953695,FALSE,-5.75789525014659,0.00314781088208898,-3.98243194839294
"Lutrinae_sampled","Lutrinae / Enhydra-related","B380","B483","internal_clade","optional","Sirenian / edge context","marine","marine_binary","WDR93",8,"shared","Cilia / flagella / reproductive-cell function",-0.242927446164409,0.660297083448852,-0.160404284192037,0.160404284192037,"negative",67.731383194757,FALSE,-5.75789525014659,0.00314781088208898,-3.98243194839294
"Lutrinae_sampled","Lutrinae / Enhydra-related","B380","B483","internal_clade","optional","Sirenian / edge context","marine","marine_binary","CD34",9,"shared","Vascular / hematologic regulation",-0.231912055829233,-0.630686203432553,0.146263734021177,0.146263734021177,"positive",33.1491070908242,FALSE,-5.75789525014659,0.00314781088208898,-3.98243194839294
"Lutrinae_sampled","Lutrinae / Enhydra-related","B380","B483","internal_clade","optional","Sirenian / edge context","marine","marine_binary","ASMTL",10,"shared","Endocrine / circadian / systemic regulation",-0.225475311673798,-0.390587405038472,0.0880678168869094,0.0880678168869094,"positive",72.0638644750849,FALSE,-5.75789525014659,0.00314781088208898,-3.98243194839294
"Lutrinae_sampled","Lutrinae / Enhydra-related","B380","B483","internal_clade","optional","Sirenian / edge context","marine","marine_binary","FN3K",11,"shared","Metabolism / redox / lipid handling",-0.217860441354345,-0.0720223274084774,0.015690816036578,0.015690816036578,"positive",48.0136898610326,FALSE,-5.75789525014659,0.00314781088208898,-3.98243194839294
"Lutrinae_sampled","Lutrinae / Enhydra-related","B380","B483","internal_clade","optional","Sirenian / edge context","marine","marine_binary","FANCM",12,"marine_specific","DNA repair / chromatin / cell-cycle",-0.215464965565117,-1.2013353463025,0.258845679023225,0.258845679023225,"positive",29.1899742607425,FALSE,-5.75789525014659,0.00314781088208898,-3.98243194839294
"Lutrinae_sampled","Lutrinae / Enhydra-related","B380","B483","internal_clade","optional","Sirenian / edge context","marine","marine_binary","VEPH1",13,"marine_specific","Developmental / transcriptional signaling regulators",-0.163677799839901,0.937112286618877,-0.153384477276717,0.153384477276717,"negative",91.0566224135817,FALSE,-5.75789525014659,0.00314781088208898,-3.98243194839294
"Lutrinae_sampled","Lutrinae / Enhydra-related","B380","B483","internal_clade","optional","Sirenian / edge context","marine","marine_binary","APH1B",14,"marine_specific","Membrane trafficking / ER / vesicle processing",-0.152260877432123,-0.273760773512765,0.0416830555815504,0.0416830555815504,"positive",41.7052049545019,FALSE,-5.75789525014659,0.00314781088208898,-3.98243194839294
"Lutrinae_sampled","Lutrinae / Enhydra-related","B380","B483","internal_clade","optional","Sirenian / edge context","marine","marine_binary","CREB3L3",15,"marine_specific","Endocrine / circadian / systemic regulation",-0.150758430810258,0.581953974242954,-0.0877344679606612,0.0877344679606612,"negative",70.5874371770803,FALSE,-5.75789525014659,0.00314781088208898,-3.98243194839294
"Lutrinae_sampled","Lutrinae / Enhydra-related","B380","B483","internal_clade","optional","Sirenian / edge context","marine","marine_binary","POLG",16,"marine_specific","DNA repair / chromatin / cell-cycle",-0.124940186455302,-1.19229154795676,0.148965128310798,0.148965128310798,"positive",29.2560752746171,FALSE,-5.75789525014659,0.00314781088208898,-3.98243194839294
"Lutrinae_sampled","Lutrinae / Enhydra-related","B380","B483","internal_clade","optional","Sirenian / edge context","marine","marine_binary","RARS1",17,"marine_specific","RNA processing / translation / protein homeostasis",-0.115426630752885,1.16833406884932,-0.134856865161086,0.134856865161086,"negative",100.210690798702,FALSE,-5.75789525014659,0.00314781088208898,-3.98243194839294
"Lutrinae_sampled","Lutrinae / Enhydra-related","B380","B483","internal_clade","optional","Sirenian / edge context","marine","marine_binary","FAM234A",18,"marine_specific","Unassigned / low-confidence",-0.108556846491888,5.98528734085229,-0.649743919070743,0.649743919070743,"negative",218.612717485774,FALSE,-5.75789525014659,0.00314781088208898,-3.98243194839294
"Lutrinae_sampled","Lutrinae / Enhydra-related","B380","B483","internal_clade","optional","Sirenian / edge context","marine","marine_binary","TREM2",19,"marine_specific","Immune / inflammatory regulation",-0.0898257166079112,0.617990139202397,-0.0555114071104781,0.0555114071104781,"negative",74.2390902026592,FALSE,-5.75789525014659,0.00314781088208898,-3.98243194839294
"Lutrinae_sampled","Lutrinae / Enhydra-related","B380","B483","internal_clade","optional","Sirenian / edge context","marine","marine_binary","ATG2A",20,"marine_specific","Membrane trafficking / ER / vesicle processing",-0.0892133442112914,1.91836116068494,-0.171143414549758,0.171143414549758,"negative",95.0768828920037,FALSE,-5.75789525014659,0.00314781088208898,-3.98243194839294
"Lutrinae_sampled","Lutrinae / Enhydra-related","B380","B483","internal_clade","optional","Sirenian / edge context","marine","marine_binary","NUBP2",21,"shared","Metabolism / redox / lipid handling",-0.0844817154354269,0.531906034723662,-0.0449363342639107,0.0449363342639107,"negative",76.2313565599047,FALSE,-5.75789525014659,0.00314781088208898,-3.98243194839294
"Lutrinae_sampled","Lutrinae / Enhydra-related","B380","B483","internal_clade","optional","Sirenian / edge context","marine","marine_binary","SF3B3",22,"marine_specific","RNA processing / translation / protein homeostasis",-0.0727218763044334,-0.127745667201411,0.00928990460864837,0.00928990460864837,"positive",54.3493276732221,FALSE,-5.75789525014659,0.00314781088208898,-3.98243194839294
"Lutrinae_sampled","Lutrinae / Enhydra-related","B380","B483","internal_clade","optional","Sirenian / edge context","marine","marine_binary","RTL4",23,"marine_specific","Unassigned / low-confidence",-0.0665426884505536,-0.412991618977864,0.0274815726343337,0.0274815726343337,"positive",38.5131848971429,FALSE,-5.75789525014659,0.00314781088208898,-3.98243194839294
"Lutrinae_sampled","Lutrinae / Enhydra-related","B380","B483","internal_clade","optional","Sirenian / edge context","marine","marine_binary","SOX7",24,"shared","Developmental / transcriptional signaling regulators",-0.0651622513698966,-0.640523847934191,0.0417379759875012,0.0417379759875012,"positive",31.3157622163099,FALSE,-5.75789525014659,0.00314781088208898,-3.98243194839294
"Lutrinae_sampled","Lutrinae / Enhydra-related","B380","B483","internal_clade","optional","Sirenian / edge context","marine","marine_binary","CTD_3088G3",25,"marine_specific","Unassigned / low-confidence",-0.0645538212784956,-0.258244217261459,0.0166706510473012,0.0166706510473012,"positive",100.168640543606,FALSE,-5.75789525014659,0.00314781088208898,-3.98243194839294
"Lutrinae_sampled","Lutrinae / Enhydra-related","B380","B483","internal_clade","optional","Sirenian / edge context","marine","marine_binary","COL4A1",26,"marine_specific","Cytoskeletal / muscle / ECM / adhesion",-0.0505715443318336,-0.115700705679507,0.00585116336649562,0.00585116336649562,"positive",55.6136519649211,FALSE,-5.75789525014659,0.00314781088208898,-3.98243194839294
"Lutrinae_sampled","Lutrinae / Enhydra-related","B380","B483","internal_clade","optional","Sirenian / edge context","marine","marine_binary","IDUA",27,"marine_specific","Metabolism / redox / lipid handling",-0.0503352858652507,-1.47701204080974,0.0743458233005756,0.0743458233005756,"positive",17.7341859358627,FALSE,-5.75789525014659,0.00314781088208898,-3.98243194839294
"Lutrinae_sampled","Lutrinae / Enhydra-related","B380","B483","internal_clade","optional","Sirenian / edge context","marine","marine_binary","CYP21A2",28,"marine_specific","Endocrine / circadian / systemic regulation",-0.0450852911002748,-0.751354947780065,0.033875056540296,0.033875056540296,"positive",17.1267363788283,FALSE,-5.75789525014659,0.00314781088208898,-3.98243194839294
"Lutrinae_sampled","Lutrinae / Enhydra-related","B380","B483","internal_clade","optional","Sirenian / edge context","marine","marine_binary","ACVR1",29,"marine_specific","Developmental / transcriptional signaling regulators",-0.0383732664782303,0.778815418847226,-0.0298856916047792,0.0298856916047792,"negative",84.7080049098033,FALSE,-5.75789525014659,0.00314781088208898,-3.98243194839294
"Lutrinae_sampled","Lutrinae / Enhydra-related","B380","B483","internal_clade","optional","Sirenian / edge context","marine","marine_binary","KEL",30,"marine_specific","Vascular / hematologic regulation",-0.0377052256901275,-1.01327650934318,0.0382058194712893,0.0382058194712893,"positive",17.9693899186296,FALSE,-5.75789525014659,0.00314781088208898,-3.98243194839294
"Lutrinae_sampled","Lutrinae / Enhydra-related","B380","B483","internal_clade","optional","Sirenian / edge context","marine","marine_binary","CATSPER4",31,"marine_specific","Cilia / flagella / reproductive-cell function",-0.0348617965707268,1.33475027817905,-0.0465317926705991,0.0465317926705991,"negative",112.195374924365,FALSE,-5.75789525014659,0.00314781088208898,-3.98243194839294
"Lutrinae_sampled","Lutrinae / Enhydra-related","B380","B483","internal_clade","optional","Sirenian / edge context","marine","marine_binary","DCXR",32,"marine_specific","Metabolism / redox / lipid handling",-0.0329559416768714,-0.251003714194905,0.00827206376568541,0.00827206376568541,"positive",31.9560945047576,FALSE,-5.75789525014659,0.00314781088208898,-3.98243194839294
"Lutrinae_sampled","Lutrinae / Enhydra-related","B380","B483","internal_clade","optional","Sirenian / edge context","marine","marine_binary","RDH12",33,"marine_specific","Sensory systems",-0.0319401455848149,0.770509747657015,-0.024610193514684,0.024610193514684,"negative",82.9441952408428,FALSE,-5.75789525014659,0.00314781088208898,-3.98243194839294
"Lutrinae_sampled","Lutrinae / Enhydra-related","B380","B483","internal_clade","optional","Sirenian / edge context","marine","marine_binary","BAK1",34,"marine_specific","Membrane trafficking / ER / vesicle processing",-0.0220699887647022,-0.054318782453322,0.00119881491845712,0.00119881491845712,"positive",47.1502638089938,FALSE,-5.75789525014659,0.00314781088208898,-3.98243194839294
"Lutrinae_sampled","Lutrinae / Enhydra-related","B380","B483","internal_clade","optional","Sirenian / edge context","marine","marine_binary","PECAM1",35,"marine_specific","Vascular / hematologic regulation",-0.00822384288509239,2.05615985931738,-0.0169095356296598,0.0169095356296598,"negative",99.1851551425069,FALSE,-5.75789525014659,0.00314781088208898,-3.98243194839294
"Lutrinae_sampled","Lutrinae / Enhydra-related","B380","B483","internal_clade","optional","Sirenian / edge context","marine","marine_binary","ASH2L",36,"marine_specific","DNA repair / chromatin / cell-cycle",-0.00671137272561463,-1.04146361740085,0.00698965051654398,0.00698965051654398,"positive",20.3015565769802,FALSE,-5.75789525014659,0.00314781088208898,-3.98243194839294
"Lutrinae_sampled","Lutrinae / Enhydra-related","B380","B483","internal_clade","optional","Sirenian / edge context","marine","marine_binary","STMN4",37,"marine_specific","Sensory systems",-0.00252384447419297,0.338690756629804,-0.000854802794580368,0.000854802794580368,"negative",83.4096815522441,FALSE,-5.75789525014659,0.00314781088208898,-3.98243194839294
"Lutrinae_sampled","Lutrinae / Enhydra-related","B380","B483","internal_clade","optional","Sirenian / edge context","marine","marine_binary","OR10G3",38,"marine_specific","Sensory systems",0.0313624648344271,-1.58538105721624,-0.0497214576561112,0.0497214576561112,"negative",0,FALSE,-5.75789525014659,0.00314781088208898,-3.98243194839294
"Lutrinae_sampled","Lutrinae / Enhydra-related","B380","B483","internal_clade","optional","Sirenian / edge context","marine","marine_binary","TGM1",39,"shared","Epithelial / body-surface interface",0.0321438716739072,-0.00140273591889388,-4.50893633693051e-05,4.50893633693051e-05,"negative",64.0273990502747,FALSE,-5.75789525014659,0.00314781088208898,-3.98243194839294
"Lutrinae_sampled","Lutrinae / Enhydra-related","B380","B483","internal_clade","optional","Sirenian / edge context","marine","marine_binary","SLC2A7",40,"marine_specific","Transport / endocytic / epithelial solute handling",0.0382557135453081,-1.25362466364382e-14,-4.79583060256912e-16,4.79583060256912e-16,"negative",,TRUE,-5.75789525014659,0.00314781088208898,-3.98243194839294
"Lutrinae_sampled","Lutrinae / Enhydra-related","B380","B483","internal_clade","optional","Sirenian / edge context","marine","marine_binary","NR2C2AP",41,"marine_specific","Developmental / transcriptional signaling regulators",0.0628652617594018,-0.241327043940623,-0.01517108778695,0.01517108778695,"negative",37.4527198329328,FALSE,-5.75789525014659,0.00314781088208898,-3.98243194839294
"Lutrinae_sampled","Lutrinae / Enhydra-related","B380","B483","internal_clade","optional","Sirenian / edge context","marine","marine_binary","CAPN13",42,"marine_specific","Unassigned / low-confidence",0.0728829596448735,-0.136554389563513,-0.00995248806388786,0.00995248806388786,"negative",57.1252575542509,FALSE,-5.75789525014659,0.00314781088208898,-3.98243194839294
"Lutrinae_sampled","Lutrinae / Enhydra-related","B380","B483","internal_clade","optional","Sirenian / edge context","marine","marine_binary","TGM5",43,"marine_specific","Epithelial / body-surface interface",0.0730096499546588,-0.676695949435678,-0.0494053343940343,0.0494053343940343,"negative",31.7747120916432,FALSE,-5.75789525014659,0.00314781088208898,-3.98243194839294
"Lutrinae_sampled","Lutrinae / Enhydra-related","B380","B483","internal_clade","optional","Sirenian / edge context","marine","marine_binary","TRIM66",44,"marine_specific","DNA repair / chromatin / cell-cycle",0.0785377211171152,1.28978334044197,0.101296644293132,0.101296644293132,"positive",92.432057420477,FALSE,-5.75789525014659,0.00314781088208898,-3.98243194839294
"Lutrinae_sampled","Lutrinae / Enhydra-related","B380","B483","internal_clade","optional","Sirenian / edge context","marine","marine_binary","RNF224",45,"marine_specific","Developmental / transcriptional signaling regulators",0.0826571992947204,1.19350055783956,0.0986514134677046,0.0986514134677046,"positive",129.048067933045,FALSE,-5.75789525014659,0.00314781088208898,-3.98243194839294
"Lutrinae_sampled","Lutrinae / Enhydra-related","B380","B483","internal_clade","optional","Sirenian / edge context","marine","marine_binary","COL20A1",46,"shared","Cytoskeletal / muscle / ECM / adhesion",0.0921292718400568,0.409926996218075,0.037766275669153,0.037766275669153,"positive",84.558733802396,FALSE,-5.75789525014659,0.00314781088208898,-3.98243194839294
"Lutrinae_sampled","Lutrinae / Enhydra-related","B380","B483","internal_clade","optional","Sirenian / edge context","marine","marine_binary","PNPLA7",47,"shared","Metabolism / redox / lipid handling",0.10673604147477,1.87542712479336,0.200175667374852,0.200175667374852,"positive",127.640187998711,FALSE,-5.75789525014659,0.00314781088208898,-3.98243194839294
"Lutrinae_sampled","Lutrinae / Enhydra-related","B380","B483","internal_clade","optional","Sirenian / edge context","marine","marine_binary","DBNL",48,"shared","Cytoskeletal / muscle / ECM / adhesion",0.109704318050152,0.732806470488408,0.0803920341076693,0.0803920341076693,"positive",99.0628190436585,FALSE,-5.75789525014659,0.00314781088208898,-3.98243194839294
"Lutrinae_sampled","Lutrinae / Enhydra-related","B380","B483","internal_clade","optional","Sirenian / edge context","marine","marine_binary","OR6B1",49,"shared","Sensory systems",0.111781295712533,-0.256493991547203,-0.0286712307176259,0.0286712307176259,"negative",64.6813137463138,FALSE,-5.75789525014659,0.00314781088208898,-3.98243194839294
"Lutrinae_sampled","Lutrinae / Enhydra-related","B380","B483","internal_clade","optional","Sirenian / edge context","marine","marine_binary","SLC28A1",50,"marine_specific","Transport / endocytic / epithelial solute handling",0.128656733732997,2.28533599927687,0.294023865149396,0.294023865149396,"positive",129.285050045612,FALSE,-5.75789525014659,0.00314781088208898,-3.98243194839294
"Lutrinae_sampled","Lutrinae / Enhydra-related","B380","B483","internal_clade","optional","Sirenian / edge context","marine","marine_binary","TOGARAM2",51,"shared","Cilia / flagella / reproductive-cell function",0.129304237042922,-1.02469932835722,-0.132497964851625,0.132497964851625,"negative",36.8582596112689,FALSE,-5.75789525014659,0.00314781088208898,-3.98243194839294
"Lutrinae_sampled","Lutrinae / Enhydra-related","B380","B483","internal_clade","optional","Sirenian / edge context","marine","marine_binary","SSTR4",52,"marine_specific","Endocrine / circadian / systemic regulation",0.137940410562783,-1.15118624521664,-0.158795103299412,0.158795103299412,"negative",44.6207981209776,FALSE,-5.75789525014659,0.00314781088208898,-3.98243194839294
"Lutrinae_sampled","Lutrinae / Enhydra-related","B380","B483","internal_clade","optional","Sirenian / edge context","marine","marine_binary","CALHM1",53,"marine_specific","Ion channels / mechanosensation / membrane signaling",0.145696679568621,-1.11583487805307,-0.162573436679188,0.162573436679188,"negative",0,FALSE,-5.75789525014659,0.00314781088208898,-3.98243194839294
"Lutrinae_sampled","Lutrinae / Enhydra-related","B380","B483","internal_clade","optional","Sirenian / edge context","marine","marine_binary","ALOX12B",54,"marine_specific","Epithelial / body-surface interface",0.149753620737968,3.01865542951177,0.452054580329715,0.452054580329715,"positive",133.749966251014,FALSE,-5.75789525014659,0.00314781088208898,-3.98243194839294
"Lutrinae_sampled","Lutrinae / Enhydra-related","B380","B483","internal_clade","optional","Sirenian / edge context","marine","marine_binary","ESYT3",55,"marine_specific","Membrane trafficking / ER / vesicle processing",0.153832070750976,0.541877905044961,0.0833582002272673,0.0833582002272673,"positive",88.2371253255656,FALSE,-5.75789525014659,0.00314781088208898,-3.98243194839294
"Lutrinae_sampled","Lutrinae / Enhydra-related","B380","B483","internal_clade","optional","Sirenian / edge context","marine","marine_binary","IL36G",56,"marine_specific","Immune / inflammatory regulation",0.166019839478868,-0.050287543460027,-0.00834872989302029,0.00834872989302029,"negative",63.0895981237886,FALSE,-5.75789525014659,0.00314781088208898,-3.98243194839294
"Lutrinae_sampled","Lutrinae / Enhydra-related","B380","B483","internal_clade","optional","Sirenian / edge context","marine","marine_binary","KRT17",57,"marine_specific","Epithelial / body-surface interface",0.189861649168978,0.904898452336796,0.17180551249112,0.17180551249112,"positive",142.98850034877,FALSE,-5.75789525014659,0.00314781088208898,-3.98243194839294
"Lutrinae_sampled","Lutrinae / Enhydra-related","B380","B483","internal_clade","optional","Sirenian / edge context","marine","marine_binary","NKPD1",58,"marine_specific","Unassigned / low-confidence",0.230941713295598,0.948810050967751,0.219119818762576,0.219119818762576,"positive",94.2335598573485,FALSE,-5.75789525014659,0.00314781088208898,-3.98243194839294
"Lutrinae_sampled","Lutrinae / Enhydra-related","B380","B483","internal_clade","optional","Sirenian / edge context","marine","marine_binary","IL33",59,"shared","Immune / inflammatory regulation",0.27044270721607,-1.25623647320033,-0.339739992715866,0.339739992715866,"negative",0,FALSE,-5.75789525014659,0.00314781088208898,-3.98243194839294
"Lutrinae_sampled","Lutrinae / Enhydra-related","B380","B483","internal_clade","optional","Sirenian / edge context","marine","marine_binary","HOXD10",60,"marine_specific","Developmental / transcriptional signaling regulators",0.28020716230031,-0.60795096148977,-0.170352213736793,0.170352213736793,"negative",0,FALSE,-5.75789525014659,0.00314781088208898,-3.98243194839294
"Lutrinae_sampled","Lutrinae / Enhydra-related","B380","B483","internal_clade","optional","Sirenian / edge context","marine","marine_binary","OR52W1",61,"shared","Sensory systems",0.282799403614638,0.52842393728294,0.149437974319315,0.149437974319315,"positive",94.2921188950822,FALSE,-5.75789525014659,0.00314781088208898,-3.98243194839294
"Lutrinae_sampled","Lutrinae / Enhydra-related","B380","B483","internal_clade","optional","Sirenian / edge context","marine","marine_binary","HIGD1B",62,"marine_specific","Vascular / hematologic regulation",0.328380050132626,2.36106303074782,0.77532599640326,0.77532599640326,"positive",223.636168032014,FALSE,-5.75789525014659,0.00314781088208898,-3.98243194839294
"Lutrinae_sampled","Lutrinae / Enhydra-related","B380","B483","internal_clade","optional","Sirenian / edge context","marine","marine_binary","CAPN14",63,"marine_specific","Epithelial / body-surface interface",0.342438899161804,-0.375047827801407,-0.12843096528534,0.12843096528534,"negative",71.8345679285974,FALSE,-5.75789525014659,0.00314781088208898,-3.98243194839294
"Lutrinae_sampled","Lutrinae / Enhydra-related","B380","B483","internal_clade","optional","Sirenian / edge context","marine","marine_binary","OMP",64,"shared","Sensory systems",0.345615697623917,-0.83680215058049,-0.28921195904607,0.28921195904607,"negative",0,FALSE,-5.75789525014659,0.00314781088208898,-3.98243194839294
"Lutrinae_sampled","Lutrinae / Enhydra-related","B380","B483","internal_clade","optional","Sirenian / edge context","marine","marine_binary","ACP4",65,"marine_specific","Cytoskeletal / muscle / ECM / adhesion",0.36185377349003,-1.04945723387968,-0.379750060195771,0.379750060195771,"negative",8.3226298524548,FALSE,-5.75789525014659,0.00314781088208898,-3.98243194839294
"Lutrinae_sampled","Lutrinae / Enhydra-related","B380","B483","internal_clade","optional","Sirenian / edge context","marine","marine_binary","KRTDAP",66,"shared","Epithelial / body-surface interface",0.386565925079529,-0.7956627842008,-0.307576120225936,0.307576120225936,"negative",0,FALSE,-5.75789525014659,0.00314781088208898,-3.98243194839294
"Lutrinae_sampled","Lutrinae / Enhydra-related","B380","B483","internal_clade","optional","Sirenian / edge context","marine","marine_binary","MYH7B",67,"marine_specific","Cytoskeletal / muscle / ECM / adhesion",0.397856553371577,-0.886166488666984,-0.352567144894439,0.352567144894439,"negative",39.9069503408214,FALSE,-5.75789525014659,0.00314781088208898,-3.98243194839294
"Lutrinae_sampled","Lutrinae / Enhydra-related","B380","B483","internal_clade","optional","Sirenian / edge context","marine","marine_binary","SDR9C7",68,"shared","Epithelial / body-surface interface",0.409389888665918,-0.561652052815571,-0.229934671371151,0.229934671371151,"negative",30.6349347137098,FALSE,-5.75789525014659,0.00314781088208898,-3.98243194839294
"Lutrinae_sampled","Lutrinae / Enhydra-related","B380","B483","internal_clade","optional","Sirenian / edge context","marine","marine_binary","KCNK18",69,"shared","Ion channels / mechanosensation / membrane signaling",0.43928773003255,-1.21344822905597,-0.533052918054014,0.533052918054014,"negative",21.1291463415942,FALSE,-5.75789525014659,0.00314781088208898,-3.98243194839294
"Lutrinae_sampled","Lutrinae / Enhydra-related","B380","B483","internal_clade","optional","Sirenian / edge context","marine","marine_binary","MYH13",70,"marine_specific","Cytoskeletal / muscle / ECM / adhesion",0.480299625271563,-0.434015122672411,-0.208457300781751,0.208457300781751,"negative",62.7692066113584,FALSE,-5.75789525014659,0.00314781088208898,-3.98243194839294
"Lutrinae_sampled","Lutrinae / Enhydra-related","B380","B483","internal_clade","optional","Sirenian / edge context","marine","marine_binary","TGM3",71,"shared","Epithelial / body-surface interface",0.691315381170856,-0.0465873741948475,-0.0322065683492603,0.0322065683492603,"negative",57.4475445874907,FALSE,-5.75789525014659,0.00314781088208898,-3.98243194839294
"common_ancestor_Cetacea_plus_Hippopotamus","Cetacea + hippo ancestor","B593","B593","internal_clade","required","Cetacean axis","binary_aquatic_dependence","binary_aquatic_dependence","ATF7IP2",1,"aquatic_specific","DNA repair / chromatin / cell-cycle",-0.581769927151342,-0.950457125790869,0.552947372831828,0.552947372831828,"positive",30.1253629488233,FALSE,0.905287683879084,0.71203491005766,-2.75018905096971
"common_ancestor_Cetacea_plus_Hippopotamus","Cetacea + hippo ancestor","B593","B593","internal_clade","required","Cetacean axis","binary_aquatic_dependence","binary_aquatic_dependence","WDR93",2,"shared","Cilia / flagella / reproductive-cell function",-0.4793197990576,1.10262152465278,-0.528508327633155,0.528508327633155,"negative",79.7382396579416,FALSE,0.905287683879084,0.71203491005766,-2.75018905096971
"common_ancestor_Cetacea_plus_Hippopotamus","Cetacea + hippo ancestor","B593","B593","internal_clade","required","Cetacean axis","binary_aquatic_dependence","binary_aquatic_dependence","PMIS2",3,"aquatic_specific","Developmental / transcriptional signaling regulators",-0.39072525213697,-0.0413353170097744,0.0161507521608057,0.0161507521608057,"positive",52.7030659456328,FALSE,0.905287683879084,0.71203491005766,-2.75018905096971
"common_ancestor_Cetacea_plus_Hippopotamus","Cetacea + hippo ancestor","B593","B593","internal_clade","required","Cetacean axis","binary_aquatic_dependence","binary_aquatic_dependence","PFKP",4,"aquatic_specific","Metabolism / redox / lipid handling",-0.356881027792284,2.11040151153593,-0.753162260491333,0.753162260491333,"negative",139.015938677874,FALSE,0.905287683879084,0.71203491005766,-2.75018905096971
"common_ancestor_Cetacea_plus_Hippopotamus","Cetacea + hippo ancestor","B593","B593","internal_clade","required","Cetacean axis","binary_aquatic_dependence","binary_aquatic_dependence","PDGFB",5,"aquatic_specific","Vascular / hematologic regulation",-0.348561123284862,-1.10821241334476,0.386279763633677,0.386279763633677,"positive",7.17558359947615,FALSE,0.905287683879084,0.71203491005766,-2.75018905096971
"common_ancestor_Cetacea_plus_Hippopotamus","Cetacea + hippo ancestor","B593","B593","internal_clade","required","Cetacean axis","binary_aquatic_dependence","binary_aquatic_dependence","PUSL1",6,"shared","Metabolism / redox / lipid handling",-0.314220898750119,0.132058886874462,-0.0414956621216336,0.0414956621216336,"negative",59.0910826640655,FALSE,0.905287683879084,0.71203491005766,-2.75018905096971
"common_ancestor_Cetacea_plus_Hippopotamus","Cetacea + hippo ancestor","B593","B593","internal_clade","required","Cetacean axis","binary_aquatic_dependence","binary_aquatic_dependence","SMCO3",7,"aquatic_specific","Unassigned / low-confidence",-0.307082295991399,-1.04300225274641,0.32028752649757,0.32028752649757,"positive",0,FALSE,0.905287683879084,0.71203491005766,-2.75018905096971
"common_ancestor_Cetacea_plus_Hippopotamus","Cetacea + hippo ancestor","B593","B593","internal_clade","required","Cetacean axis","binary_aquatic_dependence","binary_aquatic_dependence","GGTLC1",8,"aquatic_specific","Metabolism / redox / lipid handling",-0.291163814888646,-1.03768196589911,0.302135439832335,0.302135439832335,"positive",0,FALSE,0.905287683879084,0.71203491005766,-2.75018905096971
"common_ancestor_Cetacea_plus_Hippopotamus","Cetacea + hippo ancestor","B593","B593","internal_clade","required","Cetacean axis","binary_aquatic_dependence","binary_aquatic_dependence","C16orf91",9,"aquatic_specific","Unassigned / low-confidence",-0.262195862787636,1.17002088852542,-0.30677463634648,0.30677463634648,"negative",99.6334544154944,FALSE,0.905287683879084,0.71203491005766,-2.75018905096971
"common_ancestor_Cetacea_plus_Hippopotamus","Cetacea + hippo ancestor","B593","B593","internal_clade","required","Cetacean axis","binary_aquatic_dependence","binary_aquatic_dependence","HGFAC",10,"shared","Vascular / hematologic regulation",-0.251889764940469,-0.331055829727013,0.0833895751321094,0.0833895751321094,"positive",50.379798632421,FALSE,0.905287683879084,0.71203491005766,-2.75018905096971
"common_ancestor_Cetacea_plus_Hippopotamus","Cetacea + hippo ancestor","B593","B593","internal_clade","required","Cetacean axis","binary_aquatic_dependence","binary_aquatic_dependence","NLRP8",11,"aquatic_specific","Immune / inflammatory regulation",-0.249357601464042,6.78284762456238e-15,-1.69135461475695e-15,1.69135461475695e-15,"negative",,TRUE,0.905287683879084,0.71203491005766,-2.75018905096971
"common_ancestor_Cetacea_plus_Hippopotamus","Cetacea + hippo ancestor","B593","B593","internal_clade","required","Cetacean axis","binary_aquatic_dependence","binary_aquatic_dependence","FN3K",12,"shared","Metabolism / redox / lipid handling",-0.244837253974046,-0.53401305579857,0.130746290168011,0.130746290168011,"positive",32.2360411733022,FALSE,0.905287683879084,0.71203491005766,-2.75018905096971
"common_ancestor_Cetacea_plus_Hippopotamus","Cetacea + hippo ancestor","B593","B593","internal_clade","required","Cetacean axis","binary_aquatic_dependence","binary_aquatic_dependence","NUBP2",13,"shared","Metabolism / redox / lipid handling",-0.239999172123246,1.03364569562828,-0.248074111219543,0.248074111219543,"negative",95.0538863212813,FALSE,0.905287683879084,0.71203491005766,-2.75018905096971
"common_ancestor_Cetacea_plus_Hippopotamus","Cetacea + hippo ancestor","B593","B593","internal_clade","required","Cetacean axis","binary_aquatic_dependence","binary_aquatic_dependence","ACADSB",14,"aquatic_specific","Metabolism / redox / lipid handling",-0.238865076823398,0.84811107135941,-0.20258411621504,0.20258411621504,"negative",81.0671799338607,FALSE,0.905287683879084,0.71203491005766,-2.75018905096971
"common_ancestor_Cetacea_plus_Hippopotamus","Cetacea + hippo ancestor","B593","B593","internal_clade","required","Cetacean axis","binary_aquatic_dependence","binary_aquatic_dependence","TTC28",15,"aquatic_specific","Developmental / transcriptional signaling regulators",-0.237914556985983,-0.728084122589983,0.173221811474524,0.173221811474524,"positive",37.6218840579642,FALSE,0.905287683879084,0.71203491005766,-2.75018905096971
"common_ancestor_Cetacea_plus_Hippopotamus","Cetacea + hippo ancestor","B593","B593","internal_clade","required","Cetacean axis","binary_aquatic_dependence","binary_aquatic_dependence","SLC6A15",16,"aquatic_specific","Transport / endocytic / epithelial solute handling",-0.23289351110375,0.0385516967559135,-0.00897844001649173,0.00897844001649173,"negative",56.282674699902,FALSE,0.905287683879084,0.71203491005766,-2.75018905096971
"common_ancestor_Cetacea_plus_Hippopotamus","Cetacea + hippo ancestor","B593","B593","internal_clade","required","Cetacean axis","binary_aquatic_dependence","binary_aquatic_dependence","CATSPERG",17,"aquatic_specific","Cilia / flagella / reproductive-cell function",-0.232264279338058,-0.251820011754446,0.0584887935530477,0.0584887935530477,"positive",41.362799221538,FALSE,0.905287683879084,0.71203491005766,-2.75018905096971
"common_ancestor_Cetacea_plus_Hippopotamus","Cetacea + hippo ancestor","B593","B593","internal_clade","required","Cetacean axis","binary_aquatic_dependence","binary_aquatic_dependence","SYDE1",18,"shared","Cytoskeletal / muscle / ECM / adhesion",-0.232023025562006,1.05914626010616,-0.245746319782515,0.245746319782515,"negative",85.4061938987131,FALSE,0.905287683879084,0.71203491005766,-2.75018905096971
"common_ancestor_Cetacea_plus_Hippopotamus","Cetacea + hippo ancestor","B593","B593","internal_clade","required","Cetacean axis","binary_aquatic_dependence","binary_aquatic_dependence","SLC5A5",19,"aquatic_specific","Transport / endocytic / epithelial solute handling",-0.231105741131879,-0.698885286385445,0.161516402076274,0.161516402076274,"positive",33.3471661153063,FALSE,0.905287683879084,0.71203491005766,-2.75018905096971
"common_ancestor_Cetacea_plus_Hippopotamus","Cetacea + hippo ancestor","B593","B593","internal_clade","required","Cetacean axis","binary_aquatic_dependence","binary_aquatic_dependence","SIGIRR",20,"aquatic_specific","Immune / inflammatory regulation",-0.210302505536658,-0.51712263427236,0.108752185657194,0.108752185657194,"positive",26.842700673644,FALSE,0.905287683879084,0.71203491005766,-2.75018905096971
"common_ancestor_Cetacea_plus_Hippopotamus","Cetacea + hippo ancestor","B593","B593","internal_clade","required","Cetacean axis","binary_aquatic_dependence","binary_aquatic_dependence","KEAP1",21,"aquatic_specific","Developmental / transcriptional signaling regulators",-0.19883739251004,-0.525873914698783,0.104563397987753,0.104563397987753,"positive",40.4954501129016,FALSE,0.905287683879084,0.71203491005766,-2.75018905096971
"common_ancestor_Cetacea_plus_Hippopotamus","Cetacea + hippo ancestor","B593","B593","internal_clade","required","Cetacean axis","binary_aquatic_dependence","binary_aquatic_dependence","SYNPO2",22,"aquatic_specific","Cytoskeletal / muscle / ECM / adhesion",-0.164171125185038,-0.829370029004443,0.136158610856407,0.136158610856407,"positive",25.5430504657909,FALSE,0.905287683879084,0.71203491005766,-2.75018905096971
"common_ancestor_Cetacea_plus_Hippopotamus","Cetacea + hippo ancestor","B593","B593","internal_clade","required","Cetacean axis","binary_aquatic_dependence","binary_aquatic_dependence","PI4KA",23,"aquatic_specific","Ion channels / mechanosensation / membrane signaling",-0.161213914772254,0.799382071042359,-0.128871513071491,0.128871513071491,"negative",85.7503652191072,FALSE,0.905287683879084,0.71203491005766,-2.75018905096971
"common_ancestor_Cetacea_plus_Hippopotamus","Cetacea + hippo ancestor","B593","B593","internal_clade","required","Cetacean axis","binary_aquatic_dependence","binary_aquatic_dependence","H1_8",24,"aquatic_specific","DNA repair / chromatin / cell-cycle",-0.160268979059258,0.138516599008235,-0.0221999139058105,0.0221999139058105,"negative",59.2953777741534,FALSE,0.905287683879084,0.71203491005766,-2.75018905096971
"common_ancestor_Cetacea_plus_Hippopotamus","Cetacea + hippo ancestor","B593","B593","internal_clade","required","Cetacean axis","binary_aquatic_dependence","binary_aquatic_dependence","CATSPERZ",25,"shared","Cilia / flagella / reproductive-cell function",-0.154029925159516,-0.156759489118368,0.0241456523769461,0.0241456523769461,"positive",38.8901044494023,FALSE,0.905287683879084,0.71203491005766,-2.75018905096971
"common_ancestor_Cetacea_plus_Hippopotamus","Cetacea + hippo ancestor","B593","B593","internal_clade","required","Cetacean axis","binary_aquatic_dependence","binary_aquatic_dependence","TIGD7",26,"aquatic_specific","Developmental / transcriptional signaling regulators",-0.153350666144971,-0.244795957341387,0.0375396231278977,0.0375396231278977,"positive",86.8490403640312,FALSE,0.905287683879084,0.71203491005766,-2.75018905096971
"common_ancestor_Cetacea_plus_Hippopotamus","Cetacea + hippo ancestor","B593","B593","internal_clade","required","Cetacean axis","binary_aquatic_dependence","binary_aquatic_dependence","CLASP2",27,"aquatic_specific","Cytoskeletal / muscle / ECM / adhesion",-0.153215743294715,0.175539485320495,-0.0268954127209514,0.0268954127209514,"negative",61.3379655297491,FALSE,0.905287683879084,0.71203491005766,-2.75018905096971
"common_ancestor_Cetacea_plus_Hippopotamus","Cetacea + hippo ancestor","B593","B593","internal_clade","required","Cetacean axis","binary_aquatic_dependence","binary_aquatic_dependence","FAM20B",28,"aquatic_specific","Developmental / transcriptional signaling regulators",-0.149046125022571,-0.545219142343247,0.0812628004543907,0.0812628004543907,"positive",33.112800065175,FALSE,0.905287683879084,0.71203491005766,-2.75018905096971
"common_ancestor_Cetacea_plus_Hippopotamus","Cetacea + hippo ancestor","B593","B593","internal_clade","required","Cetacean axis","binary_aquatic_dependence","binary_aquatic_dependence","EHHADH",29,"aquatic_specific","Metabolism / redox / lipid handling",-0.134704680594371,-0.720187924160024,0.0970126842918994,0.0970126842918994,"positive",29.236483844822,FALSE,0.905287683879084,0.71203491005766,-2.75018905096971
"common_ancestor_Cetacea_plus_Hippopotamus","Cetacea + hippo ancestor","B593","B593","internal_clade","required","Cetacean axis","binary_aquatic_dependence","binary_aquatic_dependence","XCR1",30,"aquatic_specific","Immune / inflammatory regulation",-0.128894917212046,1.27908614790646,-0.164867703141478,0.164867703141478,"negative",94.5905514140453,FALSE,0.905287683879084,0.71203491005766,-2.75018905096971
"common_ancestor_Cetacea_plus_Hippopotamus","Cetacea + hippo ancestor","B593","B593","internal_clade","required","Cetacean axis","binary_aquatic_dependence","binary_aquatic_dependence","CLTCL1",31,"aquatic_specific","Membrane trafficking / ER / vesicle processing",-0.122013377075862,1.03036935260103e-14,-1.25718844346321e-15,1.25718844346321e-15,"negative",,TRUE,0.905287683879084,0.71203491005766,-2.75018905096971
"common_ancestor_Cetacea_plus_Hippopotamus","Cetacea + hippo ancestor","B593","B593","internal_clade","required","Cetacean axis","binary_aquatic_dependence","binary_aquatic_dependence","SLC6A6",32,"aquatic_specific","Transport / endocytic / epithelial solute handling",-0.121595276910313,0.656134024631554,-0.079782798415352,0.079782798415352,"negative",98.2679465725813,FALSE,0.905287683879084,0.71203491005766,-2.75018905096971
"common_ancestor_Cetacea_plus_Hippopotamus","Cetacea + hippo ancestor","B593","B593","internal_clade","required","Cetacean axis","binary_aquatic_dependence","binary_aquatic_dependence","ACOX3",33,"aquatic_specific","Metabolism / redox / lipid handling",-0.118129521585615,1.00321897785914,-0.11850977790011,0.11850977790011,"negative",81.0754228992354,FALSE,0.905287683879084,0.71203491005766,-2.75018905096971
"common_ancestor_Cetacea_plus_Hippopotamus","Cetacea + hippo ancestor","B593","B593","internal_clade","required","Cetacean axis","binary_aquatic_dependence","binary_aquatic_dependence","CORO2A",34,"aquatic_specific","Cytoskeletal / muscle / ECM / adhesion",-0.110434776748237,-1.66685714727449,0.184078996930462,0.184078996930462,"positive",0,FALSE,0.905287683879084,0.71203491005766,-2.75018905096971
"common_ancestor_Cetacea_plus_Hippopotamus","Cetacea + hippo ancestor","B593","B593","internal_clade","required","Cetacean axis","binary_aquatic_dependence","binary_aquatic_dependence","SEPTIN5",35,"aquatic_specific","Cytoskeletal / muscle / ECM / adhesion",-0.106389612271777,-1.19363979495881,0.126990874977831,0.126990874977831,"positive",0,FALSE,0.905287683879084,0.71203491005766,-2.75018905096971
"common_ancestor_Cetacea_plus_Hippopotamus","Cetacea + hippo ancestor","B593","B593","internal_clade","required","Cetacean axis","binary_aquatic_dependence","binary_aquatic_dependence","MEFV",36,"aquatic_specific","Immune / inflammatory regulation",-0.106234859098565,8.45645272504119e-16,-8.98370063718431e-17,8.98370063718431e-17,"negative",,TRUE,0.905287683879084,0.71203491005766,-2.75018905096971
"common_ancestor_Cetacea_plus_Hippopotamus","Cetacea + hippo ancestor","B593","B593","internal_clade","required","Cetacean axis","binary_aquatic_dependence","binary_aquatic_dependence","C1orf112",37,"aquatic_specific","DNA repair / chromatin / cell-cycle",-0.10365191227098,-0.496809239055986,0.0514952276620436,0.0514952276620436,"positive",42.0648298942848,FALSE,0.905287683879084,0.71203491005766,-2.75018905096971
"common_ancestor_Cetacea_plus_Hippopotamus","Cetacea + hippo ancestor","B593","B593","internal_clade","required","Cetacean axis","binary_aquatic_dependence","binary_aquatic_dependence","HPRT1",38,"aquatic_specific","Metabolism / redox / lipid handling",-0.099597493197772,-0.87763128091248,0.0874098755308328,0.0874098755308328,"positive",0,FALSE,0.905287683879084,0.71203491005766,-2.75018905096971
"common_ancestor_Cetacea_plus_Hippopotamus","Cetacea + hippo ancestor","B593","B593","internal_clade","required","Cetacean axis","binary_aquatic_dependence","binary_aquatic_dependence","CD34",39,"shared","Vascular / hematologic regulation",-0.0959044894988044,-0.095215907640316,0.00913163301440982,0.00913163301440982,"positive",50.5293044167416,FALSE,0.905287683879084,0.71203491005766,-2.75018905096971
"common_ancestor_Cetacea_plus_Hippopotamus","Cetacea + hippo ancestor","B593","B593","internal_clade","required","Cetacean axis","binary_aquatic_dependence","binary_aquatic_dependence","CASTOR1",40,"aquatic_specific","Endocrine / circadian / systemic regulation",-0.0825057476543748,-1.23213944869363,0.101658586428917,0.101658586428917,"positive",0,FALSE,0.905287683879084,0.71203491005766,-2.75018905096971
"common_ancestor_Cetacea_plus_Hippopotamus","Cetacea + hippo ancestor","B593","B593","internal_clade","required","Cetacean axis","binary_aquatic_dependence","binary_aquatic_dependence","RAC3",41,"aquatic_specific","Developmental / transcriptional signaling regulators",-0.0814970345799135,0.45900019127379,-0.037407154460427,0.037407154460427,"negative",75.4544589196329,FALSE,0.905287683879084,0.71203491005766,-2.75018905096971
"common_ancestor_Cetacea_plus_Hippopotamus","Cetacea + hippo ancestor","B593","B593","internal_clade","required","Cetacean axis","binary_aquatic_dependence","binary_aquatic_dependence","URI1",42,"aquatic_specific","Developmental / transcriptional signaling regulators",-0.078475489653661,-0.278143187965864,0.0218274228694515,0.0218274228694515,"positive",42.9584367728334,FALSE,0.905287683879084,0.71203491005766,-2.75018905096971
"common_ancestor_Cetacea_plus_Hippopotamus","Cetacea + hippo ancestor","B593","B593","internal_clade","required","Cetacean axis","binary_aquatic_dependence","binary_aquatic_dependence","SPINT4",43,"aquatic_specific","Epithelial / body-surface interface",-0.0769933368325998,4.54906952881321,-0.350248042506832,0.350248042506832,"negative",200.925546975248,FALSE,0.905287683879084,0.71203491005766,-2.75018905096971
"common_ancestor_Cetacea_plus_Hippopotamus","Cetacea + hippo ancestor","B593","B593","internal_clade","required","Cetacean axis","binary_aquatic_dependence","binary_aquatic_dependence","GGTLC3",44,"aquatic_specific","Metabolism / redox / lipid handling",-0.0726998898105257,-0.845479361710653,0.061466256433438,0.061466256433438,"positive",0,FALSE,0.905287683879084,0.71203491005766,-2.75018905096971
"common_ancestor_Cetacea_plus_Hippopotamus","Cetacea + hippo ancestor","B593","B593","internal_clade","required","Cetacean axis","binary_aquatic_dependence","binary_aquatic_dependence","KMO",45,"aquatic_specific","Metabolism / redox / lipid handling",-0.0725495886342883,0.239151607233617,-0.0173503507260278,0.0173503507260278,"negative",63.9822912618559,FALSE,0.905287683879084,0.71203491005766,-2.75018905096971
"common_ancestor_Cetacea_plus_Hippopotamus","Cetacea + hippo ancestor","B593","B593","internal_clade","required","Cetacean axis","binary_aquatic_dependence","binary_aquatic_dependence","PDK1",46,"aquatic_specific","Metabolism / redox / lipid handling",-0.0696000509826744,-1.00417783295923,0.0698908283696341,0.0698908283696341,"positive",11.7904856187336,FALSE,0.905287683879084,0.71203491005766,-2.75018905096971
"common_ancestor_Cetacea_plus_Hippopotamus","Cetacea + hippo ancestor","B593","B593","internal_clade","required","Cetacean axis","binary_aquatic_dependence","binary_aquatic_dependence","EPOR",47,"shared","Vascular / hematologic regulation",-0.0639836237556098,-0.648766437333856,0.0415104276316368,0.0415104276316368,"positive",33.6369283018948,FALSE,0.905287683879084,0.71203491005766,-2.75018905096971
"common_ancestor_Cetacea_plus_Hippopotamus","Cetacea + hippo ancestor","B593","B593","internal_clade","required","Cetacean axis","binary_aquatic_dependence","binary_aquatic_dependence","AC092835",48,"aquatic_specific","Unassigned / low-confidence",-0.0481295116799046,-0.881282348237706,0.0424156890728005,0.0424156890728005,"positive",21.4211896437511,FALSE,0.905287683879084,0.71203491005766,-2.75018905096971
"common_ancestor_Cetacea_plus_Hippopotamus","Cetacea + hippo ancestor","B593","B593","internal_clade","required","Cetacean axis","binary_aquatic_dependence","binary_aquatic_dependence","CDHR4",49,"aquatic_specific","Epithelial / body-surface interface",-0.043359831407413,-0.607189708332252,0.0263276433856027,0.0263276433856027,"positive",37.6011528633446,FALSE,0.905287683879084,0.71203491005766,-2.75018905096971
"common_ancestor_Cetacea_plus_Hippopotamus","Cetacea + hippo ancestor","B593","B593","internal_clade","required","Cetacean axis","binary_aquatic_dependence","binary_aquatic_dependence","PROB1",50,"aquatic_specific","Unassigned / low-confidence",-0.031368805999096,-2.23308511098174,0.0700492136258558,0.0700492136258558,"positive",10.0519113386242,FALSE,0.905287683879084,0.71203491005766,-2.75018905096971
"common_ancestor_Cetacea_plus_Hippopotamus","Cetacea + hippo ancestor","B593","B593","internal_clade","required","Cetacean axis","binary_aquatic_dependence","binary_aquatic_dependence","PPP1R3A",51,"aquatic_specific","Metabolism / redox / lipid handling",-0.0310971405758917,-1.2714906533849,0.0395397235892425,0.0395397235892425,"positive",27.1729196414015,FALSE,0.905287683879084,0.71203491005766,-2.75018905096971
"common_ancestor_Cetacea_plus_Hippopotamus","Cetacea + hippo ancestor","B593","B593","internal_clade","required","Cetacean axis","binary_aquatic_dependence","binary_aquatic_dependence","CDC14B",52,"aquatic_specific","DNA repair / chromatin / cell-cycle",-0.0297700481634882,-1.2773323422659,0.038026245350037,0.038026245350037,"positive",0,FALSE,0.905287683879084,0.71203491005766,-2.75018905096971
"common_ancestor_Cetacea_plus_Hippopotamus","Cetacea + hippo ancestor","B593","B593","internal_clade","required","Cetacean axis","binary_aquatic_dependence","binary_aquatic_dependence","SOX7",53,"shared","Developmental / transcriptional signaling regulators",-0.0288474092932838,0.0537295214408545,-0.00154995749613659,0.00154995749613659,"negative",56.964104200634,FALSE,0.905287683879084,0.71203491005766,-2.75018905096971
"common_ancestor_Cetacea_plus_Hippopotamus","Cetacea + hippo ancestor","B593","B593","internal_clade","required","Cetacean axis","binary_aquatic_dependence","binary_aquatic_dependence","MSN",54,"aquatic_specific","Cytoskeletal / muscle / ECM / adhesion",-0.0286086021473059,0.0645899392324356,-0.00184782787421941,0.00184782787421941,"negative",57.2287413312117,FALSE,0.905287683879084,0.71203491005766,-2.75018905096971
"common_ancestor_Cetacea_plus_Hippopotamus","Cetacea + hippo ancestor","B593","B593","internal_clade","required","Cetacean axis","binary_aquatic_dependence","binary_aquatic_dependence","COMMD4",55,"aquatic_specific","DNA repair / chromatin / cell-cycle",-0.0187271239132032,0.261891251135413,-0.00490446991179669,0.00490446991179669,"negative",79.7723656647864,FALSE,0.905287683879084,0.71203491005766,-2.75018905096971
"common_ancestor_Cetacea_plus_Hippopotamus","Cetacea + hippo ancestor","B593","B593","internal_clade","required","Cetacean axis","binary_aquatic_dependence","binary_aquatic_dependence","NOXO1",56,"aquatic_specific","Ion channels / mechanosensation / membrane signaling",-0.0179148306739576,1.01396062924274,-0.0181649329829431,0.0181649329829431,"negative",95.6109234240888,FALSE,0.905287683879084,0.71203491005766,-2.75018905096971
"common_ancestor_Cetacea_plus_Hippopotamus","Cetacea + hippo ancestor","B593","B593","internal_clade","required","Cetacean axis","binary_aquatic_dependence","binary_aquatic_dependence","CCDC174",57,"aquatic_specific","RNA processing / translation / protein homeostasis",-0.0162180345629962,0.0417044596459145,-0.00067636436796852,0.00067636436796852,"negative",68.9024445537374,FALSE,0.905287683879084,0.71203491005766,-2.75018905096971
"common_ancestor_Cetacea_plus_Hippopotamus","Cetacea + hippo ancestor","B593","B593","internal_clade","required","Cetacean axis","binary_aquatic_dependence","binary_aquatic_dependence","FLYWCH1",58,"aquatic_specific","Developmental / transcriptional signaling regulators",-0.0104987023982283,-1.42777406070175,0.0149897749552176,0.0149897749552176,"positive",0,FALSE,0.905287683879084,0.71203491005766,-2.75018905096971
"common_ancestor_Cetacea_plus_Hippopotamus","Cetacea + hippo ancestor","B593","B593","internal_clade","required","Cetacean axis","binary_aquatic_dependence","binary_aquatic_dependence","RHCG",59,"aquatic_specific","Transport / endocytic / epithelial solute handling",-0.0101117732108071,-0.716275264595074,0.00724281303209627,0.00724281303209627,"positive",23.9249644672964,FALSE,0.905287683879084,0.71203491005766,-2.75018905096971
"common_ancestor_Cetacea_plus_Hippopotamus","Cetacea + hippo ancestor","B593","B593","internal_clade","required","Cetacean axis","binary_aquatic_dependence","binary_aquatic_dependence","IP6K1",60,"aquatic_specific","Ion channels / mechanosensation / membrane signaling",-0.00832534794040649,-0.336610290713188,0.00280239779050867,0.00280239779050867,"positive",43.3100428229575,FALSE,0.905287683879084,0.71203491005766,-2.75018905096971
"common_ancestor_Cetacea_plus_Hippopotamus","Cetacea + hippo ancestor","B593","B593","internal_clade","required","Cetacean axis","binary_aquatic_dependence","binary_aquatic_dependence","SORBS2",61,"aquatic_specific","Cytoskeletal / muscle / ECM / adhesion",-0.0080058731823396,0.119323613987865,-0.000955289721245292,0.000955289721245292,"negative",59.0423803466589,FALSE,0.905287683879084,0.71203491005766,-2.75018905096971
"common_ancestor_Cetacea_plus_Hippopotamus","Cetacea + hippo ancestor","B593","B593","internal_clade","required","Cetacean axis","binary_aquatic_dependence","binary_aquatic_dependence","ASMTL",62,"shared","Endocrine / circadian / systemic regulation",-0.00682424512057102,2.22430154695983,-0.0151791789785192,0.0151791789785192,"negative",169.463194546219,FALSE,0.905287683879084,0.71203491005766,-2.75018905096971
"common_ancestor_Cetacea_plus_Hippopotamus","Cetacea + hippo ancestor","B593","B593","internal_clade","required","Cetacean axis","binary_aquatic_dependence","binary_aquatic_dependence","TMPPE",63,"aquatic_specific","Metabolism / redox / lipid handling",-0.00232450558807123,6.66502971147397,-0.015492898808982,0.015492898808982,"negative",297.523579508443,FALSE,0.905287683879084,0.71203491005766,-2.75018905096971
"common_ancestor_Cetacea_plus_Hippopotamus","Cetacea + hippo ancestor","B593","B593","internal_clade","required","Cetacean axis","binary_aquatic_dependence","binary_aquatic_dependence","ITGA2B",64,"aquatic_specific","Vascular / hematologic regulation",-0.00129204970143602,1.02301589789085,-0.00132178738543418,0.00132178738543418,"negative",77.4140465971409,FALSE,0.905287683879084,0.71203491005766,-2.75018905096971
"common_ancestor_Cetacea_plus_Hippopotamus","Cetacea + hippo ancestor","B593","B593","internal_clade","required","Cetacean axis","binary_aquatic_dependence","binary_aquatic_dependence","RHOA",65,"aquatic_specific","Cytoskeletal / muscle / ECM / adhesion",-0.00113448879012524,0.563776480159087,-0.000639598096876751,0.000639598096876751,"negative",93.3891736673054,FALSE,0.905287683879084,0.71203491005766,-2.75018905096971
"common_ancestor_Cetacea_plus_Hippopotamus","Cetacea + hippo ancestor","B593","B593","internal_clade","required","Cetacean axis","binary_aquatic_dependence","binary_aquatic_dependence","FP565260",66,"aquatic_specific","Unassigned / low-confidence",1.70815408075916e-05,0.403517282546273,6.89269692838262e-06,6.89269692838262e-06,"positive",78.1106733823399,FALSE,0.905287683879084,0.71203491005766,-2.75018905096971
"common_ancestor_Cetacea_plus_Hippopotamus","Cetacea + hippo ancestor","B593","B593","internal_clade","required","Cetacean axis","binary_aquatic_dependence","binary_aquatic_dependence","LRIF1",67,"aquatic_specific","DNA repair / chromatin / cell-cycle",0.00997540842690748,-0.590654838179427,-0.00589202325016874,0.00589202325016874,"negative",24.9790371463625,FALSE,0.905287683879084,0.71203491005766,-2.75018905096971
"common_ancestor_Cetacea_plus_Hippopotamus","Cetacea + hippo ancestor","B593","B593","internal_clade","required","Cetacean axis","binary_aquatic_dependence","binary_aquatic_dependence","BAMBI",68,"aquatic_specific","Developmental / transcriptional signaling regulators",0.0120734458485713,-0.636329877969403,-0.00768269432349159,0.00768269432349159,"negative",18.5434672297728,FALSE,0.905287683879084,0.71203491005766,-2.75018905096971
"common_ancestor_Cetacea_plus_Hippopotamus","Cetacea + hippo ancestor","B593","B593","internal_clade","required","Cetacean axis","binary_aquatic_dependence","binary_aquatic_dependence","LLGL1",69,"aquatic_specific","Membrane trafficking / ER / vesicle processing",0.0221096407434654,-0.160731912771446,-0.00355372484738669,0.00355372484738669,"negative",55.7360228124865,FALSE,0.905287683879084,0.71203491005766,-2.75018905096971
"common_ancestor_Cetacea_plus_Hippopotamus","Cetacea + hippo ancestor","B593","B593","internal_clade","required","Cetacean axis","binary_aquatic_dependence","binary_aquatic_dependence","COL20A1",70,"shared","Cytoskeletal / muscle / ECM / adhesion",0.0288024871662898,-0.400545175323213,-0.0115366972717662,0.0115366972717662,"negative",61.5318955292433,FALSE,0.905287683879084,0.71203491005766,-2.75018905096971
"common_ancestor_Cetacea_plus_Hippopotamus","Cetacea + hippo ancestor","B593","B593","internal_clade","required","Cetacean axis","binary_aquatic_dependence","binary_aquatic_dependence","TGM1",71,"shared","Epithelial / body-surface interface",0.0320265937643637,0.763360166952789,0.0244478259628938,0.0244478259628938,"positive",85.2273914306301,FALSE,0.905287683879084,0.71203491005766,-2.75018905096971
"common_ancestor_Cetacea_plus_Hippopotamus","Cetacea + hippo ancestor","B593","B593","internal_clade","required","Cetacean axis","binary_aquatic_dependence","binary_aquatic_dependence","PDE6C",72,"aquatic_specific","Sensory systems",0.0369091575908715,-0.901347932693658,-0.0332679928919965,0.0332679928919965,"negative",27.827402972548,FALSE,0.905287683879084,0.71203491005766,-2.75018905096971
"common_ancestor_Cetacea_plus_Hippopotamus","Cetacea + hippo ancestor","B593","B593","internal_clade","required","Cetacean axis","binary_aquatic_dependence","binary_aquatic_dependence","TOGARAM2",73,"shared","Cilia / flagella / reproductive-cell function",0.03936598299555,-2.05123399127527,-0.0807488424204364,0.0807488424204364,"negative",0,FALSE,0.905287683879084,0.71203491005766,-2.75018905096971
"common_ancestor_Cetacea_plus_Hippopotamus","Cetacea + hippo ancestor","B593","B593","internal_clade","required","Cetacean axis","binary_aquatic_dependence","binary_aquatic_dependence","CSMD1",74,"aquatic_specific","Immune / inflammatory regulation",0.0435717554769353,0.865674790844468,0.0377189703092223,0.0377189703092223,"positive",77.5264100162586,FALSE,0.905287683879084,0.71203491005766,-2.75018905096971
"common_ancestor_Cetacea_plus_Hippopotamus","Cetacea + hippo ancestor","B593","B593","internal_clade","required","Cetacean axis","binary_aquatic_dependence","binary_aquatic_dependence","KRTDAP",75,"shared","Epithelial / body-surface interface",0.0447305719374455,0.546639976932222,0.0244515188120503,0.0244515188120503,"positive",119.109602424669,FALSE,0.905287683879084,0.71203491005766,-2.75018905096971
"common_ancestor_Cetacea_plus_Hippopotamus","Cetacea + hippo ancestor","B593","B593","internal_clade","required","Cetacean axis","binary_aquatic_dependence","binary_aquatic_dependence","CNGA4",76,"aquatic_specific","Sensory systems",0.0586555487526509,-1.09748810840154,-0.0643737672478009,0.0643737672478009,"negative",27.1190361658066,FALSE,0.905287683879084,0.71203491005766,-2.75018905096971
"common_ancestor_Cetacea_plus_Hippopotamus","Cetacea + hippo ancestor","B593","B593","internal_clade","required","Cetacean axis","binary_aquatic_dependence","binary_aquatic_dependence","ARSA",77,"aquatic_specific","Metabolism / redox / lipid handling",0.0862370240736283,1.47024794700292,0.126789807599893,0.126789807599893,"positive",94.4288876840827,FALSE,0.905287683879084,0.71203491005766,-2.75018905096971
"common_ancestor_Cetacea_plus_Hippopotamus","Cetacea + hippo ancestor","B593","B593","internal_clade","required","Cetacean axis","binary_aquatic_dependence","binary_aquatic_dependence","DEUP1",78,"aquatic_specific","Cilia / flagella / reproductive-cell function",0.0985919084118505,-0.838938090412044,-0.082712507373117,0.082712507373117,"negative",31.1816417574282,FALSE,0.905287683879084,0.71203491005766,-2.75018905096971
"common_ancestor_Cetacea_plus_Hippopotamus","Cetacea + hippo ancestor","B593","B593","internal_clade","required","Cetacean axis","binary_aquatic_dependence","binary_aquatic_dependence","PIEZO1",79,"aquatic_specific","Ion channels / mechanosensation / membrane signaling",0.100220575454654,-0.626234321979079,-0.0627615641181981,0.0627615641181981,"negative",50.6789309425277,FALSE,0.905287683879084,0.71203491005766,-2.75018905096971
"common_ancestor_Cetacea_plus_Hippopotamus","Cetacea + hippo ancestor","B593","B593","internal_clade","required","Cetacean axis","binary_aquatic_dependence","binary_aquatic_dependence","DBNL",80,"shared","Cytoskeletal / muscle / ECM / adhesion",0.116035395287358,-1.15275634642406,-0.133760538327326,0.133760538327326,"negative",0,FALSE,0.905287683879084,0.71203491005766,-2.75018905096971
"common_ancestor_Cetacea_plus_Hippopotamus","Cetacea + hippo ancestor","B593","B593","internal_clade","required","Cetacean axis","binary_aquatic_dependence","binary_aquatic_dependence","OR6B1",81,"shared","Sensory systems",0.1211331117984,-0.359185921030822,-0.0435093083286379,0.0435093083286379,"negative",57.5031323140267,FALSE,0.905287683879084,0.71203491005766,-2.75018905096971
"common_ancestor_Cetacea_plus_Hippopotamus","Cetacea + hippo ancestor","B593","B593","internal_clade","required","Cetacean axis","binary_aquatic_dependence","binary_aquatic_dependence","ABHD8",82,"aquatic_specific","Metabolism / redox / lipid handling",0.123391794658719,-0.509618432721586,-0.0628827330046801,0.0628827330046801,"negative",34.459240936784,FALSE,0.905287683879084,0.71203491005766,-2.75018905096971
"common_ancestor_Cetacea_plus_Hippopotamus","Cetacea + hippo ancestor","B593","B593","internal_clade","required","Cetacean axis","binary_aquatic_dependence","binary_aquatic_dependence","FZD5",83,"aquatic_specific","Developmental / transcriptional signaling regulators",0.130676120517993,-0.571109990550451,-0.0746304379542008,0.0746304379542008,"negative",34.7743657502486,FALSE,0.905287683879084,0.71203491005766,-2.75018905096971
"common_ancestor_Cetacea_plus_Hippopotamus","Cetacea + hippo ancestor","B593","B593","internal_clade","required","Cetacean axis","binary_aquatic_dependence","binary_aquatic_dependence","PNPLA7",84,"shared","Metabolism / redox / lipid handling",0.137885581276299,-0.694042659796222,-0.095698475576551,0.095698475576551,"negative",39.542266693782,FALSE,0.905287683879084,0.71203491005766,-2.75018905096971
"common_ancestor_Cetacea_plus_Hippopotamus","Cetacea + hippo ancestor","B593","B593","internal_clade","required","Cetacean axis","binary_aquatic_dependence","binary_aquatic_dependence","SPEF2",85,"aquatic_specific","Cilia / flagella / reproductive-cell function",0.174059525751515,0.222885027195137,0.0387952621306991,0.0387952621306991,"positive",66.0811827829025,FALSE,0.905287683879084,0.71203491005766,-2.75018905096971
"common_ancestor_Cetacea_plus_Hippopotamus","Cetacea + hippo ancestor","B593","B593","internal_clade","required","Cetacean axis","binary_aquatic_dependence","binary_aquatic_dependence","GCKR",86,"aquatic_specific","Endocrine / circadian / systemic regulation",0.176184373124808,1.47714832493868e-15,2.60250451641681e-16,2.60250451641681e-16,"positive",,TRUE,0.905287683879084,0.71203491005766,-2.75018905096971
"common_ancestor_Cetacea_plus_Hippopotamus","Cetacea + hippo ancestor","B593","B593","internal_clade","required","Cetacean axis","binary_aquatic_dependence","binary_aquatic_dependence","SEC61A2",87,"aquatic_specific","Membrane trafficking / ER / vesicle processing",0.176583875943885,0.880665039574829,0.155511246096398,0.155511246096398,"positive",85.3647745848464,FALSE,0.905287683879084,0.71203491005766,-2.75018905096971
"common_ancestor_Cetacea_plus_Hippopotamus","Cetacea + hippo ancestor","B593","B593","internal_clade","required","Cetacean axis","binary_aquatic_dependence","binary_aquatic_dependence","OR52W1",88,"shared","Sensory systems",0.190684677268266,0.846164902976289,0.161350681439767,0.161350681439767,"positive",107.456401574877,FALSE,0.905287683879084,0.71203491005766,-2.75018905096971
"common_ancestor_Cetacea_plus_Hippopotamus","Cetacea + hippo ancestor","B593","B593","internal_clade","required","Cetacean axis","binary_aquatic_dependence","binary_aquatic_dependence","PRSS53",89,"aquatic_specific","Epithelial / body-surface interface",0.194083977905306,0.156164952316934,0.0303091151550628,0.0303091151550628,"positive",68.1901023694143,FALSE,0.905287683879084,0.71203491005766,-2.75018905096971
"common_ancestor_Cetacea_plus_Hippopotamus","Cetacea + hippo ancestor","B593","B593","internal_clade","required","Cetacean axis","binary_aquatic_dependence","binary_aquatic_dependence","KCNK18",90,"shared","Ion channels / mechanosensation / membrane signaling",0.217561248206336,0.362426187023957,0.0788498936315951,0.0788498936315951,"positive",73.7015223952546,FALSE,0.905287683879084,0.71203491005766,-2.75018905096971
"common_ancestor_Cetacea_plus_Hippopotamus","Cetacea + hippo ancestor","B593","B593","internal_clade","required","Cetacean axis","binary_aquatic_dependence","binary_aquatic_dependence","SDR9C7",91,"shared","Epithelial / body-surface interface",0.220181989308241,-0.702356423474268,-0.154646234523986,0.154646234523986,"negative",24.4016269386717,FALSE,0.905287683879084,0.71203491005766,-2.75018905096971
"common_ancestor_Cetacea_plus_Hippopotamus","Cetacea + hippo ancestor","B593","B593","internal_clade","required","Cetacean axis","binary_aquatic_dependence","binary_aquatic_dependence","OMP",92,"shared","Sensory systems",0.231144543648012,0.384156115848301,0.0887955900873484,0.0887955900873484,"positive",120.967042110865,FALSE,0.905287683879084,0.71203491005766,-2.75018905096971
"common_ancestor_Cetacea_plus_Hippopotamus","Cetacea + hippo ancestor","B593","B593","internal_clade","required","Cetacean axis","binary_aquatic_dependence","binary_aquatic_dependence","SYTL5",93,"aquatic_specific","Membrane trafficking / ER / vesicle processing",0.265993756746688,0.431681905482552,0.114824691758873,0.114824691758873,"positive",78.7340559043406,FALSE,0.905287683879084,0.71203491005766,-2.75018905096971
"common_ancestor_Cetacea_plus_Hippopotamus","Cetacea + hippo ancestor","B593","B593","internal_clade","required","Cetacean axis","binary_aquatic_dependence","binary_aquatic_dependence","IL33",94,"shared","Immune / inflammatory regulation",0.340038935001018,1.77089357082817,0.60217276382456,0.60217276382456,"positive",105.682244925993,FALSE,0.905287683879084,0.71203491005766,-2.75018905096971
"common_ancestor_Cetacea_plus_Hippopotamus","Cetacea + hippo ancestor","B593","B593","internal_clade","required","Cetacean axis","binary_aquatic_dependence","binary_aquatic_dependence","KIF18A",95,"aquatic_specific","DNA repair / chromatin / cell-cycle",0.340198342633948,-0.0704521917125713,-0.0239677188555459,0.0239677188555459,"negative",48.1344249401576,FALSE,0.905287683879084,0.71203491005766,-2.75018905096971
"common_ancestor_Cetacea_plus_Hippopotamus","Cetacea + hippo ancestor","B593","B593","internal_clade","required","Cetacean axis","binary_aquatic_dependence","binary_aquatic_dependence","FAM13A",96,"aquatic_specific","Developmental / transcriptional signaling regulators",0.348973910716795,1.21681028358969,0.424635043264705,0.424635043264705,"positive",87.6335897009822,FALSE,0.905287683879084,0.71203491005766,-2.75018905096971
"common_ancestor_Cetacea_plus_Hippopotamus","Cetacea + hippo ancestor","B593","B593","internal_clade","required","Cetacean axis","binary_aquatic_dependence","binary_aquatic_dependence","NWD1",97,"aquatic_specific","Developmental / transcriptional signaling regulators",0.404558879261438,-0.481732011340268,-0.194888962612177,0.194888962612177,"negative",56.5591166145385,FALSE,0.905287683879084,0.71203491005766,-2.75018905096971
"common_ancestor_Cetacea_plus_Hippopotamus","Cetacea + hippo ancestor","B593","B593","internal_clade","required","Cetacean axis","binary_aquatic_dependence","binary_aquatic_dependence","LRP2",98,"aquatic_specific","Transport / endocytic / epithelial solute handling",0.471378525654808,4.01679782060841,1.89343223453184,1.89343223453184,"positive",116.44110050931,FALSE,0.905287683879084,0.71203491005766,-2.75018905096971
"common_ancestor_Cetacea_plus_Hippopotamus","Cetacea + hippo ancestor","B593","B593","internal_clade","required","Cetacean axis","binary_aquatic_dependence","binary_aquatic_dependence","CACNA1G",99,"aquatic_specific","Ion channels / mechanosensation / membrane signaling",0.593854706123962,-0.399899764348771,-0.237482357036381,0.237482357036381,"negative",55.5912905507744,FALSE,0.905287683879084,0.71203491005766,-2.75018905096971
"common_ancestor_Cetacea_plus_Hippopotamus","Cetacea + hippo ancestor","B593","B593","internal_clade","required","Cetacean axis","binary_aquatic_dependence","binary_aquatic_dependence","PER1",100,"aquatic_specific","Endocrine / circadian / systemic regulation",0.784004329488712,-1.92182721378643,-1.50672085613779,1.50672085613779,"negative",6.39410089281304,FALSE,0.905287683879084,0.71203491005766,-2.75018905096971
"common_ancestor_Cetacea_plus_Hippopotamus","Cetacea + hippo ancestor","B593","B593","internal_clade","required","Cetacean axis","binary_aquatic_dependence","binary_aquatic_dependence","TGM3",101,"shared","Epithelial / body-surface interface",1.04080869919882,2.21446954561285,2.3048391671847,2.3048391671847,"positive",136.921725686724,FALSE,0.905287683879084,0.71203491005766,-2.75018905096971
"crown_Cetacea","Crown Cetacea","B592","B592","internal_clade","required","Cetacean axis","binary_aquatic_dependence","binary_aquatic_dependence","ATF7IP2",1,"aquatic_specific","DNA repair / chromatin / cell-cycle",-0.581769927151342,-0.363629023403181,0.211548430455382,0.211548430455382,"positive",49.3992010632533,FALSE,1.96582838152481,0.877162333985557,-2.75018905096971
"crown_Cetacea","Crown Cetacea","B592","B592","internal_clade","required","Cetacean axis","binary_aquatic_dependence","binary_aquatic_dependence","WDR93",2,"shared","Cilia / flagella / reproductive-cell function",-0.4793197990576,-0.745919106237803,0.357533796115129,0.357533796115129,"positive",31.4707551671749,FALSE,1.96582838152481,0.877162333985557,-2.75018905096971
"crown_Cetacea","Crown Cetacea","B592","B592","internal_clade","required","Cetacean axis","binary_aquatic_dependence","binary_aquatic_dependence","PMIS2",3,"aquatic_specific","Developmental / transcriptional signaling regulators",-0.39072525213697,0.136718025744388,-0.0534191850806447,0.0534191850806447,"negative",61.4468947882643,FALSE,1.96582838152481,0.877162333985557,-2.75018905096971
"crown_Cetacea","Crown Cetacea","B592","B592","internal_clade","required","Cetacean axis","binary_aquatic_dependence","binary_aquatic_dependence","PFKP",4,"aquatic_specific","Metabolism / redox / lipid handling",-0.356881027792284,0.0598751176763658,-0.0213682935355254,0.0213682935355254,"negative",61.8427548815505,FALSE,1.96582838152481,0.877162333985557,-2.75018905096971
"crown_Cetacea","Crown Cetacea","B592","B592","internal_clade","required","Cetacean axis","binary_aquatic_dependence","binary_aquatic_dependence","PDGFB",5,"aquatic_specific","Vascular / hematologic regulation",-0.348561123284862,1.08897335640145,-0.379573776334576,0.379573776334576,"negative",107.47322087497,FALSE,1.96582838152481,0.877162333985557,-2.75018905096971
"crown_Cetacea","Crown Cetacea","B592","B592","internal_clade","required","Cetacean axis","binary_aquatic_dependence","binary_aquatic_dependence","PUSL1",6,"shared","Metabolism / redox / lipid handling",-0.314220898750119,1.88964550598599,-0.59376610921004,0.59376610921004,"negative",117.082622214755,FALSE,1.96582838152481,0.877162333985557,-2.75018905096971
"crown_Cetacea","Crown Cetacea","B592","B592","internal_clade","required","Cetacean axis","binary_aquatic_dependence","binary_aquatic_dependence","SMCO3",7,"aquatic_specific","Unassigned / low-confidence",-0.307082295991399,-0.202583123375574,0.06220969065528,0.06220969065528,"positive",52.5390320159176,FALSE,1.96582838152481,0.877162333985557,-2.75018905096971
"crown_Cetacea","Crown Cetacea","B592","B592","internal_clade","required","Cetacean axis","binary_aquatic_dependence","binary_aquatic_dependence","GGTLC1",8,"aquatic_specific","Metabolism / redox / lipid handling",-0.291163814888646,-0.300597845843656,0.087523215543148,0.087523215543148,"positive",43.5253090931752,FALSE,1.96582838152481,0.877162333985557,-2.75018905096971
"crown_Cetacea","Crown Cetacea","B592","B592","internal_clade","required","Cetacean axis","binary_aquatic_dependence","binary_aquatic_dependence","C16orf91",9,"aquatic_specific","Unassigned / low-confidence",-0.262195862787636,0.415333999454311,-0.108898856331963,0.108898856331963,"negative",69.7891946594278,FALSE,1.96582838152481,0.877162333985557,-2.75018905096971
"crown_Cetacea","Crown Cetacea","B592","B592","internal_clade","required","Cetacean axis","binary_aquatic_dependence","binary_aquatic_dependence","HGFAC",10,"shared","Vascular / hematologic regulation",-0.251889764940469,0.188446464298086,-0.0474677355959074,0.0474677355959074,"negative",73.2083466203579,FALSE,1.96582838152481,0.877162333985557,-2.75018905096971
"crown_Cetacea","Crown Cetacea","B592","B592","internal_clade","required","Cetacean axis","binary_aquatic_dependence","binary_aquatic_dependence","NLRP8",11,"aquatic_specific","Immune / inflammatory regulation",-0.249357601464042,6.78284762456238e-15,-1.69135461475695e-15,1.69135461475695e-15,"negative",,TRUE,1.96582838152481,0.877162333985557,-2.75018905096971
"crown_Cetacea","Crown Cetacea","B592","B592","internal_clade","required","Cetacean axis","binary_aquatic_dependence","binary_aquatic_dependence","FN3K",12,"shared","Metabolism / redox / lipid handling",-0.244837253974046,0.21791593510563,-0.0533539391484489,0.0533539391484489,"negative",57.768963609525,FALSE,1.96582838152481,0.877162333985557,-2.75018905096971
"crown_Cetacea","Crown Cetacea","B592","B592","internal_clade","required","Cetacean axis","binary_aquatic_dependence","binary_aquatic_dependence","NUBP2",13,"shared","Metabolism / redox / lipid handling",-0.239999172123246,0.1439745883652,-0.0345537820144331,0.0345537820144331,"negative",61.6799967218999,FALSE,1.96582838152481,0.877162333985557,-2.75018905096971
"crown_Cetacea","Crown Cetacea","B592","B592","internal_clade","required","Cetacean axis","binary_aquatic_dependence","binary_aquatic_dependence","ACADSB",14,"aquatic_specific","Metabolism / redox / lipid handling",-0.238865076823398,-0.49386446966946,0.117966974487942,0.117966974487942,"positive",40.807520601298,FALSE,1.96582838152481,0.877162333985557,-2.75018905096971
"crown_Cetacea","Crown Cetacea","B592","B592","internal_clade","required","Cetacean axis","binary_aquatic_dependence","binary_aquatic_dependence","TTC28",15,"aquatic_specific","Developmental / transcriptional signaling regulators",-0.237914556985983,-0.275890457524322,0.0656383559785593,0.0656383559785593,"positive",49.754225049858,FALSE,1.96582838152481,0.877162333985557,-2.75018905096971
"crown_Cetacea","Crown Cetacea","B592","B592","internal_clade","required","Cetacean axis","binary_aquatic_dependence","binary_aquatic_dependence","SLC6A15",16,"aquatic_specific","Transport / endocytic / epithelial solute handling",-0.23289351110375,-0.966017864776508,0.224979292316748,0.224979292316748,"positive",24.8179704556248,FALSE,1.96582838152481,0.877162333985557,-2.75018905096971
"crown_Cetacea","Crown Cetacea","B592","B592","internal_clade","required","Cetacean axis","binary_aquatic_dependence","binary_aquatic_dependence","CATSPERG",17,"aquatic_specific","Cilia / flagella / reproductive-cell function",-0.232264279338058,-0.108557617408393,0.0252140567740171,0.0252140567740171,"positive",44.7491872224157,FALSE,1.96582838152481,0.877162333985557,-2.75018905096971
"crown_Cetacea","Crown Cetacea","B592","B592","internal_clade","required","Cetacean axis","binary_aquatic_dependence","binary_aquatic_dependence","SYDE1",18,"shared","Cytoskeletal / muscle / ECM / adhesion",-0.232023025562006,-0.00595593097260402,0.00138191312430205,0.00138191312430205,"positive",56.3778344526324,FALSE,1.96582838152481,0.877162333985557,-2.75018905096971
"crown_Cetacea","Crown Cetacea","B592","B592","internal_clade","required","Cetacean axis","binary_aquatic_dependence","binary_aquatic_dependence","SLC5A5",19,"aquatic_specific","Transport / endocytic / epithelial solute handling",-0.231105741131879,0.50899067728183,-0.117630667702434,0.117630667702434,"negative",70.2908308427979,FALSE,1.96582838152481,0.877162333985557,-2.75018905096971
"crown_Cetacea","Crown Cetacea","B592","B592","internal_clade","required","Cetacean axis","binary_aquatic_dependence","binary_aquatic_dependence","SIGIRR",20,"aquatic_specific","Immune / inflammatory regulation",-0.210302505536658,-0.265143984143495,0.0557604441933488,0.0557604441933488,"positive",45.5973017594256,FALSE,1.96582838152481,0.877162333985557,-2.75018905096971
"crown_Cetacea","Crown Cetacea","B592","B592","internal_clade","required","Cetacean axis","binary_aquatic_dependence","binary_aquatic_dependence","KEAP1",21,"aquatic_specific","Developmental / transcriptional signaling regulators",-0.19883739251004,0.855900193680992,-0.170184962760367,0.170184962760367,"negative",78.2432976433943,FALSE,1.96582838152481,0.877162333985557,-2.75018905096971
"crown_Cetacea","Crown Cetacea","B592","B592","internal_clade","required","Cetacean axis","binary_aquatic_dependence","binary_aquatic_dependence","SYNPO2",22,"aquatic_specific","Cytoskeletal / muscle / ECM / adhesion",-0.164171125185038,-0.369786138971727,0.0607082065128194,0.0607082065128194,"positive",41.5247671289657,FALSE,1.96582838152481,0.877162333985557,-2.75018905096971
"crown_Cetacea","Crown Cetacea","B592","B592","internal_clade","required","Cetacean axis","binary_aquatic_dependence","binary_aquatic_dependence","PI4KA",23,"aquatic_specific","Ion channels / mechanosensation / membrane signaling",-0.161213914772254,1.33692874365827,-0.2155315165367,0.2155315165367,"negative",102.638833217762,FALSE,1.96582838152481,0.877162333985557,-2.75018905096971
"crown_Cetacea","Crown Cetacea","B592","B592","internal_clade","required","Cetacean axis","binary_aquatic_dependence","binary_aquatic_dependence","H1_8",24,"aquatic_specific","DNA repair / chromatin / cell-cycle",-0.160268979059258,-0.759669516568411,0.121751457842859,0.121751457842859,"positive",32.8812082895053,FALSE,1.96582838152481,0.877162333985557,-2.75018905096971
"crown_Cetacea","Crown Cetacea","B592","B592","internal_clade","required","Cetacean axis","binary_aquatic_dependence","binary_aquatic_dependence","CATSPERZ",25,"shared","Cilia / flagella / reproductive-cell function",-0.154029925159516,-0.873365205584121,0.134524377253047,0.134524377253047,"positive",12.6833994820669,FALSE,1.96582838152481,0.877162333985557,-2.75018905096971
"crown_Cetacea","Crown Cetacea","B592","B592","internal_clade","required","Cetacean axis","binary_aquatic_dependence","binary_aquatic_dependence","TIGD7",26,"aquatic_specific","Developmental / transcriptional signaling regulators",-0.153350666144971,-0.0140252097253864,0.00215077525421094,0.00215077525421094,"positive",109.227499081835,FALSE,1.96582838152481,0.877162333985557,-2.75018905096971
"crown_Cetacea","Crown Cetacea","B592","B592","internal_clade","required","Cetacean axis","binary_aquatic_dependence","binary_aquatic_dependence","CLASP2",27,"aquatic_specific","Cytoskeletal / muscle / ECM / adhesion",-0.153215743294715,0.258091466523237,-0.039543675881381,0.039543675881381,"negative",63.8017980007669,FALSE,1.96582838152481,0.877162333985557,-2.75018905096971
"crown_Cetacea","Crown Cetacea","B592","B592","internal_clade","required","Cetacean axis","binary_aquatic_dependence","binary_aquatic_dependence","FAM20B",28,"aquatic_specific","Developmental / transcriptional signaling regulators",-0.149046125022571,-0.104432881883878,0.0155653163697319,0.0155653163697319,"positive",52.4758238828272,FALSE,1.96582838152481,0.877162333985557,-2.75018905096971
"crown_Cetacea","Crown Cetacea","B592","B592","internal_clade","required","Cetacean axis","binary_aquatic_dependence","binary_aquatic_dependence","EHHADH",29,"aquatic_specific","Metabolism / redox / lipid handling",-0.134704680594371,0.334372058823412,-0.0450414813834901,0.0450414813834901,"negative",74.5155474551978,FALSE,1.96582838152481,0.877162333985557,-2.75018905096971
"crown_Cetacea","Crown Cetacea","B592","B592","internal_clade","required","Cetacean axis","binary_aquatic_dependence","binary_aquatic_dependence","XCR1",30,"aquatic_specific","Immune / inflammatory regulation",-0.128894917212046,-0.54577429316563,0.0703475323340471,0.0703475323340471,"positive",32.9248741081797,FALSE,1.96582838152481,0.877162333985557,-2.75018905096971
"crown_Cetacea","Crown Cetacea","B592","B592","internal_clade","required","Cetacean axis","binary_aquatic_dependence","binary_aquatic_dependence","CLTCL1",31,"aquatic_specific","Membrane trafficking / ER / vesicle processing",-0.122013377075862,1.03036935260103e-14,-1.25718844346321e-15,1.25718844346321e-15,"negative",,TRUE,1.96582838152481,0.877162333985557,-2.75018905096971
"crown_Cetacea","Crown Cetacea","B592","B592","internal_clade","required","Cetacean axis","binary_aquatic_dependence","binary_aquatic_dependence","SLC6A6",32,"aquatic_specific","Transport / endocytic / epithelial solute handling",-0.121595276910313,-0.240191667161629,0.0292061722800681,0.0292061722800681,"positive",44.3896194167852,FALSE,1.96582838152481,0.877162333985557,-2.75018905096971
"crown_Cetacea","Crown Cetacea","B592","B592","internal_clade","required","Cetacean axis","binary_aquatic_dependence","binary_aquatic_dependence","ACOX3",33,"aquatic_specific","Metabolism / redox / lipid handling",-0.118129521585615,0.468428261725443,-0.055335206454808,0.055335206454808,"negative",68.6438934802178,FALSE,1.96582838152481,0.877162333985557,-2.75018905096971
"crown_Cetacea","Crown Cetacea","B592","B592","internal_clade","required","Cetacean axis","binary_aquatic_dependence","binary_aquatic_dependence","CORO2A",34,"aquatic_specific","Cytoskeletal / muscle / ECM / adhesion",-0.110434776748237,0.495054117996094,-0.0546711909991943,0.0546711909991943,"negative",72.6350256977903,FALSE,1.96582838152481,0.877162333985557,-2.75018905096971
"crown_Cetacea","Crown Cetacea","B592","B592","internal_clade","required","Cetacean axis","binary_aquatic_dependence","binary_aquatic_dependence","SEPTIN5",35,"aquatic_specific","Cytoskeletal / muscle / ECM / adhesion",-0.106389612271777,0.0653333073974968,-0.00695078524245252,0.00695078524245252,"negative",60.3062758669169,FALSE,1.96582838152481,0.877162333985557,-2.75018905096971
"crown_Cetacea","Crown Cetacea","B592","B592","internal_clade","required","Cetacean axis","binary_aquatic_dependence","binary_aquatic_dependence","MEFV",36,"aquatic_specific","Immune / inflammatory regulation",-0.106234859098565,8.45645272504119e-16,-8.98370063718431e-17,8.98370063718431e-17,"negative",,TRUE,1.96582838152481,0.877162333985557,-2.75018905096971
"crown_Cetacea","Crown Cetacea","B592","B592","internal_clade","required","Cetacean axis","binary_aquatic_dependence","binary_aquatic_dependence","C1orf112",37,"aquatic_specific","DNA repair / chromatin / cell-cycle",-0.10365191227098,-0.232881704746693,0.0241386340299206,0.0241386340299206,"positive",49.1519210788471,FALSE,1.96582838152481,0.877162333985557,-2.75018905096971
"crown_Cetacea","Crown Cetacea","B592","B592","internal_clade","required","Cetacean axis","binary_aquatic_dependence","binary_aquatic_dependence","HPRT1",38,"aquatic_specific","Metabolism / redox / lipid handling",-0.099597493197772,0.113411617620683,-0.0112955128145243,0.0112955128145243,"negative",59.2826159255879,FALSE,1.96582838152481,0.877162333985557,-2.75018905096971
"crown_Cetacea","Crown Cetacea","B592","B592","internal_clade","required","Cetacean axis","binary_aquatic_dependence","binary_aquatic_dependence","CD34",39,"shared","Vascular / hematologic regulation",-0.0959044894988044,-0.952815703830205,0.0913793036622799,0.0913793036622799,"positive",21.6155135061289,FALSE,1.96582838152481,0.877162333985557,-2.75018905096971
"crown_Cetacea","Crown Cetacea","B592","B592","internal_clade","required","Cetacean axis","binary_aquatic_dependence","binary_aquatic_dependence","CASTOR1",40,"aquatic_specific","Endocrine / circadian / systemic regulation",-0.0825057476543748,1.08031890936219,-0.0891325193220862,0.0891325193220862,"negative",104.118027395697,FALSE,1.96582838152481,0.877162333985557,-2.75018905096971
"crown_Cetacea","Crown Cetacea","B592","B592","internal_clade","required","Cetacean axis","binary_aquatic_dependence","binary_aquatic_dependence","RAC3",41,"aquatic_specific","Developmental / transcriptional signaling regulators",-0.0814970345799135,0.318756004900381,-0.0259776691539214,0.0259776691539214,"negative",68.4288822638813,FALSE,1.96582838152481,0.877162333985557,-2.75018905096971
"crown_Cetacea","Crown Cetacea","B592","B592","internal_clade","required","Cetacean axis","binary_aquatic_dependence","binary_aquatic_dependence","URI1",42,"aquatic_specific","Developmental / transcriptional signaling regulators",-0.078475489653661,-0.50274966707931,0.0394535262972639,0.0394535262972639,"positive",33.6961578770646,FALSE,1.96582838152481,0.877162333985557,-2.75018905096971
"crown_Cetacea","Crown Cetacea","B592","B592","internal_clade","required","Cetacean axis","binary_aquatic_dependence","binary_aquatic_dependence","SPINT4",43,"aquatic_specific","Epithelial / body-surface interface",-0.0769933368325998,-0.18340339403748,0.0141208392933697,0.0141208392933697,"positive",34.1420118458356,FALSE,1.96582838152481,0.877162333985557,-2.75018905096971
"crown_Cetacea","Crown Cetacea","B592","B592","internal_clade","required","Cetacean axis","binary_aquatic_dependence","binary_aquatic_dependence","GGTLC3",44,"aquatic_specific","Metabolism / redox / lipid handling",-0.0726998898105257,-0.303809905296003,0.0220869466383657,0.0220869466383657,"positive",35.8345581864377,FALSE,1.96582838152481,0.877162333985557,-2.75018905096971
"crown_Cetacea","Crown Cetacea","B592","B592","internal_clade","required","Cetacean axis","binary_aquatic_dependence","binary_aquatic_dependence","KMO",45,"aquatic_specific","Metabolism / redox / lipid handling",-0.0725495886342883,-0.724589082282744,0.0525686398485096,0.0525686398485096,"positive",29.1411765956942,FALSE,1.96582838152481,0.877162333985557,-2.75018905096971
"crown_Cetacea","Crown Cetacea","B592","B592","internal_clade","required","Cetacean axis","binary_aquatic_dependence","binary_aquatic_dependence","PDK1",46,"aquatic_specific","Metabolism / redox / lipid handling",-0.0696000509826744,-0.362823992507346,0.0252525683762487,0.0252525683762487,"positive",36.8286127807262,FALSE,1.96582838152481,0.877162333985557,-2.75018905096971
"crown_Cetacea","Crown Cetacea","B592","B592","internal_clade","required","Cetacean axis","binary_aquatic_dependence","binary_aquatic_dependence","EPOR",47,"shared","Vascular / hematologic regulation",-0.0639836237556098,0.0481992219381725,-0.00308396088180516,0.00308396088180516,"negative",53.8489151302688,FALSE,1.96582838152481,0.877162333985557,-2.75018905096971
"crown_Cetacea","Crown Cetacea","B592","B592","internal_clade","required","Cetacean axis","binary_aquatic_dependence","binary_aquatic_dependence","AC092835",48,"aquatic_specific","Unassigned / low-confidence",-0.0481295116799046,-0.606285447961147,0.0291802225490022,0.0291802225490022,"positive",32.2877076703834,FALSE,1.96582838152481,0.877162333985557,-2.75018905096971
"crown_Cetacea","Crown Cetacea","B592","B592","internal_clade","required","Cetacean axis","binary_aquatic_dependence","binary_aquatic_dependence","CDHR4",49,"aquatic_specific","Epithelial / body-surface interface",-0.043359831407413,-0.3801593918093,0.0164836471367959,0.0164836471367959,"positive",42.6266574197033,FALSE,1.96582838152481,0.877162333985557,-2.75018905096971
"crown_Cetacea","Crown Cetacea","B592","B592","internal_clade","required","Cetacean axis","binary_aquatic_dependence","binary_aquatic_dependence","PROB1",50,"aquatic_specific","Unassigned / low-confidence",-0.031368805999096,-0.21733509980423,0.00681754258255304,0.00681754258255304,"positive",52.1477329189962,FALSE,1.96582838152481,0.877162333985557,-2.75018905096971
"crown_Cetacea","Crown Cetacea","B592","B592","internal_clade","required","Cetacean axis","binary_aquatic_dependence","binary_aquatic_dependence","PPP1R3A",51,"aquatic_specific","Metabolism / redox / lipid handling",-0.0310971405758917,0.0901726653287623,-0.00280411204983136,0.00280411204983136,"negative",58.1042163837926,FALSE,1.96582838152481,0.877162333985557,-2.75018905096971
"crown_Cetacea","Crown Cetacea","B592","B592","internal_clade","required","Cetacean axis","binary_aquatic_dependence","binary_aquatic_dependence","CDC14B",52,"aquatic_specific","DNA repair / chromatin / cell-cycle",-0.0297700481634882,-0.476998413960605,0.0142002657575147,0.0142002657575147,"positive",32.9470707331998,FALSE,1.96582838152481,0.877162333985557,-2.75018905096971
"crown_Cetacea","Crown Cetacea","B592","B592","internal_clade","required","Cetacean axis","binary_aquatic_dependence","binary_aquatic_dependence","SOX7",53,"shared","Developmental / transcriptional signaling regulators",-0.0288474092932838,-0.307724118385663,0.00887704359248612,0.00887704359248612,"positive",43.5467940363912,FALSE,1.96582838152481,0.877162333985557,-2.75018905096971
"crown_Cetacea","Crown Cetacea","B592","B592","internal_clade","required","Cetacean axis","binary_aquatic_dependence","binary_aquatic_dependence","MSN",54,"aquatic_specific","Cytoskeletal / muscle / ECM / adhesion",-0.0286086021473059,0.987607961080365,-0.0282540832360601,0.0282540832360601,"negative",90.3048800878705,FALSE,1.96582838152481,0.877162333985557,-2.75018905096971
"crown_Cetacea","Crown Cetacea","B592","B592","internal_clade","required","Cetacean axis","binary_aquatic_dependence","binary_aquatic_dependence","COMMD4",55,"aquatic_specific","DNA repair / chromatin / cell-cycle",-0.0187271239132032,-0.34045517505246,0.00637574625009869,0.00637574625009869,"positive",34.32008820386,FALSE,1.96582838152481,0.877162333985557,-2.75018905096971
"crown_Cetacea","Crown Cetacea","B592","B592","internal_clade","required","Cetacean axis","binary_aquatic_dependence","binary_aquatic_dependence","NOXO1",56,"aquatic_specific","Ion channels / mechanosensation / membrane signaling",-0.0179148306739576,-0.124486309829743,0.00223015116182566,0.00223015116182566,"positive",57.028896144161,FALSE,1.96582838152481,0.877162333985557,-2.75018905096971
"crown_Cetacea","Crown Cetacea","B592","B592","internal_clade","required","Cetacean axis","binary_aquatic_dependence","binary_aquatic_dependence","CCDC174",57,"aquatic_specific","RNA processing / translation / protein homeostasis",-0.0162180345629962,0.0678312310779125,-0.00110008925007217,0.00110008925007217,"negative",70.4377670934611,FALSE,1.96582838152481,0.877162333985557,-2.75018905096971
"crown_Cetacea","Crown Cetacea","B592","B592","internal_clade","required","Cetacean axis","binary_aquatic_dependence","binary_aquatic_dependence","FLYWCH1",58,"aquatic_specific","Developmental / transcriptional signaling regulators",-0.0104987023982283,-0.0813966461729525,0.000854559164383716,0.000854559164383716,"positive",55.9480254243938,FALSE,1.96582838152481,0.877162333985557,-2.75018905096971
"crown_Cetacea","Crown Cetacea","B592","B592","internal_clade","required","Cetacean axis","binary_aquatic_dependence","binary_aquatic_dependence","RHCG",59,"aquatic_specific","Transport / endocytic / epithelial solute handling",-0.0101117732108071,0.389041955201986,-0.00393390402049148,0.00393390402049148,"negative",67.3035692083074,FALSE,1.96582838152481,0.877162333985557,-2.75018905096971
"crown_Cetacea","Crown Cetacea","B592","B592","internal_clade","required","Cetacean axis","binary_aquatic_dependence","binary_aquatic_dependence","IP6K1",60,"aquatic_specific","Ion channels / mechanosensation / membrane signaling",-0.00832534794040649,0.274541481847519,-0.00228565336045539,0.00228565336045539,"negative",68.5096028926952,FALSE,1.96582838152481,0.877162333985557,-2.75018905096971
"crown_Cetacea","Crown Cetacea","B592","B592","internal_clade","required","Cetacean axis","binary_aquatic_dependence","binary_aquatic_dependence","SORBS2",61,"aquatic_specific","Cytoskeletal / muscle / ECM / adhesion",-0.0080058731823396,-0.408491580303798,0.0032703317879657,0.0032703317879657,"positive",44.1973742901514,FALSE,1.96582838152481,0.877162333985557,-2.75018905096971
"crown_Cetacea","Crown Cetacea","B592","B592","internal_clade","required","Cetacean axis","binary_aquatic_dependence","binary_aquatic_dependence","ASMTL",62,"shared","Endocrine / circadian / systemic regulation",-0.00682424512057102,0.176792077968234,-0.00120647247543033,0.00120647247543033,"negative",92.0825334129311,FALSE,1.96582838152481,0.877162333985557,-2.75018905096971
"crown_Cetacea","Crown Cetacea","B592","B592","internal_clade","required","Cetacean axis","binary_aquatic_dependence","binary_aquatic_dependence","TMPPE",63,"aquatic_specific","Metabolism / redox / lipid handling",-0.00232450558807123,-0.199123965745494,0.000462864771094305,0.000462864771094305,"positive",51.7159240661342,FALSE,1.96582838152481,0.877162333985557,-2.75018905096971
"crown_Cetacea","Crown Cetacea","B592","B592","internal_clade","required","Cetacean axis","binary_aquatic_dependence","binary_aquatic_dependence","ITGA2B",64,"aquatic_specific","Vascular / hematologic regulation",-0.00129204970143602,0.537675705965439,-0.000694703735362047,0.000694703735362047,"negative",65.0435018539591,FALSE,1.96582838152481,0.877162333985557,-2.75018905096971
"crown_Cetacea","Crown Cetacea","B592","B592","internal_clade","required","Cetacean axis","binary_aquatic_dependence","binary_aquatic_dependence","RHOA",65,"aquatic_specific","Cytoskeletal / muscle / ECM / adhesion",-0.00113448879012524,-0.0240783612322175,2.7316630902537e-05,2.7316630902537e-05,"positive",50.5474077695553,FALSE,1.96582838152481,0.877162333985557,-2.75018905096971
"crown_Cetacea","Crown Cetacea","B592","B592","internal_clade","required","Cetacean axis","binary_aquatic_dependence","binary_aquatic_dependence","FP565260",66,"aquatic_specific","Unassigned / low-confidence",1.70815408075916e-05,0.498292151809384,8.5115977252346e-06,8.5115977252346e-06,"positive",80.9636978417185,FALSE,1.96582838152481,0.877162333985557,-2.75018905096971
"crown_Cetacea","Crown Cetacea","B592","B592","internal_clade","required","Cetacean axis","binary_aquatic_dependence","binary_aquatic_dependence","LRIF1",67,"aquatic_specific","DNA repair / chromatin / cell-cycle",0.00997540842690748,0.286305252375509,0.00285601182721453,0.00285601182721453,"positive",56.1787897749975,FALSE,1.96582838152481,0.877162333985557,-2.75018905096971
"crown_Cetacea","Crown Cetacea","B592","B592","internal_clade","required","Cetacean axis","binary_aquatic_dependence","binary_aquatic_dependence","BAMBI",68,"aquatic_specific","Developmental / transcriptional signaling regulators",0.0120734458485713,1.82187234519794,0.021996277102757,0.021996277102757,"positive",165.906505250035,FALSE,1.96582838152481,0.877162333985557,-2.75018905096971
"crown_Cetacea","Crown Cetacea","B592","B592","internal_clade","required","Cetacean axis","binary_aquatic_dependence","binary_aquatic_dependence","LLGL1",69,"aquatic_specific","Membrane trafficking / ER / vesicle processing",0.0221096407434654,1.92642153478132,0.0425924880544902,0.0425924880544902,"positive",119.256940199998,FALSE,1.96582838152481,0.877162333985557,-2.75018905096971
"crown_Cetacea","Crown Cetacea","B592","B592","internal_clade","required","Cetacean axis","binary_aquatic_dependence","binary_aquatic_dependence","COL20A1",70,"shared","Cytoskeletal / muscle / ECM / adhesion",0.0288024871662898,-0.0765161473381864,-0.00220385535172205,0.00220385535172205,"negative",70.9103736829665,FALSE,1.96582838152481,0.877162333985557,-2.75018905096971
"crown_Cetacea","Crown Cetacea","B592","B592","internal_clade","required","Cetacean axis","binary_aquatic_dependence","binary_aquatic_dependence","TGM1",71,"shared","Epithelial / body-surface interface",0.0320265937643637,5.75105854885575,0.184186815859274,0.184186815859274,"positive",224.604537686393,FALSE,1.96582838152481,0.877162333985557,-2.75018905096971
"crown_Cetacea","Crown Cetacea","B592","B592","internal_clade","required","Cetacean axis","binary_aquatic_dependence","binary_aquatic_dependence","PDE6C",72,"aquatic_specific","Sensory systems",0.0369091575908715,0.100067782582239,0.00369341755709692,0.00369341755709692,"positive",67.1141364948928,FALSE,1.96582838152481,0.877162333985557,-2.75018905096971
"crown_Cetacea","Crown Cetacea","B592","B592","internal_clade","required","Cetacean axis","binary_aquatic_dependence","binary_aquatic_dependence","TOGARAM2",73,"shared","Cilia / flagella / reproductive-cell function",0.03936598299555,0.122134624435422,0.00480794954869271,0.00480794954869271,"positive",78.2148057254633,FALSE,1.96582838152481,0.877162333985557,-2.75018905096971
"crown_Cetacea","Crown Cetacea","B592","B592","internal_clade","required","Cetacean axis","binary_aquatic_dependence","binary_aquatic_dependence","CSMD1",74,"aquatic_specific","Immune / inflammatory regulation",0.0435717554769353,1.80133886879288,0.0784874967221425,0.0784874967221425,"positive",93.8231973847597,FALSE,1.96582838152481,0.877162333985557,-2.75018905096971
"crown_Cetacea","Crown Cetacea","B592","B592","internal_clade","required","Cetacean axis","binary_aquatic_dependence","binary_aquatic_dependence","KRTDAP",75,"shared","Epithelial / body-surface interface",0.0447305719374455,1.56161331213266,0.0698518565968224,0.0698518565968224,"positive",209.526714240191,FALSE,1.96582838152481,0.877162333985557,-2.75018905096971
"crown_Cetacea","Crown Cetacea","B592","B592","internal_clade","required","Cetacean axis","binary_aquatic_dependence","binary_aquatic_dependence","CNGA4",76,"aquatic_specific","Sensory systems",0.0586555487526509,0.58707679690844,0.0344353116826131,0.0344353116826131,"positive",84.8241959778105,FALSE,1.96582838152481,0.877162333985557,-2.75018905096971
"crown_Cetacea","Crown Cetacea","B592","B592","internal_clade","required","Cetacean axis","binary_aquatic_dependence","binary_aquatic_dependence","ARSA",77,"aquatic_specific","Metabolism / redox / lipid handling",0.0862370240736283,-0.291233932232554,-0.0251151476249962,0.0251151476249962,"negative",41.1039044014518,FALSE,1.96582838152481,0.877162333985557,-2.75018905096971
"crown_Cetacea","Crown Cetacea","B592","B592","internal_clade","required","Cetacean axis","binary_aquatic_dependence","binary_aquatic_dependence","DEUP1",78,"aquatic_specific","Cilia / flagella / reproductive-cell function",0.0985919084118505,0.548263369547184,0.0540543319159685,0.0540543319159685,"positive",90.1767135911224,FALSE,1.96582838152481,0.877162333985557,-2.75018905096971
"crown_Cetacea","Crown Cetacea","B592","B592","internal_clade","required","Cetacean axis","binary_aquatic_dependence","binary_aquatic_dependence","PIEZO1",79,"aquatic_specific","Ion channels / mechanosensation / membrane signaling",0.100220575454654,0.263009487718762,0.0263589622092079,0.0263589622092079,"positive",77.5114043189022,FALSE,1.96582838152481,0.877162333985557,-2.75018905096971
"crown_Cetacea","Crown Cetacea","B592","B592","internal_clade","required","Cetacean axis","binary_aquatic_dependence","binary_aquatic_dependence","DBNL",80,"shared","Cytoskeletal / muscle / ECM / adhesion",0.116035395287358,0.0910839971767622,0.0105689676167582,0.0105689676167582,"positive",66.1637346583136,FALSE,1.96582838152481,0.877162333985557,-2.75018905096971
"crown_Cetacea","Crown Cetacea","B592","B592","internal_clade","required","Cetacean axis","binary_aquatic_dependence","binary_aquatic_dependence","OR6B1",81,"shared","Sensory systems",0.1211331117984,-0.104558783190803,-0.0126655307737562,0.0126655307737562,"negative",75.9572118802936,FALSE,1.96582838152481,0.877162333985557,-2.75018905096971
"crown_Cetacea","Crown Cetacea","B592","B592","internal_clade","required","Cetacean axis","binary_aquatic_dependence","binary_aquatic_dependence","ABHD8",82,"aquatic_specific","Metabolism / redox / lipid handling",0.123391794658719,0.402869184007565,0.0497107516273871,0.0497107516273871,"positive",61.3573944247701,FALSE,1.96582838152481,0.877162333985557,-2.75018905096971
"crown_Cetacea","Crown Cetacea","B592","B592","internal_clade","required","Cetacean axis","binary_aquatic_dependence","binary_aquatic_dependence","FZD5",83,"aquatic_specific","Developmental / transcriptional signaling regulators",0.130676120517993,-0.446355837604751,-0.0583280492287483,0.0583280492287483,"negative",39.0718546546377,FALSE,1.96582838152481,0.877162333985557,-2.75018905096971
"crown_Cetacea","Crown Cetacea","B592","B592","internal_clade","required","Cetacean axis","binary_aquatic_dependence","binary_aquatic_dependence","PNPLA7",84,"shared","Metabolism / redox / lipid handling",0.137885581276299,-0.0682238112752038,-0.00940707987456602,0.00940707987456602,"negative",61.2714037388611,FALSE,1.96582838152481,0.877162333985557,-2.75018905096971
"crown_Cetacea","Crown Cetacea","B592","B592","internal_clade","required","Cetacean axis","binary_aquatic_dependence","binary_aquatic_dependence","SPEF2",85,"aquatic_specific","Cilia / flagella / reproductive-cell function",0.174059525751515,0.61858176992417,0.107670049511534,0.107670049511534,"positive",74.8055409572963,FALSE,1.96582838152481,0.877162333985557,-2.75018905096971
"crown_Cetacea","Crown Cetacea","B592","B592","internal_clade","required","Cetacean axis","binary_aquatic_dependence","binary_aquatic_dependence","GCKR",86,"aquatic_specific","Endocrine / circadian / systemic regulation",0.176184373124808,1.47714832493868e-15,2.60250451641681e-16,2.60250451641681e-16,"positive",,TRUE,1.96582838152481,0.877162333985557,-2.75018905096971
"crown_Cetacea","Crown Cetacea","B592","B592","internal_clade","required","Cetacean axis","binary_aquatic_dependence","binary_aquatic_dependence","SEC61A2",87,"aquatic_specific","Membrane trafficking / ER / vesicle processing",0.176583875943885,-0.688049683508075,-0.121498479955819,0.121498479955819,"negative",24.2455337175672,FALSE,1.96582838152481,0.877162333985557,-2.75018905096971
"crown_Cetacea","Crown Cetacea","B592","B592","internal_clade","required","Cetacean axis","binary_aquatic_dependence","binary_aquatic_dependence","OR52W1",88,"shared","Sensory systems",0.190684677268266,1.38310812837251,0.263737527085827,0.263737527085827,"positive",130.269456161426,FALSE,1.96582838152481,0.877162333985557,-2.75018905096971
"crown_Cetacea","Crown Cetacea","B592","B592","internal_clade","required","Cetacean axis","binary_aquatic_dependence","binary_aquatic_dependence","PRSS53",89,"aquatic_specific","Epithelial / body-surface interface",0.194083977905306,2.11579829502964,0.410642549544615,0.410642549544615,"positive",127.870190488843,FALSE,1.96582838152481,0.877162333985557,-2.75018905096971
"crown_Cetacea","Crown Cetacea","B592","B592","internal_clade","required","Cetacean axis","binary_aquatic_dependence","binary_aquatic_dependence","KCNK18",90,"shared","Ion channels / mechanosensation / membrane signaling",0.217561248206336,0.368140321748492,0.0800930679146842,0.0800930679146842,"positive",73.8942238572368,FALSE,1.96582838152481,0.877162333985557,-2.75018905096971
"crown_Cetacea","Crown Cetacea","B592","B592","internal_clade","required","Cetacean axis","binary_aquatic_dependence","binary_aquatic_dependence","SDR9C7",91,"shared","Epithelial / body-surface interface",0.220181989308241,0.241464432703557,0.0531661191398551,0.0531661191398551,"positive",67.0062373681899,FALSE,1.96582838152481,0.877162333985557,-2.75018905096971
"crown_Cetacea","Crown Cetacea","B592","B592","internal_clade","required","Cetacean axis","binary_aquatic_dependence","binary_aquatic_dependence","OMP",92,"shared","Sensory systems",0.231144543648012,-0.101062883983987,-0.0233601341982306,0.0233601341982306,"negative",72.0734847104922,FALSE,1.96582838152481,0.877162333985557,-2.75018905096971
"crown_Cetacea","Crown Cetacea","B592","B592","internal_clade","required","Cetacean axis","binary_aquatic_dependence","binary_aquatic_dependence","SYTL5",93,"aquatic_specific","Membrane trafficking / ER / vesicle processing",0.265993756746688,-0.76027070667666,-0.202227261413384,0.202227261413384,"negative",41.719341675696,FALSE,1.96582838152481,0.877162333985557,-2.75018905096971
"crown_Cetacea","Crown Cetacea","B592","B592","internal_clade","required","Cetacean axis","binary_aquatic_dependence","binary_aquatic_dependence","IL33",94,"shared","Immune / inflammatory regulation",0.340038935001018,-0.243796703580411,-0.082900371442242,0.082900371442242,"negative",35.2546775862122,FALSE,1.96582838152481,0.877162333985557,-2.75018905096971
"crown_Cetacea","Crown Cetacea","B592","B592","internal_clade","required","Cetacean axis","binary_aquatic_dependence","binary_aquatic_dependence","KIF18A",95,"aquatic_specific","DNA repair / chromatin / cell-cycle",0.340198342633948,-0.281558792842694,-0.0957858346790996,0.0957858346790996,"negative",42.4497867162433,FALSE,1.96582838152481,0.877162333985557,-2.75018905096971
"crown_Cetacea","Crown Cetacea","B592","B592","internal_clade","required","Cetacean axis","binary_aquatic_dependence","binary_aquatic_dependence","FAM13A",96,"aquatic_specific","Developmental / transcriptional signaling regulators",0.348973910716795,0.122334852887674,0.0426916720291754,0.0426916720291754,"positive",60.4188832252856,FALSE,1.96582838152481,0.877162333985557,-2.75018905096971
"crown_Cetacea","Crown Cetacea","B592","B592","internal_clade","required","Cetacean axis","binary_aquatic_dependence","binary_aquatic_dependence","NWD1",97,"aquatic_specific","Developmental / transcriptional signaling regulators",0.404558879261438,0.0896650481300374,0.0362747913804109,0.0362747913804109,"positive",75.5791209187036,FALSE,1.96582838152481,0.877162333985557,-2.75018905096971
"crown_Cetacea","Crown Cetacea","B592","B592","internal_clade","required","Cetacean axis","binary_aquatic_dependence","binary_aquatic_dependence","LRP2",98,"aquatic_specific","Transport / endocytic / epithelial solute handling",0.471378525654808,-0.184854317604475,-0.0871363556933233,0.0871363556933233,"negative",46.8461873833767,FALSE,1.96582838152481,0.877162333985557,-2.75018905096971
"crown_Cetacea","Crown Cetacea","B592","B592","internal_clade","required","Cetacean axis","binary_aquatic_dependence","binary_aquatic_dependence","CACNA1G",99,"aquatic_specific","Ion channels / mechanosensation / membrane signaling",0.593854706123962,0.0610764542327356,0.0362705397794749,0.0362705397794749,"positive",66.5329913979348,FALSE,1.96582838152481,0.877162333985557,-2.75018905096971
"crown_Cetacea","Crown Cetacea","B592","B592","internal_clade","required","Cetacean axis","binary_aquatic_dependence","binary_aquatic_dependence","PER1",100,"aquatic_specific","Endocrine / circadian / systemic regulation",0.784004329488712,1.92710373109188,1.51085766854988,1.51085766854988,"positive",122.938505274192,FALSE,1.96582838152481,0.877162333985557,-2.75018905096971
"crown_Cetacea","Crown Cetacea","B592","B592","internal_clade","required","Cetacean axis","binary_aquatic_dependence","binary_aquatic_dependence","TGM3",101,"shared","Epithelial / body-surface interface",1.04080869919882,2.37978610985346,2.47690208536799,2.47690208536799,"positive",142.710093583312,FALSE,1.96582838152481,0.877162333985557,-2.75018905096971
"Mysticeti","Mysticeti","B544","B568","internal_clade","optional","Cetacean axis","binary_aquatic_dependence","binary_aquatic_dependence","ATF7IP2",1,"aquatic_specific","DNA repair / chromatin / cell-cycle",-0.581769927151342,-0.0175469030301424,0.0102082604975776,0.0102082604975776,"positive",60.7659552033982,FALSE,5.72289027191755,0.996740414313224,-2.75018905096971
"Mysticeti","Mysticeti","B544","B568","internal_clade","optional","Cetacean axis","binary_aquatic_dependence","binary_aquatic_dependence","WDR93",2,"shared","Cilia / flagella / reproductive-cell function",-0.4793197990576,-0.380116982932858,0.182197595877759,0.182197595877759,"positive",41.0222619170182,FALSE,5.72289027191755,0.996740414313224,-2.75018905096971
"Mysticeti","Mysticeti","B544","B568","internal_clade","optional","Cetacean axis","binary_aquatic_dependence","binary_aquatic_dependence","PMIS2",3,"aquatic_specific","Developmental / transcriptional signaling regulators",-0.39072525213697,-1.11454446072728,0.435480665435529,0.435480665435529,"positive",0,FALSE,5.72289027191755,0.996740414313224,-2.75018905096971
"Mysticeti","Mysticeti","B544","B568","internal_clade","optional","Cetacean axis","binary_aquatic_dependence","binary_aquatic_dependence","PFKP",4,"aquatic_specific","Metabolism / redox / lipid handling",-0.356881027792284,-0.0677665983460532,0.0241846132677263,0.0241846132677263,"positive",57.0388578723853,FALSE,5.72289027191755,0.996740414313224,-2.75018905096971
"Mysticeti","Mysticeti","B544","B568","internal_clade","optional","Cetacean axis","binary_aquatic_dependence","binary_aquatic_dependence","PDGFB",5,"aquatic_specific","Vascular / hematologic regulation",-0.348561123284862,-1.26540545001707,0.441071145068738,0.441071145068738,"positive",0,FALSE,5.72289027191755,0.996740414313224,-2.75018905096971
"Mysticeti","Mysticeti","B544","B568","internal_clade","optional","Cetacean axis","binary_aquatic_dependence","binary_aquatic_dependence","PUSL1",6,"shared","Metabolism / redox / lipid handling",-0.314220898750119,-0.646499242607852,0.20314357305351,0.20314357305351,"positive",33.4025708903425,FALSE,5.72289027191755,0.996740414313224,-2.75018905096971
"Mysticeti","Mysticeti","B544","B568","internal_clade","optional","Cetacean axis","binary_aquatic_dependence","binary_aquatic_dependence","SMCO3",7,"aquatic_specific","Unassigned / low-confidence",-0.307082295991399,-0.528061977454282,0.162158484462419,0.162158484462419,"positive",32.1916323229249,FALSE,5.72289027191755,0.996740414313224,-2.75018905096971
"Mysticeti","Mysticeti","B544","B568","internal_clade","optional","Cetacean axis","binary_aquatic_dependence","binary_aquatic_dependence","GGTLC1",8,"aquatic_specific","Metabolism / redox / lipid handling",-0.291163814888646,-0.441576482532576,0.128571093219294,0.128571093219294,"positive",35.2004265316597,FALSE,5.72289027191755,0.996740414313224,-2.75018905096971
"Mysticeti","Mysticeti","B544","B568","internal_clade","optional","Cetacean axis","binary_aquatic_dependence","binary_aquatic_dependence","C16orf91",9,"aquatic_specific","Unassigned / low-confidence",-0.262195862787636,-0.738023181470385,0.193506624822904,0.193506624822904,"positive",24.1794301365436,FALSE,5.72289027191755,0.996740414313224,-2.75018905096971
"Mysticeti","Mysticeti","B544","B568","internal_clade","optional","Cetacean axis","binary_aquatic_dependence","binary_aquatic_dependence","HGFAC",10,"shared","Vascular / hematologic regulation",-0.251889764940469,0.105979615395279,-0.0266951804103982,0.0266951804103982,"negative",69.5844965637868,FALSE,5.72289027191755,0.996740414313224,-2.75018905096971
"Mysticeti","Mysticeti","B544","B568","internal_clade","optional","Cetacean axis","binary_aquatic_dependence","binary_aquatic_dependence","NLRP8",11,"aquatic_specific","Immune / inflammatory regulation",-0.249357601464042,6.78284762456238e-15,-1.69135461475695e-15,1.69135461475695e-15,"negative",,TRUE,5.72289027191755,0.996740414313224,-2.75018905096971
"Mysticeti","Mysticeti","B544","B568","internal_clade","optional","Cetacean axis","binary_aquatic_dependence","binary_aquatic_dependence","FN3K",12,"shared","Metabolism / redox / lipid handling",-0.244837253974046,-0.0562424790455087,0.0137702541261952,0.0137702541261952,"positive",48.4594867727013,FALSE,5.72289027191755,0.996740414313224,-2.75018905096971
"Mysticeti","Mysticeti","B544","B568","internal_clade","optional","Cetacean axis","binary_aquatic_dependence","binary_aquatic_dependence","NUBP2",13,"shared","Metabolism / redox / lipid handling",-0.239999172123246,-0.594430589827939,0.142662849443438,0.142662849443438,"positive",33.980487661253,FALSE,5.72289027191755,0.996740414313224,-2.75018905096971
"Mysticeti","Mysticeti","B544","B568","internal_clade","optional","Cetacean axis","binary_aquatic_dependence","binary_aquatic_dependence","ACADSB",14,"aquatic_specific","Metabolism / redox / lipid handling",-0.238865076823398,-0.531403463330426,0.126933729092642,0.126933729092642,"positive",39.6813397952611,FALSE,5.72289027191755,0.996740414313224,-2.75018905096971
"Mysticeti","Mysticeti","B544","B568","internal_clade","optional","Cetacean axis","binary_aquatic_dependence","binary_aquatic_dependence","TTC28",15,"aquatic_specific","Developmental / transcriptional signaling regulators",-0.237914556985983,-0.426879304689234,0.101560800661624,0.101560800661624,"positive",45.7031993029324,FALSE,5.72289027191755,0.996740414313224,-2.75018905096971
"Mysticeti","Mysticeti","B544","B568","internal_clade","optional","Cetacean axis","binary_aquatic_dependence","binary_aquatic_dependence","SLC6A15",16,"aquatic_specific","Transport / endocytic / epithelial solute handling",-0.23289351110375,-0.136939184298774,0.0318922474390249,0.0318922474390249,"positive",50.7860233166666,FALSE,5.72289027191755,0.996740414313224,-2.75018905096971
"Mysticeti","Mysticeti","B544","B568","internal_clade","optional","Cetacean axis","binary_aquatic_dependence","binary_aquatic_dependence","CATSPERG",17,"aquatic_specific","Cilia / flagella / reproductive-cell function",-0.232264279338058,-1.1700467874667,0.271760073882762,0.271760073882762,"positive",19.6580654039138,FALSE,5.72289027191755,0.996740414313224,-2.75018905096971
"Mysticeti","Mysticeti","B544","B568","internal_clade","optional","Cetacean axis","binary_aquatic_dependence","binary_aquatic_dependence","SYDE1",18,"shared","Cytoskeletal / muscle / ECM / adhesion",-0.232023025562006,-0.531305852684783,0.123275191438725,0.123275191438725,"positive",42.0599159560177,FALSE,5.72289027191755,0.996740414313224,-2.75018905096971
"Mysticeti","Mysticeti","B544","B568","internal_clade","optional","Cetacean axis","binary_aquatic_dependence","binary_aquatic_dependence","SLC5A5",19,"aquatic_specific","Transport / endocytic / epithelial solute handling",-0.231105741131879,-0.480804707549975,0.111116728278033,0.111116728278033,"positive",40.0173011543493,FALSE,5.72289027191755,0.996740414313224,-2.75018905096971
"Mysticeti","Mysticeti","B544","B568","internal_clade","optional","Cetacean axis","binary_aquatic_dependence","binary_aquatic_dependence","SIGIRR",20,"aquatic_specific","Immune / inflammatory regulation",-0.210302505536658,-0.542359483510216,0.114059558283766,0.114059558283766,"positive",24.9643389954782,FALSE,5.72289027191755,0.996740414313224,-2.75018905096971
"Mysticeti","Mysticeti","B544","B568","internal_clade","optional","Cetacean axis","binary_aquatic_dependence","binary_aquatic_dependence","KEAP1",21,"aquatic_specific","Developmental / transcriptional signaling regulators",-0.19883739251004,-1.01949706728281,0.202714138530147,0.202714138530147,"positive",27.0104590508591,FALSE,5.72289027191755,0.996740414313224,-2.75018905096971
"Mysticeti","Mysticeti","B544","B568","internal_clade","optional","Cetacean axis","binary_aquatic_dependence","binary_aquatic_dependence","SYNPO2",22,"aquatic_specific","Cytoskeletal / muscle / ECM / adhesion",-0.164171125185038,-0.316588537659485,0.0519746964482436,0.0519746964482436,"positive",43.3746774712805,FALSE,5.72289027191755,0.996740414313224,-2.75018905096971
"Mysticeti","Mysticeti","B544","B568","internal_clade","optional","Cetacean axis","binary_aquatic_dependence","binary_aquatic_dependence","PI4KA",23,"aquatic_specific","Ion channels / mechanosensation / membrane signaling",-0.161213914772254,-0.549005166134179,0.0885072720626826,0.0885072720626826,"positive",43.3871698633767,FALSE,5.72289027191755,0.996740414313224,-2.75018905096971
"Mysticeti","Mysticeti","B544","B568","internal_clade","optional","Cetacean axis","binary_aquatic_dependence","binary_aquatic_dependence","H1_8",24,"aquatic_specific","DNA repair / chromatin / cell-cycle",-0.160268979059258,-0.82781389054898,0.132672887089357,0.132672887089357,"positive",30.8771948533898,FALSE,5.72289027191755,0.996740414313224,-2.75018905096971
"Mysticeti","Mysticeti","B544","B568","internal_clade","optional","Cetacean axis","binary_aquatic_dependence","binary_aquatic_dependence","CATSPERZ",25,"shared","Cilia / flagella / reproductive-cell function",-0.154029925159516,-0.143950700431275,0.0221727156140891,0.0221727156140891,"positive",39.358529607615,FALSE,5.72289027191755,0.996740414313224,-2.75018905096971
"Mysticeti","Mysticeti","B544","B568","internal_clade","optional","Cetacean axis","binary_aquatic_dependence","binary_aquatic_dependence","TIGD7",26,"aquatic_specific","Developmental / transcriptional signaling regulators",-0.153350666144971,-0.695674772538538,0.106682189789036,0.106682189789036,"positive",43.1261116269311,FALSE,5.72289027191755,0.996740414313224,-2.75018905096971
"Mysticeti","Mysticeti","B544","B568","internal_clade","optional","Cetacean axis","binary_aquatic_dependence","binary_aquatic_dependence","CLASP2",27,"aquatic_specific","Cytoskeletal / muscle / ECM / adhesion",-0.153215743294715,-0.305376377172172,0.0467884686130817,0.0467884686130817,"positive",46.9846320231076,FALSE,5.72289027191755,0.996740414313224,-2.75018905096971
"Mysticeti","Mysticeti","B544","B568","internal_clade","optional","Cetacean axis","binary_aquatic_dependence","binary_aquatic_dependence","FAM20B",28,"aquatic_specific","Developmental / transcriptional signaling regulators",-0.149046125022571,-0.975578837419667,0.145406245371426,0.145406245371426,"positive",14.2077983139002,FALSE,5.72289027191755,0.996740414313224,-2.75018905096971
"Mysticeti","Mysticeti","B544","B568","internal_clade","optional","Cetacean axis","binary_aquatic_dependence","binary_aquatic_dependence","EHHADH",29,"aquatic_specific","Metabolism / redox / lipid handling",-0.134704680594371,-0.520054973241132,0.0700538390619611,0.0700538390619611,"positive",37.8294825944541,FALSE,5.72289027191755,0.996740414313224,-2.75018905096971
"Mysticeti","Mysticeti","B544","B568","internal_clade","optional","Cetacean axis","binary_aquatic_dependence","binary_aquatic_dependence","XCR1",30,"aquatic_specific","Immune / inflammatory regulation",-0.128894917212046,0.278919340859185,-0.0359512853488833,0.0359512853488833,"negative",60.7929183527571,FALSE,5.72289027191755,0.996740414313224,-2.75018905096971
"Mysticeti","Mysticeti","B544","B568","internal_clade","optional","Cetacean axis","binary_aquatic_dependence","binary_aquatic_dependence","CLTCL1",31,"aquatic_specific","Membrane trafficking / ER / vesicle processing",-0.122013377075862,1.03036935260103e-14,-1.25718844346321e-15,1.25718844346321e-15,"negative",,TRUE,5.72289027191755,0.996740414313224,-2.75018905096971
"Mysticeti","Mysticeti","B544","B568","internal_clade","optional","Cetacean axis","binary_aquatic_dependence","binary_aquatic_dependence","SLC6A6",32,"aquatic_specific","Transport / endocytic / epithelial solute handling",-0.121595276910313,-0.133919237343141,0.0162839467483571,0.0162839467483571,"positive",50.7776776793426,FALSE,5.72289027191755,0.996740414313224,-2.75018905096971
"Mysticeti","Mysticeti","B544","B568","internal_clade","optional","Cetacean axis","binary_aquatic_dependence","binary_aquatic_dependence","ACOX3",33,"aquatic_specific","Metabolism / redox / lipid handling",-0.118129521585615,-1.59811515904339,0.188784579176516,0.188784579176516,"positive",20.6058581218353,FALSE,5.72289027191755,0.996740414313224,-2.75018905096971
"Mysticeti","Mysticeti","B544","B568","internal_clade","optional","Cetacean axis","binary_aquatic_dependence","binary_aquatic_dependence","CORO2A",34,"aquatic_specific","Cytoskeletal / muscle / ECM / adhesion",-0.110434776748237,1.26429707356622,-0.139622365062735,0.139622365062735,"negative",98.4797413173682,FALSE,5.72289027191755,0.996740414313224,-2.75018905096971
"Mysticeti","Mysticeti","B544","B568","internal_clade","optional","Cetacean axis","binary_aquatic_dependence","binary_aquatic_dependence","SEPTIN5",35,"aquatic_specific","Cytoskeletal / muscle / ECM / adhesion",-0.106389612271777,0.263262377462864,-0.0280083822640204,0.0280083822640204,"negative",69.7873085268714,FALSE,5.72289027191755,0.996740414313224,-2.75018905096971
"Mysticeti","Mysticeti","B544","B568","internal_clade","optional","Cetacean axis","binary_aquatic_dependence","binary_aquatic_dependence","MEFV",36,"aquatic_specific","Immune / inflammatory regulation",-0.106234859098565,-1.4283699653238,0.151742682006797,0.151742682006797,"positive",13.0957454999389,FALSE,5.72289027191755,0.996740414313224,-2.75018905096971
"Mysticeti","Mysticeti","B544","B568","internal_clade","optional","Cetacean axis","binary_aquatic_dependence","binary_aquatic_dependence","C1orf112",37,"aquatic_specific","DNA repair / chromatin / cell-cycle",-0.10365191227098,1.74509572612884,-0.180882509109169,0.180882509109169,"negative",102.265388191352,FALSE,5.72289027191755,0.996740414313224,-2.75018905096971
"Mysticeti","Mysticeti","B544","B568","internal_clade","optional","Cetacean axis","binary_aquatic_dependence","binary_aquatic_dependence","HPRT1",38,"aquatic_specific","Metabolism / redox / lipid handling",-0.099597493197772,0.0104498484714971,-0.00104077871205768,0.00104077871205768,"negative",53.1236060335595,FALSE,5.72289027191755,0.996740414313224,-2.75018905096971
"Mysticeti","Mysticeti","B544","B568","internal_clade","optional","Cetacean axis","binary_aquatic_dependence","binary_aquatic_dependence","CD34",39,"shared","Vascular / hematologic regulation",-0.0959044894988044,0.425120315632507,-0.0407709468463062,0.0407709468463062,"negative",68.0723271993602,FALSE,5.72289027191755,0.996740414313224,-2.75018905096971
"Mysticeti","Mysticeti","B544","B568","internal_clade","optional","Cetacean axis","binary_aquatic_dependence","binary_aquatic_dependence","CASTOR1",40,"aquatic_specific","Endocrine / circadian / systemic regulation",-0.0825057476543748,-0.780336076497003,0.0643822114130667,0.0643822114130667,"positive",20.3423666938529,FALSE,5.72289027191755,0.996740414313224,-2.75018905096971
"Mysticeti","Mysticeti","B544","B568","internal_clade","optional","Cetacean axis","binary_aquatic_dependence","binary_aquatic_dependence","RAC3",41,"aquatic_specific","Developmental / transcriptional signaling regulators",-0.0814970345799135,-1.04721769203214,0.0853451364602407,0.0853451364602407,"positive",0,FALSE,5.72289027191755,0.996740414313224,-2.75018905096971
"Mysticeti","Mysticeti","B544","B568","internal_clade","optional","Cetacean axis","binary_aquatic_dependence","binary_aquatic_dependence","URI1",42,"aquatic_specific","Developmental / transcriptional signaling regulators",-0.078475489653661,-1.01979354196244,0.0800287975511442,0.0800287975511442,"positive",12.3744017575641,FALSE,5.72289027191755,0.996740414313224,-2.75018905096971
"Mysticeti","Mysticeti","B544","B568","internal_clade","optional","Cetacean axis","binary_aquatic_dependence","binary_aquatic_dependence","SPINT4",43,"aquatic_specific","Epithelial / body-surface interface",-0.0769933368325998,-0.451318165759282,0.0347484915549755,0.0347484915549755,"positive",24.7000618400793,FALSE,5.72289027191755,0.996740414313224,-2.75018905096971
"Mysticeti","Mysticeti","B544","B568","internal_clade","optional","Cetacean axis","binary_aquatic_dependence","binary_aquatic_dependence","GGTLC3",44,"aquatic_specific","Metabolism / redox / lipid handling",-0.0726998898105257,-0.410785493136809,0.0298640600868085,0.0298640600868085,"positive",28.7575061547735,FALSE,5.72289027191755,0.996740414313224,-2.75018905096971
"Mysticeti","Mysticeti","B544","B568","internal_clade","optional","Cetacean axis","binary_aquatic_dependence","binary_aquatic_dependence","KMO",45,"aquatic_specific","Metabolism / redox / lipid handling",-0.0725495886342883,-0.161657461689609,0.0117281823452443,0.0117281823452443,"positive",49.4922579141931,FALSE,5.72289027191755,0.996740414313224,-2.75018905096971
"Mysticeti","Mysticeti","B544","B568","internal_clade","optional","Cetacean axis","binary_aquatic_dependence","binary_aquatic_dependence","PDK1",46,"aquatic_specific","Metabolism / redox / lipid handling",-0.0696000509826744,0.988908000018037,-0.06882804721843,0.06882804721843,"negative",89.5995410625896,FALSE,5.72289027191755,0.996740414313224,-2.75018905096971
"Mysticeti","Mysticeti","B544","B568","internal_clade","optional","Cetacean axis","binary_aquatic_dependence","binary_aquatic_dependence","EPOR",47,"shared","Vascular / hematologic regulation",-0.0639836237556098,0.804233473450152,-0.0514577719769017,0.0514577719769017,"negative",75.7738896682116,FALSE,5.72289027191755,0.996740414313224,-2.75018905096971
"Mysticeti","Mysticeti","B544","B568","internal_clade","optional","Cetacean axis","binary_aquatic_dependence","binary_aquatic_dependence","AC092835",48,"aquatic_specific","Unassigned / low-confidence",-0.0481295116799046,-0.564069227058881,0.0271483764520052,0.0271483764520052,"positive",33.9558840206965,FALSE,5.72289027191755,0.996740414313224,-2.75018905096971
"Mysticeti","Mysticeti","B544","B568","internal_clade","optional","Cetacean axis","binary_aquatic_dependence","binary_aquatic_dependence","CDHR4",49,"aquatic_specific","Epithelial / body-surface interface",-0.043359831407413,-1.38267925668713,0.0599527394604812,0.0599527394604812,"positive",20.4350478322925,FALSE,5.72289027191755,0.996740414313224,-2.75018905096971
"Mysticeti","Mysticeti","B544","B568","internal_clade","optional","Cetacean axis","binary_aquatic_dependence","binary_aquatic_dependence","PROB1",50,"aquatic_specific","Unassigned / low-confidence",-0.031368805999096,-0.112409077762455,0.00352613855286774,0.00352613855286774,"positive",54.3389506188679,FALSE,5.72289027191755,0.996740414313224,-2.75018905096971
"Mysticeti","Mysticeti","B544","B568","internal_clade","optional","Cetacean axis","binary_aquatic_dependence","binary_aquatic_dependence","PPP1R3A",51,"aquatic_specific","Metabolism / redox / lipid handling",-0.0310971405758917,0.00949986646725638,-0.000295418682984472,0.000295418682984472,"negative",56.2716677307366,FALSE,5.72289027191755,0.996740414313224,-2.75018905096971
"Mysticeti","Mysticeti","B544","B568","internal_clade","optional","Cetacean axis","binary_aquatic_dependence","binary_aquatic_dependence","CDC14B",52,"aquatic_specific","DNA repair / chromatin / cell-cycle",-0.0297700481634882,-1.2773323422659,0.038026245350037,0.038026245350037,"positive",0,FALSE,5.72289027191755,0.996740414313224,-2.75018905096971
"Mysticeti","Mysticeti","B544","B568","internal_clade","optional","Cetacean axis","binary_aquatic_dependence","binary_aquatic_dependence","SOX7",53,"shared","Developmental / transcriptional signaling regulators",-0.0288474092932838,-0.58687759304238,0.0169298981315508,0.0169298981315508,"positive",33.1845003970383,FALSE,5.72289027191755,0.996740414313224,-2.75018905096971
"Mysticeti","Mysticeti","B544","B568","internal_clade","optional","Cetacean axis","binary_aquatic_dependence","binary_aquatic_dependence","MSN",54,"aquatic_specific","Cytoskeletal / muscle / ECM / adhesion",-0.0286086021473059,-0.422191220230618,0.0120783006496633,0.0120783006496633,"positive",39.785050316065,FALSE,5.72289027191755,0.996740414313224,-2.75018905096971
"Mysticeti","Mysticeti","B544","B568","internal_clade","optional","Cetacean axis","binary_aquatic_dependence","binary_aquatic_dependence","COMMD4",55,"aquatic_specific","DNA repair / chromatin / cell-cycle",-0.0187271239132032,-0.795274683135835,0.0148932075361182,0.0148932075361182,"positive",0,FALSE,5.72289027191755,0.996740414313224,-2.75018905096971
"Mysticeti","Mysticeti","B544","B568","internal_clade","optional","Cetacean axis","binary_aquatic_dependence","binary_aquatic_dependence","NOXO1",56,"aquatic_specific","Ion channels / mechanosensation / membrane signaling",-0.0179148306739576,-0.519784508463703,0.0093118514560735,0.0093118514560735,"positive",43.632219180167,FALSE,5.72289027191755,0.996740414313224,-2.75018905096971
"Mysticeti","Mysticeti","B544","B568","internal_clade","optional","Cetacean axis","binary_aquatic_dependence","binary_aquatic_dependence","CCDC174",57,"aquatic_specific","RNA processing / translation / protein homeostasis",-0.0162180345629962,-0.515522059423325,0.00836075457771445,0.00836075457771445,"positive",36.1573946463842,FALSE,5.72289027191755,0.996740414313224,-2.75018905096971
"Mysticeti","Mysticeti","B544","B568","internal_clade","optional","Cetacean axis","binary_aquatic_dependence","binary_aquatic_dependence","FLYWCH1",58,"aquatic_specific","Developmental / transcriptional signaling regulators",-0.0104987023982283,-0.10543786693209,0.00110696078642401,0.00110696078642401,"positive",54.9490047814811,FALSE,5.72289027191755,0.996740414313224,-2.75018905096971
"Mysticeti","Mysticeti","B544","B568","internal_clade","optional","Cetacean axis","binary_aquatic_dependence","binary_aquatic_dependence","RHCG",59,"aquatic_specific","Transport / endocytic / epithelial solute handling",-0.0101117732108071,0.260732476665086,-0.00263646767272942,0.00263646767272942,"negative",62.2680137548247,FALSE,5.72289027191755,0.996740414313224,-2.75018905096971
"Mysticeti","Mysticeti","B544","B568","internal_clade","optional","Cetacean axis","binary_aquatic_dependence","binary_aquatic_dependence","IP6K1",60,"aquatic_specific","Ion channels / mechanosensation / membrane signaling",-0.00832534794040649,-0.391173706631334,0.00325665721284435,0.00325665721284435,"positive",41.0602349376293,FALSE,5.72289027191755,0.996740414313224,-2.75018905096971
"Mysticeti","Mysticeti","B544","B568","internal_clade","optional","Cetacean axis","binary_aquatic_dependence","binary_aquatic_dependence","SORBS2",61,"aquatic_specific","Cytoskeletal / muscle / ECM / adhesion",-0.0080058731823396,-0.409398247749336,0.00327759045255323,0.00327759045255323,"positive",44.1718739183057,FALSE,5.72289027191755,0.996740414313224,-2.75018905096971
"Mysticeti","Mysticeti","B544","B568","internal_clade","optional","Cetacean axis","binary_aquatic_dependence","binary_aquatic_dependence","ASMTL",62,"shared","Endocrine / circadian / systemic regulation",-0.00682424512057102,-0.760942305397049,0.00519285681464188,0.00519285681464188,"positive",56.643133668441,FALSE,5.72289027191755,0.996740414313224,-2.75018905096971
"Mysticeti","Mysticeti","B544","B568","internal_clade","optional","Cetacean axis","binary_aquatic_dependence","binary_aquatic_dependence","TMPPE",63,"aquatic_specific","Metabolism / redox / lipid handling",-0.00232450558807123,-1.64328586424533,0.00381982717423672,0.00381982717423672,"positive",0,FALSE,5.72289027191755,0.996740414313224,-2.75018905096971
"Mysticeti","Mysticeti","B544","B568","internal_clade","optional","Cetacean axis","binary_aquatic_dependence","binary_aquatic_dependence","ITGA2B",64,"aquatic_specific","Vascular / hematologic regulation",-0.00129204970143602,-0.995359076330227,0.0012860533973941,0.0012860533973941,"positive",25.9688987554444,FALSE,5.72289027191755,0.996740414313224,-2.75018905096971
"Mysticeti","Mysticeti","B544","B568","internal_clade","optional","Cetacean axis","binary_aquatic_dependence","binary_aquatic_dependence","RHOA",65,"aquatic_specific","Cytoskeletal / muscle / ECM / adhesion",-0.00113448879012524,-0.717666446467379,0.000814184538566259,0.000814184538566259,"positive",0,FALSE,5.72289027191755,0.996740414313224,-2.75018905096971
"Mysticeti","Mysticeti","B544","B568","internal_clade","optional","Cetacean axis","binary_aquatic_dependence","binary_aquatic_dependence","FP565260",66,"aquatic_specific","Unassigned / low-confidence",1.70815408075916e-05,0.0375233363280507,6.4095640072458e-07,6.4095640072458e-07,"positive",67.0930936308317,FALSE,5.72289027191755,0.996740414313224,-2.75018905096971
"Mysticeti","Mysticeti","B544","B568","internal_clade","optional","Cetacean axis","binary_aquatic_dependence","binary_aquatic_dependence","LRIF1",67,"aquatic_specific","DNA repair / chromatin / cell-cycle",0.00997540842690748,0.170992135315707,0.00170571638756321,0.00170571638756321,"positive",52.0762761419928,FALSE,5.72289027191755,0.996740414313224,-2.75018905096971
"Mysticeti","Mysticeti","B544","B568","internal_clade","optional","Cetacean axis","binary_aquatic_dependence","binary_aquatic_dependence","BAMBI",68,"aquatic_specific","Developmental / transcriptional signaling regulators",0.0120734458485713,1.23466144927523,0.0149066181491431,0.0149066181491431,"positive",130.704689562848,FALSE,5.72289027191755,0.996740414313224,-2.75018905096971
"Mysticeti","Mysticeti","B544","B568","internal_clade","optional","Cetacean axis","binary_aquatic_dependence","binary_aquatic_dependence","LLGL1",69,"aquatic_specific","Membrane trafficking / ER / vesicle processing",0.0221096407434654,0.327133899401184,0.00723281299076914,0.00723281299076914,"positive",70.5838453276662,FALSE,5.72289027191755,0.996740414313224,-2.75018905096971
"Mysticeti","Mysticeti","B544","B568","internal_clade","optional","Cetacean axis","binary_aquatic_dependence","binary_aquatic_dependence","COL20A1",70,"shared","Cytoskeletal / muscle / ECM / adhesion",0.0288024871662898,1.3231986883083,0.0381114132384513,0.0381114132384513,"positive",111.422778047428,FALSE,5.72289027191755,0.996740414313224,-2.75018905096971
"Mysticeti","Mysticeti","B544","B568","internal_clade","optional","Cetacean axis","binary_aquatic_dependence","binary_aquatic_dependence","TGM1",71,"shared","Epithelial / body-surface interface",0.0320265937643637,6.44597938388671,0.206442763141203,0.206442763141203,"positive",244.023531267022,FALSE,5.72289027191755,0.996740414313224,-2.75018905096971
"Mysticeti","Mysticeti","B544","B568","internal_clade","optional","Cetacean axis","binary_aquatic_dependence","binary_aquatic_dependence","PDE6C",72,"aquatic_specific","Sensory systems",0.0369091575908715,-0.507074361839126,-0.0187156875314109,0.0187156875314109,"negative",43.2952256527601,FALSE,5.72289027191755,0.996740414313224,-2.75018905096971
"Mysticeti","Mysticeti","B544","B568","internal_clade","optional","Cetacean axis","binary_aquatic_dependence","binary_aquatic_dependence","TOGARAM2",73,"shared","Cilia / flagella / reproductive-cell function",0.03936598299555,-1.3942147065509,-0.0548846324302287,0.0548846324302287,"negative",23.6446939286435,FALSE,5.72289027191755,0.996740414313224,-2.75018905096971
"Mysticeti","Mysticeti","B544","B568","internal_clade","optional","Cetacean axis","binary_aquatic_dependence","binary_aquatic_dependence","CSMD1",74,"aquatic_specific","Immune / inflammatory regulation",0.0435717554769353,-0.22194886421469,-0.009670701639946,0.009670701639946,"negative",58.5828897281703,FALSE,5.72289027191755,0.996740414313224,-2.75018905096971
"Mysticeti","Mysticeti","B544","B568","internal_clade","optional","Cetacean axis","binary_aquatic_dependence","binary_aquatic_dependence","KRTDAP",75,"shared","Epithelial / body-surface interface",0.0447305719374455,3.89187505985312,0.17408579733631,0.17408579733631,"positive",417.113977566145,FALSE,5.72289027191755,0.996740414313224,-2.75018905096971
"Mysticeti","Mysticeti","B544","B568","internal_clade","optional","Cetacean axis","binary_aquatic_dependence","binary_aquatic_dependence","CNGA4",76,"aquatic_specific","Sensory systems",0.0586555487526509,-0.643647002978837,-0.0377534681627228,0.0377534681627228,"negative",42.6654680278988,FALSE,5.72289027191755,0.996740414313224,-2.75018905096971
"Mysticeti","Mysticeti","B544","B568","internal_clade","optional","Cetacean axis","binary_aquatic_dependence","binary_aquatic_dependence","ARSA",77,"aquatic_specific","Metabolism / redox / lipid handling",0.0862370240736283,-0.909725236818671,-0.0784519971479189,0.0784519971479189,"negative",22.3804427148508,FALSE,5.72289027191755,0.996740414313224,-2.75018905096971
"Mysticeti","Mysticeti","B544","B568","internal_clade","optional","Cetacean axis","binary_aquatic_dependence","binary_aquatic_dependence","DEUP1",78,"aquatic_specific","Cilia / flagella / reproductive-cell function",0.0985919084118505,-0.0828153540223991,-0.00816492379887135,0.00816492379887135,"negative",63.3381211412573,FALSE,5.72289027191755,0.996740414313224,-2.75018905096971
"Mysticeti","Mysticeti","B544","B568","internal_clade","optional","Cetacean axis","binary_aquatic_dependence","binary_aquatic_dependence","PIEZO1",79,"aquatic_specific","Ion channels / mechanosensation / membrane signaling",0.100220575454654,0.653613809639747,0.0655055521272038,0.0655055521272038,"positive",89.2976882989987,FALSE,5.72289027191755,0.996740414313224,-2.75018905096971
"Mysticeti","Mysticeti","B544","B568","internal_clade","optional","Cetacean axis","binary_aquatic_dependence","binary_aquatic_dependence","DBNL",80,"shared","Cytoskeletal / muscle / ECM / adhesion",0.116035395287358,1.99943984649362,0.23200579294118,0.23200579294118,"positive",167.675114874778,FALSE,5.72289027191755,0.996740414313224,-2.75018905096971
"Mysticeti","Mysticeti","B544","B568","internal_clade","optional","Cetacean axis","binary_aquatic_dependence","binary_aquatic_dependence","OR6B1",81,"shared","Sensory systems",0.1211331117984,2.17700041117007,0.263706834191428,0.263706834191428,"positive",241.313015134608,FALSE,5.72289027191755,0.996740414313224,-2.75018905096971
"Mysticeti","Mysticeti","B544","B568","internal_clade","optional","Cetacean axis","binary_aquatic_dependence","binary_aquatic_dependence","ABHD8",82,"aquatic_specific","Metabolism / redox / lipid handling",0.123391794658719,-1.25863666037256,-0.155305436346626,0.155305436346626,"negative",12.3798100674933,FALSE,5.72289027191755,0.996740414313224,-2.75018905096971
"Mysticeti","Mysticeti","B544","B568","internal_clade","optional","Cetacean axis","binary_aquatic_dependence","binary_aquatic_dependence","FZD5",83,"aquatic_specific","Developmental / transcriptional signaling regulators",0.130676120517993,-1.58059404971009,-0.206545898529939,0.206545898529939,"negative",0,FALSE,5.72289027191755,0.996740414313224,-2.75018905096971
"Mysticeti","Mysticeti","B544","B568","internal_clade","optional","Cetacean axis","binary_aquatic_dependence","binary_aquatic_dependence","PNPLA7",84,"shared","Metabolism / redox / lipid handling",0.137885581276299,1.16731035841121,0.160955267299375,0.160955267299375,"positive",104.170545176421,FALSE,5.72289027191755,0.996740414313224,-2.75018905096971
"Mysticeti","Mysticeti","B544","B568","internal_clade","optional","Cetacean axis","binary_aquatic_dependence","binary_aquatic_dependence","SPEF2",85,"aquatic_specific","Cilia / flagella / reproductive-cell function",0.174059525751515,-0.0425497891400794,-0.00740619611854919,0.00740619611854919,"negative",60.2288515413268,FALSE,5.72289027191755,0.996740414313224,-2.75018905096971
"Mysticeti","Mysticeti","B544","B568","internal_clade","optional","Cetacean axis","binary_aquatic_dependence","binary_aquatic_dependence","GCKR",86,"aquatic_specific","Endocrine / circadian / systemic regulation",0.176184373124808,1.47714832493868e-15,2.60250451641681e-16,2.60250451641681e-16,"positive",,TRUE,5.72289027191755,0.996740414313224,-2.75018905096971
"Mysticeti","Mysticeti","B544","B568","internal_clade","optional","Cetacean axis","binary_aquatic_dependence","binary_aquatic_dependence","SEC61A2",87,"aquatic_specific","Membrane trafficking / ER / vesicle processing",0.176583875943885,-1.31034677313231,-0.231386112030266,0.231386112030266,"negative",0,FALSE,5.72289027191755,0.996740414313224,-2.75018905096971
"Mysticeti","Mysticeti","B544","B568","internal_clade","optional","Cetacean axis","binary_aquatic_dependence","binary_aquatic_dependence","OR52W1",88,"shared","Sensory systems",0.190684677268266,-0.251542155825604,-0.0479652348029691,0.0479652348029691,"negative",60.8182285464179,FALSE,5.72289027191755,0.996740414313224,-2.75018905096971
"Mysticeti","Mysticeti","B544","B568","internal_clade","optional","Cetacean axis","binary_aquatic_dependence","binary_aquatic_dependence","PRSS53",89,"aquatic_specific","Epithelial / body-surface interface",0.194083977905306,1.55501341674412,0.30180318961782,0.30180318961782,"positive",110.791643077625,FALSE,5.72289027191755,0.996740414313224,-2.75018905096971
"Mysticeti","Mysticeti","B544","B568","internal_clade","optional","Cetacean axis","binary_aquatic_dependence","binary_aquatic_dependence","KCNK18",90,"shared","Ion channels / mechanosensation / membrane signaling",0.217561248206336,-8.42782795295666e-16,-1.8335687691135e-16,1.8335687691135e-16,"negative",,TRUE,5.72289027191755,0.996740414313224,-2.75018905096971
"Mysticeti","Mysticeti","B544","B568","internal_clade","optional","Cetacean axis","binary_aquatic_dependence","binary_aquatic_dependence","SDR9C7",91,"shared","Epithelial / body-surface interface",0.220181989308241,0.199469435276322,0.043919577065332,0.043919577065332,"positive",65.1105592915032,FALSE,5.72289027191755,0.996740414313224,-2.75018905096971
"Mysticeti","Mysticeti","B544","B568","internal_clade","optional","Cetacean axis","binary_aquatic_dependence","binary_aquatic_dependence","OMP",92,"shared","Sensory systems",0.231144543648012,-0.469698710943989,-0.108568294193208,0.108568294193208,"negative",34.9275424214793,FALSE,5.72289027191755,0.996740414313224,-2.75018905096971
"Mysticeti","Mysticeti","B544","B568","internal_clade","optional","Cetacean axis","binary_aquatic_dependence","binary_aquatic_dependence","SYTL5",93,"aquatic_specific","Membrane trafficking / ER / vesicle processing",0.265993756746688,1.95213536253981,0.519255818760022,0.519255818760022,"positive",125.949985159263,FALSE,5.72289027191755,0.996740414313224,-2.75018905096971
"Mysticeti","Mysticeti","B544","B568","internal_clade","optional","Cetacean axis","binary_aquatic_dependence","binary_aquatic_dependence","IL33",94,"shared","Immune / inflammatory regulation",0.340038935001018,0.79386899550717,0.269946367762586,0.269946367762586,"positive",71.5283777310766,FALSE,5.72289027191755,0.996740414313224,-2.75018905096971
"Mysticeti","Mysticeti","B544","B568","internal_clade","optional","Cetacean axis","binary_aquatic_dependence","binary_aquatic_dependence","KIF18A",95,"aquatic_specific","DNA repair / chromatin / cell-cycle",0.340198342633948,0.0563778079851142,0.0191796368378708,0.0191796368378708,"positive",51.549678941505,FALSE,5.72289027191755,0.996740414313224,-2.75018905096971
"Mysticeti","Mysticeti","B544","B568","internal_clade","optional","Cetacean axis","binary_aquatic_dependence","binary_aquatic_dependence","FAM13A",96,"aquatic_specific","Developmental / transcriptional signaling regulators",0.348973910716795,2.1136166577815,0.737597070822171,0.737597070822171,"positive",109.933151257617,FALSE,5.72289027191755,0.996740414313224,-2.75018905096971
"Mysticeti","Mysticeti","B544","B568","internal_clade","optional","Cetacean axis","binary_aquatic_dependence","binary_aquatic_dependence","NWD1",97,"aquatic_specific","Developmental / transcriptional signaling regulators",0.404558879261438,-0.621487675694987,-0.25142835755396,0.25142835755396,"negative",51.9070917335873,FALSE,5.72289027191755,0.996740414313224,-2.75018905096971
"Mysticeti","Mysticeti","B544","B568","internal_clade","optional","Cetacean axis","binary_aquatic_dependence","binary_aquatic_dependence","LRP2",98,"aquatic_specific","Transport / endocytic / epithelial solute handling",0.471378525654808,-0.871086630920443,-0.410611531800893,0.410611531800893,"negative",35.4796399733509,FALSE,5.72289027191755,0.996740414313224,-2.75018905096971
"Mysticeti","Mysticeti","B544","B568","internal_clade","optional","Cetacean axis","binary_aquatic_dependence","binary_aquatic_dependence","CACNA1G",99,"aquatic_specific","Ion channels / mechanosensation / membrane signaling",0.593854706123962,-0.240531660405567,-0.142840858503657,0.142840858503657,"negative",59.3740412603262,FALSE,5.72289027191755,0.996740414313224,-2.75018905096971
"Mysticeti","Mysticeti","B544","B568","internal_clade","optional","Cetacean axis","binary_aquatic_dependence","binary_aquatic_dependence","PER1",100,"aquatic_specific","Endocrine / circadian / systemic regulation",0.784004329488712,-0.366159151001057,-0.28707035966674,0.28707035966674,"negative",53.4992348609121,FALSE,5.72289027191755,0.996740414313224,-2.75018905096971
"Mysticeti","Mysticeti","B544","B568","internal_clade","optional","Cetacean axis","binary_aquatic_dependence","binary_aquatic_dependence","TGM3",101,"shared","Epithelial / body-surface interface",1.04080869919882,3.35629556968149,3.49326162600694,3.49326162600694,"positive",176.901440554183,FALSE,5.72289027191755,0.996740414313224,-2.75018905096971
"Odontoceti","Odontoceti","B591","B591","internal_clade","required","Cetacean axis","binary_aquatic_dependence","binary_aquatic_dependence","ATF7IP2",1,"aquatic_specific","DNA repair / chromatin / cell-cycle",-0.581769927151342,-1.26332913940761,0.73496690140133,0.73496690140133,"positive",19.8493647196164,FALSE,2.79397308902396,0.94234927094936,-2.75018905096971
"Odontoceti","Odontoceti","B591","B591","internal_clade","required","Cetacean axis","binary_aquatic_dependence","binary_aquatic_dependence","WDR93",2,"shared","Cilia / flagella / reproductive-cell function",-0.4793197990576,2.79337272873195,-1.33891885502878,1.33891885502878,"negative",123.885663932473,FALSE,2.79397308902396,0.94234927094936,-2.75018905096971
"Odontoceti","Odontoceti","B591","B591","internal_clade","required","Cetacean axis","binary_aquatic_dependence","binary_aquatic_dependence","PMIS2",3,"aquatic_specific","Developmental / transcriptional signaling regulators",-0.39072525213697,-0.448442057418089,0.175217635953505,0.175217635953505,"positive",32.7109017787025,FALSE,2.79397308902396,0.94234927094936,-2.75018905096971
"Odontoceti","Odontoceti","B591","B591","internal_clade","required","Cetacean axis","binary_aquatic_dependence","binary_aquatic_dependence","PFKP",4,"aquatic_specific","Metabolism / redox / lipid handling",-0.356881027792284,-0.462227265159647,0.164960141463791,0.164960141463791,"positive",42.193018466667,FALSE,2.79397308902396,0.94234927094936,-2.75018905096971
"Odontoceti","Odontoceti","B591","B591","internal_clade","required","Cetacean axis","binary_aquatic_dependence","binary_aquatic_dependence","PDGFB",5,"aquatic_specific","Vascular / hematologic regulation",-0.348561123284862,0.411795094940965,-0.143535760855819,0.143535760855819,"negative",76.5612331067903,FALSE,2.79397308902396,0.94234927094936,-2.75018905096971
"Odontoceti","Odontoceti","B591","B591","internal_clade","required","Cetacean axis","binary_aquatic_dependence","binary_aquatic_dependence","PUSL1",6,"shared","Metabolism / redox / lipid handling",-0.314220898750119,-1.658852287477,0.521246056664714,0.521246056664714,"positive",0,FALSE,2.79397308902396,0.94234927094936,-2.75018905096971
"Odontoceti","Odontoceti","B591","B591","internal_clade","required","Cetacean axis","binary_aquatic_dependence","binary_aquatic_dependence","SMCO3",7,"aquatic_specific","Unassigned / low-confidence",-0.307082295991399,-1.04300225274641,0.32028752649757,0.32028752649757,"positive",0,FALSE,2.79397308902396,0.94234927094936,-2.75018905096971
"Odontoceti","Odontoceti","B591","B591","internal_clade","required","Cetacean axis","binary_aquatic_dependence","binary_aquatic_dependence","GGTLC1",8,"aquatic_specific","Metabolism / redox / lipid handling",-0.291163814888646,-1.03768196589911,0.302135439832335,0.302135439832335,"positive",0,FALSE,2.79397308902396,0.94234927094936,-2.75018905096971
"Odontoceti","Odontoceti","B591","B591","internal_clade","required","Cetacean axis","binary_aquatic_dependence","binary_aquatic_dependence","C16orf91",9,"aquatic_specific","Unassigned / low-confidence",-0.262195862787636,-1.34946065917666,0.353823001830798,0.353823001830798,"positive",0,FALSE,2.79397308902396,0.94234927094936,-2.75018905096971
"Odontoceti","Odontoceti","B591","B591","internal_clade","required","Cetacean axis","binary_aquatic_dependence","binary_aquatic_dependence","HGFAC",10,"shared","Vascular / hematologic regulation",-0.251889764940469,0.873896305267895,-0.220125534916275,0.220125534916275,"negative",103.329146408678,FALSE,2.79397308902396,0.94234927094936,-2.75018905096971
"Odontoceti","Odontoceti","B591","B591","internal_clade","required","Cetacean axis","binary_aquatic_dependence","binary_aquatic_dependence","NLRP8",11,"aquatic_specific","Immune / inflammatory regulation",-0.249357601464042,2.52224184057161,-0.628940175677187,0.628940175677187,"negative",138.651761232472,FALSE,2.79397308902396,0.94234927094936,-2.75018905096971
"Odontoceti","Odontoceti","B591","B591","internal_clade","required","Cetacean axis","binary_aquatic_dependence","binary_aquatic_dependence","FN3K",12,"shared","Metabolism / redox / lipid handling",-0.244837253974046,-1.48334480467037,0.363178068672161,0.363178068672161,"positive",0,FALSE,2.79397308902396,0.94234927094936,-2.75018905096971
"Odontoceti","Odontoceti","B591","B591","internal_clade","required","Cetacean axis","binary_aquatic_dependence","binary_aquatic_dependence","NUBP2",13,"shared","Metabolism / redox / lipid handling",-0.239999172123246,-1.5002722057086,0.36006408732958,0.36006408732958,"positive",0,FALSE,2.79397308902396,0.94234927094936,-2.75018905096971
"Odontoceti","Odontoceti","B591","B591","internal_clade","required","Cetacean axis","binary_aquatic_dependence","binary_aquatic_dependence","ACADSB",14,"aquatic_specific","Metabolism / redox / lipid handling",-0.238865076823398,-1.85410187467603,0.442880186732896,0.442880186732896,"positive",0,FALSE,2.79397308902396,0.94234927094936,-2.75018905096971
"Odontoceti","Odontoceti","B591","B591","internal_clade","required","Cetacean axis","binary_aquatic_dependence","binary_aquatic_dependence","TTC28",15,"aquatic_specific","Developmental / transcriptional signaling regulators",-0.237914556985983,-0.263344103634149,0.0626533957509894,0.0626533957509894,"positive",50.0908433073881,FALSE,2.79397308902396,0.94234927094936,-2.75018905096971
"Odontoceti","Odontoceti","B591","B591","internal_clade","required","Cetacean axis","binary_aquatic_dependence","binary_aquatic_dependence","SLC6A15",16,"aquatic_specific","Transport / endocytic / epithelial solute handling",-0.23289351110375,-1.75837801236207,0.409514829146635,0.409514829146635,"positive",0,FALSE,2.79397308902396,0.94234927094936,-2.75018905096971
"Odontoceti","Odontoceti","B591","B591","internal_clade","required","Cetacean axis","binary_aquatic_dependence","binary_aquatic_dependence","CATSPERG",17,"aquatic_specific","Cilia / flagella / reproductive-cell function",-0.232264279338058,-0.396738981954944,0.09214829372908,0.09214829372908,"positive",37.9372536411598,FALSE,2.79397308902396,0.94234927094936,-2.75018905096971
"Odontoceti","Odontoceti","B591","B591","internal_clade","required","Cetacean axis","binary_aquatic_dependence","binary_aquatic_dependence","SYDE1",18,"shared","Cytoskeletal / muscle / ECM / adhesion",-0.232023025562006,-0.577638227216496,0.134025369159045,0.134025369159045,"positive",40.7971706221312,FALSE,2.79397308902396,0.94234927094936,-2.75018905096971
"Odontoceti","Odontoceti","B591","B591","internal_clade","required","Cetacean axis","binary_aquatic_dependence","binary_aquatic_dependence","SLC5A5",19,"aquatic_specific","Transport / endocytic / epithelial solute handling",-0.231105741131879,-0.463765696548778,0.107178915012447,0.107178915012447,"positive",40.5384502860905,FALSE,2.79397308902396,0.94234927094936,-2.75018905096971
"Odontoceti","Odontoceti","B591","B591","internal_clade","required","Cetacean axis","binary_aquatic_dependence","binary_aquatic_dependence","SIGIRR",20,"aquatic_specific","Immune / inflammatory regulation",-0.210302505536658,-0.877769467048014,0.184597118203774,0.184597118203774,"positive",0,FALSE,2.79397308902396,0.94234927094936,-2.75018905096971
"Odontoceti","Odontoceti","B591","B591","internal_clade","required","Cetacean axis","binary_aquatic_dependence","binary_aquatic_dependence","KEAP1",21,"aquatic_specific","Developmental / transcriptional signaling regulators",-0.19883739251004,-1.03622840091006,0.206040953281805,0.206040953281805,"positive",26.5533859106743,FALSE,2.79397308902396,0.94234927094936,-2.75018905096971
"Odontoceti","Odontoceti","B591","B591","internal_clade","required","Cetacean axis","binary_aquatic_dependence","binary_aquatic_dependence","SYNPO2",22,"aquatic_specific","Cytoskeletal / muscle / ECM / adhesion",-0.164171125185038,1.73976657206973,-0.285619435696004,0.285619435696004,"negative",114.883025425393,FALSE,2.79397308902396,0.94234927094936,-2.75018905096971
"Odontoceti","Odontoceti","B591","B591","internal_clade","required","Cetacean axis","binary_aquatic_dependence","binary_aquatic_dependence","PI4KA",23,"aquatic_specific","Ion channels / mechanosensation / membrane signaling",-0.161213914772254,0.331593613900453,-0.0534575046103714,0.0534575046103714,"negative",71.053538336828,FALSE,2.79397308902396,0.94234927094936,-2.75018905096971
"Odontoceti","Odontoceti","B591","B591","internal_clade","required","Cetacean axis","binary_aquatic_dependence","binary_aquatic_dependence","H1_8",24,"aquatic_specific","DNA repair / chromatin / cell-cycle",-0.160268979059258,-0.281115989071648,0.0450541725657465,0.0450541725657465,"positive",46.9546767650899,FALSE,2.79397308902396,0.94234927094936,-2.75018905096971
"Odontoceti","Odontoceti","B591","B591","internal_clade","required","Cetacean axis","binary_aquatic_dependence","binary_aquatic_dependence","CATSPERZ",25,"shared","Cilia / flagella / reproductive-cell function",-0.154029925159516,-1.22018471549186,0.187944960407996,0.187944960407996,"positive",0,FALSE,2.79397308902396,0.94234927094936,-2.75018905096971
"Odontoceti","Odontoceti","B591","B591","internal_clade","required","Cetacean axis","binary_aquatic_dependence","binary_aquatic_dependence","TIGD7",26,"aquatic_specific","Developmental / transcriptional signaling regulators",-0.153350666144971,-1.14039910084986,0.174880961786453,0.174880961786453,"positive",0,FALSE,2.79397308902396,0.94234927094936,-2.75018905096971
"Odontoceti","Odontoceti","B591","B591","internal_clade","required","Cetacean axis","binary_aquatic_dependence","binary_aquatic_dependence","CLASP2",27,"aquatic_specific","Cytoskeletal / muscle / ECM / adhesion",-0.153215743294715,-0.674364256675498,0.103323220837925,0.103323220837925,"positive",35.9718821691756,FALSE,2.79397308902396,0.94234927094936,-2.75018905096971
"Odontoceti","Odontoceti","B591","B591","internal_clade","required","Cetacean axis","binary_aquatic_dependence","binary_aquatic_dependence","FAM20B",28,"aquatic_specific","Developmental / transcriptional signaling regulators",-0.149046125022571,0.286885516461904,-0.0427591745537458,0.0427591745537458,"negative",69.6658049397647,FALSE,2.79397308902396,0.94234927094936,-2.75018905096971
"Odontoceti","Odontoceti","B591","B591","internal_clade","required","Cetacean axis","binary_aquatic_dependence","binary_aquatic_dependence","EHHADH",29,"aquatic_specific","Metabolism / redox / lipid handling",-0.134704680594371,-0.544533760807484,0.0733512463224239,0.0733512463224239,"positive",36.7784503182378,FALSE,2.79397308902396,0.94234927094936,-2.75018905096971
"Odontoceti","Odontoceti","B591","B591","internal_clade","required","Cetacean axis","binary_aquatic_dependence","binary_aquatic_dependence","XCR1",30,"aquatic_specific","Immune / inflammatory regulation",-0.128894917212046,-1.52011371360658,0.195934931268217,0.195934931268217,"positive",0,FALSE,2.79397308902396,0.94234927094936,-2.75018905096971
"Odontoceti","Odontoceti","B591","B591","internal_clade","required","Cetacean axis","binary_aquatic_dependence","binary_aquatic_dependence","CLTCL1",31,"aquatic_specific","Membrane trafficking / ER / vesicle processing",-0.122013377075862,1.03036935260103e-14,-1.25718844346321e-15,1.25718844346321e-15,"negative",,TRUE,2.79397308902396,0.94234927094936,-2.75018905096971
"Odontoceti","Odontoceti","B591","B591","internal_clade","required","Cetacean axis","binary_aquatic_dependence","binary_aquatic_dependence","SLC6A6",32,"aquatic_specific","Transport / endocytic / epithelial solute handling",-0.121595276910313,-0.978662188288525,0.119000699786596,0.119000699786596,"positive",0,FALSE,2.79397308902396,0.94234927094936,-2.75018905096971
"Odontoceti","Odontoceti","B591","B591","internal_clade","required","Cetacean axis","binary_aquatic_dependence","binary_aquatic_dependence","ACOX3",33,"aquatic_specific","Metabolism / redox / lipid handling",-0.118129521585615,-1.8849688821786,0.22267047225553,0.22267047225553,"positive",13.9377721013993,FALSE,2.79397308902396,0.94234927094936,-2.75018905096971
"Odontoceti","Odontoceti","B591","B591","internal_clade","required","Cetacean axis","binary_aquatic_dependence","binary_aquatic_dependence","CORO2A",34,"aquatic_specific","Cytoskeletal / muscle / ECM / adhesion",-0.110434776748237,-1.66685714727449,0.184078996930462,0.184078996930462,"positive",0,FALSE,2.79397308902396,0.94234927094936,-2.75018905096971
"Odontoceti","Odontoceti","B591","B591","internal_clade","required","Cetacean axis","binary_aquatic_dependence","binary_aquatic_dependence","SEPTIN5",35,"aquatic_specific","Cytoskeletal / muscle / ECM / adhesion",-0.106389612271777,-1.19363979495881,0.126990874977831,0.126990874977831,"positive",0,FALSE,2.79397308902396,0.94234927094936,-2.75018905096971
"Odontoceti","Odontoceti","B591","B591","internal_clade","required","Cetacean axis","binary_aquatic_dependence","binary_aquatic_dependence","MEFV",36,"aquatic_specific","Immune / inflammatory regulation",-0.106234859098565,-1.81801420185567,0.193136482573328,0.193136482573328,"positive",0,FALSE,2.79397308902396,0.94234927094936,-2.75018905096971
"Odontoceti","Odontoceti","B591","B591","internal_clade","required","Cetacean axis","binary_aquatic_dependence","binary_aquatic_dependence","C1orf112",37,"aquatic_specific","DNA repair / chromatin / cell-cycle",-0.10365191227098,-1.32402643341704,0.137237871721002,0.137237871721002,"positive",19.8520520527569,FALSE,2.79397308902396,0.94234927094936,-2.75018905096971
"Odontoceti","Odontoceti","B591","B591","internal_clade","required","Cetacean axis","binary_aquatic_dependence","binary_aquatic_dependence","HPRT1",38,"aquatic_specific","Metabolism / redox / lipid handling",-0.099597493197772,1.54629161455903,-0.154006768562815,0.154006768562815,"negative",144.995227005976,FALSE,2.79397308902396,0.94234927094936,-2.75018905096971
"Odontoceti","Odontoceti","B591","B591","internal_clade","required","Cetacean axis","binary_aquatic_dependence","binary_aquatic_dependence","CD34",39,"shared","Vascular / hematologic regulation",-0.0959044894988044,-1.59394436228612,0.152866420354548,0.152866420354548,"positive",0,FALSE,2.79397308902396,0.94234927094936,-2.75018905096971
"Odontoceti","Odontoceti","B591","B591","internal_clade","required","Cetacean axis","binary_aquatic_dependence","binary_aquatic_dependence","CASTOR1",40,"aquatic_specific","Endocrine / circadian / systemic regulation",-0.0825057476543748,0.00752323170100872,-0.000620709856268819,0.000620709856268819,"negative",55.8155922977431,FALSE,2.79397308902396,0.94234927094936,-2.75018905096971
"Odontoceti","Odontoceti","B591","B591","internal_clade","required","Cetacean axis","binary_aquatic_dependence","binary_aquatic_dependence","RAC3",41,"aquatic_specific","Developmental / transcriptional signaling regulators",-0.0814970345799135,-1.04721769203214,0.0853451364602407,0.0853451364602407,"positive",0,FALSE,2.79397308902396,0.94234927094936,-2.75018905096971
"Odontoceti","Odontoceti","B591","B591","internal_clade","required","Cetacean axis","binary_aquatic_dependence","binary_aquatic_dependence","URI1",42,"aquatic_specific","Developmental / transcriptional signaling regulators",-0.078475489653661,-0.295723372625849,0.0232070364688456,0.0232070364688456,"positive",42.2334684905175,FALSE,2.79397308902396,0.94234927094936,-2.75018905096971
"Odontoceti","Odontoceti","B591","B591","internal_clade","required","Cetacean axis","binary_aquatic_dependence","binary_aquatic_dependence","SPINT4",43,"aquatic_specific","Epithelial / body-surface interface",-0.0769933368325998,1.41131256057898e-15,-1.08661663352736e-16,1.08661663352736e-16,"negative",,TRUE,2.79397308902396,0.94234927094936,-2.75018905096971
"Odontoceti","Odontoceti","B591","B591","internal_clade","required","Cetacean axis","binary_aquatic_dependence","binary_aquatic_dependence","GGTLC3",44,"aquatic_specific","Metabolism / redox / lipid handling",-0.0726998898105257,-0.845479361710653,0.061466256433438,0.061466256433438,"positive",0,FALSE,2.79397308902396,0.94234927094936,-2.75018905096971
"Odontoceti","Odontoceti","B591","B591","internal_clade","required","Cetacean axis","binary_aquatic_dependence","binary_aquatic_dependence","KMO",45,"aquatic_specific","Metabolism / redox / lipid handling",-0.0725495886342883,-0.713077395928289,0.0517334717390069,0.0517334717390069,"positive",29.5573466180243,FALSE,2.79397308902396,0.94234927094936,-2.75018905096971
"Odontoceti","Odontoceti","B591","B591","internal_clade","required","Cetacean axis","binary_aquatic_dependence","binary_aquatic_dependence","PDK1",46,"aquatic_specific","Metabolism / redox / lipid handling",-0.0696000509826744,-0.0390963891221212,0.00272111067613812,0.00272111067613812,"positive",49.4667734779403,FALSE,2.79397308902396,0.94234927094936,-2.75018905096971
"Odontoceti","Odontoceti","B591","B591","internal_clade","required","Cetacean axis","binary_aquatic_dependence","binary_aquatic_dependence","EPOR",47,"shared","Vascular / hematologic regulation",-0.0639836237556098,-0.697029234393276,0.0445984562800801,0.0445984562800801,"positive",32.2373083844883,FALSE,2.79397308902396,0.94234927094936,-2.75018905096971
"Odontoceti","Odontoceti","B591","B591","internal_clade","required","Cetacean axis","binary_aquatic_dependence","binary_aquatic_dependence","AC092835",48,"aquatic_specific","Unassigned / low-confidence",-0.0481295116799046,0.198960292315751,-0.00957586171284816,0.00957586171284816,"negative",64.1070385202506,FALSE,2.79397308902396,0.94234927094936,-2.75018905096971
"Odontoceti","Odontoceti","B591","B591","internal_clade","required","Cetacean axis","binary_aquatic_dependence","binary_aquatic_dependence","CDHR4",49,"aquatic_specific","Epithelial / body-surface interface",-0.043359831407413,-0.858950110411736,0.0372439319748317,0.0372439319748317,"positive",32.028227330145,FALSE,2.79397308902396,0.94234927094936,-2.75018905096971
"Odontoceti","Odontoceti","B591","B591","internal_clade","required","Cetacean axis","binary_aquatic_dependence","binary_aquatic_dependence","PROB1",50,"aquatic_specific","Unassigned / low-confidence",-0.031368805999096,-0.341752337596061,0.0107203627777884,0.0107203627777884,"positive",49.5494713217914,FALSE,2.79397308902396,0.94234927094936,-2.75018905096971
"Odontoceti","Odontoceti","B591","B591","internal_clade","required","Cetacean axis","binary_aquatic_dependence","binary_aquatic_dependence","PPP1R3A",51,"aquatic_specific","Metabolism / redox / lipid handling",-0.0310971405758917,-1.19689271874282,0.0372199411290067,0.0372199411290067,"positive",28.8674727817206,FALSE,2.79397308902396,0.94234927094936,-2.75018905096971
"Odontoceti","Odontoceti","B591","B591","internal_clade","required","Cetacean axis","binary_aquatic_dependence","binary_aquatic_dependence","CDC14B",52,"aquatic_specific","DNA repair / chromatin / cell-cycle",-0.0297700481634882,-1.2773323422659,0.038026245350037,0.038026245350037,"positive",0,FALSE,2.79397308902396,0.94234927094936,-2.75018905096971
"Odontoceti","Odontoceti","B591","B591","internal_clade","required","Cetacean axis","binary_aquatic_dependence","binary_aquatic_dependence","SOX7",53,"shared","Developmental / transcriptional signaling regulators",-0.0288474092932838,1.02932693247028,-0.0296934153175705,0.0296934153175705,"negative",93.1786878066995,FALSE,2.79397308902396,0.94234927094936,-2.75018905096971
"Odontoceti","Odontoceti","B591","B591","internal_clade","required","Cetacean axis","binary_aquatic_dependence","binary_aquatic_dependence","MSN",54,"aquatic_specific","Cytoskeletal / muscle / ECM / adhesion",-0.0286086021473059,0.230311806299684,-0.00658889883625502,0.00658889883625502,"negative",63.1673463642475,FALSE,2.79397308902396,0.94234927094936,-2.75018905096971
"Odontoceti","Odontoceti","B591","B591","internal_clade","required","Cetacean axis","binary_aquatic_dependence","binary_aquatic_dependence","COMMD4",55,"aquatic_specific","DNA repair / chromatin / cell-cycle",-0.0187271239132032,0.257763427096238,-0.00482716763952315,0.00482716763952315,"negative",79.4608854345045,FALSE,2.79397308902396,0.94234927094936,-2.75018905096971
"Odontoceti","Odontoceti","B591","B591","internal_clade","required","Cetacean axis","binary_aquatic_dependence","binary_aquatic_dependence","NOXO1",56,"aquatic_specific","Ion channels / mechanosensation / membrane signaling",-0.0179148306739576,-1.7069885364722,0.0305804105932861,0.0305804105932861,"positive",3.39781156448811,FALSE,2.79397308902396,0.94234927094936,-2.75018905096971
"Odontoceti","Odontoceti","B591","B591","internal_clade","required","Cetacean axis","binary_aquatic_dependence","binary_aquatic_dependence","CCDC174",57,"aquatic_specific","RNA processing / translation / protein homeostasis",-0.0162180345629962,0.736608636639387,-0.0119463443284191,0.0119463443284191,"negative",109.738031478939,FALSE,2.79397308902396,0.94234927094936,-2.75018905096971
"Odontoceti","Odontoceti","B591","B591","internal_clade","required","Cetacean axis","binary_aquatic_dependence","binary_aquatic_dependence","FLYWCH1",58,"aquatic_specific","Developmental / transcriptional signaling regulators",-0.0104987023982283,-0.138661059391755,0.0014557611967771,0.0014557611967771,"positive",53.5684319967962,FALSE,2.79397308902396,0.94234927094936,-2.75018905096971
"Odontoceti","Odontoceti","B591","B591","internal_clade","required","Cetacean axis","binary_aquatic_dependence","binary_aquatic_dependence","RHCG",59,"aquatic_specific","Transport / endocytic / epithelial solute handling",-0.0101117732108071,-0.109587049210656,0.00110811938845972,0.00110811938845972,"positive",47.7346797461572,FALSE,2.79397308902396,0.94234927094936,-2.75018905096971
"Odontoceti","Odontoceti","B591","B591","internal_clade","required","Cetacean axis","binary_aquatic_dependence","binary_aquatic_dependence","IP6K1",60,"aquatic_specific","Ion channels / mechanosensation / membrane signaling",-0.00832534794040649,2.58076338701817,-0.0214857531487882,0.0214857531487882,"negative",163.601820640816,FALSE,2.79397308902396,0.94234927094936,-2.75018905096971
"Odontoceti","Odontoceti","B591","B591","internal_clade","required","Cetacean axis","binary_aquatic_dependence","binary_aquatic_dependence","SORBS2",61,"aquatic_specific","Cytoskeletal / muscle / ECM / adhesion",-0.0080058731823396,0.342550259146463,-0.00274241393330415,0.00274241393330415,"negative",65.3207158989357,FALSE,2.79397308902396,0.94234927094936,-2.75018905096971
"Odontoceti","Odontoceti","B591","B591","internal_clade","required","Cetacean axis","binary_aquatic_dependence","binary_aquatic_dependence","ASMTL",62,"shared","Endocrine / circadian / systemic regulation",-0.00682424512057102,1.92451435163416,-0.0131333576736083,0.0131333576736083,"negative",158.133463609727,FALSE,2.79397308902396,0.94234927094936,-2.75018905096971
"Odontoceti","Odontoceti","B591","B591","internal_clade","required","Cetacean axis","binary_aquatic_dependence","binary_aquatic_dependence","TMPPE",63,"aquatic_specific","Metabolism / redox / lipid handling",-0.00232450558807123,2.44038039369485,-0.00567267786216313,0.00567267786216313,"negative",146.237464322005,FALSE,2.79397308902396,0.94234927094936,-2.75018905096971
"Odontoceti","Odontoceti","B591","B591","internal_clade","required","Cetacean axis","binary_aquatic_dependence","binary_aquatic_dependence","ITGA2B",64,"aquatic_specific","Vascular / hematologic regulation",-0.00129204970143602,-0.65851296297575,0.000850831477204568,0.000850831477204568,"positive",34.5545670890054,FALSE,2.79397308902396,0.94234927094936,-2.75018905096971
"Odontoceti","Odontoceti","B591","B591","internal_clade","required","Cetacean axis","binary_aquatic_dependence","binary_aquatic_dependence","RHOA",65,"aquatic_specific","Cytoskeletal / muscle / ECM / adhesion",-0.00113448879012524,-0.717666446467379,0.000814184538566259,0.000814184538566259,"positive",0,FALSE,2.79397308902396,0.94234927094936,-2.75018905096971
"Odontoceti","Odontoceti","B591","B591","internal_clade","required","Cetacean axis","binary_aquatic_dependence","binary_aquatic_dependence","FP565260",66,"aquatic_specific","Unassigned / low-confidence",1.70815408075916e-05,-0.219114288551453,-3.74280966141804e-06,3.74280966141804e-06,"negative",59.3674863398803,FALSE,2.79397308902396,0.94234927094936,-2.75018905096971
"Odontoceti","Odontoceti","B591","B591","internal_clade","required","Cetacean axis","binary_aquatic_dependence","binary_aquatic_dependence","LRIF1",67,"aquatic_specific","DNA repair / chromatin / cell-cycle",0.00997540842690748,0.322801360114818,0.00322007540790655,0.00322007540790655,"positive",57.4772177714801,FALSE,2.79397308902396,0.94234927094936,-2.75018905096971
"Odontoceti","Odontoceti","B591","B591","internal_clade","required","Cetacean axis","binary_aquatic_dependence","binary_aquatic_dependence","BAMBI",68,"aquatic_specific","Developmental / transcriptional signaling regulators",0.0120734458485713,-0.0353470267643819,-0.000426760413547766,0.000426760413547766,"negative",54.5708769835318,FALSE,2.79397308902396,0.94234927094936,-2.75018905096971
"Odontoceti","Odontoceti","B591","B591","internal_clade","required","Cetacean axis","binary_aquatic_dependence","binary_aquatic_dependence","LLGL1",69,"aquatic_specific","Membrane trafficking / ER / vesicle processing",0.0221096407434654,-0.94622964526977,-0.0209207975177313,0.0209207975177313,"negative",31.8300006498097,FALSE,2.79397308902396,0.94234927094936,-2.75018905096971
"Odontoceti","Odontoceti","B591","B591","internal_clade","required","Cetacean axis","binary_aquatic_dependence","binary_aquatic_dependence","COL20A1",70,"shared","Cytoskeletal / muscle / ECM / adhesion",0.0288024871662898,1.4405713292277,0.0414920372222059,0.0414920372222059,"positive",114.819932788633,FALSE,2.79397308902396,0.94234927094936,-2.75018905096971
"Odontoceti","Odontoceti","B591","B591","internal_clade","required","Cetacean axis","binary_aquatic_dependence","binary_aquatic_dependence","TGM1",71,"shared","Epithelial / body-surface interface",0.0320265937643637,2.21405225420725,0.0709085521185691,0.0709085521185691,"positive",125.765793662603,FALSE,2.79397308902396,0.94234927094936,-2.75018905096971
"Odontoceti","Odontoceti","B591","B591","internal_clade","required","Cetacean axis","binary_aquatic_dependence","binary_aquatic_dependence","PDE6C",72,"aquatic_specific","Sensory systems",0.0369091575908715,-0.231133573732829,-0.00853094549744631,0.00853094549744631,"negative",54.1207120565671,FALSE,2.79397308902396,0.94234927094936,-2.75018905096971
"Odontoceti","Odontoceti","B591","B591","internal_clade","required","Cetacean axis","binary_aquatic_dependence","binary_aquatic_dependence","TOGARAM2",73,"shared","Cilia / flagella / reproductive-cell function",0.03936598299555,0.601936024756597,0.0236958033149772,0.0236958033149772,"positive",95.481813743178,FALSE,2.79397308902396,0.94234927094936,-2.75018905096971
"Odontoceti","Odontoceti","B591","B591","internal_clade","required","Cetacean axis","binary_aquatic_dependence","binary_aquatic_dependence","CSMD1",74,"aquatic_specific","Immune / inflammatory regulation",0.0435717554769353,-0.593293265724822,-0.0258508291002743,0.0258508291002743,"negative",52.1150548561046,FALSE,2.79397308902396,0.94234927094936,-2.75018905096971
"Odontoceti","Odontoceti","B591","B591","internal_clade","required","Cetacean axis","binary_aquatic_dependence","binary_aquatic_dependence","KRTDAP",75,"shared","Epithelial / body-surface interface",0.0447305719374455,1.96607133607751,0.0879434953325646,0.0879434953325646,"positive",245.557144900209,FALSE,2.79397308902396,0.94234927094936,-2.75018905096971
"Odontoceti","Odontoceti","B591","B591","internal_clade","required","Cetacean axis","binary_aquatic_dependence","binary_aquatic_dependence","CNGA4",76,"aquatic_specific","Sensory systems",0.0586555487526509,-1.24358680204352,-0.072943266295417,0.072943266295417,"negative",22.114391679648,FALSE,2.79397308902396,0.94234927094936,-2.75018905096971
"Odontoceti","Odontoceti","B591","B591","internal_clade","required","Cetacean axis","binary_aquatic_dependence","binary_aquatic_dependence","ARSA",77,"aquatic_specific","Metabolism / redox / lipid handling",0.0862370240736283,-1.649017438422,-0.142206356535031,0.142206356535031,"negative",0,FALSE,2.79397308902396,0.94234927094936,-2.75018905096971
"Odontoceti","Odontoceti","B591","B591","internal_clade","required","Cetacean axis","binary_aquatic_dependence","binary_aquatic_dependence","DEUP1",78,"aquatic_specific","Cilia / flagella / reproductive-cell function",0.0985919084118505,-1.05096658313717,-0.103616801108575,0.103616801108575,"negative",22.1644683185564,FALSE,2.79397308902396,0.94234927094936,-2.75018905096971
"Odontoceti","Odontoceti","B591","B591","internal_clade","required","Cetacean axis","binary_aquatic_dependence","binary_aquatic_dependence","PIEZO1",79,"aquatic_specific","Ion channels / mechanosensation / membrane signaling",0.100220575454654,1.67555782491243,0.167925369420272,0.167925369420272,"positive",120.134321945363,FALSE,2.79397308902396,0.94234927094936,-2.75018905096971
"Odontoceti","Odontoceti","B591","B591","internal_clade","required","Cetacean axis","binary_aquatic_dependence","binary_aquatic_dependence","DBNL",80,"shared","Cytoskeletal / muscle / ECM / adhesion",0.116035395287358,0.599631803764736,0.0695785133767124,0.0695785133767124,"positive",93.2149734360713,FALSE,2.79397308902396,0.94234927094936,-2.75018905096971
"Odontoceti","Odontoceti","B591","B591","internal_clade","required","Cetacean axis","binary_aquatic_dependence","binary_aquatic_dependence","OR6B1",81,"shared","Sensory systems",0.1211331117984,-0.167170034095872,-0.0202498264294777,0.0202498264294777,"negative",71.4194669417647,FALSE,2.79397308902396,0.94234927094936,-2.75018905096971
"Odontoceti","Odontoceti","B591","B591","internal_clade","required","Cetacean axis","binary_aquatic_dependence","binary_aquatic_dependence","ABHD8",82,"aquatic_specific","Metabolism / redox / lipid handling",0.123391794658719,-0.577416259924647,-0.0712484285772276,0.0712484285772276,"negative",32.4607082128038,FALSE,2.79397308902396,0.94234927094936,-2.75018905096971
"Odontoceti","Odontoceti","B591","B591","internal_clade","required","Cetacean axis","binary_aquatic_dependence","binary_aquatic_dependence","FZD5",83,"aquatic_specific","Developmental / transcriptional signaling regulators",0.130676120517993,0.823372103513307,0.107595072229859,0.107595072229859,"positive",82.8110137103102,FALSE,2.79397308902396,0.94234927094936,-2.75018905096971
"Odontoceti","Odontoceti","B591","B591","internal_clade","required","Cetacean axis","binary_aquatic_dependence","binary_aquatic_dependence","PNPLA7",84,"shared","Metabolism / redox / lipid handling",0.137885581276299,-1.63714200263305e-15,-2.25738276664903e-16,2.25738276664903e-16,"negative",,TRUE,2.79397308902396,0.94234927094936,-2.75018905096971
"Odontoceti","Odontoceti","B591","B591","internal_clade","required","Cetacean axis","binary_aquatic_dependence","binary_aquatic_dependence","SPEF2",85,"aquatic_specific","Cilia / flagella / reproductive-cell function",0.174059525751515,1.42001342697162,0.247166863659465,0.247166863659465,"positive",92.4755798364587,FALSE,2.79397308902396,0.94234927094936,-2.75018905096971
"Odontoceti","Odontoceti","B591","B591","internal_clade","required","Cetacean axis","binary_aquatic_dependence","binary_aquatic_dependence","GCKR",86,"aquatic_specific","Endocrine / circadian / systemic regulation",0.176184373124808,1.47714832493868e-15,2.60250451641681e-16,2.60250451641681e-16,"positive",,TRUE,2.79397308902396,0.94234927094936,-2.75018905096971
"Odontoceti","Odontoceti","B591","B591","internal_clade","required","Cetacean axis","binary_aquatic_dependence","binary_aquatic_dependence","SEC61A2",87,"aquatic_specific","Membrane trafficking / ER / vesicle processing",0.176583875943885,-1.31034677313231,-0.231386112030266,0.231386112030266,"negative",0,FALSE,2.79397308902396,0.94234927094936,-2.75018905096971
"Odontoceti","Odontoceti","B591","B591","internal_clade","required","Cetacean axis","binary_aquatic_dependence","binary_aquatic_dependence","OR52W1",88,"shared","Sensory systems",0.190684677268266,2.34133289613994e-15,4.46456307678019e-16,4.46456307678019e-16,"positive",,TRUE,2.79397308902396,0.94234927094936,-2.75018905096971
"Odontoceti","Odontoceti","B591","B591","internal_clade","required","Cetacean axis","binary_aquatic_dependence","binary_aquatic_dependence","PRSS53",89,"aquatic_specific","Epithelial / body-surface interface",0.194083977905306,-1.31221071644592,-0.254679075697796,0.254679075697796,"negative",23.4711300014084,FALSE,2.79397308902396,0.94234927094936,-2.75018905096971
"Odontoceti","Odontoceti","B591","B591","internal_clade","required","Cetacean axis","binary_aquatic_dependence","binary_aquatic_dependence","KCNK18",90,"shared","Ion channels / mechanosensation / membrane signaling",0.217561248206336,-0.947365276350183,-0.206109972030087,0.206109972030087,"negative",29.5305775275635,FALSE,2.79397308902396,0.94234927094936,-2.75018905096971
"Odontoceti","Odontoceti","B591","B591","internal_clade","required","Cetacean axis","binary_aquatic_dependence","binary_aquatic_dependence","SDR9C7",91,"shared","Epithelial / body-surface interface",0.220181989308241,1.06652967850281,0.234830626269026,0.234830626269026,"positive",104.250151979872,FALSE,2.79397308902396,0.94234927094936,-2.75018905096971
"Odontoceti","Odontoceti","B591","B591","internal_clade","required","Cetacean axis","binary_aquatic_dependence","binary_aquatic_dependence","OMP",92,"shared","Sensory systems",0.231144543648012,-0.816319167736948,-0.188687721497682,0.188687721497682,"negative",0,FALSE,2.79397308902396,0.94234927094936,-2.75018905096971
"Odontoceti","Odontoceti","B591","B591","internal_clade","required","Cetacean axis","binary_aquatic_dependence","binary_aquatic_dependence","SYTL5",93,"aquatic_specific","Membrane trafficking / ER / vesicle processing",0.265993756746688,-1.47902884264825,-0.393412438192713,0.393412438192713,"negative",19.3991363830481,FALSE,2.79397308902396,0.94234927094936,-2.75018905096971
"Odontoceti","Odontoceti","B591","B591","internal_clade","required","Cetacean axis","binary_aquatic_dependence","binary_aquatic_dependence","IL33",94,"shared","Immune / inflammatory regulation",0.340038935001018,-1.25231167496481,-0.425834728244375,0.425834728244375,"negative",0,FALSE,2.79397308902396,0.94234927094936,-2.75018905096971
"Odontoceti","Odontoceti","B591","B591","internal_clade","required","Cetacean axis","binary_aquatic_dependence","binary_aquatic_dependence","KIF18A",95,"aquatic_specific","DNA repair / chromatin / cell-cycle",0.340198342633948,-0.63957438030193,-0.217582144169851,0.217582144169851,"negative",32.809211375004,FALSE,2.79397308902396,0.94234927094936,-2.75018905096971
"Odontoceti","Odontoceti","B591","B591","internal_clade","required","Cetacean axis","binary_aquatic_dependence","binary_aquatic_dependence","FAM13A",96,"aquatic_specific","Developmental / transcriptional signaling regulators",0.348973910716795,0.554105913423857,0.193368507558825,0.193368507558825,"positive",71.1550974403964,FALSE,2.79397308902396,0.94234927094936,-2.75018905096971
"Odontoceti","Odontoceti","B591","B591","internal_clade","required","Cetacean axis","binary_aquatic_dependence","binary_aquatic_dependence","NWD1",97,"aquatic_specific","Developmental / transcriptional signaling regulators",0.404558879261438,2.13134197001468,0.862253318712004,0.862253318712004,"positive",143.540100413346,FALSE,2.79397308902396,0.94234927094936,-2.75018905096971
"Odontoceti","Odontoceti","B591","B591","internal_clade","required","Cetacean axis","binary_aquatic_dependence","binary_aquatic_dependence","LRP2",98,"aquatic_specific","Transport / endocytic / epithelial solute handling",0.471378525654808,-1.90251226232833,-0.896803425256523,0.896803425256523,"negative",18.3954133757096,FALSE,2.79397308902396,0.94234927094936,-2.75018905096971
"Odontoceti","Odontoceti","B591","B591","internal_clade","required","Cetacean axis","binary_aquatic_dependence","binary_aquatic_dependence","CACNA1G",99,"aquatic_specific","Ion channels / mechanosensation / membrane signaling",0.593854706123962,0.662593404378638,0.393484211436952,0.393484211436952,"positive",80.8105576967894,FALSE,2.79397308902396,0.94234927094936,-2.75018905096971
"Odontoceti","Odontoceti","B591","B591","internal_clade","required","Cetacean axis","binary_aquatic_dependence","binary_aquatic_dependence","PER1",100,"aquatic_specific","Endocrine / circadian / systemic regulation",0.784004329488712,0.291666579278044,0.228667860921149,0.228667860921149,"positive",73.4179886707567,FALSE,2.79397308902396,0.94234927094936,-2.75018905096971
"Odontoceti","Odontoceti","B591","B591","internal_clade","required","Cetacean axis","binary_aquatic_dependence","binary_aquatic_dependence","TGM3",101,"shared","Epithelial / body-surface interface",1.04080869919882,1.71760144498072,1.78769452569239,1.78769452569239,"positive",119.524465008407,FALSE,2.79397308902396,0.94234927094936,-2.75018905096971
"Pinnipedia","Crown Pinnipedia","B410","B501","internal_clade","required","Pinniped axis","binary_aquatic_dependence","binary_aquatic_dependence","ATF7IP2",1,"aquatic_specific","DNA repair / chromatin / cell-cycle",-0.581769927151342,-0.605662267577492,0.352356093286874,0.352356093286874,"positive",41.4498381279314,FALSE,-1.97416685995739,0.121942028788205,-2.75018905096971
"Pinnipedia","Crown Pinnipedia","B410","B501","internal_clade","required","Pinniped axis","binary_aquatic_dependence","binary_aquatic_dependence","WDR93",2,"shared","Cilia / flagella / reproductive-cell function",-0.4793197990576,0.483935611468843,-0.231959920046063,0.231959920046063,"negative",63.583651427509,FALSE,-1.97416685995739,0.121942028788205,-2.75018905096971
"Pinnipedia","Crown Pinnipedia","B410","B501","internal_clade","required","Pinniped axis","binary_aquatic_dependence","binary_aquatic_dependence","PMIS2",3,"aquatic_specific","Developmental / transcriptional signaling regulators",-0.39072525213697,-0.912747553737685,0.35663351807156,0.35663351807156,"positive",9.90982583306869,FALSE,-1.97416685995739,0.121942028788205,-2.75018905096971
"Pinnipedia","Crown Pinnipedia","B410","B501","internal_clade","required","Pinniped axis","binary_aquatic_dependence","binary_aquatic_dependence","PFKP",4,"aquatic_specific","Metabolism / redox / lipid handling",-0.356881027792284,0.693880836050186,-0.24763290593496,0.24763290593496,"negative",85.7040618993493,FALSE,-1.97416685995739,0.121942028788205,-2.75018905096971
"Pinnipedia","Crown Pinnipedia","B410","B501","internal_clade","required","Pinniped axis","binary_aquatic_dependence","binary_aquatic_dependence","PDGFB",5,"aquatic_specific","Vascular / hematologic regulation",-0.348561123284862,0.149626013781231,-0.0521538114362222,0.0521538114362222,"negative",64.5936790796924,FALSE,-1.97416685995739,0.121942028788205,-2.75018905096971
"Pinnipedia","Crown Pinnipedia","B410","B501","internal_clade","required","Pinniped axis","binary_aquatic_dependence","binary_aquatic_dependence","PUSL1",6,"shared","Metabolism / redox / lipid handling",-0.314220898750119,-0.339218839070258,0.106589648485628,0.106589648485628,"positive",43.5412823945927,FALSE,-1.97416685995739,0.121942028788205,-2.75018905096971
"Pinnipedia","Crown Pinnipedia","B410","B501","internal_clade","required","Pinniped axis","binary_aquatic_dependence","binary_aquatic_dependence","SMCO3",7,"aquatic_specific","Unassigned / low-confidence",-0.307082295991399,0.612069633515172,-0.187955748366453,0.187955748366453,"negative",103.467272200289,FALSE,-1.97416685995739,0.121942028788205,-2.75018905096971
"Pinnipedia","Crown Pinnipedia","B410","B501","internal_clade","required","Pinniped axis","binary_aquatic_dependence","binary_aquatic_dependence","GGTLC1",8,"aquatic_specific","Metabolism / redox / lipid handling",-0.291163814888646,0.189821930759775,-0.0552692775095443,0.0552692775095443,"negative",72.484924123905,FALSE,-1.97416685995739,0.121942028788205,-2.75018905096971
"Pinnipedia","Crown Pinnipedia","B410","B501","internal_clade","required","Pinniped axis","binary_aquatic_dependence","binary_aquatic_dependence","C16orf91",9,"aquatic_specific","Unassigned / low-confidence",-0.262195862787636,0.751256861728057,-0.19697644103592,0.19697644103592,"negative",83.0733384611554,FALSE,-1.97416685995739,0.121942028788205,-2.75018905096971
"Pinnipedia","Crown Pinnipedia","B410","B501","internal_clade","required","Pinniped axis","binary_aquatic_dependence","binary_aquatic_dependence","HGFAC",10,"shared","Vascular / hematologic regulation",-0.251889764940469,-0.294584850857213,0.0742029088374467,0.0742029088374467,"positive",51.982446976561,FALSE,-1.97416685995739,0.121942028788205,-2.75018905096971
"Pinnipedia","Crown Pinnipedia","B410","B501","internal_clade","required","Pinniped axis","binary_aquatic_dependence","binary_aquatic_dependence","NLRP8",11,"aquatic_specific","Immune / inflammatory regulation",-0.249357601464042,-0.718723659517145,0.179219207852654,0.179219207852654,"positive",50.3791652219884,FALSE,-1.97416685995739,0.121942028788205,-2.75018905096971
"Pinnipedia","Crown Pinnipedia","B410","B501","internal_clade","required","Pinniped axis","binary_aquatic_dependence","binary_aquatic_dependence","FN3K",12,"shared","Metabolism / redox / lipid handling",-0.244837253974046,0.333052957377163,-0.0815437715121595,0.0815437715121595,"negative",61.678620897325,FALSE,-1.97416685995739,0.121942028788205,-2.75018905096971
"Pinnipedia","Crown Pinnipedia","B410","B501","internal_clade","required","Pinniped axis","binary_aquatic_dependence","binary_aquatic_dependence","NUBP2",13,"shared","Metabolism / redox / lipid handling",-0.239999172123246,-0.785314891338837,0.188474923777378,0.188474923777378,"positive",26.8199183757362,FALSE,-1.97416685995739,0.121942028788205,-2.75018905096971
"Pinnipedia","Crown Pinnipedia","B410","B501","internal_clade","required","Pinniped axis","binary_aquatic_dependence","binary_aquatic_dependence","ACADSB",14,"aquatic_specific","Metabolism / redox / lipid handling",-0.238865076823398,-0.260270767604476,0.0621695968987278,0.0621695968987278,"positive",47.8154000892939,FALSE,-1.97416685995739,0.121942028788205,-2.75018905096971
"Pinnipedia","Crown Pinnipedia","B410","B501","internal_clade","required","Pinniped axis","binary_aquatic_dependence","binary_aquatic_dependence","TTC28",15,"aquatic_specific","Developmental / transcriptional signaling regulators",-0.237914556985983,1.18412251609546,-0.281719983833979,0.281719983833979,"negative",88.9263245660508,FALSE,-1.97416685995739,0.121942028788205,-2.75018905096971
"Pinnipedia","Crown Pinnipedia","B410","B501","internal_clade","required","Pinniped axis","binary_aquatic_dependence","binary_aquatic_dependence","SLC6A15",16,"aquatic_specific","Transport / endocytic / epithelial solute handling",-0.23289351110375,0.302410013371221,-0.0704293298069556,0.0704293298069556,"negative",64.5471336409323,FALSE,-1.97416685995739,0.121942028788205,-2.75018905096971
"Pinnipedia","Crown Pinnipedia","B410","B501","internal_clade","required","Pinniped axis","binary_aquatic_dependence","binary_aquatic_dependence","CATSPERG",17,"aquatic_specific","Cilia / flagella / reproductive-cell function",-0.232264279338058,-0.618205951358536,0.143587159774789,0.143587159774789,"positive",32.7022923576879,FALSE,-1.97416685995739,0.121942028788205,-2.75018905096971
"Pinnipedia","Crown Pinnipedia","B410","B501","internal_clade","required","Pinniped axis","binary_aquatic_dependence","binary_aquatic_dependence","SYDE1",18,"shared","Cytoskeletal / muscle / ECM / adhesion",-0.232023025562006,0.253076776882225,-0.0587196394716946,0.0587196394716946,"negative",63.4375275176573,FALSE,-1.97416685995739,0.121942028788205,-2.75018905096971
"Pinnipedia","Crown Pinnipedia","B410","B501","internal_clade","required","Pinniped axis","binary_aquatic_dependence","binary_aquatic_dependence","SLC5A5",19,"aquatic_specific","Transport / endocytic / epithelial solute handling",-0.231105741131879,-0.427965138494194,0.098905200510308,0.098905200510308,"positive",41.6334334247648,FALSE,-1.97416685995739,0.121942028788205,-2.75018905096971
"Pinnipedia","Crown Pinnipedia","B410","B501","internal_clade","required","Pinniped axis","binary_aquatic_dependence","binary_aquatic_dependence","SIGIRR",20,"aquatic_specific","Immune / inflammatory regulation",-0.210302505536658,-0.102802898430488,0.0216197071163621,0.0216197071163621,"positive",57.6802393449038,FALSE,-1.97416685995739,0.121942028788205,-2.75018905096971
"Pinnipedia","Crown Pinnipedia","B410","B501","internal_clade","required","Pinniped axis","binary_aquatic_dependence","binary_aquatic_dependence","KEAP1",21,"aquatic_specific","Developmental / transcriptional signaling regulators",-0.19883739251004,1.46780926495515,-0.29185536694576,0.29185536694576,"negative",94.9596698672641,FALSE,-1.97416685995739,0.121942028788205,-2.75018905096971
"Pinnipedia","Crown Pinnipedia","B410","B501","internal_clade","required","Pinniped axis","binary_aquatic_dependence","binary_aquatic_dependence","SYNPO2",22,"aquatic_specific","Cytoskeletal / muscle / ECM / adhesion",-0.164171125185038,0.768054568138752,-0.126092382654847,0.126092382654847,"negative",81.092402512294,FALSE,-1.97416685995739,0.121942028788205,-2.75018905096971
"Pinnipedia","Crown Pinnipedia","B410","B501","internal_clade","required","Pinniped axis","binary_aquatic_dependence","binary_aquatic_dependence","PI4KA",23,"aquatic_specific","Ion channels / mechanosensation / membrane signaling",-0.161213914772254,-0.534646697099358,0.0861924870594431,0.0861924870594431,"positive",43.8382796128319,FALSE,-1.97416685995739,0.121942028788205,-2.75018905096971
"Pinnipedia","Crown Pinnipedia","B410","B501","internal_clade","required","Pinniped axis","binary_aquatic_dependence","binary_aquatic_dependence","H1_8",24,"aquatic_specific","DNA repair / chromatin / cell-cycle",-0.160268979059258,-0.0931670382608639,0.0149317861040435,0.0149317861040435,"positive",52.4819448391355,FALSE,-1.97416685995739,0.121942028788205,-2.75018905096971
"Pinnipedia","Crown Pinnipedia","B410","B501","internal_clade","required","Pinniped axis","binary_aquatic_dependence","binary_aquatic_dependence","CATSPERZ",25,"shared","Cilia / flagella / reproductive-cell function",-0.154029925159516,-0.412262660782458,0.0635007867863849,0.0635007867863849,"positive",29.5461987504038,FALSE,-1.97416685995739,0.121942028788205,-2.75018905096971
"Pinnipedia","Crown Pinnipedia","B410","B501","internal_clade","required","Pinniped axis","binary_aquatic_dependence","binary_aquatic_dependence","TIGD7",26,"aquatic_specific","Developmental / transcriptional signaling regulators",-0.153350666144971,-0.153299985718396,0.0235086549299306,0.0235086549299306,"positive",95.7216502808545,FALSE,-1.97416685995739,0.121942028788205,-2.75018905096971
"Pinnipedia","Crown Pinnipedia","B410","B501","internal_clade","required","Pinniped axis","binary_aquatic_dependence","binary_aquatic_dependence","CLASP2",27,"aquatic_specific","Cytoskeletal / muscle / ECM / adhesion",-0.153215743294715,0.0472651083967807,-0.00724175871491806,0.00724175871491806,"negative",57.5095101679325,FALSE,-1.97416685995739,0.121942028788205,-2.75018905096971
"Pinnipedia","Crown Pinnipedia","B410","B501","internal_clade","required","Pinniped axis","binary_aquatic_dependence","binary_aquatic_dependence","FAM20B",28,"aquatic_specific","Developmental / transcriptional signaling regulators",-0.149046125022571,-0.157685709652454,0.0235024439951325,0.0235024439951325,"positive",50.136513734263,FALSE,-1.97416685995739,0.121942028788205,-2.75018905096971
"Pinnipedia","Crown Pinnipedia","B410","B501","internal_clade","required","Pinniped axis","binary_aquatic_dependence","binary_aquatic_dependence","EHHADH",29,"aquatic_specific","Metabolism / redox / lipid handling",-0.134704680594371,0.214076786739662,-0.0288371451804355,0.0288371451804355,"negative",69.3504953343142,FALSE,-1.97416685995739,0.121942028788205,-2.75018905096971
"Pinnipedia","Crown Pinnipedia","B410","B501","internal_clade","required","Pinniped axis","binary_aquatic_dependence","binary_aquatic_dependence","XCR1",30,"aquatic_specific","Immune / inflammatory regulation",-0.128894917212046,0.302173241966398,-0.0389485950069545,0.0389485950069545,"negative",61.5787140933549,FALSE,-1.97416685995739,0.121942028788205,-2.75018905096971
"Pinnipedia","Crown Pinnipedia","B410","B501","internal_clade","required","Pinniped axis","binary_aquatic_dependence","binary_aquatic_dependence","CLTCL1",31,"aquatic_specific","Membrane trafficking / ER / vesicle processing",-0.122013377075862,-0.661069479073666,0.0806593196235592,0.0806593196235592,"positive",46.8566603267147,FALSE,-1.97416685995739,0.121942028788205,-2.75018905096971
"Pinnipedia","Crown Pinnipedia","B410","B501","internal_clade","required","Pinniped axis","binary_aquatic_dependence","binary_aquatic_dependence","SLC6A6",32,"aquatic_specific","Transport / endocytic / epithelial solute handling",-0.121595276910313,-0.784218952515165,0.0953573206893972,0.0953573206893972,"positive",11.6880240811461,FALSE,-1.97416685995739,0.121942028788205,-2.75018905096971
"Pinnipedia","Crown Pinnipedia","B410","B501","internal_clade","required","Pinniped axis","binary_aquatic_dependence","binary_aquatic_dependence","ACOX3",33,"aquatic_specific","Metabolism / redox / lipid handling",-0.118129521585615,-0.304384706735472,0.0359568197846391,0.0359568197846391,"positive",50.6793947277405,FALSE,-1.97416685995739,0.121942028788205,-2.75018905096971
"Pinnipedia","Crown Pinnipedia","B410","B501","internal_clade","required","Pinniped axis","binary_aquatic_dependence","binary_aquatic_dependence","CORO2A",34,"aquatic_specific","Cytoskeletal / muscle / ECM / adhesion",-0.110434776748237,-0.18569017011785,0.020506652481307,0.020506652481307,"positive",49.7636527348525,FALSE,-1.97416685995739,0.121942028788205,-2.75018905096971
"Pinnipedia","Crown Pinnipedia","B410","B501","internal_clade","required","Pinniped axis","binary_aquatic_dependence","binary_aquatic_dependence","SEPTIN5",35,"aquatic_specific","Cytoskeletal / muscle / ECM / adhesion",-0.106389612271777,-0.363620757076823,0.0386854713593733,0.0386854713593733,"positive",39.758877278331,FALSE,-1.97416685995739,0.121942028788205,-2.75018905096971
"Pinnipedia","Crown Pinnipedia","B410","B501","internal_clade","required","Pinniped axis","binary_aquatic_dependence","binary_aquatic_dependence","MEFV",36,"aquatic_specific","Immune / inflammatory regulation",-0.106234859098565,-0.200066314487688,0.0212540167299688,0.0212540167299688,"positive",54.3784092733574,FALSE,-1.97416685995739,0.121942028788205,-2.75018905096971
"Pinnipedia","Crown Pinnipedia","B410","B501","internal_clade","required","Pinniped axis","binary_aquatic_dependence","binary_aquatic_dependence","C1orf112",37,"aquatic_specific","DNA repair / chromatin / cell-cycle",-0.10365191227098,-0.143446832765661,0.0148685385253763,0.0148685385253763,"positive",51.5534632084623,FALSE,-1.97416685995739,0.121942028788205,-2.75018905096971
"Pinnipedia","Crown Pinnipedia","B410","B501","internal_clade","required","Pinniped axis","binary_aquatic_dependence","binary_aquatic_dependence","HPRT1",38,"aquatic_specific","Metabolism / redox / lipid handling",-0.099597493197772,0.705403479795686,-0.0702564182806355,0.0702564182806355,"negative",94.6946311353612,FALSE,-1.97416685995739,0.121942028788205,-2.75018905096971
"Pinnipedia","Crown Pinnipedia","B410","B501","internal_clade","required","Pinniped axis","binary_aquatic_dependence","binary_aquatic_dependence","CD34",39,"shared","Vascular / hematologic regulation",-0.0959044894988044,-0.430617848240762,0.041298184904604,0.041298184904604,"positive",39.2213008180703,FALSE,-1.97416685995739,0.121942028788205,-2.75018905096971
"Pinnipedia","Crown Pinnipedia","B410","B501","internal_clade","required","Pinniped axis","binary_aquatic_dependence","binary_aquatic_dependence","CASTOR1",40,"aquatic_specific","Endocrine / circadian / systemic regulation",-0.0825057476543748,-0.316220470386901,0.0260900063328894,0.0260900063328894,"positive",41.2390895357592,FALSE,-1.97416685995739,0.121942028788205,-2.75018905096971
"Pinnipedia","Crown Pinnipedia","B410","B501","internal_clade","required","Pinniped axis","binary_aquatic_dependence","binary_aquatic_dependence","RAC3",41,"aquatic_specific","Developmental / transcriptional signaling regulators",-0.0814970345799135,1.53344804395637,-0.124971468264813,0.124971468264813,"negative",129.279262263213,FALSE,-1.97416685995739,0.121942028788205,-2.75018905096971
"Pinnipedia","Crown Pinnipedia","B410","B501","internal_clade","required","Pinniped axis","binary_aquatic_dependence","binary_aquatic_dependence","URI1",42,"aquatic_specific","Developmental / transcriptional signaling regulators",-0.078475489653661,0.65959635058623,-0.0517621465860223,0.0517621465860223,"negative",81.6287599618276,FALSE,-1.97416685995739,0.121942028788205,-2.75018905096971
"Pinnipedia","Crown Pinnipedia","B410","B501","internal_clade","required","Pinniped axis","binary_aquatic_dependence","binary_aquatic_dependence","SPINT4",43,"aquatic_specific","Epithelial / body-surface interface",-0.0769933368325998,-0.305460714881815,0.0235184397100223,0.0235184397100223,"positive",29.840423270326,FALSE,-1.97416685995739,0.121942028788205,-2.75018905096971
"Pinnipedia","Crown Pinnipedia","B410","B501","internal_clade","required","Pinniped axis","binary_aquatic_dependence","binary_aquatic_dependence","GGTLC3",44,"aquatic_specific","Metabolism / redox / lipid handling",-0.0726998898105257,0.0598457780981035,-0.0043507814733573,0.0043507814733573,"negative",59.8924787357538,FALSE,-1.97416685995739,0.121942028788205,-2.75018905096971
"Pinnipedia","Crown Pinnipedia","B410","B501","internal_clade","required","Pinniped axis","binary_aquatic_dependence","binary_aquatic_dependence","KMO",45,"aquatic_specific","Metabolism / redox / lipid handling",-0.0725495886342883,0.857151709215907,-0.0621860039007912,0.0621860039007912,"negative",86.3242061058478,FALSE,-1.97416685995739,0.121942028788205,-2.75018905096971
"Pinnipedia","Crown Pinnipedia","B410","B501","internal_clade","required","Pinniped axis","binary_aquatic_dependence","binary_aquatic_dependence","PDK1",46,"aquatic_specific","Metabolism / redox / lipid handling",-0.0696000509826744,0.455799947443859,-0.0317236995799929,0.0317236995799929,"negative",68.7872743082037,FALSE,-1.97416685995739,0.121942028788205,-2.75018905096971
"Pinnipedia","Crown Pinnipedia","B410","B501","internal_clade","required","Pinniped axis","binary_aquatic_dependence","binary_aquatic_dependence","EPOR",47,"shared","Vascular / hematologic regulation",-0.0639836237556098,-0.733484302511183,0.0469309836425214,0.0469309836425214,"positive",31.1801123134563,FALSE,-1.97416685995739,0.121942028788205,-2.75018905096971
"Pinnipedia","Crown Pinnipedia","B410","B501","internal_clade","required","Pinniped axis","binary_aquatic_dependence","binary_aquatic_dependence","AC092835",48,"aquatic_specific","Unassigned / low-confidence",-0.0481295116799046,-0.435494065921741,0.0209601167323096,0.0209601167323096,"positive",39.0365387657819,FALSE,-1.97416685995739,0.121942028788205,-2.75018905096971
"Pinnipedia","Crown Pinnipedia","B410","B501","internal_clade","required","Pinniped axis","binary_aquatic_dependence","binary_aquatic_dependence","CDHR4",49,"aquatic_specific","Epithelial / body-surface interface",-0.043359831407413,0.0759785096354538,-0.00329441536837978,0.00329441536837978,"negative",52.7236485931564,FALSE,-1.97416685995739,0.121942028788205,-2.75018905096971
"Pinnipedia","Crown Pinnipedia","B410","B501","internal_clade","required","Pinniped axis","binary_aquatic_dependence","binary_aquatic_dependence","PROB1",50,"aquatic_specific","Unassigned / low-confidence",-0.031368805999096,0.366808188294795,-0.0115063348974993,0.0115063348974993,"negative",64.3466621001123,FALSE,-1.97416685995739,0.121942028788205,-2.75018905096971
"Pinnipedia","Crown Pinnipedia","B410","B501","internal_clade","required","Pinniped axis","binary_aquatic_dependence","binary_aquatic_dependence","PPP1R3A",51,"aquatic_specific","Metabolism / redox / lipid handling",-0.0310971405758917,-0.943318064223937,0.0293344944509498,0.0293344944509498,"positive",34.6276285981249,FALSE,-1.97416685995739,0.121942028788205,-2.75018905096971
"Pinnipedia","Crown Pinnipedia","B410","B501","internal_clade","required","Pinniped axis","binary_aquatic_dependence","binary_aquatic_dependence","CDC14B",52,"aquatic_specific","DNA repair / chromatin / cell-cycle",-0.0297700481634882,-0.114596166932428,0.00341153340892951,0.00341153340892951,"positive",47.8659590177325,FALSE,-1.97416685995739,0.121942028788205,-2.75018905096971
"Pinnipedia","Crown Pinnipedia","B410","B501","internal_clade","required","Pinniped axis","binary_aquatic_dependence","binary_aquatic_dependence","SOX7",53,"shared","Developmental / transcriptional signaling regulators",-0.0288474092932838,-0.160952618640307,0.00464306606674274,0.00464306606674274,"positive",48.9950134437257,FALSE,-1.97416685995739,0.121942028788205,-2.75018905096971
"Pinnipedia","Crown Pinnipedia","B410","B501","internal_clade","required","Pinniped axis","binary_aquatic_dependence","binary_aquatic_dependence","MSN",54,"aquatic_specific","Cytoskeletal / muscle / ECM / adhesion",-0.0286086021473059,0.958851415384783,-0.0274313986611243,0.0274313986611243,"negative",89.2743958794636,FALSE,-1.97416685995739,0.121942028788205,-2.75018905096971
"Pinnipedia","Crown Pinnipedia","B410","B501","internal_clade","required","Pinniped axis","binary_aquatic_dependence","binary_aquatic_dependence","COMMD4",55,"aquatic_specific","DNA repair / chromatin / cell-cycle",-0.0187271239132032,-0.272736489898912,0.00510757004198901,0.00510757004198901,"positive",39.4300520603205,FALSE,-1.97416685995739,0.121942028788205,-2.75018905096971
"Pinnipedia","Crown Pinnipedia","B410","B501","internal_clade","required","Pinniped axis","binary_aquatic_dependence","binary_aquatic_dependence","NOXO1",56,"aquatic_specific","Ion channels / mechanosensation / membrane signaling",-0.0179148306739576,0.555449396666397,-0.00995078188923038,0.00995078188923038,"negative",80.0719533796646,FALSE,-1.97416685995739,0.121942028788205,-2.75018905096971
"Pinnipedia","Crown Pinnipedia","B410","B501","internal_clade","required","Pinniped axis","binary_aquatic_dependence","binary_aquatic_dependence","CCDC174",57,"aquatic_specific","RNA processing / translation / protein homeostasis",-0.0162180345629962,-0.407176550966969,0.00660360337682387,0.00660360337682387,"positive",42.5242471923954,FALSE,-1.97416685995739,0.121942028788205,-2.75018905096971
"Pinnipedia","Crown Pinnipedia","B410","B501","internal_clade","required","Pinniped axis","binary_aquatic_dependence","binary_aquatic_dependence","FLYWCH1",58,"aquatic_specific","Developmental / transcriptional signaling regulators",-0.0104987023982283,0.0844140150605259,-0.000886237622360022,0.000886237622360022,"negative",62.8382027180859,FALSE,-1.97416685995739,0.121942028788205,-2.75018905096971
"Pinnipedia","Crown Pinnipedia","B410","B501","internal_clade","required","Pinniped axis","binary_aquatic_dependence","binary_aquatic_dependence","RHCG",59,"aquatic_specific","Transport / endocytic / epithelial solute handling",-0.0101117732108071,0.0950643514854966,-0.000961269162653799,0.000961269162653799,"negative",55.7663036650559,FALSE,-1.97416685995739,0.121942028788205,-2.75018905096971
"Pinnipedia","Crown Pinnipedia","B410","B501","internal_clade","required","Pinniped axis","binary_aquatic_dependence","binary_aquatic_dependence","IP6K1",60,"aquatic_specific","Ion channels / mechanosensation / membrane signaling",-0.00832534794040649,0.334677627879033,-0.00278630769996284,0.00278630769996284,"negative",70.9891906028546,FALSE,-1.97416685995739,0.121942028788205,-2.75018905096971
"Pinnipedia","Crown Pinnipedia","B410","B501","internal_clade","required","Pinniped axis","binary_aquatic_dependence","binary_aquatic_dependence","SORBS2",61,"aquatic_specific","Cytoskeletal / muscle / ECM / adhesion",-0.0080058731823396,-0.436755354012921,0.00349660797593528,0.00349660797593528,"positive",43.4024447458158,FALSE,-1.97416685995739,0.121942028788205,-2.75018905096971
"Pinnipedia","Crown Pinnipedia","B410","B501","internal_clade","required","Pinniped axis","binary_aquatic_dependence","binary_aquatic_dependence","ASMTL",62,"shared","Endocrine / circadian / systemic regulation",-0.00682424512057102,-0.387487617988096,0.00264431048633696,0.00264431048633696,"positive",70.7569490391033,FALSE,-1.97416685995739,0.121942028788205,-2.75018905096971
"Pinnipedia","Crown Pinnipedia","B410","B501","internal_clade","required","Pinniped axis","binary_aquatic_dependence","binary_aquatic_dependence","TMPPE",63,"aquatic_specific","Metabolism / redox / lipid handling",-0.00232450558807123,1.23286485894572,-0.00286580125395597,0.00286580125395597,"negative",102.995926258556,FALSE,-1.97416685995739,0.121942028788205,-2.75018905096971
"Pinnipedia","Crown Pinnipedia","B410","B501","internal_clade","required","Pinniped axis","binary_aquatic_dependence","binary_aquatic_dependence","ITGA2B",64,"aquatic_specific","Vascular / hematologic regulation",-0.00129204970143602,-0.221534544501378,0.000286233642080771,0.000286233642080771,"positive",45.692447626154,FALSE,-1.97416685995739,0.121942028788205,-2.75018905096971
"Pinnipedia","Crown Pinnipedia","B410","B501","internal_clade","required","Pinniped axis","binary_aquatic_dependence","binary_aquatic_dependence","RHOA",65,"aquatic_specific","Cytoskeletal / muscle / ECM / adhesion",-0.00113448879012524,-0.0377198700262016,4.27927697097069e-05,4.27927697097069e-05,"positive",49.5532400174266,FALSE,-1.97416685995739,0.121942028788205,-2.75018905096971
"Pinnipedia","Crown Pinnipedia","B410","B501","internal_clade","required","Pinniped axis","binary_aquatic_dependence","binary_aquatic_dependence","FP565260",66,"aquatic_specific","Unassigned / low-confidence",1.70815408075916e-05,-0.0152435447107809,-2.6038323102955e-07,2.6038323102955e-07,"negative",65.5046429854294,FALSE,-1.97416685995739,0.121942028788205,-2.75018905096971
"Pinnipedia","Crown Pinnipedia","B410","B501","internal_clade","required","Pinniped axis","binary_aquatic_dependence","binary_aquatic_dependence","LRIF1",67,"aquatic_specific","DNA repair / chromatin / cell-cycle",0.00997540842690748,-0.598612325749248,-0.00597140243872974,0.00597140243872974,"negative",24.6959323090982,FALSE,-1.97416685995739,0.121942028788205,-2.75018905096971
"Pinnipedia","Crown Pinnipedia","B410","B501","internal_clade","required","Pinniped axis","binary_aquatic_dependence","binary_aquatic_dependence","BAMBI",68,"aquatic_specific","Developmental / transcriptional signaling regulators",0.0120734458485713,1.47010340835366,0.0177492138925581,0.0177492138925581,"positive",144.818842597229,FALSE,-1.97416685995739,0.121942028788205,-2.75018905096971
"Pinnipedia","Crown Pinnipedia","B410","B501","internal_clade","required","Pinniped axis","binary_aquatic_dependence","binary_aquatic_dependence","LLGL1",69,"aquatic_specific","Membrane trafficking / ER / vesicle processing",0.0221096407434654,0.643931252270973,0.014237088651201,0.014237088651201,"positive",80.2253302428358,FALSE,-1.97416685995739,0.121942028788205,-2.75018905096971
"Pinnipedia","Crown Pinnipedia","B410","B501","internal_clade","required","Pinniped axis","binary_aquatic_dependence","binary_aquatic_dependence","COL20A1",70,"shared","Cytoskeletal / muscle / ECM / adhesion",0.0288024871662898,0.405823957839895,0.0116887393374565,0.0116887393374565,"positive",84.870901130792,FALSE,-1.97416685995739,0.121942028788205,-2.75018905096971
"Pinnipedia","Crown Pinnipedia","B410","B501","internal_clade","required","Pinniped axis","binary_aquatic_dependence","binary_aquatic_dependence","TGM1",71,"shared","Epithelial / body-surface interface",0.0320265937643637,0.0324005480460008,0.00103767919001201,0.00103767919001201,"positive",64.8013235510888,FALSE,-1.97416685995739,0.121942028788205,-2.75018905096971
"Pinnipedia","Crown Pinnipedia","B410","B501","internal_clade","required","Pinniped axis","binary_aquatic_dependence","binary_aquatic_dependence","PDE6C",72,"aquatic_specific","Sensory systems",0.0369091575908715,-0.225712856210657,-0.00833087138016486,0.00833087138016486,"negative",54.333373273627,FALSE,-1.97416685995739,0.121942028788205,-2.75018905096971
"Pinnipedia","Crown Pinnipedia","B410","B501","internal_clade","required","Pinniped axis","binary_aquatic_dependence","binary_aquatic_dependence","TOGARAM2",73,"shared","Cilia / flagella / reproductive-cell function",0.03936598299555,-0.164954284003874,-0.00649358753913962,0.00649358753913962,"negative",67.8831008148482,FALSE,-1.97416685995739,0.121942028788205,-2.75018905096971
"Pinnipedia","Crown Pinnipedia","B410","B501","internal_clade","required","Pinniped axis","binary_aquatic_dependence","binary_aquatic_dependence","CSMD1",74,"aquatic_specific","Immune / inflammatory regulation",0.0435717554769353,0.422104009422494,0.0183918126843909,0.0183918126843909,"positive",69.8005831109829,FALSE,-1.97416685995739,0.121942028788205,-2.75018905096971
"Pinnipedia","Crown Pinnipedia","B410","B501","internal_clade","required","Pinniped axis","binary_aquatic_dependence","binary_aquatic_dependence","KRTDAP",75,"shared","Epithelial / body-surface interface",0.0447305719374455,0.0173753107600989,0.000777207587890073,0.000777207587890073,"positive",71.9609918733982,FALSE,-1.97416685995739,0.121942028788205,-2.75018905096971
"Pinnipedia","Crown Pinnipedia","B410","B501","internal_clade","required","Pinniped axis","binary_aquatic_dependence","binary_aquatic_dependence","CNGA4",76,"aquatic_specific","Sensory systems",0.0586555487526509,0.667202953749516,0.0391351553815674,0.0391351553815674,"positive",87.5689359822244,FALSE,-1.97416685995739,0.121942028788205,-2.75018905096971
"Pinnipedia","Crown Pinnipedia","B410","B501","internal_clade","required","Pinniped axis","binary_aquatic_dependence","binary_aquatic_dependence","ARSA",77,"aquatic_specific","Metabolism / redox / lipid handling",0.0862370240736283,-0.353969822772807,-0.0305253041277965,0.0305253041277965,"negative",39.204713524886,FALSE,-1.97416685995739,0.121942028788205,-2.75018905096971
"Pinnipedia","Crown Pinnipedia","B410","B501","internal_clade","required","Pinniped axis","binary_aquatic_dependence","binary_aquatic_dependence","DEUP1",78,"aquatic_specific","Cilia / flagella / reproductive-cell function",0.0985919084118505,-0.565912250896869,-0.0557943688095683,0.0557943688095683,"negative",42.7929177541575,FALSE,-1.97416685995739,0.121942028788205,-2.75018905096971
"Pinnipedia","Crown Pinnipedia","B410","B501","internal_clade","required","Pinniped axis","binary_aquatic_dependence","binary_aquatic_dependence","PIEZO1",79,"aquatic_specific","Ion channels / mechanosensation / membrane signaling",0.100220575454654,0.630425233542537,0.0631815796867674,0.0631815796867674,"positive",88.5979849735678,FALSE,-1.97416685995739,0.121942028788205,-2.75018905096971
"Pinnipedia","Crown Pinnipedia","B410","B501","internal_clade","required","Pinniped axis","binary_aquatic_dependence","binary_aquatic_dependence","DBNL",80,"shared","Cytoskeletal / muscle / ECM / adhesion",0.116035395287358,0.756815250697209,0.0878173567741513,0.0878173567741513,"positive",101.576049621631,FALSE,-1.97416685995739,0.121942028788205,-2.75018905096971
"Pinnipedia","Crown Pinnipedia","B410","B501","internal_clade","required","Pinniped axis","binary_aquatic_dependence","binary_aquatic_dependence","OR6B1",81,"shared","Sensory systems",0.1211331117984,-0.31416162012105,-0.0380553746528898,0.0380553746528898,"negative",60.7662645883505,FALSE,-1.97416685995739,0.121942028788205,-2.75018905096971
"Pinnipedia","Crown Pinnipedia","B410","B501","internal_clade","required","Pinniped axis","binary_aquatic_dependence","binary_aquatic_dependence","ABHD8",82,"aquatic_specific","Metabolism / redox / lipid handling",0.123391794658719,-0.588264906799568,-0.0725870625847428,0.0725870625847428,"negative",32.1409136606053,FALSE,-1.97416685995739,0.121942028788205,-2.75018905096971
"Pinnipedia","Crown Pinnipedia","B410","B501","internal_clade","required","Pinniped axis","binary_aquatic_dependence","binary_aquatic_dependence","FZD5",83,"aquatic_specific","Developmental / transcriptional signaling regulators",0.130676120517993,0.472979189652834,0.0618070855895766,0.0618070855895766,"positive",70.7407970166234,FALSE,-1.97416685995739,0.121942028788205,-2.75018905096971
"Pinnipedia","Crown Pinnipedia","B410","B501","internal_clade","required","Pinniped axis","binary_aquatic_dependence","binary_aquatic_dependence","PNPLA7",84,"shared","Metabolism / redox / lipid handling",0.137885581276299,-0.0255003900388883,-0.00351613610328446,0.00351613610328446,"negative",62.7548091640452,FALSE,-1.97416685995739,0.121942028788205,-2.75018905096971
"Pinnipedia","Crown Pinnipedia","B410","B501","internal_clade","required","Pinniped axis","binary_aquatic_dependence","binary_aquatic_dependence","SPEF2",85,"aquatic_specific","Cilia / flagella / reproductive-cell function",0.174059525751515,0.0402881338659824,0.00701253347412646,0.00701253347412646,"positive",62.0552696860489,FALSE,-1.97416685995739,0.121942028788205,-2.75018905096971
"Pinnipedia","Crown Pinnipedia","B410","B501","internal_clade","required","Pinniped axis","binary_aquatic_dependence","binary_aquatic_dependence","GCKR",86,"aquatic_specific","Endocrine / circadian / systemic regulation",0.176184373124808,-0.812463791948978,-0.143143423871135,0.143143423871135,"negative",39.4726739872285,FALSE,-1.97416685995739,0.121942028788205,-2.75018905096971
"Pinnipedia","Crown Pinnipedia","B410","B501","internal_clade","required","Pinniped axis","binary_aquatic_dependence","binary_aquatic_dependence","SEC61A2",87,"aquatic_specific","Membrane trafficking / ER / vesicle processing",0.176583875943885,-0.427059531510355,-0.0754118273328781,0.0754118273328781,"negative",34.4140619586918,FALSE,-1.97416685995739,0.121942028788205,-2.75018905096971
"Pinnipedia","Crown Pinnipedia","B410","B501","internal_clade","required","Pinniped axis","binary_aquatic_dependence","binary_aquatic_dependence","OR52W1",88,"shared","Sensory systems",0.190684677268266,0.556759001937134,0.106165410600584,0.106165410600584,"positive",95.160441209228,FALSE,-1.97416685995739,0.121942028788205,-2.75018905096971
"Pinnipedia","Crown Pinnipedia","B410","B501","internal_clade","required","Pinniped axis","binary_aquatic_dependence","binary_aquatic_dependence","PRSS53",89,"aquatic_specific","Epithelial / body-surface interface",0.194083977905306,-0.379604460443188,-0.0736751437134112,0.0736751437134112,"negative",51.8733939993902,FALSE,-1.97416685995739,0.121942028788205,-2.75018905096971
"Pinnipedia","Crown Pinnipedia","B410","B501","internal_clade","required","Pinniped axis","binary_aquatic_dependence","binary_aquatic_dependence","KCNK18",90,"shared","Ion channels / mechanosensation / membrane signaling",0.217561248206336,-0.346843745164643,-0.0754597581305802,0.0754597581305802,"negative",49.7823536213896,FALSE,-1.97416685995739,0.121942028788205,-2.75018905096971
"Pinnipedia","Crown Pinnipedia","B410","B501","internal_clade","required","Pinniped axis","binary_aquatic_dependence","binary_aquatic_dependence","SDR9C7",91,"shared","Epithelial / body-surface interface",0.220181989308241,-0.455566489684902,-0.100307535960994,0.100307535960994,"negative",35.5418649596903,FALSE,-1.97416685995739,0.121942028788205,-2.75018905096971
"Pinnipedia","Crown Pinnipedia","B410","B501","internal_clade","required","Pinniped axis","binary_aquatic_dependence","binary_aquatic_dependence","OMP",92,"shared","Sensory systems",0.231144543648012,-0.311301656735728,-0.07195567938305,0.07195567938305,"negative",50.8885733470168,FALSE,-1.97416685995739,0.121942028788205,-2.75018905096971
"Pinnipedia","Crown Pinnipedia","B410","B501","internal_clade","required","Pinniped axis","binary_aquatic_dependence","binary_aquatic_dependence","SYTL5",93,"aquatic_specific","Membrane trafficking / ER / vesicle processing",0.265993756746688,0.450132920854497,0.119732546653447,0.119732546653447,"positive",79.3070309154727,FALSE,-1.97416685995739,0.121942028788205,-2.75018905096971
"Pinnipedia","Crown Pinnipedia","B410","B501","internal_clade","required","Pinniped axis","binary_aquatic_dependence","binary_aquatic_dependence","IL33",94,"shared","Immune / inflammatory regulation",0.340038935001018,-0.0432799509212506,-0.0147168684181584,0.0147168684181584,"negative",42.2641456320153,FALSE,-1.97416685995739,0.121942028788205,-2.75018905096971
"Pinnipedia","Crown Pinnipedia","B410","B501","internal_clade","required","Pinniped axis","binary_aquatic_dependence","binary_aquatic_dependence","KIF18A",95,"aquatic_specific","DNA repair / chromatin / cell-cycle",0.340198342633948,-0.529974464939578,-0.180296434610758,0.180296434610758,"negative",35.7604969571283,FALSE,-1.97416685995739,0.121942028788205,-2.75018905096971
"Pinnipedia","Crown Pinnipedia","B410","B501","internal_clade","required","Pinniped axis","binary_aquatic_dependence","binary_aquatic_dependence","FAM13A",96,"aquatic_specific","Developmental / transcriptional signaling regulators",0.348973910716795,0.595619627303456,0.207855710639767,0.207855710639767,"positive",72.1873577417763,FALSE,-1.97416685995739,0.121942028788205,-2.75018905096971
"Pinnipedia","Crown Pinnipedia","B410","B501","internal_clade","required","Pinniped axis","binary_aquatic_dependence","binary_aquatic_dependence","NWD1",97,"aquatic_specific","Developmental / transcriptional signaling regulators",0.404558879261438,-0.351706727452182,-0.142286079486763,0.142286079486763,"negative",60.8872478469503,FALSE,-1.97416685995739,0.121942028788205,-2.75018905096971
"Pinnipedia","Crown Pinnipedia","B410","B501","internal_clade","required","Pinniped axis","binary_aquatic_dependence","binary_aquatic_dependence","LRP2",98,"aquatic_specific","Transport / endocytic / epithelial solute handling",0.471378525654808,-0.148974983291573,-0.0702236079834316,0.0702236079834316,"negative",47.4404819780703,FALSE,-1.97416685995739,0.121942028788205,-2.75018905096971
"Pinnipedia","Crown Pinnipedia","B410","B501","internal_clade","required","Pinniped axis","binary_aquatic_dependence","binary_aquatic_dependence","CACNA1G",99,"aquatic_specific","Ion channels / mechanosensation / membrane signaling",0.593854706123962,0.856493163342732,0.508632495814081,0.508632495814081,"positive",85.4129494719011,FALSE,-1.97416685995739,0.121942028788205,-2.75018905096971
"Pinnipedia","Crown Pinnipedia","B410","B501","internal_clade","required","Pinniped axis","binary_aquatic_dependence","binary_aquatic_dependence","PER1",100,"aquatic_specific","Endocrine / circadian / systemic regulation",0.784004329488712,1.14686079145267,0.899143825819746,0.899143825819746,"positive",99.3129973148897,FALSE,-1.97416685995739,0.121942028788205,-2.75018905096971
"Pinnipedia","Crown Pinnipedia","B410","B501","internal_clade","required","Pinniped axis","binary_aquatic_dependence","binary_aquatic_dependence","TGM3",101,"shared","Epithelial / body-surface interface",1.04080869919882,-0.167536635803494,-0.17437358797878,0.17437358797878,"negative",53.5185399665276,FALSE,-1.97416685995739,0.121942028788205,-2.75018905096971
"Phocidae","Phocidae","B409","B500","internal_clade","required","Pinniped axis","binary_aquatic_dependence","binary_aquatic_dependence","ATF7IP2",1,"aquatic_specific","DNA repair / chromatin / cell-cycle",-0.581769927151342,-0.617022950355934,0.358965396879278,0.358965396879278,"positive",41.0767067801821,FALSE,3.7199379829688,0.97633798916196,-2.75018905096971
"Phocidae","Phocidae","B409","B500","internal_clade","required","Pinniped axis","binary_aquatic_dependence","binary_aquatic_dependence","WDR93",2,"shared","Cilia / flagella / reproductive-cell function",-0.4793197990576,0.749362405539457,-0.359184237644493,0.359184237644493,"negative",70.5142449195574,FALSE,3.7199379829688,0.97633798916196,-2.75018905096971
"Phocidae","Phocidae","B409","B500","internal_clade","required","Pinniped axis","binary_aquatic_dependence","binary_aquatic_dependence","PMIS2",3,"aquatic_specific","Developmental / transcriptional signaling regulators",-0.39072525213697,-1.11454446072728,0.435480665435529,0.435480665435529,"positive",0,FALSE,3.7199379829688,0.97633798916196,-2.75018905096971
"Phocidae","Phocidae","B409","B500","internal_clade","required","Pinniped axis","binary_aquatic_dependence","binary_aquatic_dependence","PFKP",4,"aquatic_specific","Metabolism / redox / lipid handling",-0.356881027792284,0.00705015445697814,-0.00251606636870071,0.00251606636870071,"negative",59.8546455805575,FALSE,3.7199379829688,0.97633798916196,-2.75018905096971
"Phocidae","Phocidae","B409","B500","internal_clade","required","Pinniped axis","binary_aquatic_dependence","binary_aquatic_dependence","PDGFB",5,"aquatic_specific","Vascular / hematologic regulation",-0.348561123284862,-0.407199378731248,0.141933872851462,0.141933872851462,"positive",39.1755865301252,FALSE,3.7199379829688,0.97633798916196,-2.75018905096971
"Phocidae","Phocidae","B409","B500","internal_clade","required","Pinniped axis","binary_aquatic_dependence","binary_aquatic_dependence","PUSL1",6,"shared","Metabolism / redox / lipid handling",-0.314220898750119,0.607573626493142,-0.190912330973544,0.190912330973544,"negative",74.780683125107,FALSE,3.7199379829688,0.97633798916196,-2.75018905096971
"Phocidae","Phocidae","B409","B500","internal_clade","required","Pinniped axis","binary_aquatic_dependence","binary_aquatic_dependence","SMCO3",7,"aquatic_specific","Unassigned / low-confidence",-0.307082295991399,-0.0412827402343203,0.0126771986559716,0.0126771986559716,"positive",62.6227696390514,FALSE,3.7199379829688,0.97633798916196,-2.75018905096971
"Phocidae","Phocidae","B409","B500","internal_clade","required","Pinniped axis","binary_aquatic_dependence","binary_aquatic_dependence","GGTLC1",8,"aquatic_specific","Metabolism / redox / lipid handling",-0.291163814888646,-0.417589061001732,0.121586824057032,0.121586824057032,"positive",36.6168997781593,FALSE,3.7199379829688,0.97633798916196,-2.75018905096971
"Phocidae","Phocidae","B409","B500","internal_clade","required","Pinniped axis","binary_aquatic_dependence","binary_aquatic_dependence","C16orf91",9,"aquatic_specific","Unassigned / low-confidence",-0.262195862787636,1.43644720049197,-0.376630513081876,0.376630513081876,"negative",110.169341781932,FALSE,3.7199379829688,0.97633798916196,-2.75018905096971
"Phocidae","Phocidae","B409","B500","internal_clade","required","Pinniped axis","binary_aquatic_dependence","binary_aquatic_dependence","HGFAC",10,"shared","Vascular / hematologic regulation",-0.251889764940469,-0.108820458447392,0.0274107596990278,0.0274107596990278,"positive",60.1455126556755,FALSE,3.7199379829688,0.97633798916196,-2.75018905096971
"Phocidae","Phocidae","B409","B500","internal_clade","required","Pinniped axis","binary_aquatic_dependence","binary_aquatic_dependence","NLRP8",11,"aquatic_specific","Immune / inflammatory regulation",-0.249357601464042,-0.65182532411824,0.162537599395646,0.162537599395646,"positive",52.2012425425522,FALSE,3.7199379829688,0.97633798916196,-2.75018905096971
"Phocidae","Phocidae","B409","B500","internal_clade","required","Pinniped axis","binary_aquatic_dependence","binary_aquatic_dependence","FN3K",12,"shared","Metabolism / redox / lipid handling",-0.244837253974046,-1.48334480467037,0.363178068672161,0.363178068672161,"positive",0,FALSE,3.7199379829688,0.97633798916196,-2.75018905096971
"Phocidae","Phocidae","B409","B500","internal_clade","required","Pinniped axis","binary_aquatic_dependence","binary_aquatic_dependence","NUBP2",13,"shared","Metabolism / redox / lipid handling",-0.239999172123246,0.0537066371011406,-0.0128895484417974,0.0128895484417974,"negative",58.293809831874,FALSE,3.7199379829688,0.97633798916196,-2.75018905096971
"Phocidae","Phocidae","B409","B500","internal_clade","required","Pinniped axis","binary_aquatic_dependence","binary_aquatic_dependence","ACADSB",14,"aquatic_specific","Metabolism / redox / lipid handling",-0.238865076823398,2.32662040107206,-0.555748360840961,0.555748360840961,"negative",125.422892921454,FALSE,3.7199379829688,0.97633798916196,-2.75018905096971
"Phocidae","Phocidae","B409","B500","internal_clade","required","Pinniped axis","binary_aquatic_dependence","binary_aquatic_dependence","TTC28",15,"aquatic_specific","Developmental / transcriptional signaling regulators",-0.237914556985983,0.362475798560073,-0.0862382690325602,0.0862382690325602,"negative",66.8815704659197,FALSE,3.7199379829688,0.97633798916196,-2.75018905096971
"Phocidae","Phocidae","B409","B500","internal_clade","required","Pinniped axis","binary_aquatic_dependence","binary_aquatic_dependence","SLC6A15",16,"aquatic_specific","Transport / endocytic / epithelial solute handling",-0.23289351110375,0.0164160320858803,-0.00382318735087247,0.00382318735087247,"negative",55.589350744286,FALSE,3.7199379829688,0.97633798916196,-2.75018905096971
"Phocidae","Phocidae","B409","B500","internal_clade","required","Pinniped axis","binary_aquatic_dependence","binary_aquatic_dependence","CATSPERG",17,"aquatic_specific","Cilia / flagella / reproductive-cell function",-0.232264279338058,-0.939820704466036,0.21828677862979,0.21828677862979,"positive",25.1000716507122,FALSE,3.7199379829688,0.97633798916196,-2.75018905096971
"Phocidae","Phocidae","B409","B500","internal_clade","required","Pinniped axis","binary_aquatic_dependence","binary_aquatic_dependence","SYDE1",18,"shared","Cytoskeletal / muscle / ECM / adhesion",-0.232023025562006,-1.52642459265759,0.354165652280667,0.354165652280667,"positive",14.9388897132641,FALSE,3.7199379829688,0.97633798916196,-2.75018905096971
"Phocidae","Phocidae","B409","B500","internal_clade","required","Pinniped axis","binary_aquatic_dependence","binary_aquatic_dependence","SLC5A5",19,"aquatic_specific","Transport / endocytic / epithelial solute handling",-0.231105741131879,-0.204246081797868,0.0472024421071787,0.0472024421071787,"positive",48.4760249427267,FALSE,3.7199379829688,0.97633798916196,-2.75018905096971
"Phocidae","Phocidae","B409","B500","internal_clade","required","Pinniped axis","binary_aquatic_dependence","binary_aquatic_dependence","SIGIRR",20,"aquatic_specific","Immune / inflammatory regulation",-0.210302505536658,-0.50341220128086,0.105868847247089,0.105868847247089,"positive",27.8631589598417,FALSE,3.7199379829688,0.97633798916196,-2.75018905096971
"Phocidae","Phocidae","B409","B500","internal_clade","required","Pinniped axis","binary_aquatic_dependence","binary_aquatic_dependence","KEAP1",21,"aquatic_specific","Developmental / transcriptional signaling regulators",-0.19883739251004,0.607519138703774,-0.120797521439804,0.120797521439804,"negative",71.4579264775264,FALSE,3.7199379829688,0.97633798916196,-2.75018905096971
"Phocidae","Phocidae","B409","B500","internal_clade","required","Pinniped axis","binary_aquatic_dependence","binary_aquatic_dependence","SYNPO2",22,"aquatic_specific","Cytoskeletal / muscle / ECM / adhesion",-0.164171125185038,-0.402650017855796,0.0661035064871617,0.0661035064871617,"positive",40.3819481308048,FALSE,3.7199379829688,0.97633798916196,-2.75018905096971
"Phocidae","Phocidae","B409","B500","internal_clade","required","Pinniped axis","binary_aquatic_dependence","binary_aquatic_dependence","PI4KA",23,"aquatic_specific","Ion channels / mechanosensation / membrane signaling",-0.161213914772254,-0.255550244708259,0.0411982553704258,0.0411982553704258,"positive",52.6068419440011,FALSE,3.7199379829688,0.97633798916196,-2.75018905096971
"Phocidae","Phocidae","B409","B500","internal_clade","required","Pinniped axis","binary_aquatic_dependence","binary_aquatic_dependence","H1_8",24,"aquatic_specific","DNA repair / chromatin / cell-cycle",-0.160268979059258,-0.91282058666349,0.14629682348883,0.14629682348883,"positive",28.3772883868363,FALSE,3.7199379829688,0.97633798916196,-2.75018905096971
"Phocidae","Phocidae","B409","B500","internal_clade","required","Pinniped axis","binary_aquatic_dependence","binary_aquatic_dependence","CATSPERZ",25,"shared","Cilia / flagella / reproductive-cell function",-0.154029925159516,-0.154928440817201,0.023863616144154,0.023863616144154,"positive",38.9570669945049,FALSE,3.7199379829688,0.97633798916196,-2.75018905096971
"Phocidae","Phocidae","B409","B500","internal_clade","required","Pinniped axis","binary_aquatic_dependence","binary_aquatic_dependence","TIGD7",26,"aquatic_specific","Developmental / transcriptional signaling regulators",-0.153350666144971,-0.140800506235794,0.0215918514248082,0.0215918514248082,"positive",96.9337583512452,FALSE,3.7199379829688,0.97633798916196,-2.75018905096971
"Phocidae","Phocidae","B409","B500","internal_clade","required","Pinniped axis","binary_aquatic_dependence","binary_aquatic_dependence","CLASP2",27,"aquatic_specific","Cytoskeletal / muscle / ECM / adhesion",-0.153215743294715,-0.515149236389028,0.0789289731610501,0.0789289731610501,"positive",40.7237867405771,FALSE,3.7199379829688,0.97633798916196,-2.75018905096971
"Phocidae","Phocidae","B409","B500","internal_clade","required","Pinniped axis","binary_aquatic_dependence","binary_aquatic_dependence","FAM20B",28,"aquatic_specific","Developmental / transcriptional signaling regulators",-0.149046125022571,1.9798263101707,-0.295085439748677,0.295085439748677,"negative",144.03394172401,FALSE,3.7199379829688,0.97633798916196,-2.75018905096971
"Phocidae","Phocidae","B409","B500","internal_clade","required","Pinniped axis","binary_aquatic_dependence","binary_aquatic_dependence","EHHADH",29,"aquatic_specific","Metabolism / redox / lipid handling",-0.134704680594371,-0.731783615367786,0.098574678172312,0.098574678172312,"positive",28.7386060111523,FALSE,3.7199379829688,0.97633798916196,-2.75018905096971
"Phocidae","Phocidae","B409","B500","internal_clade","required","Pinniped axis","binary_aquatic_dependence","binary_aquatic_dependence","XCR1",30,"aquatic_specific","Immune / inflammatory regulation",-0.128894917212046,1.96923758201036,-0.253824715104076,0.253824715104076,"negative",117.912146134258,FALSE,3.7199379829688,0.97633798916196,-2.75018905096971
"Phocidae","Phocidae","B409","B500","internal_clade","required","Pinniped axis","binary_aquatic_dependence","binary_aquatic_dependence","CLTCL1",31,"aquatic_specific","Membrane trafficking / ER / vesicle processing",-0.122013377075862,-0.680738409644594,0.0830591922659887,0.0830591922659887,"positive",46.4226220835682,FALSE,3.7199379829688,0.97633798916196,-2.75018905096971
"Phocidae","Phocidae","B409","B500","internal_clade","required","Pinniped axis","binary_aquatic_dependence","binary_aquatic_dependence","SLC6A6",32,"aquatic_specific","Transport / endocytic / epithelial solute handling",-0.121595276910313,-0.0810618675690371,0.00985674023392419,0.00985674023392419,"positive",53.9549453704947,FALSE,3.7199379829688,0.97633798916196,-2.75018905096971
"Phocidae","Phocidae","B409","B500","internal_clade","required","Pinniped axis","binary_aquatic_dependence","binary_aquatic_dependence","ACOX3",33,"aquatic_specific","Metabolism / redox / lipid handling",-0.118129521585615,-0.492830445985281,0.0582178248070666,0.0582178248070666,"positive",46.2988610335339,FALSE,3.7199379829688,0.97633798916196,-2.75018905096971
"Phocidae","Phocidae","B409","B500","internal_clade","required","Pinniped axis","binary_aquatic_dependence","binary_aquatic_dependence","CORO2A",34,"aquatic_specific","Cytoskeletal / muscle / ECM / adhesion",-0.110434776748237,0.825138263639708,-0.0911239599314794,0.0911239599314794,"negative",83.7250601438878,FALSE,3.7199379829688,0.97633798916196,-2.75018905096971
"Phocidae","Phocidae","B409","B500","internal_clade","required","Pinniped axis","binary_aquatic_dependence","binary_aquatic_dependence","SEPTIN5",35,"aquatic_specific","Cytoskeletal / muscle / ECM / adhesion",-0.106389612271777,-0.233829600130964,0.024877040495598,0.024877040495598,"positive",45.9760246512286,FALSE,3.7199379829688,0.97633798916196,-2.75018905096971
"Phocidae","Phocidae","B409","B500","internal_clade","required","Pinniped axis","binary_aquatic_dependence","binary_aquatic_dependence","MEFV",36,"aquatic_specific","Immune / inflammatory regulation",-0.106234859098565,0.349036488314767,-0.0370798421563773,0.0370798421563773,"negative",72.8334764464501,FALSE,3.7199379829688,0.97633798916196,-2.75018905096971
"Phocidae","Phocidae","B409","B500","internal_clade","required","Pinniped axis","binary_aquatic_dependence","binary_aquatic_dependence","C1orf112",37,"aquatic_specific","DNA repair / chromatin / cell-cycle",-0.10365191227098,-0.583328165792283,0.0604630798658937,0.0604630798658937,"positive",39.7415879310115,FALSE,3.7199379829688,0.97633798916196,-2.75018905096971
"Phocidae","Phocidae","B409","B500","internal_clade","required","Pinniped axis","binary_aquatic_dependence","binary_aquatic_dependence","HPRT1",38,"aquatic_specific","Metabolism / redox / lipid handling",-0.099597493197772,-0.87763128091248,0.0874098755308328,0.0874098755308328,"positive",0,FALSE,3.7199379829688,0.97633798916196,-2.75018905096971
"Phocidae","Phocidae","B409","B500","internal_clade","required","Pinniped axis","binary_aquatic_dependence","binary_aquatic_dependence","CD34",39,"shared","Vascular / hematologic regulation",-0.0959044894988044,0.485354187461661,-0.0465476455746176,0.0465476455746176,"negative",70.1030991089878,FALSE,3.7199379829688,0.97633798916196,-2.75018905096971
"Phocidae","Phocidae","B409","B500","internal_clade","required","Pinniped axis","binary_aquatic_dependence","binary_aquatic_dependence","CASTOR1",40,"aquatic_specific","Endocrine / circadian / systemic regulation",-0.0825057476543748,0.823682635930794,-0.0679585517073964,0.0679585517073964,"negative",92.563024705692,FALSE,3.7199379829688,0.97633798916196,-2.75018905096971
"Phocidae","Phocidae","B409","B500","internal_clade","required","Pinniped axis","binary_aquatic_dependence","binary_aquatic_dependence","RAC3",41,"aquatic_specific","Developmental / transcriptional signaling regulators",-0.0814970345799135,-1.04721769203214,0.0853451364602407,0.0853451364602407,"positive",0,FALSE,3.7199379829688,0.97633798916196,-2.75018905096971
"Phocidae","Phocidae","B409","B500","internal_clade","required","Pinniped axis","binary_aquatic_dependence","binary_aquatic_dependence","URI1",42,"aquatic_specific","Developmental / transcriptional signaling regulators",-0.078475489653661,0.076181282062921,-0.00597836341233139,0.00597836341233139,"negative",57.5700012920584,FALSE,3.7199379829688,0.97633798916196,-2.75018905096971
"Phocidae","Phocidae","B409","B500","internal_clade","required","Pinniped axis","binary_aquatic_dependence","binary_aquatic_dependence","SPINT4",43,"aquatic_specific","Epithelial / body-surface interface",-0.0769933368325998,-0.636231693902143,0.0489856011121832,0.0489856011121832,"positive",18.1832719038907,FALSE,3.7199379829688,0.97633798916196,-2.75018905096971
"Phocidae","Phocidae","B409","B500","internal_clade","required","Pinniped axis","binary_aquatic_dependence","binary_aquatic_dependence","GGTLC3",44,"aquatic_specific","Metabolism / redox / lipid handling",-0.0726998898105257,-0.400496362401653,0.0291160414161165,0.0291160414161165,"positive",29.438191487222,FALSE,3.7199379829688,0.97633798916196,-2.75018905096971
"Phocidae","Phocidae","B409","B500","internal_clade","required","Pinniped axis","binary_aquatic_dependence","binary_aquatic_dependence","KMO",45,"aquatic_specific","Metabolism / redox / lipid handling",-0.0725495886342883,-0.0466029211278026,0.00338102275697826,0.00338102275697826,"positive",53.6517050395273,FALSE,3.7199379829688,0.97633798916196,-2.75018905096971
"Phocidae","Phocidae","B409","B500","internal_clade","required","Pinniped axis","binary_aquatic_dependence","binary_aquatic_dependence","PDK1",46,"aquatic_specific","Metabolism / redox / lipid handling",-0.0696000509826744,0.415405517373936,-0.0289122451877102,0.0289122451877102,"negative",67.2102963392025,FALSE,3.7199379829688,0.97633798916196,-2.75018905096971
"Phocidae","Phocidae","B409","B500","internal_clade","required","Pinniped axis","binary_aquatic_dependence","binary_aquatic_dependence","EPOR",47,"shared","Vascular / hematologic regulation",-0.0639836237556098,-0.541444726361422,0.0346435956559683,0.0346435956559683,"positive",36.749255257629,FALSE,3.7199379829688,0.97633798916196,-2.75018905096971
"Phocidae","Phocidae","B409","B500","internal_clade","required","Pinniped axis","binary_aquatic_dependence","binary_aquatic_dependence","AC092835",48,"aquatic_specific","Unassigned / low-confidence",-0.0481295116799046,0.0738361776281174,-0.00355369917355199,0.00355369917355199,"negative",59.1627520702863,FALSE,3.7199379829688,0.97633798916196,-2.75018905096971
"Phocidae","Phocidae","B409","B500","internal_clade","required","Pinniped axis","binary_aquatic_dependence","binary_aquatic_dependence","CDHR4",49,"aquatic_specific","Epithelial / body-surface interface",-0.043359831407413,2.15410674303155,-0.0934017052114197,0.0934017052114197,"negative",98.72474248043,FALSE,3.7199379829688,0.97633798916196,-2.75018905096971
"Phocidae","Phocidae","B409","B500","internal_clade","required","Pinniped axis","binary_aquatic_dependence","binary_aquatic_dependence","PROB1",50,"aquatic_specific","Unassigned / low-confidence",-0.031368805999096,1.56148300697693,-0.0489818575167444,0.0489818575167444,"negative",89.2955980966097,FALSE,3.7199379829688,0.97633798916196,-2.75018905096971
"Phocidae","Phocidae","B409","B500","internal_clade","required","Pinniped axis","binary_aquatic_dependence","binary_aquatic_dependence","PPP1R3A",51,"aquatic_specific","Metabolism / redox / lipid handling",-0.0310971405758917,0.526745560677886,-0.0163802807481271,0.0163802807481271,"negative",68.0213270161664,FALSE,3.7199379829688,0.97633798916196,-2.75018905096971
"Phocidae","Phocidae","B409","B500","internal_clade","required","Pinniped axis","binary_aquatic_dependence","binary_aquatic_dependence","CDC14B",52,"aquatic_specific","DNA repair / chromatin / cell-cycle",-0.0297700481634882,0.00905956260433096,-0.000269703615071069,0.000269703615071069,"negative",52.9564517777232,FALSE,3.7199379829688,0.97633798916196,-2.75018905096971
"Phocidae","Phocidae","B409","B500","internal_clade","required","Pinniped axis","binary_aquatic_dependence","binary_aquatic_dependence","SOX7",53,"shared","Developmental / transcriptional signaling regulators",-0.0288474092932838,-0.178888119293978,0.00516045879497915,0.00516045879497915,"positive",48.3292401640963,FALSE,3.7199379829688,0.97633798916196,-2.75018905096971
"Phocidae","Phocidae","B409","B500","internal_clade","required","Pinniped axis","binary_aquatic_dependence","binary_aquatic_dependence","MSN",54,"aquatic_specific","Cytoskeletal / muscle / ECM / adhesion",-0.0286086021473059,-0.00140853201770095,4.02961321061484e-05,4.02961321061484e-05,"positive",54.8637012766021,FALSE,3.7199379829688,0.97633798916196,-2.75018905096971
"Phocidae","Phocidae","B409","B500","internal_clade","required","Pinniped axis","binary_aquatic_dependence","binary_aquatic_dependence","COMMD4",55,"aquatic_specific","DNA repair / chromatin / cell-cycle",-0.0187271239132032,-0.240032263886005,0.0044951139489599,0.0044951139489599,"positive",41.897870395844,FALSE,3.7199379829688,0.97633798916196,-2.75018905096971
"Phocidae","Phocidae","B409","B500","internal_clade","required","Pinniped axis","binary_aquatic_dependence","binary_aquatic_dependence","NOXO1",56,"aquatic_specific","Ion channels / mechanosensation / membrane signaling",-0.0179148306739576,-0.19505779625657,0.00349442739157176,0.00349442739157176,"positive",54.6372247178904,FALSE,3.7199379829688,0.97633798916196,-2.75018905096971
"Phocidae","Phocidae","B409","B500","internal_clade","required","Pinniped axis","binary_aquatic_dependence","binary_aquatic_dependence","CCDC174",57,"aquatic_specific","RNA processing / translation / protein homeostasis",-0.0162180345629962,-0.311415150197656,0.00505054166934623,0.00505054166934623,"positive",48.151602926697,FALSE,3.7199379829688,0.97633798916196,-2.75018905096971
"Phocidae","Phocidae","B409","B500","internal_clade","required","Pinniped axis","binary_aquatic_dependence","binary_aquatic_dependence","FLYWCH1",58,"aquatic_specific","Developmental / transcriptional signaling regulators",-0.0104987023982283,0.207486055456426,-0.00217833434801931,0.00217833434801931,"negative",67.9523984634978,FALSE,3.7199379829688,0.97633798916196,-2.75018905096971
"Phocidae","Phocidae","B409","B500","internal_clade","required","Pinniped axis","binary_aquatic_dependence","binary_aquatic_dependence","RHCG",59,"aquatic_specific","Transport / endocytic / epithelial solute handling",-0.0101117732108071,0.727480514118574,-0.00735611797404841,0.00735611797404841,"negative",80.5857222530736,FALSE,3.7199379829688,0.97633798916196,-2.75018905096971
"Phocidae","Phocidae","B409","B500","internal_clade","required","Pinniped axis","binary_aquatic_dependence","binary_aquatic_dependence","IP6K1",60,"aquatic_specific","Ion channels / mechanosensation / membrane signaling",-0.00832534794040649,-0.270975525786582,0.00225596553550789,0.00225596553550789,"positive",46.0163545374782,FALSE,3.7199379829688,0.97633798916196,-2.75018905096971
"Phocidae","Phocidae","B409","B500","internal_clade","required","Pinniped axis","binary_aquatic_dependence","binary_aquatic_dependence","SORBS2",61,"aquatic_specific","Cytoskeletal / muscle / ECM / adhesion",-0.0080058731823396,-0.12053327360178,0.000964974102708092,0.000964974102708092,"positive",52.2963128073532,FALSE,3.7199379829688,0.97633798916196,-2.75018905096971
"Phocidae","Phocidae","B409","B500","internal_clade","required","Pinniped axis","binary_aquatic_dependence","binary_aquatic_dependence","ASMTL",62,"shared","Endocrine / circadian / systemic regulation",-0.00682424512057102,-1.07980032181602,0.00736882207734401,0.00736882207734401,"positive",44.5926672399264,FALSE,3.7199379829688,0.97633798916196,-2.75018905096971
"Phocidae","Phocidae","B409","B500","internal_clade","required","Pinniped axis","binary_aquatic_dependence","binary_aquatic_dependence","TMPPE",63,"aquatic_specific","Metabolism / redox / lipid handling",-0.00232450558807123,-1.42430592856299,0.00331080709006765,0.00331080709006765,"positive",7.84174526243818,FALSE,3.7199379829688,0.97633798916196,-2.75018905096971
"Phocidae","Phocidae","B409","B500","internal_clade","required","Pinniped axis","binary_aquatic_dependence","binary_aquatic_dependence","ITGA2B",64,"aquatic_specific","Vascular / hematologic regulation",-0.00129204970143602,-0.180138743722884,0.000232748210044212,0.000232748210044212,"positive",46.7475603372581,FALSE,3.7199379829688,0.97633798916196,-2.75018905096971
"Phocidae","Phocidae","B409","B500","internal_clade","required","Pinniped axis","binary_aquatic_dependence","binary_aquatic_dependence","RHOA",65,"aquatic_specific","Cytoskeletal / muscle / ECM / adhesion",-0.00113448879012524,-0.717666446467379,0.000814184538566259,0.000814184538566259,"positive",0,FALSE,3.7199379829688,0.97633798916196,-2.75018905096971
"Phocidae","Phocidae","B409","B500","internal_clade","required","Pinniped axis","binary_aquatic_dependence","binary_aquatic_dependence","FP565260",66,"aquatic_specific","Unassigned / low-confidence",1.70815408075916e-05,0.0443788021404839,7.58058319754707e-07,7.58058319754707e-07,"positive",67.2994649167578,FALSE,3.7199379829688,0.97633798916196,-2.75018905096971
"Phocidae","Phocidae","B409","B500","internal_clade","required","Pinniped axis","binary_aquatic_dependence","binary_aquatic_dependence","LRIF1",67,"aquatic_specific","DNA repair / chromatin / cell-cycle",0.00997540842690748,-0.219559925200052,-0.00219019992805178,0.00219019992805178,"negative",38.1815415834513,FALSE,3.7199379829688,0.97633798916196,-2.75018905096971
"Phocidae","Phocidae","B409","B500","internal_clade","required","Pinniped axis","binary_aquatic_dependence","binary_aquatic_dependence","BAMBI",68,"aquatic_specific","Developmental / transcriptional signaling regulators",0.0120734458485713,0.623127115858311,0.00752329149009175,0.00752329149009175,"positive",94.0447449998255,FALSE,3.7199379829688,0.97633798916196,-2.75018905096971
"Phocidae","Phocidae","B409","B500","internal_clade","required","Pinniped axis","binary_aquatic_dependence","binary_aquatic_dependence","LLGL1",69,"aquatic_specific","Membrane trafficking / ER / vesicle processing",0.0221096407434654,1.34335842019563,0.0297011720602346,0.0297011720602346,"positive",101.511860662732,FALSE,3.7199379829688,0.97633798916196,-2.75018905096971
"Phocidae","Phocidae","B409","B500","internal_clade","required","Pinniped axis","binary_aquatic_dependence","binary_aquatic_dependence","COL20A1",70,"shared","Cytoskeletal / muscle / ECM / adhesion",0.0288024871662898,0.84270669120015,0.0242720486582389,0.0242720486582389,"positive",97.5157409960258,FALSE,3.7199379829688,0.97633798916196,-2.75018905096971
"Phocidae","Phocidae","B409","B500","internal_clade","required","Pinniped axis","binary_aquatic_dependence","binary_aquatic_dependence","TGM1",71,"shared","Epithelial / body-surface interface",0.0320265937643637,2.25799980950098,0.0723160426188985,0.0723160426188985,"positive",126.993872101344,FALSE,3.7199379829688,0.97633798916196,-2.75018905096971
"Phocidae","Phocidae","B409","B500","internal_clade","required","Pinniped axis","binary_aquatic_dependence","binary_aquatic_dependence","PDE6C",72,"aquatic_specific","Sensory systems",0.0369091575908715,0.774781972895565,0.0285965499361687,0.0285965499361687,"positive",93.5839793326211,FALSE,3.7199379829688,0.97633798916196,-2.75018905096971
"Phocidae","Phocidae","B409","B500","internal_clade","required","Pinniped axis","binary_aquatic_dependence","binary_aquatic_dependence","TOGARAM2",73,"shared","Cilia / flagella / reproductive-cell function",0.03936598299555,-0.298053283174274,-0.0117331604772063,0.0117331604772063,"negative",63.0931575502252,FALSE,3.7199379829688,0.97633798916196,-2.75018905096971
"Phocidae","Phocidae","B409","B500","internal_clade","required","Pinniped axis","binary_aquatic_dependence","binary_aquatic_dependence","CSMD1",74,"aquatic_specific","Immune / inflammatory regulation",0.0435717554769353,-0.441619021409243,-0.019242116014807,0.019242116014807,"negative",54.7568180349464,FALSE,3.7199379829688,0.97633798916196,-2.75018905096971
"Phocidae","Phocidae","B409","B500","internal_clade","required","Pinniped axis","binary_aquatic_dependence","binary_aquatic_dependence","KRTDAP",75,"shared","Epithelial / body-surface interface",0.0447305719374455,-0.790419657023155,-0.0353559233292452,0.0353559233292452,"negative",0,FALSE,3.7199379829688,0.97633798916196,-2.75018905096971
"Phocidae","Phocidae","B409","B500","internal_clade","required","Pinniped axis","binary_aquatic_dependence","binary_aquatic_dependence","CNGA4",76,"aquatic_specific","Sensory systems",0.0586555487526509,0.261593237999678,0.0153438949248539,0.0153438949248539,"positive",73.6746815104212,FALSE,3.7199379829688,0.97633798916196,-2.75018905096971
"Phocidae","Phocidae","B409","B500","internal_clade","required","Pinniped axis","binary_aquatic_dependence","binary_aquatic_dependence","ARSA",77,"aquatic_specific","Metabolism / redox / lipid handling",0.0862370240736283,-0.246624603255363,-0.0212681718480817,0.0212681718480817,"negative",42.4543535601968,FALSE,3.7199379829688,0.97633798916196,-2.75018905096971
"Phocidae","Phocidae","B409","B500","internal_clade","required","Pinniped axis","binary_aquatic_dependence","binary_aquatic_dependence","DEUP1",78,"aquatic_specific","Cilia / flagella / reproductive-cell function",0.0985919084118505,-0.380786122563475,-0.0375424305202818,0.0375424305202818,"negative",50.6659841793062,FALSE,3.7199379829688,0.97633798916196,-2.75018905096971
"Phocidae","Phocidae","B409","B500","internal_clade","required","Pinniped axis","binary_aquatic_dependence","binary_aquatic_dependence","PIEZO1",79,"aquatic_specific","Ion channels / mechanosensation / membrane signaling",0.100220575454654,0.637886795784865,0.0639293817484843,0.0639293817484843,"positive",88.8231337663173,FALSE,3.7199379829688,0.97633798916196,-2.75018905096971
"Phocidae","Phocidae","B409","B500","internal_clade","required","Pinniped axis","binary_aquatic_dependence","binary_aquatic_dependence","DBNL",80,"shared","Cytoskeletal / muscle / ECM / adhesion",0.116035395287358,1.58366916516958,0.183761677584852,0.183761677584852,"positive",145.558979810214,FALSE,3.7199379829688,0.97633798916196,-2.75018905096971
"Phocidae","Phocidae","B409","B500","internal_clade","required","Pinniped axis","binary_aquatic_dependence","binary_aquatic_dependence","OR6B1",81,"shared","Sensory systems",0.1211331117984,-0.383924391651627,-0.0465059562560694,0.0465059562560694,"negative",55.7102138173701,FALSE,3.7199379829688,0.97633798916196,-2.75018905096971
"Phocidae","Phocidae","B409","B500","internal_clade","required","Pinniped axis","binary_aquatic_dependence","binary_aquatic_dependence","ABHD8",82,"aquatic_specific","Metabolism / redox / lipid handling",0.123391794658719,0.437616746752213,0.0539983157544657,0.0539983157544657,"positive",62.3816771206704,FALSE,3.7199379829688,0.97633798916196,-2.75018905096971
"Phocidae","Phocidae","B409","B500","internal_clade","required","Pinniped axis","binary_aquatic_dependence","binary_aquatic_dependence","FZD5",83,"aquatic_specific","Developmental / transcriptional signaling regulators",0.130676120517993,-0.957534432047488,-0.125126884842366,0.125126884842366,"negative",21.4629471681267,FALSE,3.7199379829688,0.97633798916196,-2.75018905096971
"Phocidae","Phocidae","B409","B500","internal_clade","required","Pinniped axis","binary_aquatic_dependence","binary_aquatic_dependence","PNPLA7",84,"shared","Metabolism / redox / lipid handling",0.137885581276299,1.01957399624989,0.140584553127116,0.140584553127116,"positive",99.0409718701341,FALSE,3.7199379829688,0.97633798916196,-2.75018905096971
"Phocidae","Phocidae","B409","B500","internal_clade","required","Pinniped axis","binary_aquatic_dependence","binary_aquatic_dependence","SPEF2",85,"aquatic_specific","Cilia / flagella / reproductive-cell function",0.174059525751515,0.0623833016788991,0.0108584079050429,0.0108584079050429,"positive",62.5424259779955,FALSE,3.7199379829688,0.97633798916196,-2.75018905096971
"Phocidae","Phocidae","B409","B500","internal_clade","required","Pinniped axis","binary_aquatic_dependence","binary_aquatic_dependence","GCKR",86,"aquatic_specific","Endocrine / circadian / systemic regulation",0.176184373124808,0.314551160700441,0.055418999063688,0.055418999063688,"positive",115.369534434457,FALSE,3.7199379829688,0.97633798916196,-2.75018905096971
"Phocidae","Phocidae","B409","B500","internal_clade","required","Pinniped axis","binary_aquatic_dependence","binary_aquatic_dependence","SEC61A2",87,"aquatic_specific","Membrane trafficking / ER / vesicle processing",0.176583875943885,0.937913509000303,0.165620402719403,0.165620402719403,"positive",87.5952521475369,FALSE,3.7199379829688,0.97633798916196,-2.75018905096971
"Phocidae","Phocidae","B409","B500","internal_clade","required","Pinniped axis","binary_aquatic_dependence","binary_aquatic_dependence","OR52W1",88,"shared","Sensory systems",0.190684677268266,0.450180469567022,0.085842517551864,0.085842517551864,"positive",90.6322494717878,FALSE,3.7199379829688,0.97633798916196,-2.75018905096971
"Phocidae","Phocidae","B409","B500","internal_clade","required","Pinniped axis","binary_aquatic_dependence","binary_aquatic_dependence","PRSS53",89,"aquatic_specific","Epithelial / body-surface interface",0.194083977905306,-0.499887286140607,-0.0970201129984568,0.0970201129984568,"negative",48.2102140154557,FALSE,3.7199379829688,0.97633798916196,-2.75018905096971
"Phocidae","Phocidae","B409","B500","internal_clade","required","Pinniped axis","binary_aquatic_dependence","binary_aquatic_dependence","KCNK18",90,"shared","Ion channels / mechanosensation / membrane signaling",0.217561248206336,0.808799440517343,0.17596341582754,0.17596341582754,"positive",88.7548563967423,FALSE,3.7199379829688,0.97633798916196,-2.75018905096971
"Phocidae","Phocidae","B409","B500","internal_clade","required","Pinniped axis","binary_aquatic_dependence","binary_aquatic_dependence","SDR9C7",91,"shared","Epithelial / body-surface interface",0.220181989308241,-0.989163401455691,-0.21779596548342,0.21779596548342,"negative",11.4549967753479,FALSE,3.7199379829688,0.97633798916196,-2.75018905096971
"Phocidae","Phocidae","B409","B500","internal_clade","required","Pinniped axis","binary_aquatic_dependence","binary_aquatic_dependence","OMP",92,"shared","Sensory systems",0.231144543648012,1.6681111244486,0.385574784614844,0.385574784614844,"positive",250.345998693755,FALSE,3.7199379829688,0.97633798916196,-2.75018905096971
"Phocidae","Phocidae","B409","B500","internal_clade","required","Pinniped axis","binary_aquatic_dependence","binary_aquatic_dependence","SYTL5",93,"aquatic_specific","Membrane trafficking / ER / vesicle processing",0.265993756746688,1.63931981231984,0.43604883538823,0.43604883538823,"positive",116.235858876429,FALSE,3.7199379829688,0.97633798916196,-2.75018905096971
"Phocidae","Phocidae","B409","B500","internal_clade","required","Pinniped axis","binary_aquatic_dependence","binary_aquatic_dependence","IL33",94,"shared","Immune / inflammatory regulation",0.340038935001018,0.0500232055665087,0.0170098375461726,0.0170098375461726,"positive",45.5257458988279,FALSE,3.7199379829688,0.97633798916196,-2.75018905096971
"Phocidae","Phocidae","B409","B500","internal_clade","required","Pinniped axis","binary_aquatic_dependence","binary_aquatic_dependence","KIF18A",95,"aquatic_specific","DNA repair / chromatin / cell-cycle",0.340198342633948,-0.873904057480098,-0.297300711975811,0.297300711975811,"negative",26.4992265959708,FALSE,3.7199379829688,0.97633798916196,-2.75018905096971
"Phocidae","Phocidae","B409","B500","internal_clade","required","Pinniped axis","binary_aquatic_dependence","binary_aquatic_dependence","FAM13A",96,"aquatic_specific","Developmental / transcriptional signaling regulators",0.348973910716795,0.139234520765921,0.0485892152184623,0.0485892152184623,"positive",60.8391023439078,FALSE,3.7199379829688,0.97633798916196,-2.75018905096971
"Phocidae","Phocidae","B409","B500","internal_clade","required","Pinniped axis","binary_aquatic_dependence","binary_aquatic_dependence","NWD1",97,"aquatic_specific","Developmental / transcriptional signaling regulators",0.404558879261438,0.0085720177865035,0.00346788590871697,0.00346788590871697,"positive",72.8797899357937,FALSE,3.7199379829688,0.97633798916196,-2.75018905096971
"Phocidae","Phocidae","B409","B500","internal_clade","required","Pinniped axis","binary_aquatic_dependence","binary_aquatic_dependence","LRP2",98,"aquatic_specific","Transport / endocytic / epithelial solute handling",0.471378525654808,-0.325194198033701,-0.153289561620624,0.153289561620624,"negative",44.5216394519218,FALSE,3.7199379829688,0.97633798916196,-2.75018905096971
"Phocidae","Phocidae","B409","B500","internal_clade","required","Pinniped axis","binary_aquatic_dependence","binary_aquatic_dependence","CACNA1G",99,"aquatic_specific","Ion channels / mechanosensation / membrane signaling",0.593854706123962,0.326425899768741,0.193849556778416,0.193849556778416,"positive",72.8313081786767,FALSE,3.7199379829688,0.97633798916196,-2.75018905096971
"Phocidae","Phocidae","B409","B500","internal_clade","required","Pinniped axis","binary_aquatic_dependence","binary_aquatic_dependence","PER1",100,"aquatic_specific","Endocrine / circadian / systemic regulation",0.784004329488712,1.30067151278296,1.01973209726447,1.01973209726447,"positive",103.970337018207,FALSE,3.7199379829688,0.97633798916196,-2.75018905096971
"Phocidae","Phocidae","B409","B500","internal_clade","required","Pinniped axis","binary_aquatic_dependence","binary_aquatic_dependence","TGM3",101,"shared","Epithelial / body-surface interface",1.04080869919882,3.49677302526257,3.63947178381704,3.63947178381704,"positive",181.820095849344,FALSE,3.7199379829688,0.97633798916196,-2.75018905096971
"Otarioidea","Otarioidea","B394","B493","internal_clade","required","Pinniped axis","binary_aquatic_dependence","binary_aquatic_dependence","ATF7IP2",1,"aquatic_specific","DNA repair / chromatin / cell-cycle",-0.581769927151342,0.548589360018638,-0.319152792014044,0.319152792014044,"negative",79.360188574829,FALSE,-1.82676803771315,0.138623742194832,-2.75018905096971
"Otarioidea","Otarioidea","B394","B493","internal_clade","required","Pinniped axis","binary_aquatic_dependence","binary_aquatic_dependence","WDR93",2,"shared","Cilia / flagella / reproductive-cell function",-0.4793197990576,-0.022115153341096,0.0106002308555822,0.0106002308555822,"positive",50.3700941846603,FALSE,-1.82676803771315,0.138623742194832,-2.75018905096971
"Otarioidea","Otarioidea","B394","B493","internal_clade","required","Pinniped axis","binary_aquatic_dependence","binary_aquatic_dependence","PMIS2",3,"aquatic_specific","Developmental / transcriptional signaling regulators",-0.39072525213697,-0.577745063707846,0.225739585688138,0.225739585688138,"positive",26.3611004307078,FALSE,-1.82676803771315,0.138623742194832,-2.75018905096971
"Otarioidea","Otarioidea","B394","B493","internal_clade","required","Pinniped axis","binary_aquatic_dependence","binary_aquatic_dependence","PFKP",4,"aquatic_specific","Metabolism / redox / lipid handling",-0.356881027792284,0.637908549625335,-0.227657458827775,0.227657458827775,"negative",83.5975005984557,FALSE,-1.82676803771315,0.138623742194832,-2.75018905096971
"Otarioidea","Otarioidea","B394","B493","internal_clade","required","Pinniped axis","binary_aquatic_dependence","binary_aquatic_dependence","PDGFB",5,"aquatic_specific","Vascular / hematologic regulation",-0.348561123284862,-0.632236822484831,0.220373177027365,0.220373177027365,"positive",28.9030259584225,FALSE,-1.82676803771315,0.138623742194832,-2.75018905096971
"Otarioidea","Otarioidea","B394","B493","internal_clade","required","Pinniped axis","binary_aquatic_dependence","binary_aquatic_dependence","PUSL1",6,"shared","Metabolism / redox / lipid handling",-0.314220898750119,-0.435838834490659,0.136949670283859,0.136949670283859,"positive",40.3533073469435,FALSE,-1.82676803771315,0.138623742194832,-2.75018905096971
"Otarioidea","Otarioidea","B394","B493","internal_clade","required","Pinniped axis","binary_aquatic_dependence","binary_aquatic_dependence","SMCO3",7,"aquatic_specific","Unassigned / low-confidence",-0.307082295991399,-0.061692708840798,0.0189447386767611,0.0189447386767611,"positive",61.3468348624806,FALSE,-1.82676803771315,0.138623742194832,-2.75018905096971
"Otarioidea","Otarioidea","B394","B493","internal_clade","required","Pinniped axis","binary_aquatic_dependence","binary_aquatic_dependence","GGTLC1",8,"aquatic_specific","Metabolism / redox / lipid handling",-0.291163814888646,0.0166004004679178,-0.00483343592891821,0.00483343592891821,"negative",62.2560771817424,FALSE,-1.82676803771315,0.138623742194832,-2.75018905096971
"Otarioidea","Otarioidea","B394","B493","internal_clade","required","Pinniped axis","binary_aquatic_dependence","binary_aquatic_dependence","C16orf91",9,"aquatic_specific","Unassigned / low-confidence",-0.262195862787636,0.122097867319997,-0.0320135556664969,0.0320135556664969,"negative",58.1931070315478,FALSE,-1.82676803771315,0.138623742194832,-2.75018905096971
"Otarioidea","Otarioidea","B394","B493","internal_clade","required","Pinniped axis","binary_aquatic_dependence","binary_aquatic_dependence","HGFAC",10,"shared","Vascular / hematologic regulation",-0.251889764940469,-0.628904620380683,0.158414636997665,0.158414636997665,"positive",37.2913955805227,FALSE,-1.82676803771315,0.138623742194832,-2.75018905096971
"Otarioidea","Otarioidea","B394","B493","internal_clade","required","Pinniped axis","binary_aquatic_dependence","binary_aquatic_dependence","NLRP8",11,"aquatic_specific","Immune / inflammatory regulation",-0.249357601464042,-1.1910993312489,0.297009672345651,0.297009672345651,"positive",37.5132995301702,FALSE,-1.82676803771315,0.138623742194832,-2.75018905096971
"Otarioidea","Otarioidea","B394","B493","internal_clade","required","Pinniped axis","binary_aquatic_dependence","binary_aquatic_dependence","FN3K",12,"shared","Metabolism / redox / lipid handling",-0.244837253974046,-0.275700290883179,0.0675017021396831,0.0675017021396831,"positive",41.0074542597159,FALSE,-1.82676803771315,0.138623742194832,-2.75018905096971
"Otarioidea","Otarioidea","B394","B493","internal_clade","required","Pinniped axis","binary_aquatic_dependence","binary_aquatic_dependence","NUBP2",13,"shared","Metabolism / redox / lipid handling",-0.239999172123246,-0.244306385880944,0.0586333303558488,0.0586333303558488,"positive",47.1145620772979,FALSE,-1.82676803771315,0.138623742194832,-2.75018905096971
"Otarioidea","Otarioidea","B394","B493","internal_clade","required","Pinniped axis","binary_aquatic_dependence","binary_aquatic_dependence","ACADSB",14,"aquatic_specific","Metabolism / redox / lipid handling",-0.238865076823398,-0.357656992542728,0.0854317650001441,0.0854317650001441,"positive",44.8937848140316,FALSE,-1.82676803771315,0.138623742194832,-2.75018905096971
"Otarioidea","Otarioidea","B394","B493","internal_clade","required","Pinniped axis","binary_aquatic_dependence","binary_aquatic_dependence","TTC28",15,"aquatic_specific","Developmental / transcriptional signaling regulators",-0.237914556985983,-0.628649008255501,0.149564750298785,0.149564750298785,"positive",40.2897248679382,FALSE,-1.82676803771315,0.138623742194832,-2.75018905096971
"Otarioidea","Otarioidea","B394","B493","internal_clade","required","Pinniped axis","binary_aquatic_dependence","binary_aquatic_dependence","SLC6A15",16,"aquatic_specific","Transport / endocytic / epithelial solute handling",-0.23289351110375,0.110195842147316,-0.0256638965867229,0.0256638965867229,"negative",58.526682414147,FALSE,-1.82676803771315,0.138623742194832,-2.75018905096971
"Otarioidea","Otarioidea","B394","B493","internal_clade","required","Pinniped axis","binary_aquatic_dependence","binary_aquatic_dependence","CATSPERG",17,"aquatic_specific","Cilia / flagella / reproductive-cell function",-0.232264279338058,-0.592673353399032,0.137656849310096,0.137656849310096,"positive",33.3058232686152,FALSE,-1.82676803771315,0.138623742194832,-2.75018905096971
"Otarioidea","Otarioidea","B394","B493","internal_clade","required","Pinniped axis","binary_aquatic_dependence","binary_aquatic_dependence","SYDE1",18,"shared","Cytoskeletal / muscle / ECM / adhesion",-0.232023025562006,0.648029213092852,-0.15035769867437,0.15035769867437,"negative",74.2015850686191,FALSE,-1.82676803771315,0.138623742194832,-2.75018905096971
"Otarioidea","Otarioidea","B394","B493","internal_clade","required","Pinniped axis","binary_aquatic_dependence","binary_aquatic_dependence","SLC5A5",19,"aquatic_specific","Transport / endocytic / epithelial solute handling",-0.231105741131879,1.11756234059809,-0.258275072985,0.258275072985,"negative",88.9043873407242,FALSE,-1.82676803771315,0.138623742194832,-2.75018905096971
"Otarioidea","Otarioidea","B394","B493","internal_clade","required","Pinniped axis","binary_aquatic_dependence","binary_aquatic_dependence","SIGIRR",20,"aquatic_specific","Immune / inflammatory regulation",-0.210302505536658,0.111320942365326,-0.02341107309813,0.02341107309813,"negative",73.6173324876251,FALSE,-1.82676803771315,0.138623742194832,-2.75018905096971
"Otarioidea","Otarioidea","B394","B493","internal_clade","required","Pinniped axis","binary_aquatic_dependence","binary_aquatic_dependence","KEAP1",21,"aquatic_specific","Developmental / transcriptional signaling regulators",-0.19883739251004,0.215685574974107,-0.0428863573298804,0.0428863573298804,"negative",60.7536633629567,FALSE,-1.82676803771315,0.138623742194832,-2.75018905096971
"Otarioidea","Otarioidea","B394","B493","internal_clade","required","Pinniped axis","binary_aquatic_dependence","binary_aquatic_dependence","SYNPO2",22,"aquatic_specific","Cytoskeletal / muscle / ECM / adhesion",-0.164171125185038,-0.27373586208508,0.0449395244820041,0.0449395244820041,"positive",44.8648500690196,FALSE,-1.82676803771315,0.138623742194832,-2.75018905096971
"Otarioidea","Otarioidea","B394","B493","internal_clade","required","Pinniped axis","binary_aquatic_dependence","binary_aquatic_dependence","PI4KA",23,"aquatic_specific","Ion channels / mechanosensation / membrane signaling",-0.161213914772254,0.119080085127602,-0.0191973666948339,0.0191973666948339,"negative",64.3768568265585,FALSE,-1.82676803771315,0.138623742194832,-2.75018905096971
"Otarioidea","Otarioidea","B394","B493","internal_clade","required","Pinniped axis","binary_aquatic_dependence","binary_aquatic_dependence","H1_8",24,"aquatic_specific","DNA repair / chromatin / cell-cycle",-0.160268979059258,0.150722079117682,-0.0241560737418797,0.0241560737418797,"negative",59.6543207756776,FALSE,-1.82676803771315,0.138623742194832,-2.75018905096971
"Otarioidea","Otarioidea","B394","B493","internal_clade","required","Pinniped axis","binary_aquatic_dependence","binary_aquatic_dependence","CATSPERZ",25,"shared","Cilia / flagella / reproductive-cell function",-0.154029925159516,0.909724198063752,-0.140124750143561,0.140124750143561,"negative",77.892058662523,FALSE,-1.82676803771315,0.138623742194832,-2.75018905096971
"Otarioidea","Otarioidea","B394","B493","internal_clade","required","Pinniped axis","binary_aquatic_dependence","binary_aquatic_dependence","TIGD7",26,"aquatic_specific","Developmental / transcriptional signaling regulators",-0.153350666144971,0.407563129937424,-0.0625000774720335,0.0625000774720335,"negative",150.110051799264,FALSE,-1.82676803771315,0.138623742194832,-2.75018905096971
"Otarioidea","Otarioidea","B394","B493","internal_clade","required","Pinniped axis","binary_aquatic_dependence","binary_aquatic_dependence","CLASP2",27,"aquatic_specific","Cytoskeletal / muscle / ECM / adhesion",-0.153215743294715,-0.609489513655874,0.0933833888651194,0.0933833888651194,"positive",37.9081227786908,FALSE,-1.82676803771315,0.138623742194832,-2.75018905096971
"Otarioidea","Otarioidea","B394","B493","internal_clade","required","Pinniped axis","binary_aquatic_dependence","binary_aquatic_dependence","FAM20B",28,"aquatic_specific","Developmental / transcriptional signaling regulators",-0.149046125022571,2.66112402284671,-0.396630223809778,0.396630223809778,"negative",173.962242628193,FALSE,-1.82676803771315,0.138623742194832,-2.75018905096971
"Otarioidea","Otarioidea","B394","B493","internal_clade","required","Pinniped axis","binary_aquatic_dependence","binary_aquatic_dependence","EHHADH",29,"aquatic_specific","Metabolism / redox / lipid handling",-0.134704680594371,0.716503148146572,-0.0965163277159456,0.0965163277159456,"negative",90.9229004556552,FALSE,-1.82676803771315,0.138623742194832,-2.75018905096971
"Otarioidea","Otarioidea","B394","B493","internal_clade","required","Pinniped axis","binary_aquatic_dependence","binary_aquatic_dependence","XCR1",30,"aquatic_specific","Immune / inflammatory regulation",-0.128894917212046,-0.0717930670144893,0.0092537614292315,0.0092537614292315,"positive",48.9416459571565,FALSE,-1.82676803771315,0.138623742194832,-2.75018905096971
"Otarioidea","Otarioidea","B394","B493","internal_clade","required","Pinniped axis","binary_aquatic_dependence","binary_aquatic_dependence","CLTCL1",31,"aquatic_specific","Membrane trafficking / ER / vesicle processing",-0.122013377075862,-0.343463113784679,0.0419070944138599,0.0419070944138599,"positive",53.8653438087714,FALSE,-1.82676803771315,0.138623742194832,-2.75018905096971
"Otarioidea","Otarioidea","B394","B493","internal_clade","required","Pinniped axis","binary_aquatic_dependence","binary_aquatic_dependence","SLC6A6",32,"aquatic_specific","Transport / endocytic / epithelial solute handling",-0.121595276910313,-0.132710362333881,0.0161369532568562,0.0161369532568562,"positive",50.8503434121624,FALSE,-1.82676803771315,0.138623742194832,-2.75018905096971
"Otarioidea","Otarioidea","B394","B493","internal_clade","required","Pinniped axis","binary_aquatic_dependence","binary_aquatic_dependence","ACOX3",33,"aquatic_specific","Metabolism / redox / lipid handling",-0.118129521585615,-0.809585370305687,0.095635932476924,0.095635932476924,"positive",38.9357037431904,FALSE,-1.82676803771315,0.138623742194832,-2.75018905096971
"Otarioidea","Otarioidea","B394","B493","internal_clade","required","Pinniped axis","binary_aquatic_dependence","binary_aquatic_dependence","CORO2A",34,"aquatic_specific","Cytoskeletal / muscle / ECM / adhesion",-0.110434776748237,2.43830145314571,-0.269273276623049,0.269273276623049,"negative",137.923468564611,FALSE,-1.82676803771315,0.138623742194832,-2.75018905096971
"Otarioidea","Otarioidea","B394","B493","internal_clade","required","Pinniped axis","binary_aquatic_dependence","binary_aquatic_dependence","SEPTIN5",35,"aquatic_specific","Cytoskeletal / muscle / ECM / adhesion",-0.106389612271777,0.364352781017972,-0.0387633511026458,0.0387633511026458,"negative",74.6296564315901,FALSE,-1.82676803771315,0.138623742194832,-2.75018905096971
"Otarioidea","Otarioidea","B394","B493","internal_clade","required","Pinniped axis","binary_aquatic_dependence","binary_aquatic_dependence","MEFV",36,"aquatic_specific","Immune / inflammatory regulation",-0.106234859098565,0.0996769304334239,-0.0105891646599723,0.0105891646599723,"negative",64.4526279651349,FALSE,-1.82676803771315,0.138623742194832,-2.75018905096971
"Otarioidea","Otarioidea","B394","B493","internal_clade","required","Pinniped axis","binary_aquatic_dependence","binary_aquatic_dependence","C1orf112",37,"aquatic_specific","DNA repair / chromatin / cell-cycle",-0.10365191227098,0.0886699780466783,-0.00919081278556406,0.00919081278556406,"negative",57.786359704093,FALSE,-1.82676803771315,0.138623742194832,-2.75018905096971
"Otarioidea","Otarioidea","B394","B493","internal_clade","required","Pinniped axis","binary_aquatic_dependence","binary_aquatic_dependence","HPRT1",38,"aquatic_specific","Metabolism / redox / lipid handling",-0.099597493197772,0.100838455902051,-0.0100432574257784,0.0100432574257784,"negative",58.530509313211,FALSE,-1.82676803771315,0.138623742194832,-2.75018905096971
"Otarioidea","Otarioidea","B394","B493","internal_clade","required","Pinniped axis","binary_aquatic_dependence","binary_aquatic_dependence","CD34",39,"shared","Vascular / hematologic regulation",-0.0959044894988044,0.252395023618308,-0.0242058158921525,0.0242058158921525,"negative",62.2489314844115,FALSE,-1.82676803771315,0.138623742194832,-2.75018905096971
"Otarioidea","Otarioidea","B394","B493","internal_clade","required","Pinniped axis","binary_aquatic_dependence","binary_aquatic_dependence","CASTOR1",40,"aquatic_specific","Endocrine / circadian / systemic regulation",-0.0825057476543748,0.526502521422497,-0.0434394841718766,0.0434394841718766,"negative",79.182542762724,FALSE,-1.82676803771315,0.138623742194832,-2.75018905096971
"Otarioidea","Otarioidea","B394","B493","internal_clade","required","Pinniped axis","binary_aquatic_dependence","binary_aquatic_dependence","RAC3",41,"aquatic_specific","Developmental / transcriptional signaling regulators",-0.0814970345799135,-0.245901502515703,0.020040243253775,0.020040243253775,"positive",40.1421867139152,FALSE,-1.82676803771315,0.138623742194832,-2.75018905096971
"Otarioidea","Otarioidea","B394","B493","internal_clade","required","Pinniped axis","binary_aquatic_dependence","binary_aquatic_dependence","URI1",42,"aquatic_specific","Developmental / transcriptional signaling regulators",-0.078475489653661,-0.295795573880402,0.0232127024976502,0.0232127024976502,"positive",42.2304910690338,FALSE,-1.82676803771315,0.138623742194832,-2.75018905096971
"Otarioidea","Otarioidea","B394","B493","internal_clade","required","Pinniped axis","binary_aquatic_dependence","binary_aquatic_dependence","SPINT4",43,"aquatic_specific","Epithelial / body-surface interface",-0.0769933368325998,0.0337831577302902,-0.00260107804239708,0.00260107804239708,"negative",41.7961794400109,FALSE,-1.82676803771315,0.138623742194832,-2.75018905096971
"Otarioidea","Otarioidea","B394","B493","internal_clade","required","Pinniped axis","binary_aquatic_dependence","binary_aquatic_dependence","GGTLC3",44,"aquatic_specific","Metabolism / redox / lipid handling",-0.0726998898105257,-0.067645604751526,0.00491782801160231,0.00491782801160231,"positive",51.4581885558453,FALSE,-1.82676803771315,0.138623742194832,-2.75018905096971
"Otarioidea","Otarioidea","B394","B493","internal_clade","required","Pinniped axis","binary_aquatic_dependence","binary_aquatic_dependence","KMO",45,"aquatic_specific","Metabolism / redox / lipid handling",-0.0725495886342883,1.49887585035464,-0.108742826357098,0.108742826357098,"negative",109.523791459745,FALSE,-1.82676803771315,0.138623742194832,-2.75018905096971
"Otarioidea","Otarioidea","B394","B493","internal_clade","required","Pinniped axis","binary_aquatic_dependence","binary_aquatic_dependence","PDK1",46,"aquatic_specific","Metabolism / redox / lipid handling",-0.0696000509826744,0.567942179614803,-0.0395288046564015,0.0395288046564015,"negative",73.1652499157832,FALSE,-1.82676803771315,0.138623742194832,-2.75018905096971
"Otarioidea","Otarioidea","B394","B493","internal_clade","required","Pinniped axis","binary_aquatic_dependence","binary_aquatic_dependence","EPOR",47,"shared","Vascular / hematologic regulation",-0.0639836237556098,-0.506376870996469,0.032399827192381,0.032399827192381,"positive",37.7662221932397,FALSE,-1.82676803771315,0.138623742194832,-2.75018905096971
"Otarioidea","Otarioidea","B394","B493","internal_clade","required","Pinniped axis","binary_aquatic_dependence","binary_aquatic_dependence","AC092835",48,"aquatic_specific","Unassigned / low-confidence",-0.0481295116799046,-0.153368610805016,0.00738155634507079,0.00738155634507079,"positive",50.1847420390355,FALSE,-1.82676803771315,0.138623742194832,-2.75018905096971
"Otarioidea","Otarioidea","B394","B493","internal_clade","required","Pinniped axis","binary_aquatic_dependence","binary_aquatic_dependence","CDHR4",49,"aquatic_specific","Epithelial / body-surface interface",-0.043359831407413,0.683186583814094,-0.0296228550939856,0.0296228550939856,"negative",66.1647034715433,FALSE,-1.82676803771315,0.138623742194832,-2.75018905096971
"Otarioidea","Otarioidea","B394","B493","internal_clade","required","Pinniped axis","binary_aquatic_dependence","binary_aquatic_dependence","PROB1",50,"aquatic_specific","Unassigned / low-confidence",-0.031368805999096,-0.015044315496777,0.00047192221420759,0.00047192221420759,"positive",56.3722631019754,FALSE,-1.82676803771315,0.138623742194832,-2.75018905096971
"Otarioidea","Otarioidea","B394","B493","internal_clade","required","Pinniped axis","binary_aquatic_dependence","binary_aquatic_dependence","PPP1R3A",51,"aquatic_specific","Metabolism / redox / lipid handling",-0.0310971405758917,-0.0207702449015063,0.000645895225497841,0.000645895225497841,"positive",55.5840573763232,FALSE,-1.82676803771315,0.138623742194832,-2.75018905096971
"Otarioidea","Otarioidea","B394","B493","internal_clade","required","Pinniped axis","binary_aquatic_dependence","binary_aquatic_dependence","CDC14B",52,"aquatic_specific","DNA repair / chromatin / cell-cycle",-0.0297700481634882,-0.038122137355057,0.00113489786515516,0.00113489786515516,"positive",51.0141390118928,FALSE,-1.82676803771315,0.138623742194832,-2.75018905096971
"Otarioidea","Otarioidea","B394","B493","internal_clade","required","Pinniped axis","binary_aquatic_dependence","binary_aquatic_dependence","SOX7",53,"shared","Developmental / transcriptional signaling regulators",-0.0288474092932838,-0.226717682545952,0.00654021778242786,0.00654021778242786,"positive",46.5537867878901,FALSE,-1.82676803771315,0.138623742194832,-2.75018905096971
"Otarioidea","Otarioidea","B394","B493","internal_clade","required","Pinniped axis","binary_aquatic_dependence","binary_aquatic_dependence","MSN",54,"aquatic_specific","Cytoskeletal / muscle / ECM / adhesion",-0.0286086021473059,-1.07812957529777,0.0308437800829376,0.0308437800829376,"positive",16.2796500590048,FALSE,-1.82676803771315,0.138623742194832,-2.75018905096971
"Otarioidea","Otarioidea","B394","B493","internal_clade","required","Pinniped axis","binary_aquatic_dependence","binary_aquatic_dependence","COMMD4",55,"aquatic_specific","DNA repair / chromatin / cell-cycle",-0.0187271239132032,-0.795274683135835,0.0148932075361182,0.0148932075361182,"positive",0,FALSE,-1.82676803771315,0.138623742194832,-2.75018905096971
"Otarioidea","Otarioidea","B394","B493","internal_clade","required","Pinniped axis","binary_aquatic_dependence","binary_aquatic_dependence","NOXO1",56,"aquatic_specific","Ion channels / mechanosensation / membrane signaling",-0.0179148306739576,-0.636482822119816,0.0114024819851592,0.0114024819851592,"positive",39.6773071271995,FALSE,-1.82676803771315,0.138623742194832,-2.75018905096971
"Otarioidea","Otarioidea","B394","B493","internal_clade","required","Pinniped axis","binary_aquatic_dependence","binary_aquatic_dependence","CCDC174",57,"aquatic_specific","RNA processing / translation / protein homeostasis",-0.0162180345629962,-0.669930714621737,0.010864959484548,0.010864959484548,"positive",27.0836715776316,FALSE,-1.82676803771315,0.138623742194832,-2.75018905096971
"Otarioidea","Otarioidea","B394","B493","internal_clade","required","Pinniped axis","binary_aquatic_dependence","binary_aquatic_dependence","FLYWCH1",58,"aquatic_specific","Developmental / transcriptional signaling regulators",-0.0104987023982283,0.0845780933565426,-0.00088796023155991,0.00088796023155991,"negative",62.8450209078283,FALSE,-1.82676803771315,0.138623742194832,-2.75018905096971
"Otarioidea","Otarioidea","B394","B493","internal_clade","required","Pinniped axis","binary_aquatic_dependence","binary_aquatic_dependence","RHCG",59,"aquatic_specific","Transport / endocytic / epithelial solute handling",-0.0101117732108071,0.561314282692176,-0.00567588272657017,0.00567588272657017,"negative",74.0644637896684,FALSE,-1.82676803771315,0.138623742194832,-2.75018905096971
"Otarioidea","Otarioidea","B394","B493","internal_clade","required","Pinniped axis","binary_aquatic_dependence","binary_aquatic_dependence","IP6K1",60,"aquatic_specific","Ion channels / mechanosensation / membrane signaling",-0.00832534794040649,-0.822615065189871,0.00684855663872585,0.00684855663872585,"positive",23.2706564406036,FALSE,-1.82676803771315,0.138623742194832,-2.75018905096971
"Otarioidea","Otarioidea","B394","B493","internal_clade","required","Pinniped axis","binary_aquatic_dependence","binary_aquatic_dependence","SORBS2",61,"aquatic_specific","Cytoskeletal / muscle / ECM / adhesion",-0.0080058731823396,0.295690522384723,-0.00236726082343184,0.00236726082343184,"negative",64.0027677163944,FALSE,-1.82676803771315,0.138623742194832,-2.75018905096971
"Otarioidea","Otarioidea","B394","B493","internal_clade","required","Pinniped axis","binary_aquatic_dependence","binary_aquatic_dependence","ASMTL",62,"shared","Endocrine / circadian / systemic regulation",-0.00682424512057102,0.287254615391154,-0.00196029590744459,0.00196029590744459,"negative",96.2571974648907,FALSE,-1.82676803771315,0.138623742194832,-2.75018905096971
"Otarioidea","Otarioidea","B394","B493","internal_clade","required","Pinniped axis","binary_aquatic_dependence","binary_aquatic_dependence","TMPPE",63,"aquatic_specific","Metabolism / redox / lipid handling",-0.00232450558807123,0.00132992983342199,-3.09142932953205e-06,3.09142932953205e-06,"negative",58.8942455917808,FALSE,-1.82676803771315,0.138623742194832,-2.75018905096971
"Otarioidea","Otarioidea","B394","B493","internal_clade","required","Pinniped axis","binary_aquatic_dependence","binary_aquatic_dependence","ITGA2B",64,"aquatic_specific","Vascular / hematologic regulation",-0.00129204970143602,0.231970913572085,-0.000299717949622654,0.000299717949622654,"negative",57.2515759524499,FALSE,-1.82676803771315,0.138623742194832,-2.75018905096971
"Otarioidea","Otarioidea","B394","B493","internal_clade","required","Pinniped axis","binary_aquatic_dependence","binary_aquatic_dependence","RHOA",65,"aquatic_specific","Cytoskeletal / muscle / ECM / adhesion",-0.00113448879012524,0.386904697574227,-0.000438939042244758,0.000438939042244758,"negative",80.4990875952331,FALSE,-1.82676803771315,0.138623742194832,-2.75018905096971
"Otarioidea","Otarioidea","B394","B493","internal_clade","required","Pinniped axis","binary_aquatic_dependence","binary_aquatic_dependence","FP565260",66,"aquatic_specific","Unassigned / low-confidence",1.70815408075916e-05,1.55768632238036,2.66076824811673e-05,2.66076824811673e-05,"positive",112.85482577745,FALSE,-1.82676803771315,0.138623742194832,-2.75018905096971
"Otarioidea","Otarioidea","B394","B493","internal_clade","required","Pinniped axis","binary_aquatic_dependence","binary_aquatic_dependence","LRIF1",67,"aquatic_specific","DNA repair / chromatin / cell-cycle",0.00997540842690748,-0.295465859599564,-0.00294739262571295,0.00294739262571295,"negative",35.4810237356989,FALSE,-1.82676803771315,0.138623742194832,-2.75018905096971
"Otarioidea","Otarioidea","B394","B493","internal_clade","required","Pinniped axis","binary_aquatic_dependence","binary_aquatic_dependence","BAMBI",68,"aquatic_specific","Developmental / transcriptional signaling regulators",0.0120734458485713,0.0876990219750506,0.00105882939278844,0.00105882939278844,"positive",61.9471780004875,FALSE,-1.82676803771315,0.138623742194832,-2.75018905096971
"Otarioidea","Otarioidea","B394","B493","internal_clade","required","Pinniped axis","binary_aquatic_dependence","binary_aquatic_dependence","LLGL1",69,"aquatic_specific","Membrane trafficking / ER / vesicle processing",0.0221096407434654,1.02705688256749,0.0227078586966708,0.0227078586966708,"positive",91.8854655048782,FALSE,-1.82676803771315,0.138623742194832,-2.75018905096971
"Otarioidea","Otarioidea","B394","B493","internal_clade","required","Pinniped axis","binary_aquatic_dependence","binary_aquatic_dependence","COL20A1",70,"shared","Cytoskeletal / muscle / ECM / adhesion",0.0288024871662898,-0.446899079142695,-0.0128718049916342,0.0128718049916342,"negative",60.1902593276531,FALSE,-1.82676803771315,0.138623742194832,-2.75018905096971
"Otarioidea","Otarioidea","B394","B493","internal_clade","required","Pinniped axis","binary_aquatic_dependence","binary_aquatic_dependence","TGM1",71,"shared","Epithelial / body-surface interface",0.0320265937643637,-1.46491207709402,-0.0469161439936002,0.0469161439936002,"negative",22.9601485710736,FALSE,-1.82676803771315,0.138623742194832,-2.75018905096971
"Otarioidea","Otarioidea","B394","B493","internal_clade","required","Pinniped axis","binary_aquatic_dependence","binary_aquatic_dependence","PDE6C",72,"aquatic_specific","Sensory systems",0.0369091575908715,0.633663932695626,0.0233880019515142,0.0233880019515142,"positive",88.0477502162215,FALSE,-1.82676803771315,0.138623742194832,-2.75018905096971
"Otarioidea","Otarioidea","B394","B493","internal_clade","required","Pinniped axis","binary_aquatic_dependence","binary_aquatic_dependence","TOGARAM2",73,"shared","Cilia / flagella / reproductive-cell function",0.03936598299555,-0.0763095552476065,-0.00300400065427526,0.00300400065427526,"negative",71.073231650519,FALSE,-1.82676803771315,0.138623742194832,-2.75018905096971
"Otarioidea","Otarioidea","B394","B493","internal_clade","required","Pinniped axis","binary_aquatic_dependence","binary_aquatic_dependence","CSMD1",74,"aquatic_specific","Immune / inflammatory regulation",0.0435717554769353,-0.280205797525149,-0.0122090584929854,0.0122090584929854,"negative",57.5682084154248,FALSE,-1.82676803771315,0.138623742194832,-2.75018905096971
"Otarioidea","Otarioidea","B394","B493","internal_clade","required","Pinniped axis","binary_aquatic_dependence","binary_aquatic_dependence","KRTDAP",75,"shared","Epithelial / body-surface interface",0.0447305719374455,-0.545089578922776,-0.0243821686223571,0.0243821686223571,"negative",21.8547978887861,FALSE,-1.82676803771315,0.138623742194832,-2.75018905096971
"Otarioidea","Otarioidea","B394","B493","internal_clade","required","Pinniped axis","binary_aquatic_dependence","binary_aquatic_dependence","CNGA4",76,"aquatic_specific","Sensory systems",0.0586555487526509,-0.219729045082367,-0.0128883277162022,0.0128883277162022,"negative",57.1868755619664,FALSE,-1.82676803771315,0.138623742194832,-2.75018905096971
"Otarioidea","Otarioidea","B394","B493","internal_clade","required","Pinniped axis","binary_aquatic_dependence","binary_aquatic_dependence","ARSA",77,"aquatic_specific","Metabolism / redox / lipid handling",0.0862370240736283,-0.576218298782346,-0.0496913513037583,0.0496913513037583,"negative",32.4766305354983,FALSE,-1.82676803771315,0.138623742194832,-2.75018905096971
"Otarioidea","Otarioidea","B394","B493","internal_clade","required","Pinniped axis","binary_aquatic_dependence","binary_aquatic_dependence","DEUP1",78,"aquatic_specific","Cilia / flagella / reproductive-cell function",0.0985919084118505,0.555301717189087,0.0547482560420498,0.0547482560420498,"positive",90.4760412927648,FALSE,-1.82676803771315,0.138623742194832,-2.75018905096971
"Otarioidea","Otarioidea","B394","B493","internal_clade","required","Pinniped axis","binary_aquatic_dependence","binary_aquatic_dependence","PIEZO1",79,"aquatic_specific","Ion channels / mechanosensation / membrane signaling",0.100220575454654,1.20447392056409,0.120713069439056,0.120713069439056,"positive",105.919608068681,FALSE,-1.82676803771315,0.138623742194832,-2.75018905096971
"Otarioidea","Otarioidea","B394","B493","internal_clade","required","Pinniped axis","binary_aquatic_dependence","binary_aquatic_dependence","DBNL",80,"shared","Cytoskeletal / muscle / ECM / adhesion",0.116035395287358,-0.246476086042644,-0.028599950072839,0.028599950072839,"negative",48.2078644437239,FALSE,-1.82676803771315,0.138623742194832,-2.75018905096971
"Otarioidea","Otarioidea","B394","B493","internal_clade","required","Pinniped axis","binary_aquatic_dependence","binary_aquatic_dependence","OR6B1",81,"shared","Sensory systems",0.1211331117984,-0.262524627064331,-0.031800425000017,0.031800425000017,"negative",64.5086511482237,FALSE,-1.82676803771315,0.138623742194832,-2.75018905096971
"Otarioidea","Otarioidea","B394","B493","internal_clade","required","Pinniped axis","binary_aquatic_dependence","binary_aquatic_dependence","ABHD8",82,"aquatic_specific","Metabolism / redox / lipid handling",0.123391794658719,-0.299009626855382,-0.0368953344779195,0.0368953344779195,"negative",40.667531199853,FALSE,-1.82676803771315,0.138623742194832,-2.75018905096971
"Otarioidea","Otarioidea","B394","B493","internal_clade","required","Pinniped axis","binary_aquatic_dependence","binary_aquatic_dependence","FZD5",83,"aquatic_specific","Developmental / transcriptional signaling regulators",0.130676120517993,-0.312409550861874,-0.0408244681193984,0.0408244681193984,"negative",43.6859910779132,FALSE,-1.82676803771315,0.138623742194832,-2.75018905096971
"Otarioidea","Otarioidea","B394","B493","internal_clade","required","Pinniped axis","binary_aquatic_dependence","binary_aquatic_dependence","PNPLA7",84,"shared","Metabolism / redox / lipid handling",0.137885581276299,0.999575496701736,0.137827048392265,0.137827048392265,"positive",98.346601385121,FALSE,-1.82676803771315,0.138623742194832,-2.75018905096971
"Otarioidea","Otarioidea","B394","B493","internal_clade","required","Pinniped axis","binary_aquatic_dependence","binary_aquatic_dependence","SPEF2",85,"aquatic_specific","Cilia / flagella / reproductive-cell function",0.174059525751515,0.0264335121217086,0.00460100458385153,0.00460100458385153,"positive",61.749801711675,FALSE,-1.82676803771315,0.138623742194832,-2.75018905096971
"Otarioidea","Otarioidea","B394","B493","internal_clade","required","Pinniped axis","binary_aquatic_dependence","binary_aquatic_dependence","GCKR",86,"aquatic_specific","Endocrine / circadian / systemic regulation",0.176184373124808,-0.349687981494683,-0.0616095578089201,0.0616095578089201,"negative",70.6375054935311,FALSE,-1.82676803771315,0.138623742194832,-2.75018905096971
"Otarioidea","Otarioidea","B394","B493","internal_clade","required","Pinniped axis","binary_aquatic_dependence","binary_aquatic_dependence","SEC61A2",87,"aquatic_specific","Membrane trafficking / ER / vesicle processing",0.176583875943885,0.0682043981789885,0.0120437969868658,0.0120437969868658,"positive",53.7102124735987,FALSE,-1.82676803771315,0.138623742194832,-2.75018905096971
"Otarioidea","Otarioidea","B394","B493","internal_clade","required","Pinniped axis","binary_aquatic_dependence","binary_aquatic_dependence","OR52W1",88,"shared","Sensory systems",0.190684677268266,-0.722711146934464,-0.137809941811377,0.137809941811377,"negative",40.799717453883,FALSE,-1.82676803771315,0.138623742194832,-2.75018905096971
"Otarioidea","Otarioidea","B394","B493","internal_clade","required","Pinniped axis","binary_aquatic_dependence","binary_aquatic_dependence","PRSS53",89,"aquatic_specific","Epithelial / body-surface interface",0.194083977905306,0.518743677708277,0.10067983648285,0.10067983648285,"positive",79.2323365516676,FALSE,-1.82676803771315,0.138623742194832,-2.75018905096971
"Otarioidea","Otarioidea","B394","B493","internal_clade","required","Pinniped axis","binary_aquatic_dependence","binary_aquatic_dependence","KCNK18",90,"shared","Ion channels / mechanosensation / membrane signaling",0.217561248206336,0.585616227042446,0.12740739732524,0.12740739732524,"positive",81.2283045039714,FALSE,-1.82676803771315,0.138623742194832,-2.75018905096971
"Otarioidea","Otarioidea","B394","B493","internal_clade","required","Pinniped axis","binary_aquatic_dependence","binary_aquatic_dependence","SDR9C7",91,"shared","Epithelial / body-surface interface",0.220181989308241,0.725202529670631,0.159676535634248,0.159676535634248,"positive",88.8424502853959,FALSE,-1.82676803771315,0.138623742194832,-2.75018905096971
"Otarioidea","Otarioidea","B394","B493","internal_clade","required","Pinniped axis","binary_aquatic_dependence","binary_aquatic_dependence","OMP",92,"shared","Sensory systems",0.231144543648012,-2.82056658516719e-16,-6.51958576157301e-17,6.51958576157301e-17,"negative",,TRUE,-1.82676803771315,0.138623742194832,-2.75018905096971
"Otarioidea","Otarioidea","B394","B493","internal_clade","required","Pinniped axis","binary_aquatic_dependence","binary_aquatic_dependence","SYTL5",93,"aquatic_specific","Membrane trafficking / ER / vesicle processing",0.265993756746688,-1.02446507838628,-0.272501314855755,0.272501314855755,"negative",33.5150900386003,FALSE,-1.82676803771315,0.138623742194832,-2.75018905096971
"Otarioidea","Otarioidea","B394","B493","internal_clade","required","Pinniped axis","binary_aquatic_dependence","binary_aquatic_dependence","IL33",94,"shared","Immune / inflammatory regulation",0.340038935001018,-0.0355745816843177,-0.0120967428690421,0.0120967428690421,"negative",42.5335023751858,FALSE,-1.82676803771315,0.138623742194832,-2.75018905096971
"Otarioidea","Otarioidea","B394","B493","internal_clade","required","Pinniped axis","binary_aquatic_dependence","binary_aquatic_dependence","KIF18A",95,"aquatic_specific","DNA repair / chromatin / cell-cycle",0.340198342633948,-0.120217101385046,-0.04089765864745,0.04089765864745,"negative",46.7943649599421,FALSE,-1.82676803771315,0.138623742194832,-2.75018905096971
"Otarioidea","Otarioidea","B394","B493","internal_clade","required","Pinniped axis","binary_aquatic_dependence","binary_aquatic_dependence","FAM13A",96,"aquatic_specific","Developmental / transcriptional signaling regulators",0.348973910716795,-0.100491184258586,-0.0350688015632809,0.0350688015632809,"negative",54.8781967685887,FALSE,-1.82676803771315,0.138623742194832,-2.75018905096971
"Otarioidea","Otarioidea","B394","B493","internal_clade","required","Pinniped axis","binary_aquatic_dependence","binary_aquatic_dependence","NWD1",97,"aquatic_specific","Developmental / transcriptional signaling regulators",0.404558879261438,-0.0711502388887887,-0.028784460904032,0.028784460904032,"negative",70.2260876809948,FALSE,-1.82676803771315,0.138623742194832,-2.75018905096971
"Otarioidea","Otarioidea","B394","B493","internal_clade","required","Pinniped axis","binary_aquatic_dependence","binary_aquatic_dependence","LRP2",98,"aquatic_specific","Transport / endocytic / epithelial solute handling",0.471378525654808,-0.402230659654637,-0.189602895321164,0.189602895321164,"negative",43.2456304731493,FALSE,-1.82676803771315,0.138623742194832,-2.75018905096971
"Otarioidea","Otarioidea","B394","B493","internal_clade","required","Pinniped axis","binary_aquatic_dependence","binary_aquatic_dependence","CACNA1G",99,"aquatic_specific","Ion channels / mechanosensation / membrane signaling",0.593854706123962,0.950106931070025,0.564225472336929,0.564225472336929,"positive",87.634959632858,FALSE,-1.82676803771315,0.138623742194832,-2.75018905096971
"Otarioidea","Otarioidea","B394","B493","internal_clade","required","Pinniped axis","binary_aquatic_dependence","binary_aquatic_dependence","PER1",100,"aquatic_specific","Endocrine / circadian / systemic regulation",0.784004329488712,1.30825562743724,1.02567807598877,1.02567807598877,"positive",104.199981596871,FALSE,-1.82676803771315,0.138623742194832,-2.75018905096971
"Otarioidea","Otarioidea","B394","B493","internal_clade","required","Pinniped axis","binary_aquatic_dependence","binary_aquatic_dependence","TGM3",101,"shared","Epithelial / body-surface interface",1.04080869919882,0.0301459987685672,0.0313762177643615,0.0313762177643615,"positive",60.4401683038092,FALSE,-1.82676803771315,0.138623742194832,-2.75018905096971
"Otariidae","Otariidae","B393","B492","internal_clade","required","Pinniped axis","binary_aquatic_dependence","binary_aquatic_dependence","ATF7IP2",1,"aquatic_specific","DNA repair / chromatin / cell-cycle",-0.581769927151342,-0.169260753240705,0.098470816082426,0.098470816082426,"positive",55.7830510500735,FALSE,-2.11675067553441,0.107479372928064,-2.75018905096971
"Otariidae","Otariidae","B393","B492","internal_clade","required","Pinniped axis","binary_aquatic_dependence","binary_aquatic_dependence","WDR93",2,"shared","Cilia / flagella / reproductive-cell function",-0.4793197990576,0.334445221674868,-0.160306216448972,0.160306216448972,"negative",59.6802884446661,FALSE,-2.11675067553441,0.107479372928064,-2.75018905096971
"Otariidae","Otariidae","B393","B492","internal_clade","required","Pinniped axis","binary_aquatic_dependence","binary_aquatic_dependence","PMIS2",3,"aquatic_specific","Developmental / transcriptional signaling regulators",-0.39072525213697,0.119090174088749,-0.046531538297862,0.046531538297862,"negative",60.581227705827,FALSE,-2.11675067553441,0.107479372928064,-2.75018905096971
"Otariidae","Otariidae","B393","B492","internal_clade","required","Pinniped axis","binary_aquatic_dependence","binary_aquatic_dependence","PFKP",4,"aquatic_specific","Metabolism / redox / lipid handling",-0.356881027792284,-0.121345106721853,0.0433057664044594,0.0433057664044594,"positive",55.0223883030101,FALSE,-2.11675067553441,0.107479372928064,-2.75018905096971
"Otariidae","Otariidae","B393","B492","internal_clade","required","Pinniped axis","binary_aquatic_dependence","binary_aquatic_dependence","PDGFB",5,"aquatic_specific","Vascular / hematologic regulation",-0.348561123284862,-0.689908567966366,0.240475305414207,0.240475305414207,"positive",26.2704129636552,FALSE,-2.11675067553441,0.107479372928064,-2.75018905096971
"Otariidae","Otariidae","B393","B492","internal_clade","required","Pinniped axis","binary_aquatic_dependence","binary_aquatic_dependence","PUSL1",6,"shared","Metabolism / redox / lipid handling",-0.314220898750119,0.799589526228338,-0.25124773956265,0.25124773956265,"negative",81.1162443559292,FALSE,-2.11675067553441,0.107479372928064,-2.75018905096971
"Otariidae","Otariidae","B393","B492","internal_clade","required","Pinniped axis","binary_aquatic_dependence","binary_aquatic_dependence","SMCO3",7,"aquatic_specific","Unassigned / low-confidence",-0.307082295991399,-0.509673633090146,0.1565117494556,0.1565117494556,"positive",33.3411847063771,FALSE,-2.11675067553441,0.107479372928064,-2.75018905096971
"Otariidae","Otariidae","B393","B492","internal_clade","required","Pinniped axis","binary_aquatic_dependence","binary_aquatic_dependence","GGTLC1",8,"aquatic_specific","Metabolism / redox / lipid handling",-0.291163814888646,0.0920755267377953,-0.026809061622858,0.026809061622858,"negative",66.7129337471717,FALSE,-2.11675067553441,0.107479372928064,-2.75018905096971
"Otariidae","Otariidae","B393","B492","internal_clade","required","Pinniped axis","binary_aquatic_dependence","binary_aquatic_dependence","C16orf91",9,"aquatic_specific","Unassigned / low-confidence",-0.262195862787636,-0.717231142370154,0.188055038191904,0.188055038191904,"positive",25.0016559162035,FALSE,-2.11675067553441,0.107479372928064,-2.75018905096971
"Otariidae","Otariidae","B393","B492","internal_clade","required","Pinniped axis","binary_aquatic_dependence","binary_aquatic_dependence","HGFAC",10,"shared","Vascular / hematologic regulation",-0.251889764940469,-0.808382721143163,0.203623333610688,0.203623333610688,"positive",29.40456912535,FALSE,-2.11675067553441,0.107479372928064,-2.75018905096971
"Otariidae","Otariidae","B393","B492","internal_clade","required","Pinniped axis","binary_aquatic_dependence","binary_aquatic_dependence","NLRP8",11,"aquatic_specific","Immune / inflammatory regulation",-0.249357601464042,-1.24584100762268,0.310659925466337,0.310659925466337,"positive",36.0223272000584,FALSE,-2.11675067553441,0.107479372928064,-2.75018905096971
"Otariidae","Otariidae","B393","B492","internal_clade","required","Pinniped axis","binary_aquatic_dependence","binary_aquatic_dependence","FN3K",12,"shared","Metabolism / redox / lipid handling",-0.244837253974046,0.951598543288925,-0.232986774224563,0.232986774224563,"negative",82.6823016429782,FALSE,-2.11675067553441,0.107479372928064,-2.75018905096971
"Otariidae","Otariidae","B393","B492","internal_clade","required","Pinniped axis","binary_aquatic_dependence","binary_aquatic_dependence","NUBP2",13,"shared","Metabolism / redox / lipid handling",-0.239999172123246,0.294109985775336,-0.0705861530992604,0.0705861530992604,"negative",67.3119680618925,FALSE,-2.11675067553441,0.107479372928064,-2.75018905096971
"Otariidae","Otariidae","B393","B492","internal_clade","required","Pinniped axis","binary_aquatic_dependence","binary_aquatic_dependence","ACADSB",14,"aquatic_specific","Metabolism / redox / lipid handling",-0.238865076823398,3.02406705652264,-0.722344009775387,0.722344009775387,"negative",146.346496886358,FALSE,-2.11675067553441,0.107479372928064,-2.75018905096971
"Otariidae","Otariidae","B393","B492","internal_clade","required","Pinniped axis","binary_aquatic_dependence","binary_aquatic_dependence","TTC28",15,"aquatic_specific","Developmental / transcriptional signaling regulators",-0.237914556985983,-1.10251935653359,0.262305404278161,0.262305404278161,"positive",27.5757991865103,FALSE,-2.11675067553441,0.107479372928064,-2.75018905096971
"Otariidae","Otariidae","B393","B492","internal_clade","required","Pinniped axis","binary_aquatic_dependence","binary_aquatic_dependence","SLC6A15",16,"aquatic_specific","Transport / endocytic / epithelial solute handling",-0.23289351110375,2.22530909925717,-0.518260049417126,0.518260049417126,"negative",124.775368046818,FALSE,-2.11675067553441,0.107479372928064,-2.75018905096971
"Otariidae","Otariidae","B393","B492","internal_clade","required","Pinniped axis","binary_aquatic_dependence","binary_aquatic_dependence","CATSPERG",17,"aquatic_specific","Cilia / flagella / reproductive-cell function",-0.232264279338058,-0.893588615153562,0.207548715723335,0.207548715723335,"positive",26.1928901340128,FALSE,-2.11675067553441,0.107479372928064,-2.75018905096971
"Otariidae","Otariidae","B393","B492","internal_clade","required","Pinniped axis","binary_aquatic_dependence","binary_aquatic_dependence","SYDE1",18,"shared","Cytoskeletal / muscle / ECM / adhesion",-0.232023025562006,-0.68576575205441,0.159113444618469,0.159113444618469,"positive",37.8502565294741,FALSE,-2.11675067553441,0.107479372928064,-2.75018905096971
"Otariidae","Otariidae","B393","B492","internal_clade","required","Pinniped axis","binary_aquatic_dependence","binary_aquatic_dependence","SLC5A5",19,"aquatic_specific","Transport / endocytic / epithelial solute handling",-0.231105741131879,-1.13510413490018,0.262329082357966,0.262329082357966,"positive",20.0051315255859,FALSE,-2.11675067553441,0.107479372928064,-2.75018905096971
"Otariidae","Otariidae","B393","B492","internal_clade","required","Pinniped axis","binary_aquatic_dependence","binary_aquatic_dependence","SIGIRR",20,"aquatic_specific","Immune / inflammatory regulation",-0.210302505536658,0.66352769730561,-0.139541537236339,0.139541537236339,"negative",114.717709049221,FALSE,-2.11675067553441,0.107479372928064,-2.75018905096971
"Otariidae","Otariidae","B393","B492","internal_clade","required","Pinniped axis","binary_aquatic_dependence","binary_aquatic_dependence","KEAP1",21,"aquatic_specific","Developmental / transcriptional signaling regulators",-0.19883739251004,-0.225391767711154,0.0448163113849146,0.0448163113849146,"positive",48.7041393634362,FALSE,-2.11675067553441,0.107479372928064,-2.75018905096971
"Otariidae","Otariidae","B393","B492","internal_clade","required","Pinniped axis","binary_aquatic_dependence","binary_aquatic_dependence","SYNPO2",22,"aquatic_specific","Cytoskeletal / muscle / ECM / adhesion",-0.164171125185038,0.176074353110451,-0.0289063246663705,0.0289063246663705,"negative",60.5066938484979,FALSE,-2.11675067553441,0.107479372928064,-2.75018905096971
"Otariidae","Otariidae","B393","B492","internal_clade","required","Pinniped axis","binary_aquatic_dependence","binary_aquatic_dependence","PI4KA",23,"aquatic_specific","Ion channels / mechanosensation / membrane signaling",-0.161213914772254,0.064318687332106,-0.0103690673778214,0.0103690673778214,"negative",62.6563808914546,FALSE,-2.11675067553441,0.107479372928064,-2.75018905096971
"Otariidae","Otariidae","B393","B492","internal_clade","required","Pinniped axis","binary_aquatic_dependence","binary_aquatic_dependence","H1_8",24,"aquatic_specific","DNA repair / chromatin / cell-cycle",-0.160268979059258,1.71922596608087,-0.275538590355948,0.275538590355948,"negative",105.781428274969,FALSE,-2.11675067553441,0.107479372928064,-2.75018905096971
"Otariidae","Otariidae","B393","B492","internal_clade","required","Pinniped axis","binary_aquatic_dependence","binary_aquatic_dependence","CATSPERZ",25,"shared","Cilia / flagella / reproductive-cell function",-0.154029925159516,-0.86310072920299,0.13294334072426,0.13294334072426,"positive",13.0587775986289,FALSE,-2.11675067553441,0.107479372928064,-2.75018905096971
"Otariidae","Otariidae","B393","B492","internal_clade","required","Pinniped axis","binary_aquatic_dependence","binary_aquatic_dependence","TIGD7",26,"aquatic_specific","Developmental / transcriptional signaling regulators",-0.153350666144971,1.93834609322955,-0.297246664616254,0.297246664616254,"negative",298.554183925371,FALSE,-2.11675067553441,0.107479372928064,-2.75018905096971
"Otariidae","Otariidae","B393","B492","internal_clade","required","Pinniped axis","binary_aquatic_dependence","binary_aquatic_dependence","CLASP2",27,"aquatic_specific","Cytoskeletal / muscle / ECM / adhesion",-0.153215743294715,0.384020588533786,-0.0588379999126781,0.0588379999126781,"negative",67.5602572810397,FALSE,-2.11675067553441,0.107479372928064,-2.75018905096971
"Otariidae","Otariidae","B393","B492","internal_clade","required","Pinniped axis","binary_aquatic_dependence","binary_aquatic_dependence","FAM20B",28,"aquatic_specific","Developmental / transcriptional signaling regulators",-0.149046125022571,0.6592237938554,-0.0982547519968257,0.0982547519968257,"negative",86.0220201400305,FALSE,-2.11675067553441,0.107479372928064,-2.75018905096971
"Otariidae","Otariidae","B393","B492","internal_clade","required","Pinniped axis","binary_aquatic_dependence","binary_aquatic_dependence","EHHADH",29,"aquatic_specific","Metabolism / redox / lipid handling",-0.134704680594371,0.57550758312444,-0.0775235651644163,0.0775235651644163,"negative",84.8690512100611,FALSE,-2.11675067553441,0.107479372928064,-2.75018905096971
"Otariidae","Otariidae","B393","B492","internal_clade","required","Pinniped axis","binary_aquatic_dependence","binary_aquatic_dependence","XCR1",30,"aquatic_specific","Immune / inflammatory regulation",-0.128894917212046,0.0083348457967847,-0.00107431925895174,0.00107431925895174,"negative",51.649328091857,FALSE,-2.11675067553441,0.107479372928064,-2.75018905096971
"Otariidae","Otariidae","B393","B492","internal_clade","required","Pinniped axis","binary_aquatic_dependence","binary_aquatic_dependence","CLTCL1",31,"aquatic_specific","Membrane trafficking / ER / vesicle processing",-0.122013377075862,-0.337376685020617,0.041164468686025,0.041164468686025,"positive",53.9996542553035,FALSE,-2.11675067553441,0.107479372928064,-2.75018905096971
"Otariidae","Otariidae","B393","B492","internal_clade","required","Pinniped axis","binary_aquatic_dependence","binary_aquatic_dependence","SLC6A6",32,"aquatic_specific","Transport / endocytic / epithelial solute handling",-0.121595276910313,-0.0019643794822186,0.000238859267097308,0.000238859267097308,"positive",58.7095121305052,FALSE,-2.11675067553441,0.107479372928064,-2.75018905096971
"Otariidae","Otariidae","B393","B492","internal_clade","required","Pinniped axis","binary_aquatic_dependence","binary_aquatic_dependence","ACOX3",33,"aquatic_specific","Metabolism / redox / lipid handling",-0.118129521585615,-1.32302431668721,0.156288229576396,0.156288229576396,"positive",27.0005089571694,FALSE,-2.11675067553441,0.107479372928064,-2.75018905096971
"Otariidae","Otariidae","B393","B492","internal_clade","required","Pinniped axis","binary_aquatic_dependence","binary_aquatic_dependence","CORO2A",34,"aquatic_specific","Cytoskeletal / muscle / ECM / adhesion",-0.110434776748237,0.873193070479695,-0.0964308817965331,0.0964308817965331,"negative",85.3395862281894,FALSE,-2.11675067553441,0.107479372928064,-2.75018905096971
"Otariidae","Otariidae","B393","B492","internal_clade","required","Pinniped axis","binary_aquatic_dependence","binary_aquatic_dependence","SEPTIN5",35,"aquatic_specific","Cytoskeletal / muscle / ECM / adhesion",-0.106389612271777,1.06041375516185,-0.112817008259329,0.112817008259329,"negative",107.971786655303,FALSE,-2.11675067553441,0.107479372928064,-2.75018905096971
"Otariidae","Otariidae","B393","B492","internal_clade","required","Pinniped axis","binary_aquatic_dependence","binary_aquatic_dependence","MEFV",36,"aquatic_specific","Immune / inflammatory regulation",-0.106234859098565,-0.39770555234305,0.0422501933158811,0.0422501933158811,"positive",47.7358545603891,FALSE,-2.11675067553441,0.107479372928064,-2.75018905096971
"Otariidae","Otariidae","B393","B492","internal_clade","required","Pinniped axis","binary_aquatic_dependence","binary_aquatic_dependence","C1orf112",37,"aquatic_specific","DNA repair / chromatin / cell-cycle",-0.10365191227098,-0.56231161368439,0.0582846740505679,0.0582846740505679,"positive",40.3059330705345,FALSE,-2.11675067553441,0.107479372928064,-2.75018905096971
"Otariidae","Otariidae","B393","B492","internal_clade","required","Pinniped axis","binary_aquatic_dependence","binary_aquatic_dependence","HPRT1",38,"aquatic_specific","Metabolism / redox / lipid handling",-0.099597493197772,0.0236145275443249,-0.0023519477464645,0.0023519477464645,"negative",53.9110962768307,FALSE,-2.11675067553441,0.107479372928064,-2.75018905096971
"Otariidae","Otariidae","B393","B492","internal_clade","required","Pinniped axis","binary_aquatic_dependence","binary_aquatic_dependence","CD34",39,"shared","Vascular / hematologic regulation",-0.0959044894988044,0.132945094833138,-0.0127500314513422,0.0127500314513422,"negative",58.2217030725973,FALSE,-2.11675067553441,0.107479372928064,-2.75018905096971
"Otariidae","Otariidae","B393","B492","internal_clade","required","Pinniped axis","binary_aquatic_dependence","binary_aquatic_dependence","CASTOR1",40,"aquatic_specific","Endocrine / circadian / systemic regulation",-0.0825057476543748,-0.464578489236269,0.0383303955985783,0.0383303955985783,"positive",34.5592960522923,FALSE,-2.11675067553441,0.107479372928064,-2.75018905096971
"Otariidae","Otariidae","B393","B492","internal_clade","required","Pinniped axis","binary_aquatic_dependence","binary_aquatic_dependence","RAC3",41,"aquatic_specific","Developmental / transcriptional signaling regulators",-0.0814970345799135,-1.04721769203214,0.0853451364602407,0.0853451364602407,"positive",0,FALSE,-2.11675067553441,0.107479372928064,-2.75018905096971
"Otariidae","Otariidae","B393","B492","internal_clade","required","Pinniped axis","binary_aquatic_dependence","binary_aquatic_dependence","URI1",42,"aquatic_specific","Developmental / transcriptional signaling regulators",-0.078475489653661,-0.576919899694164,0.0452740716194405,0.0452740716194405,"positive",30.6375400537745,FALSE,-2.11675067553441,0.107479372928064,-2.75018905096971
"Otariidae","Otariidae","B393","B492","internal_clade","required","Pinniped axis","binary_aquatic_dependence","binary_aquatic_dependence","SPINT4",43,"aquatic_specific","Epithelial / body-surface interface",-0.0769933368325998,-1.15218095632319,0.088710256462298,0.088710256462298,"positive",0,FALSE,-2.11675067553441,0.107479372928064,-2.75018905096971
"Otariidae","Otariidae","B393","B492","internal_clade","required","Pinniped axis","binary_aquatic_dependence","binary_aquatic_dependence","GGTLC3",44,"aquatic_specific","Metabolism / redox / lipid handling",-0.0726998898105257,-0.0175932182297073,0.00127902502671225,0.00127902502671225,"positive",54.7694425613013,FALSE,-2.11675067553441,0.107479372928064,-2.75018905096971
"Otariidae","Otariidae","B393","B492","internal_clade","required","Pinniped axis","binary_aquatic_dependence","binary_aquatic_dependence","KMO",45,"aquatic_specific","Metabolism / redox / lipid handling",-0.0725495886342883,2.06247113786829,-0.149631432622437,0.149631432622437,"negative",129.898865638076,FALSE,-2.11675067553441,0.107479372928064,-2.75018905096971
"Otariidae","Otariidae","B393","B492","internal_clade","required","Pinniped axis","binary_aquatic_dependence","binary_aquatic_dependence","PDK1",46,"aquatic_specific","Metabolism / redox / lipid handling",-0.0696000509826744,-0.82576901567165,0.0574735655906597,0.0574735655906597,"positive",18.7554749464966,FALSE,-2.11675067553441,0.107479372928064,-2.75018905096971
"Otariidae","Otariidae","B393","B492","internal_clade","required","Pinniped axis","binary_aquatic_dependence","binary_aquatic_dependence","EPOR",47,"shared","Vascular / hematologic regulation",-0.0639836237556098,-0.0722698695436513,0.00462408814174799,0.00462408814174799,"positive",50.3553144659261,FALSE,-2.11675067553441,0.107479372928064,-2.75018905096971
"Otariidae","Otariidae","B393","B492","internal_clade","required","Pinniped axis","binary_aquatic_dependence","binary_aquatic_dependence","AC092835",48,"aquatic_specific","Unassigned / low-confidence",-0.0481295116799046,-0.563424023329061,0.0271173231115549,0.0271173231115549,"positive",33.9813792824754,FALSE,-2.11675067553441,0.107479372928064,-2.75018905096971
"Otariidae","Otariidae","B393","B492","internal_clade","required","Pinniped axis","binary_aquatic_dependence","binary_aquatic_dependence","CDHR4",49,"aquatic_specific","Epithelial / body-surface interface",-0.043359831407413,1.77372811332917,-0.0769085519565416,0.0769085519565416,"negative",90.3047456888669,FALSE,-2.11675067553441,0.107479372928064,-2.75018905096971
"Otariidae","Otariidae","B393","B492","internal_clade","required","Pinniped axis","binary_aquatic_dependence","binary_aquatic_dependence","PROB1",50,"aquatic_specific","Unassigned / low-confidence",-0.031368805999096,0.743925809865298,-0.0233360644073849,0.0233360644073849,"negative",72.2221804056648,FALSE,-2.11675067553441,0.107479372928064,-2.75018905096971
"Otariidae","Otariidae","B393","B492","internal_clade","required","Pinniped axis","binary_aquatic_dependence","binary_aquatic_dependence","PPP1R3A",51,"aquatic_specific","Metabolism / redox / lipid handling",-0.0310971405758917,0.90220691868562,-0.0280560553789088,0.0280560553789088,"negative",76.5502390608923,FALSE,-2.11675067553441,0.107479372928064,-2.75018905096971
"Otariidae","Otariidae","B393","B492","internal_clade","required","Pinniped axis","binary_aquatic_dependence","binary_aquatic_dependence","CDC14B",52,"aquatic_specific","DNA repair / chromatin / cell-cycle",-0.0297700481634882,-0.384688738528788,0.0114522022739535,0.0114522022739535,"positive",36.7471512973848,FALSE,-2.11675067553441,0.107479372928064,-2.75018905096971
"Otariidae","Otariidae","B393","B492","internal_clade","required","Pinniped axis","binary_aquatic_dependence","binary_aquatic_dependence","SOX7",53,"shared","Developmental / transcriptional signaling regulators",-0.0288474092932838,0.685127518744353,-0.0197641539513103,0.0197641539513103,"negative",80.4018617259665,FALSE,-2.11675067553441,0.107479372928064,-2.75018905096971
"Otariidae","Otariidae","B393","B492","internal_clade","required","Pinniped axis","binary_aquatic_dependence","binary_aquatic_dependence","MSN",54,"aquatic_specific","Cytoskeletal / muscle / ECM / adhesion",-0.0286086021473059,-0.938664163689188,0.0268538696089176,0.0268538696089176,"positive",21.277361042897,FALSE,-2.11675067553441,0.107479372928064,-2.75018905096971
"Otariidae","Otariidae","B393","B492","internal_clade","required","Pinniped axis","binary_aquatic_dependence","binary_aquatic_dependence","COMMD4",55,"aquatic_specific","DNA repair / chromatin / cell-cycle",-0.0187271239132032,-0.407294131631795,0.00762744767218911,0.00762744767218911,"positive",29.2765075207811,FALSE,-2.11675067553441,0.107479372928064,-2.75018905096971
"Otariidae","Otariidae","B393","B492","internal_clade","required","Pinniped axis","binary_aquatic_dependence","binary_aquatic_dependence","NOXO1",56,"aquatic_specific","Ion channels / mechanosensation / membrane signaling",-0.0179148306739576,0.881103890798778,-0.0157848270098253,0.0157848270098253,"negative",91.1084014961514,FALSE,-2.11675067553441,0.107479372928064,-2.75018905096971
"Otariidae","Otariidae","B393","B492","internal_clade","required","Pinniped axis","binary_aquatic_dependence","binary_aquatic_dependence","CCDC174",57,"aquatic_specific","RNA processing / translation / protein homeostasis",-0.0162180345629962,-0.248654299975817,0.00403268403124541,0.00403268403124541,"positive",51.8397030124122,FALSE,-2.11675067553441,0.107479372928064,-2.75018905096971
"Otariidae","Otariidae","B393","B492","internal_clade","required","Pinniped axis","binary_aquatic_dependence","binary_aquatic_dependence","FLYWCH1",58,"aquatic_specific","Developmental / transcriptional signaling regulators",-0.0104987023982283,-0.482336973068696,0.00506391233591049,0.00506391233591049,"positive",39.2871550319129,FALSE,-2.11675067553441,0.107479372928064,-2.75018905096971
"Otariidae","Otariidae","B393","B492","internal_clade","required","Pinniped axis","binary_aquatic_dependence","binary_aquatic_dependence","RHCG",59,"aquatic_specific","Transport / endocytic / epithelial solute handling",-0.0101117732108071,-0.19905160211082,0.00201276465779243,0.00201276465779243,"positive",44.2236085268922,FALSE,-2.11675067553441,0.107479372928064,-2.75018905096971
"Otariidae","Otariidae","B393","B492","internal_clade","required","Pinniped axis","binary_aquatic_dependence","binary_aquatic_dependence","IP6K1",60,"aquatic_specific","Ion channels / mechanosensation / membrane signaling",-0.00832534794040649,-0.845484021960364,0.00703894866087432,0.00703894866087432,"positive",22.3277030274839,FALSE,-2.11675067553441,0.107479372928064,-2.75018905096971
"Otariidae","Otariidae","B393","B492","internal_clade","required","Pinniped axis","binary_aquatic_dependence","binary_aquatic_dependence","SORBS2",61,"aquatic_specific","Cytoskeletal / muscle / ECM / adhesion",-0.0080058731823396,1.11715829900936,-0.00894382766646714,0.00894382766646714,"negative",87.1068659900031,FALSE,-2.11675067553441,0.107479372928064,-2.75018905096971
"Otariidae","Otariidae","B393","B492","internal_clade","required","Pinniped axis","binary_aquatic_dependence","binary_aquatic_dependence","ASMTL",62,"shared","Endocrine / circadian / systemic regulation",-0.00682424512057102,-0.977867482675951,0.00667320739721643,0.00667320739721643,"positive",48.444972004962,FALSE,-2.11675067553441,0.107479372928064,-2.75018905096971
"Otariidae","Otariidae","B393","B492","internal_clade","required","Pinniped axis","binary_aquatic_dependence","binary_aquatic_dependence","TMPPE",63,"aquatic_specific","Metabolism / redox / lipid handling",-0.00232450558807123,1.53082529995891,-0.00355841196411529,0.00355841196411529,"negative",113.665990022291,FALSE,-2.11675067553441,0.107479372928064,-2.75018905096971
"Otariidae","Otariidae","B393","B492","internal_clade","required","Pinniped axis","binary_aquatic_dependence","binary_aquatic_dependence","ITGA2B",64,"aquatic_specific","Vascular / hematologic regulation",-0.00129204970143602,0.636059639743932,-0.000821820667626651,0.000821820667626651,"negative",67.5511508701859,FALSE,-2.11675067553441,0.107479372928064,-2.75018905096971
"Otariidae","Otariidae","B393","B492","internal_clade","required","Pinniped axis","binary_aquatic_dependence","binary_aquatic_dependence","RHOA",65,"aquatic_specific","Cytoskeletal / muscle / ECM / adhesion",-0.00113448879012524,0.286701187401471,-0.000325259283222565,0.000325259283222565,"negative",73.1964424136542,FALSE,-2.11675067553441,0.107479372928064,-2.75018905096971
"Otariidae","Otariidae","B393","B492","internal_clade","required","Pinniped axis","binary_aquatic_dependence","binary_aquatic_dependence","FP565260",66,"aquatic_specific","Unassigned / low-confidence",1.70815408075916e-05,0.191014841379996,3.26282780788803e-06,3.26282780788803e-06,"positive",71.7136752430765,FALSE,-2.11675067553441,0.107479372928064,-2.75018905096971
"Otariidae","Otariidae","B393","B492","internal_clade","required","Pinniped axis","binary_aquatic_dependence","binary_aquatic_dependence","LRIF1",67,"aquatic_specific","DNA repair / chromatin / cell-cycle",0.00997540842690748,0.220589127191783,0.00220046663827308,0.00220046663827308,"positive",53.8407964369572,FALSE,-2.11675067553441,0.107479372928064,-2.75018905096971
"Otariidae","Otariidae","B393","B492","internal_clade","required","Pinniped axis","binary_aquatic_dependence","binary_aquatic_dependence","BAMBI",68,"aquatic_specific","Developmental / transcriptional signaling regulators",0.0120734458485713,0.00793432492854433,9.57946423697496e-05,9.57946423697496e-05,"positive",57.1654851142148,FALSE,-2.11675067553441,0.107479372928064,-2.75018905096971
"Otariidae","Otariidae","B393","B492","internal_clade","required","Pinniped axis","binary_aquatic_dependence","binary_aquatic_dependence","LLGL1",69,"aquatic_specific","Membrane trafficking / ER / vesicle processing",0.0221096407434654,0.734690564625406,0.0162437444414815,0.0162437444414815,"positive",82.987520434924,FALSE,-2.11675067553441,0.107479372928064,-2.75018905096971
"Otariidae","Otariidae","B393","B492","internal_clade","required","Pinniped axis","binary_aquatic_dependence","binary_aquatic_dependence","COL20A1",70,"shared","Cytoskeletal / muscle / ECM / adhesion",0.0288024871662898,0.638108934562986,0.0183791243984453,0.0183791243984453,"positive",91.5940011974202,FALSE,-2.11675067553441,0.107479372928064,-2.75018905096971
"Otariidae","Otariidae","B393","B492","internal_clade","required","Pinniped axis","binary_aquatic_dependence","binary_aquatic_dependence","TGM1",71,"shared","Epithelial / body-surface interface",0.0320265937643637,1.28841251233417,0.0412634641334498,0.0412634641334498,"positive",99.8995491937529,FALSE,-2.11675067553441,0.107479372928064,-2.75018905096971
"Otariidae","Otariidae","B393","B492","internal_clade","required","Pinniped axis","binary_aquatic_dependence","binary_aquatic_dependence","PDE6C",72,"aquatic_specific","Sensory systems",0.0369091575908715,0.248399921429498,0.00916823184560144,0.00916823184560144,"positive",72.9333833099742,FALSE,-2.11675067553441,0.107479372928064,-2.75018905096971
"Otariidae","Otariidae","B393","B492","internal_clade","required","Pinniped axis","binary_aquatic_dependence","binary_aquatic_dependence","TOGARAM2",73,"shared","Cilia / flagella / reproductive-cell function",0.03936598299555,0.0371418792608764,0.00146212658740643,0.00146212658740643,"positive",75.1561018296554,FALSE,-2.11675067553441,0.107479372928064,-2.75018905096971
"Otariidae","Otariidae","B393","B492","internal_clade","required","Pinniped axis","binary_aquatic_dependence","binary_aquatic_dependence","CSMD1",74,"aquatic_specific","Immune / inflammatory regulation",0.0435717554769353,0.241640559430596,0.0105287033688198,0.0105287033688198,"positive",66.6573883024864,FALSE,-2.11675067553441,0.107479372928064,-2.75018905096971
"Otariidae","Otariidae","B393","B492","internal_clade","required","Pinniped axis","binary_aquatic_dependence","binary_aquatic_dependence","KRTDAP",75,"shared","Epithelial / body-surface interface",0.0447305719374455,0.232214909942493,0.0103871057341301,0.0103871057341301,"positive",91.0995991530076,FALSE,-2.11675067553441,0.107479372928064,-2.75018905096971
"Otariidae","Otariidae","B393","B492","internal_clade","required","Pinniped axis","binary_aquatic_dependence","binary_aquatic_dependence","CNGA4",76,"aquatic_specific","Sensory systems",0.0586555487526509,-0.0728894937845706,-0.00427537325623692,0.00427537325623692,"negative",62.2168982981952,FALSE,-2.11675067553441,0.107479372928064,-2.75018905096971
"Otariidae","Otariidae","B393","B492","internal_clade","required","Pinniped axis","binary_aquatic_dependence","binary_aquatic_dependence","ARSA",77,"aquatic_specific","Metabolism / redox / lipid handling",0.0862370240736283,-1.649017438422,-0.142206356535031,0.142206356535031,"negative",0,FALSE,-2.11675067553441,0.107479372928064,-2.75018905096971
"Otariidae","Otariidae","B393","B492","internal_clade","required","Pinniped axis","binary_aquatic_dependence","binary_aquatic_dependence","DEUP1",78,"aquatic_specific","Cilia / flagella / reproductive-cell function",0.0985919084118505,0.0233016336417704,0.00229735252985593,0.00229735252985593,"positive",67.8510772552214,FALSE,-2.11675067553441,0.107479372928064,-2.75018905096971
"Otariidae","Otariidae","B393","B492","internal_clade","required","Pinniped axis","binary_aquatic_dependence","binary_aquatic_dependence","PIEZO1",79,"aquatic_specific","Ion channels / mechanosensation / membrane signaling",0.100220575454654,-0.888911454982231,-0.0890872175465526,0.0890872175465526,"negative",42.7527839162308,FALSE,-2.11675067553441,0.107479372928064,-2.75018905096971
"Otariidae","Otariidae","B393","B492","internal_clade","required","Pinniped axis","binary_aquatic_dependence","binary_aquatic_dependence","DBNL",80,"shared","Cytoskeletal / muscle / ECM / adhesion",0.116035395287358,0.751035292285526,0.0871466770151072,0.0871466770151072,"positive",101.268595665298,FALSE,-2.11675067553441,0.107479372928064,-2.75018905096971
"Otariidae","Otariidae","B393","B492","internal_clade","required","Pinniped axis","binary_aquatic_dependence","binary_aquatic_dependence","OR6B1",81,"shared","Sensory systems",0.1211331117984,0.0419150894979547,0.0050773052221957,0.0050773052221957,"positive",86.5728930048872,FALSE,-2.11675067553441,0.107479372928064,-2.75018905096971
"Otariidae","Otariidae","B393","B492","internal_clade","required","Pinniped axis","binary_aquatic_dependence","binary_aquatic_dependence","ABHD8",82,"aquatic_specific","Metabolism / redox / lipid handling",0.123391794658719,-0.88466862761763,-0.109160849640005,0.109160849640005,"negative",23.403575607128,FALSE,-2.11675067553441,0.107479372928064,-2.75018905096971
"Otariidae","Otariidae","B393","B492","internal_clade","required","Pinniped axis","binary_aquatic_dependence","binary_aquatic_dependence","FZD5",83,"aquatic_specific","Developmental / transcriptional signaling regulators",0.130676120517993,-0.236009760988787,-0.0308408399703936,0.0308408399703936,"negative",46.3177852228356,FALSE,-2.11675067553441,0.107479372928064,-2.75018905096971
"Otariidae","Otariidae","B393","B492","internal_clade","required","Pinniped axis","binary_aquatic_dependence","binary_aquatic_dependence","PNPLA7",84,"shared","Metabolism / redox / lipid handling",0.137885581276299,-0.15362762112132,-0.0211830338384083,0.0211830338384083,"negative",58.3060870298745,FALSE,-2.11675067553441,0.107479372928064,-2.75018905096971
"Otariidae","Otariidae","B393","B492","internal_clade","required","Pinniped axis","binary_aquatic_dependence","binary_aquatic_dependence","SPEF2",85,"aquatic_specific","Cilia / flagella / reproductive-cell function",0.174059525751515,0.419577928579202,0.0730315352642991,0.0730315352642991,"positive",70.4178859617063,FALSE,-2.11675067553441,0.107479372928064,-2.75018905096971
"Otariidae","Otariidae","B393","B492","internal_clade","required","Pinniped axis","binary_aquatic_dependence","binary_aquatic_dependence","GCKR",86,"aquatic_specific","Endocrine / circadian / systemic regulation",0.176184373124808,1.47714832493868e-15,2.60250451641681e-16,2.60250451641681e-16,"positive",,TRUE,-2.11675067553441,0.107479372928064,-2.75018905096971
"Otariidae","Otariidae","B393","B492","internal_clade","required","Pinniped axis","binary_aquatic_dependence","binary_aquatic_dependence","SEC61A2",87,"aquatic_specific","Membrane trafficking / ER / vesicle processing",0.176583875943885,1.40013815486525,0.247241822243024,0.247241822243024,"positive",105.604147614453,FALSE,-2.11675067553441,0.107479372928064,-2.75018905096971
"Otariidae","Otariidae","B393","B492","internal_clade","required","Pinniped axis","binary_aquatic_dependence","binary_aquatic_dependence","OR52W1",88,"shared","Sensory systems",0.190684677268266,0.700993191295886,0.133668660449508,0.133668660449508,"positive",101.288505182211,FALSE,-2.11675067553441,0.107479372928064,-2.75018905096971
"Otariidae","Otariidae","B393","B492","internal_clade","required","Pinniped axis","binary_aquatic_dependence","binary_aquatic_dependence","PRSS53",89,"aquatic_specific","Epithelial / body-surface interface",0.194083977905306,0.450280721843345,0.0873922736694289,0.0873922736694289,"positive",77.1473162828863,FALSE,-2.11675067553441,0.107479372928064,-2.75018905096971
"Otariidae","Otariidae","B393","B492","internal_clade","required","Pinniped axis","binary_aquatic_dependence","binary_aquatic_dependence","KCNK18",90,"shared","Ion channels / mechanosensation / membrane signaling",0.217561248206336,-8.42782795295666e-16,-1.8335687691135e-16,1.8335687691135e-16,"negative",,TRUE,-2.11675067553441,0.107479372928064,-2.75018905096971
"Otariidae","Otariidae","B393","B492","internal_clade","required","Pinniped axis","binary_aquatic_dependence","binary_aquatic_dependence","SDR9C7",91,"shared","Epithelial / body-surface interface",0.220181989308241,2.50011832341195,0.550481025954827,0.550481025954827,"positive",168.963159043394,FALSE,-2.11675067553441,0.107479372928064,-2.75018905096971
"Otariidae","Otariidae","B393","B492","internal_clade","required","Pinniped axis","binary_aquatic_dependence","binary_aquatic_dependence","OMP",92,"shared","Sensory systems",0.231144543648012,-2.82056658516719e-16,-6.51958576157301e-17,6.51958576157301e-17,"negative",,TRUE,-2.11675067553441,0.107479372928064,-2.75018905096971
"Otariidae","Otariidae","B393","B492","internal_clade","required","Pinniped axis","binary_aquatic_dependence","binary_aquatic_dependence","SYTL5",93,"aquatic_specific","Membrane trafficking / ER / vesicle processing",0.265993756746688,0.404405536199133,0.107569347822766,0.107569347822766,"positive",77.8870197017924,FALSE,-2.11675067553441,0.107479372928064,-2.75018905096971
"Otariidae","Otariidae","B393","B492","internal_clade","required","Pinniped axis","binary_aquatic_dependence","binary_aquatic_dependence","IL33",94,"shared","Immune / inflammatory regulation",0.340038935001018,-0.162313260808443,-0.0551928283418454,0.0551928283418454,"negative",38.10309588941,FALSE,-2.11675067553441,0.107479372928064,-2.75018905096971
"Otariidae","Otariidae","B393","B492","internal_clade","required","Pinniped axis","binary_aquatic_dependence","binary_aquatic_dependence","KIF18A",95,"aquatic_specific","DNA repair / chromatin / cell-cycle",0.340198342633948,-0.26096621485289,-0.088780273776408,0.088780273776408,"negative",43.0042997221991,FALSE,-2.11675067553441,0.107479372928064,-2.75018905096971
"Otariidae","Otariidae","B393","B492","internal_clade","required","Pinniped axis","binary_aquatic_dependence","binary_aquatic_dependence","FAM13A",96,"aquatic_specific","Developmental / transcriptional signaling regulators",0.348973910716795,0.13542693361294,0.0472604666392914,0.0472604666392914,"positive",60.7444246893509,FALSE,-2.11675067553441,0.107479372928064,-2.75018905096971
"Otariidae","Otariidae","B393","B492","internal_clade","required","Pinniped axis","binary_aquatic_dependence","binary_aquatic_dependence","NWD1",97,"aquatic_specific","Developmental / transcriptional signaling regulators",0.404558879261438,-0.404542240871833,-0.16366115558102,0.16366115558102,"negative",59.1285203981494,FALSE,-2.11675067553441,0.107479372928064,-2.75018905096971
"Otariidae","Otariidae","B393","B492","internal_clade","required","Pinniped axis","binary_aquatic_dependence","binary_aquatic_dependence","LRP2",98,"aquatic_specific","Transport / endocytic / epithelial solute handling",0.471378525654808,0.414252423087528,0.195269696443931,0.195269696443931,"positive",56.7696127884497,FALSE,-2.11675067553441,0.107479372928064,-2.75018905096971
"Otariidae","Otariidae","B393","B492","internal_clade","required","Pinniped axis","binary_aquatic_dependence","binary_aquatic_dependence","CACNA1G",99,"aquatic_specific","Ion channels / mechanosensation / membrane signaling",0.593854706123962,-0.390784984557852,-0.232069502162261,0.232069502162261,"negative",55.8076383573204,FALSE,-2.11675067553441,0.107479372928064,-2.75018905096971
"Otariidae","Otariidae","B393","B492","internal_clade","required","Pinniped axis","binary_aquatic_dependence","binary_aquatic_dependence","PER1",100,"aquatic_specific","Endocrine / circadian / systemic regulation",0.784004329488712,1.19354907415823,0.935747641597296,0.935747641597296,"positive",100.726703660219,FALSE,-2.11675067553441,0.107479372928064,-2.75018905096971
"Otariidae","Otariidae","B393","B492","internal_clade","required","Pinniped axis","binary_aquatic_dependence","binary_aquatic_dependence","TGM3",101,"shared","Epithelial / body-surface interface",1.04080869919882,-0.452983284835164,-0.471468943448094,0.471468943448094,"negative",43.5239563805856,FALSE,-2.11675067553441,0.107479372928064,-2.75018905096971
"Otariinae_sampled","Otariinae","B392","B491","internal_clade","optional","Pinniped axis","binary_aquatic_dependence","binary_aquatic_dependence","ATF7IP2",1,"aquatic_specific","DNA repair / chromatin / cell-cycle",-0.581769927151342,-0.722605777014462,0.420390310252842,0.420390310252842,"positive",37.6089343602853,FALSE,-0.669826311135997,0.338535733730337,-2.75018905096971
"Otariinae_sampled","Otariinae","B392","B491","internal_clade","optional","Pinniped axis","binary_aquatic_dependence","binary_aquatic_dependence","WDR93",2,"shared","Cilia / flagella / reproductive-cell function",-0.4793197990576,-1.95118120400594,0.935239782629095,0.935239782629095,"positive",0,FALSE,-0.669826311135997,0.338535733730337,-2.75018905096971
"Otariinae_sampled","Otariinae","B392","B491","internal_clade","optional","Pinniped axis","binary_aquatic_dependence","binary_aquatic_dependence","PMIS2",3,"aquatic_specific","Developmental / transcriptional signaling regulators",-0.39072525213697,0.877135480396908,-0.342718981736365,0.342718981736365,"negative",97.8072539673518,FALSE,-0.669826311135997,0.338535733730337,-2.75018905096971
"Otariinae_sampled","Otariinae","B392","B491","internal_clade","optional","Pinniped axis","binary_aquatic_dependence","binary_aquatic_dependence","PFKP",4,"aquatic_specific","Metabolism / redox / lipid handling",-0.356881027792284,0.0603940815689132,-0.0215535019028848,0.0215535019028848,"negative",61.8622864983993,FALSE,-0.669826311135997,0.338535733730337,-2.75018905096971
"Otariinae_sampled","Otariinae","B392","B491","internal_clade","optional","Pinniped axis","binary_aquatic_dependence","binary_aquatic_dependence","PDGFB",5,"aquatic_specific","Vascular / hematologic regulation",-0.348561123284862,1.90195349480841,-0.66294704658599,0.66294704658599,"negative",144.584323703358,FALSE,-0.669826311135997,0.338535733730337,-2.75018905096971
"Otariinae_sampled","Otariinae","B392","B491","internal_clade","optional","Pinniped axis","binary_aquatic_dependence","binary_aquatic_dependence","PUSL1",6,"shared","Metabolism / redox / lipid handling",-0.314220898750119,-1.658852287477,0.521246056664714,0.521246056664714,"positive",0,FALSE,-0.669826311135997,0.338535733730337,-2.75018905096971
"Otariinae_sampled","Otariinae","B392","B491","internal_clade","optional","Pinniped axis","binary_aquatic_dependence","binary_aquatic_dependence","SMCO3",7,"aquatic_specific","Unassigned / low-confidence",-0.307082295991399,-1.04300225274641,0.32028752649757,0.32028752649757,"positive",0,FALSE,-0.669826311135997,0.338535733730337,-2.75018905096971
"Otariinae_sampled","Otariinae","B392","B491","internal_clade","optional","Pinniped axis","binary_aquatic_dependence","binary_aquatic_dependence","GGTLC1",8,"aquatic_specific","Metabolism / redox / lipid handling",-0.291163814888646,-1.03768196589911,0.302135439832335,0.302135439832335,"positive",0,FALSE,-0.669826311135997,0.338535733730337,-2.75018905096971
"Otariinae_sampled","Otariinae","B392","B491","internal_clade","optional","Pinniped axis","binary_aquatic_dependence","binary_aquatic_dependence","C16orf91",9,"aquatic_specific","Unassigned / low-confidence",-0.262195862787636,-1.34946065917666,0.353823001830798,0.353823001830798,"positive",0,FALSE,-0.669826311135997,0.338535733730337,-2.75018905096971
"Otariinae_sampled","Otariinae","B392","B491","internal_clade","optional","Pinniped axis","binary_aquatic_dependence","binary_aquatic_dependence","HGFAC",10,"shared","Vascular / hematologic regulation",-0.251889764940469,-0.208033428403561,0.052401491380333,0.052401491380333,"positive",55.7857859100594,FALSE,-0.669826311135997,0.338535733730337,-2.75018905096971
"Otariinae_sampled","Otariinae","B392","B491","internal_clade","optional","Pinniped axis","binary_aquatic_dependence","binary_aquatic_dependence","NLRP8",11,"aquatic_specific","Immune / inflammatory regulation",-0.249357601464042,-1.5470085466381,0.385758340634049,0.385758340634049,"positive",27.8195738840323,FALSE,-0.669826311135997,0.338535733730337,-2.75018905096971
"Otariinae_sampled","Otariinae","B392","B491","internal_clade","optional","Pinniped axis","binary_aquatic_dependence","binary_aquatic_dependence","FN3K",12,"shared","Metabolism / redox / lipid handling",-0.244837253974046,-0.168178736825156,0.041176420101095,0.041176420101095,"positive",44.6585164387181,FALSE,-0.669826311135997,0.338535733730337,-2.75018905096971
"Otariinae_sampled","Otariinae","B392","B491","internal_clade","optional","Pinniped axis","binary_aquatic_dependence","binary_aquatic_dependence","NUBP2",13,"shared","Metabolism / redox / lipid handling",-0.239999172123246,-0.263900455602069,0.0633358908674439,0.0633358908674439,"positive",46.3795372862972,FALSE,-0.669826311135997,0.338535733730337,-2.75018905096971
"Otariinae_sampled","Otariinae","B392","B491","internal_clade","optional","Pinniped axis","binary_aquatic_dependence","binary_aquatic_dependence","ACADSB",14,"aquatic_specific","Metabolism / redox / lipid handling",-0.238865076823398,-0.056905633143593,0.0135927684325284,0.0135927684325284,"positive",53.9164136943845,FALSE,-0.669826311135997,0.338535733730337,-2.75018905096971
"Otariinae_sampled","Otariinae","B392","B491","internal_clade","optional","Pinniped axis","binary_aquatic_dependence","binary_aquatic_dependence","TTC28",15,"aquatic_specific","Developmental / transcriptional signaling regulators",-0.237914556985983,1.00640992421206,-0.239439571265209,0.239439571265209,"negative",84.1583016372697,FALSE,-0.669826311135997,0.338535733730337,-2.75018905096971
"Otariinae_sampled","Otariinae","B392","B491","internal_clade","optional","Pinniped axis","binary_aquatic_dependence","binary_aquatic_dependence","SLC6A15",16,"aquatic_specific","Transport / endocytic / epithelial solute handling",-0.23289351110375,-1.75837801236207,0.409514829146635,0.409514829146635,"positive",0,FALSE,-0.669826311135997,0.338535733730337,-2.75018905096971
"Otariinae_sampled","Otariinae","B392","B491","internal_clade","optional","Pinniped axis","binary_aquatic_dependence","binary_aquatic_dependence","CATSPERG",17,"aquatic_specific","Cilia / flagella / reproductive-cell function",-0.232264279338058,-1.6435066306627,0.381727883158192,0.381727883158192,"positive",8.46658183828576,FALSE,-0.669826311135997,0.338535733730337,-2.75018905096971
"Otariinae_sampled","Otariinae","B392","B491","internal_clade","optional","Pinniped axis","binary_aquatic_dependence","binary_aquatic_dependence","SYDE1",18,"shared","Cytoskeletal / muscle / ECM / adhesion",-0.232023025562006,-1.35725057116081,0.314913383966491,0.314913383966491,"positive",19.54956871297,FALSE,-0.669826311135997,0.338535733730337,-2.75018905096971
"Otariinae_sampled","Otariinae","B392","B491","internal_clade","optional","Pinniped axis","binary_aquatic_dependence","binary_aquatic_dependence","SLC5A5",19,"aquatic_specific","Transport / endocytic / epithelial solute handling",-0.231105741131879,0.0547088622827504,-0.0126435321643369,0.0126435321643369,"negative",56.3963287830273,FALSE,-0.669826311135997,0.338535733730337,-2.75018905096971
"Otariinae_sampled","Otariinae","B392","B491","internal_clade","optional","Pinniped axis","binary_aquatic_dependence","binary_aquatic_dependence","SIGIRR",20,"aquatic_specific","Immune / inflammatory regulation",-0.210302505536658,-0.724422100869831,0.152347782879055,0.152347782879055,"positive",11.4135411026144,FALSE,-0.669826311135997,0.338535733730337,-2.75018905096971
"Otariinae_sampled","Otariinae","B392","B491","internal_clade","optional","Pinniped axis","binary_aquatic_dependence","binary_aquatic_dependence","KEAP1",21,"aquatic_specific","Developmental / transcriptional signaling regulators",-0.19883739251004,-1.04839477105354,0.208460082597447,0.208460082597447,"positive",26.2210202349893,FALSE,-0.669826311135997,0.338535733730337,-2.75018905096971
"Otariinae_sampled","Otariinae","B392","B491","internal_clade","optional","Pinniped axis","binary_aquatic_dependence","binary_aquatic_dependence","SYNPO2",22,"aquatic_specific","Cytoskeletal / muscle / ECM / adhesion",-0.164171125185038,-0.563038217892064,0.0924346177535188,0.0924346177535188,"positive",34.8045577463991,FALSE,-0.669826311135997,0.338535733730337,-2.75018905096971
"Otariinae_sampled","Otariinae","B392","B491","internal_clade","optional","Pinniped axis","binary_aquatic_dependence","binary_aquatic_dependence","PI4KA",23,"aquatic_specific","Ion channels / mechanosensation / membrane signaling",-0.161213914772254,0.478316075826609,-0.0771112070825099,0.0771112070825099,"negative",75.6632173268685,FALSE,-0.669826311135997,0.338535733730337,-2.75018905096971
"Otariinae_sampled","Otariinae","B392","B491","internal_clade","optional","Pinniped axis","binary_aquatic_dependence","binary_aquatic_dependence","H1_8",24,"aquatic_specific","DNA repair / chromatin / cell-cycle",-0.160268979059258,-0.451419917385853,0.0723486092864452,0.0723486092864452,"positive",41.9463196458032,FALSE,-0.669826311135997,0.338535733730337,-2.75018905096971
"Otariinae_sampled","Otariinae","B392","B491","internal_clade","optional","Pinniped axis","binary_aquatic_dependence","binary_aquatic_dependence","CATSPERZ",25,"shared","Cilia / flagella / reproductive-cell function",-0.154029925159516,-0.200714124039319,0.0309159815042342,0.0309159815042342,"positive",37.2826568351111,FALSE,-0.669826311135997,0.338535733730337,-2.75018905096971
"Otariinae_sampled","Otariinae","B392","B491","internal_clade","optional","Pinniped axis","binary_aquatic_dependence","binary_aquatic_dependence","TIGD7",26,"aquatic_specific","Developmental / transcriptional signaling regulators",-0.153350666144971,0.102218706248428,-0.0156753066956735,0.0156753066956735,"negative",120.499983578633,FALSE,-0.669826311135997,0.338535733730337,-2.75018905096971
"Otariinae_sampled","Otariinae","B392","B491","internal_clade","optional","Pinniped axis","binary_aquatic_dependence","binary_aquatic_dependence","CLASP2",27,"aquatic_specific","Cytoskeletal / muscle / ECM / adhesion",-0.153215743294715,-1.26198103218908,0.193355361870683,0.193355361870683,"positive",18.433971256178,FALSE,-0.669826311135997,0.338535733730337,-2.75018905096971
"Otariinae_sampled","Otariinae","B392","B491","internal_clade","optional","Pinniped axis","binary_aquatic_dependence","binary_aquatic_dependence","FAM20B",28,"aquatic_specific","Developmental / transcriptional signaling regulators",-0.149046125022571,1.35862239368716,-0.202497403147962,0.202497403147962,"negative",116.74546358961,FALSE,-0.669826311135997,0.338535733730337,-2.75018905096971
"Otariinae_sampled","Otariinae","B392","B491","internal_clade","optional","Pinniped axis","binary_aquatic_dependence","binary_aquatic_dependence","EHHADH",29,"aquatic_specific","Metabolism / redox / lipid handling",-0.134704680594371,-0.502822760183715,0.0677325793061276,0.0677325793061276,"positive",38.5693726754023,FALSE,-0.669826311135997,0.338535733730337,-2.75018905096971
"Otariinae_sampled","Otariinae","B392","B491","internal_clade","optional","Pinniped axis","binary_aquatic_dependence","binary_aquatic_dependence","XCR1",30,"aquatic_specific","Immune / inflammatory regulation",-0.128894917212046,-0.529658343905426,0.0682702683883595,0.0682702683883595,"positive",33.4694642062442,FALSE,-0.669826311135997,0.338535733730337,-2.75018905096971
"Otariinae_sampled","Otariinae","B392","B491","internal_clade","optional","Pinniped axis","binary_aquatic_dependence","binary_aquatic_dependence","CLTCL1",31,"aquatic_specific","Membrane trafficking / ER / vesicle processing",-0.122013377075862,-0.0765755463896478,0.0093432410164303,0.0093432410164303,"positive",59.7548053863625,FALSE,-0.669826311135997,0.338535733730337,-2.75018905096971
"Otariinae_sampled","Otariinae","B392","B491","internal_clade","optional","Pinniped axis","binary_aquatic_dependence","binary_aquatic_dependence","SLC6A6",32,"aquatic_specific","Transport / endocytic / epithelial solute handling",-0.121595276910313,-0.978662188288525,0.119000699786596,0.119000699786596,"positive",0,FALSE,-0.669826311135997,0.338535733730337,-2.75018905096971
"Otariinae_sampled","Otariinae","B392","B491","internal_clade","optional","Pinniped axis","binary_aquatic_dependence","binary_aquatic_dependence","ACOX3",33,"aquatic_specific","Metabolism / redox / lipid handling",-0.118129521585615,1.48958227274566,-0.175963641241858,0.175963641241858,"negative",92.3812280044994,FALSE,-0.669826311135997,0.338535733730337,-2.75018905096971
"Otariinae_sampled","Otariinae","B392","B491","internal_clade","optional","Pinniped axis","binary_aquatic_dependence","binary_aquatic_dependence","CORO2A",34,"aquatic_specific","Cytoskeletal / muscle / ECM / adhesion",-0.110434776748237,3.03187709199836,-0.334824669782934,0.334824669782934,"negative",157.866184287612,FALSE,-0.669826311135997,0.338535733730337,-2.75018905096971
"Otariinae_sampled","Otariinae","B392","B491","internal_clade","optional","Pinniped axis","binary_aquatic_dependence","binary_aquatic_dependence","SEPTIN5",35,"aquatic_specific","Cytoskeletal / muscle / ECM / adhesion",-0.106389612271777,-1.19363979495881,0.126990874977831,0.126990874977831,"positive",0,FALSE,-0.669826311135997,0.338535733730337,-2.75018905096971
"Otariinae_sampled","Otariinae","B392","B491","internal_clade","optional","Pinniped axis","binary_aquatic_dependence","binary_aquatic_dependence","MEFV",36,"aquatic_specific","Immune / inflammatory regulation",-0.106234859098565,3.94063657235663,-0.41863297102296,0.41863297102296,"negative",193.545336723958,FALSE,-0.669826311135997,0.338535733730337,-2.75018905096971
"Otariinae_sampled","Otariinae","B392","B491","internal_clade","optional","Pinniped axis","binary_aquatic_dependence","binary_aquatic_dependence","C1orf112",37,"aquatic_specific","DNA repair / chromatin / cell-cycle",-0.10365191227098,-1.48651093578688,0.154079701106035,0.154079701106035,"positive",15.4889510698035,FALSE,-0.669826311135997,0.338535733730337,-2.75018905096971
"Otariinae_sampled","Otariinae","B392","B491","internal_clade","optional","Pinniped axis","binary_aquatic_dependence","binary_aquatic_dependence","HPRT1",38,"aquatic_specific","Metabolism / redox / lipid handling",-0.099597493197772,-0.87763128091248,0.0874098755308328,0.0874098755308328,"positive",0,FALSE,-0.669826311135997,0.338535733730337,-2.75018905096971
"Otariinae_sampled","Otariinae","B392","B491","internal_clade","optional","Pinniped axis","binary_aquatic_dependence","binary_aquatic_dependence","CD34",39,"shared","Vascular / hematologic regulation",-0.0959044894988044,-0.00561851030360979,0.00053884036241147,0.00053884036241147,"positive",53.5500612129046,FALSE,-0.669826311135997,0.338535733730337,-2.75018905096971
"Otariinae_sampled","Otariinae","B392","B491","internal_clade","optional","Pinniped axis","binary_aquatic_dependence","binary_aquatic_dependence","CASTOR1",40,"aquatic_specific","Endocrine / circadian / systemic regulation",-0.0825057476543748,-1.23213944869363,0.101658586428917,0.101658586428917,"positive",0,FALSE,-0.669826311135997,0.338535733730337,-2.75018905096971
"Otariinae_sampled","Otariinae","B392","B491","internal_clade","optional","Pinniped axis","binary_aquatic_dependence","binary_aquatic_dependence","RAC3",41,"aquatic_specific","Developmental / transcriptional signaling regulators",-0.0814970345799135,2.93920373730798,-0.2395363886168,0.2395363886168,"negative",199.701036158388,FALSE,-0.669826311135997,0.338535733730337,-2.75018905096971
"Otariinae_sampled","Otariinae","B392","B491","internal_clade","optional","Pinniped axis","binary_aquatic_dependence","binary_aquatic_dependence","URI1",42,"aquatic_specific","Developmental / transcriptional signaling regulators",-0.078475489653661,-0.698108721901749,0.0547844237827312,0.0547844237827312,"positive",25.6399786531996,FALSE,-0.669826311135997,0.338535733730337,-2.75018905096971
"Otariinae_sampled","Otariinae","B392","B491","internal_clade","optional","Pinniped axis","binary_aquatic_dependence","binary_aquatic_dependence","SPINT4",43,"aquatic_specific","Epithelial / body-surface interface",-0.0769933368325998,-1.15218095632319,0.088710256462298,0.088710256462298,"positive",0,FALSE,-0.669826311135997,0.338535733730337,-2.75018905096971
"Otariinae_sampled","Otariinae","B392","B491","internal_clade","optional","Pinniped axis","binary_aquatic_dependence","binary_aquatic_dependence","GGTLC3",44,"aquatic_specific","Metabolism / redox / lipid handling",-0.0726998898105257,-0.845479361710653,0.061466256433438,0.061466256433438,"positive",0,FALSE,-0.669826311135997,0.338535733730337,-2.75018905096971
"Otariinae_sampled","Otariinae","B392","B491","internal_clade","optional","Pinniped axis","binary_aquatic_dependence","binary_aquatic_dependence","KMO",45,"aquatic_specific","Metabolism / redox / lipid handling",-0.0725495886342883,2.58936349880978,-0.187857256663291,0.187857256663291,"negative",148.947057090384,FALSE,-0.669826311135997,0.338535733730337,-2.75018905096971
"Otariinae_sampled","Otariinae","B392","B491","internal_clade","optional","Pinniped axis","binary_aquatic_dependence","binary_aquatic_dependence","PDK1",46,"aquatic_specific","Metabolism / redox / lipid handling",-0.0696000509826744,-1.30619216428056,0.0909110412270968,0.0909110412270968,"positive",0,FALSE,-0.669826311135997,0.338535733730337,-2.75018905096971
"Otariinae_sampled","Otariinae","B392","B491","internal_clade","optional","Pinniped axis","binary_aquatic_dependence","binary_aquatic_dependence","EPOR",47,"shared","Vascular / hematologic regulation",-0.0639836237556098,-1.80866150895072,0.115724717489957,0.115724717489957,"positive",0,FALSE,-0.669826311135997,0.338535733730337,-2.75018905096971
"Otariinae_sampled","Otariinae","B392","B491","internal_clade","optional","Pinniped axis","binary_aquatic_dependence","binary_aquatic_dependence","AC092835",48,"aquatic_specific","Unassigned / low-confidence",-0.0481295116799046,-0.081788344597835,0.00393643308660157,0.00393643308660157,"positive",53.0132402959585,FALSE,-0.669826311135997,0.338535733730337,-2.75018905096971
"Otariinae_sampled","Otariinae","B392","B491","internal_clade","optional","Pinniped axis","binary_aquatic_dependence","binary_aquatic_dependence","CDHR4",49,"aquatic_specific","Epithelial / body-surface interface",-0.043359831407413,-0.362098637994058,0.0157005358962762,0.0157005358962762,"positive",43.0264472009971,FALSE,-0.669826311135997,0.338535733730337,-2.75018905096971
"Otariinae_sampled","Otariinae","B392","B491","internal_clade","optional","Pinniped axis","binary_aquatic_dependence","binary_aquatic_dependence","PROB1",50,"aquatic_specific","Unassigned / low-confidence",-0.031368805999096,1.64740228945103,-0.0516770428202558,0.0516770428202558,"negative",91.0898894349638,FALSE,-0.669826311135997,0.338535733730337,-2.75018905096971
"Otariinae_sampled","Otariinae","B392","B491","internal_clade","optional","Pinniped axis","binary_aquatic_dependence","binary_aquatic_dependence","PPP1R3A",51,"aquatic_specific","Metabolism / redox / lipid handling",-0.0310971405758917,0.252794781142679,-0.00786119484604566,0.00786119484604566,"negative",61.7983108431099,FALSE,-0.669826311135997,0.338535733730337,-2.75018905096971
"Otariinae_sampled","Otariinae","B392","B491","internal_clade","optional","Pinniped axis","binary_aquatic_dependence","binary_aquatic_dependence","CDC14B",52,"aquatic_specific","DNA repair / chromatin / cell-cycle",-0.0297700481634882,-0.0890086510576629,0.00264979182895373,0.00264979182895373,"positive",48.9193114567549,FALSE,-0.669826311135997,0.338535733730337,-2.75018905096971
"Otariinae_sampled","Otariinae","B392","B491","internal_clade","optional","Pinniped axis","binary_aquatic_dependence","binary_aquatic_dependence","SOX7",53,"shared","Developmental / transcriptional signaling regulators",-0.0288474092932838,0.848596539956587,-0.0244798117129921,0.0244798117129921,"negative",86.4699001081569,FALSE,-0.669826311135997,0.338535733730337,-2.75018905096971
"Otariinae_sampled","Otariinae","B392","B491","internal_clade","optional","Pinniped axis","binary_aquatic_dependence","binary_aquatic_dependence","MSN",54,"aquatic_specific","Cytoskeletal / muscle / ECM / adhesion",-0.0286086021473059,-1.5324271734663,0.0438405993254177,0.0438405993254177,"positive",0,FALSE,-0.669826311135997,0.338535733730337,-2.75018905096971
"Otariinae_sampled","Otariinae","B392","B491","internal_clade","optional","Pinniped axis","binary_aquatic_dependence","binary_aquatic_dependence","COMMD4",55,"aquatic_specific","DNA repair / chromatin / cell-cycle",-0.0187271239132032,0.251559710348656,-0.00471098986726878,0.00471098986726878,"negative",78.9927610418944,FALSE,-0.669826311135997,0.338535733730337,-2.75018905096971
"Otariinae_sampled","Otariinae","B392","B491","internal_clade","optional","Pinniped axis","binary_aquatic_dependence","binary_aquatic_dependence","NOXO1",56,"aquatic_specific","Ion channels / mechanosensation / membrane signaling",-0.0179148306739576,0.319692125074596,-0.00572723028850906,0.00572723028850906,"negative",72.0821269136135,FALSE,-0.669826311135997,0.338535733730337,-2.75018905096971
"Otariinae_sampled","Otariinae","B392","B491","internal_clade","optional","Pinniped axis","binary_aquatic_dependence","binary_aquatic_dependence","CCDC174",57,"aquatic_specific","RNA processing / translation / protein homeostasis",-0.0162180345629962,-1.13081686625436,0.0183396270213322,0.0183396270213322,"positive",0,FALSE,-0.669826311135997,0.338535733730337,-2.75018905096971
"Otariinae_sampled","Otariinae","B392","B491","internal_clade","optional","Pinniped axis","binary_aquatic_dependence","binary_aquatic_dependence","FLYWCH1",58,"aquatic_specific","Developmental / transcriptional signaling regulators",-0.0104987023982283,0.605161800615323,-0.00635341364743623,0.00635341364743623,"negative",84.4776108301962,FALSE,-0.669826311135997,0.338535733730337,-2.75018905096971
"Otariinae_sampled","Otariinae","B392","B491","internal_clade","optional","Pinniped axis","binary_aquatic_dependence","binary_aquatic_dependence","RHCG",59,"aquatic_specific","Transport / endocytic / epithelial solute handling",-0.0101117732108071,0.106662680438148,-0.00107854883464735,0.00107854883464735,"negative",56.221484601607,FALSE,-0.669826311135997,0.338535733730337,-2.75018905096971
"Otariinae_sampled","Otariinae","B392","B491","internal_clade","optional","Pinniped axis","binary_aquatic_dependence","binary_aquatic_dependence","IP6K1",60,"aquatic_specific","Ion channels / mechanosensation / membrane signaling",-0.00832534794040649,1.32978412860962,-0.0110709155563054,0.0110709155563054,"negative",112.02031767605,FALSE,-0.669826311135997,0.338535733730337,-2.75018905096971
"Otariinae_sampled","Otariinae","B392","B491","internal_clade","optional","Pinniped axis","binary_aquatic_dependence","binary_aquatic_dependence","SORBS2",61,"aquatic_specific","Cytoskeletal / muscle / ECM / adhesion",-0.0080058731823396,-0.927564300992859,0.0074259621622143,0.0074259621622143,"positive",29.5982536779871,FALSE,-0.669826311135997,0.338535733730337,-2.75018905096971
"Otariinae_sampled","Otariinae","B392","B491","internal_clade","optional","Pinniped axis","binary_aquatic_dependence","binary_aquatic_dependence","ASMTL",62,"shared","Endocrine / circadian / systemic regulation",-0.00682424512057102,-1.06081716133637,0.00723927633706772,0.00723927633706772,"positive",45.3100898113777,FALSE,-0.669826311135997,0.338535733730337,-2.75018905096971
"Otariinae_sampled","Otariinae","B392","B491","internal_clade","optional","Pinniped axis","binary_aquatic_dependence","binary_aquatic_dependence","TMPPE",63,"aquatic_specific","Metabolism / redox / lipid handling",-0.00232450558807123,-1.64328586424533,0.00381982717423672,0.00381982717423672,"positive",0,FALSE,-0.669826311135997,0.338535733730337,-2.75018905096971
"Otariinae_sampled","Otariinae","B392","B491","internal_clade","optional","Pinniped axis","binary_aquatic_dependence","binary_aquatic_dependence","ITGA2B",64,"aquatic_specific","Vascular / hematologic regulation",-0.00129204970143602,0.294267497610863,-0.000380208232430441,0.000380208232430441,"negative",58.8394161787906,FALSE,-0.669826311135997,0.338535733730337,-2.75018905096971
"Otariinae_sampled","Otariinae","B392","B491","internal_clade","optional","Pinniped axis","binary_aquatic_dependence","binary_aquatic_dependence","RHOA",65,"aquatic_specific","Cytoskeletal / muscle / ECM / adhesion",-0.00113448879012524,-0.717666446467379,0.000814184538566259,0.000814184538566259,"positive",0,FALSE,-0.669826311135997,0.338535733730337,-2.75018905096971
"Otariinae_sampled","Otariinae","B392","B491","internal_clade","optional","Pinniped axis","binary_aquatic_dependence","binary_aquatic_dependence","FP565260",66,"aquatic_specific","Unassigned / low-confidence",1.70815408075916e-05,-0.664470850891713,-1.13501859549619e-05,1.13501859549619e-05,"negative",45.9608398798984,FALSE,-0.669826311135997,0.338535733730337,-2.75018905096971
"Otariinae_sampled","Otariinae","B392","B491","internal_clade","optional","Pinniped axis","binary_aquatic_dependence","binary_aquatic_dependence","LRIF1",67,"aquatic_specific","DNA repair / chromatin / cell-cycle",0.00997540842690748,-0.475678057261966,-0.004745082900906,0.004745082900906,"negative",29.0695848934003,FALSE,-0.669826311135997,0.338535733730337,-2.75018905096971
"Otariinae_sampled","Otariinae","B392","B491","internal_clade","optional","Pinniped axis","binary_aquatic_dependence","binary_aquatic_dependence","BAMBI",68,"aquatic_specific","Developmental / transcriptional signaling regulators",0.0120734458485713,1.43792665765831,0.0173607296354548,0.0173607296354548,"positive",142.889927355269,FALSE,-0.669826311135997,0.338535733730337,-2.75018905096971
"Otariinae_sampled","Otariinae","B392","B491","internal_clade","optional","Pinniped axis","binary_aquatic_dependence","binary_aquatic_dependence","LLGL1",69,"aquatic_specific","Membrane trafficking / ER / vesicle processing",0.0221096407434654,-0.217249126120877,-0.00480330013036441,0.00480330013036441,"negative",54.0159646900945,FALSE,-0.669826311135997,0.338535733730337,-2.75018905096971
"Otariinae_sampled","Otariinae","B392","B491","internal_clade","optional","Pinniped axis","binary_aquatic_dependence","binary_aquatic_dependence","COL20A1",70,"shared","Cytoskeletal / muscle / ECM / adhesion",0.0288024871662898,0.894548512889491,0.0257652220621232,0.0257652220621232,"positive",99.0162157997374,FALSE,-0.669826311135997,0.338535733730337,-2.75018905096971
"Otariinae_sampled","Otariinae","B392","B491","internal_clade","optional","Pinniped axis","binary_aquatic_dependence","binary_aquatic_dependence","TGM1",71,"shared","Epithelial / body-surface interface",0.0320265937643637,-0.129377662067146,-0.00414352582520761,0.00414352582520761,"negative",60.2805639691245,FALSE,-0.669826311135997,0.338535733730337,-2.75018905096971
"Otariinae_sampled","Otariinae","B392","B491","internal_clade","optional","Pinniped axis","binary_aquatic_dependence","binary_aquatic_dependence","PDE6C",72,"aquatic_specific","Sensory systems",0.0369091575908715,-0.131316473807125,-0.00484678042602472,0.00484678042602472,"negative",58.0366560006603,FALSE,-0.669826311135997,0.338535733730337,-2.75018905096971
"Otariinae_sampled","Otariinae","B392","B491","internal_clade","optional","Pinniped axis","binary_aquatic_dependence","binary_aquatic_dependence","TOGARAM2",73,"shared","Cilia / flagella / reproductive-cell function",0.03936598299555,-1.48336256626703,-0.0583940255599033,0.0583940255599033,"negative",20.4364565048886,FALSE,-0.669826311135997,0.338535733730337,-2.75018905096971
"Otariinae_sampled","Otariinae","B392","B491","internal_clade","optional","Pinniped axis","binary_aquatic_dependence","binary_aquatic_dependence","CSMD1",74,"aquatic_specific","Immune / inflammatory regulation",0.0435717554769353,0.339789312490107,0.0148052168374949,0.0148052168374949,"positive",68.3668793439738,FALSE,-0.669826311135997,0.338535733730337,-2.75018905096971
"Otariinae_sampled","Otariinae","B392","B491","internal_clade","optional","Pinniped axis","binary_aquatic_dependence","binary_aquatic_dependence","KRTDAP",75,"shared","Epithelial / body-surface interface",0.0447305719374455,0.522390697651303,0.023366834680744,0.023366834680744,"positive",116.949398092054,FALSE,-0.669826311135997,0.338535733730337,-2.75018905096971
"Otariinae_sampled","Otariinae","B392","B491","internal_clade","optional","Pinniped axis","binary_aquatic_dependence","binary_aquatic_dependence","CNGA4",76,"aquatic_specific","Sensory systems",0.0586555487526509,-1.889163874305,-0.110809943731044,0.110809943731044,"negative",0,FALSE,-0.669826311135997,0.338535733730337,-2.75018905096971
"Otariinae_sampled","Otariinae","B392","B491","internal_clade","optional","Pinniped axis","binary_aquatic_dependence","binary_aquatic_dependence","ARSA",77,"aquatic_specific","Metabolism / redox / lipid handling",0.0862370240736283,0.0995648065908187,0.00858617262285858,0.00858617262285858,"positive",52.9344752749225,FALSE,-0.669826311135997,0.338535733730337,-2.75018905096971
"Otariinae_sampled","Otariinae","B392","B491","internal_clade","optional","Pinniped axis","binary_aquatic_dependence","binary_aquatic_dependence","DEUP1",78,"aquatic_specific","Cilia / flagella / reproductive-cell function",0.0985919084118505,-1.57213863793855,-0.155000148602369,0.155000148602369,"negative",0,FALSE,-0.669826311135997,0.338535733730337,-2.75018905096971
"Otariinae_sampled","Otariinae","B392","B491","internal_clade","optional","Pinniped axis","binary_aquatic_dependence","binary_aquatic_dependence","PIEZO1",79,"aquatic_specific","Ion channels / mechanosensation / membrane signaling",0.100220575454654,2.16671341867808,0.217149265665237,0.217149265665237,"positive",134.954688699282,FALSE,-0.669826311135997,0.338535733730337,-2.75018905096971
"Otariinae_sampled","Otariinae","B392","B491","internal_clade","optional","Pinniped axis","binary_aquatic_dependence","binary_aquatic_dependence","DBNL",80,"shared","Cytoskeletal / muscle / ECM / adhesion",0.116035395287358,1.47017985294112,0.170592900379532,0.170592900379532,"positive",139.522130483474,FALSE,-0.669826311135997,0.338535733730337,-2.75018905096971
"Otariinae_sampled","Otariinae","B392","B491","internal_clade","optional","Pinniped axis","binary_aquatic_dependence","binary_aquatic_dependence","OR6B1",81,"shared","Sensory systems",0.1211331117984,0.0787403139029062,0.00953805924704188,0.00953805924704188,"positive",89.2417979259392,FALSE,-0.669826311135997,0.338535733730337,-2.75018905096971
"Otariinae_sampled","Otariinae","B392","B491","internal_clade","optional","Pinniped axis","binary_aquatic_dependence","binary_aquatic_dependence","ABHD8",82,"aquatic_specific","Metabolism / redox / lipid handling",0.123391794658719,-1.67860687836882,-0.207126315248399,0.207126315248399,"negative",0,FALSE,-0.669826311135997,0.338535733730337,-2.75018905096971
"Otariinae_sampled","Otariinae","B392","B491","internal_clade","optional","Pinniped axis","binary_aquatic_dependence","binary_aquatic_dependence","FZD5",83,"aquatic_specific","Developmental / transcriptional signaling regulators",0.130676120517993,0.812230214113393,0.106139093347837,0.106139093347837,"positive",82.4272016692722,FALSE,-0.669826311135997,0.338535733730337,-2.75018905096971
"Otariinae_sampled","Otariinae","B392","B491","internal_clade","optional","Pinniped axis","binary_aquatic_dependence","binary_aquatic_dependence","PNPLA7",84,"shared","Metabolism / redox / lipid handling",0.137885581276299,-0.554395211618623,-0.0764431060108309,0.0764431060108309,"negative",44.3909837732017,FALSE,-0.669826311135997,0.338535733730337,-2.75018905096971
"Otariinae_sampled","Otariinae","B392","B491","internal_clade","optional","Pinniped axis","binary_aquatic_dependence","binary_aquatic_dependence","SPEF2",85,"aquatic_specific","Cilia / flagella / reproductive-cell function",0.174059525751515,2.68340474849165,0.467072157921821,0.467072157921821,"positive",120.330947882562,FALSE,-0.669826311135997,0.338535733730337,-2.75018905096971
"Otariinae_sampled","Otariinae","B392","B491","internal_clade","optional","Pinniped axis","binary_aquatic_dependence","binary_aquatic_dependence","GCKR",86,"aquatic_specific","Endocrine / circadian / systemic regulation",0.176184373124808,1.47714832493868e-15,2.60250451641681e-16,2.60250451641681e-16,"positive",,TRUE,-0.669826311135997,0.338535733730337,-2.75018905096971
"Otariinae_sampled","Otariinae","B392","B491","internal_clade","optional","Pinniped axis","binary_aquatic_dependence","binary_aquatic_dependence","SEC61A2",87,"aquatic_specific","Membrane trafficking / ER / vesicle processing",0.176583875943885,1.7116196203096,0.30224442669587,0.30224442669587,"positive",117.739885509979,FALSE,-0.669826311135997,0.338535733730337,-2.75018905096971
"Otariinae_sampled","Otariinae","B392","B491","internal_clade","optional","Pinniped axis","binary_aquatic_dependence","binary_aquatic_dependence","OR52W1",88,"shared","Sensory systems",0.190684677268266,1.46330754762672,0.279030327463419,0.279030327463419,"positive",133.676881085925,FALSE,-0.669826311135997,0.338535733730337,-2.75018905096971
"Otariinae_sampled","Otariinae","B392","B491","internal_clade","optional","Pinniped axis","binary_aquatic_dependence","binary_aquatic_dependence","PRSS53",89,"aquatic_specific","Epithelial / body-surface interface",0.194083977905306,-0.414331467161477,-0.080415099318041,0.080415099318041,"negative",50.8157926737246,FALSE,-0.669826311135997,0.338535733730337,-2.75018905096971
"Otariinae_sampled","Otariinae","B392","B491","internal_clade","optional","Pinniped axis","binary_aquatic_dependence","binary_aquatic_dependence","KCNK18",90,"shared","Ion channels / mechanosensation / membrane signaling",0.217561248206336,-8.42782795295666e-16,-1.8335687691135e-16,1.8335687691135e-16,"negative",,TRUE,-0.669826311135997,0.338535733730337,-2.75018905096971
"Otariinae_sampled","Otariinae","B392","B491","internal_clade","optional","Pinniped axis","binary_aquatic_dependence","binary_aquatic_dependence","SDR9C7",91,"shared","Epithelial / body-surface interface",0.220181989308241,-0.319157579621927,-0.0702727507839592,0.0702727507839592,"negative",41.6994407690272,FALSE,-0.669826311135997,0.338535733730337,-2.75018905096971
"Otariinae_sampled","Otariinae","B392","B491","internal_clade","optional","Pinniped axis","binary_aquatic_dependence","binary_aquatic_dependence","OMP",92,"shared","Sensory systems",0.231144543648012,2.28644775984868,0.528499924025243,0.528499924025243,"positive",312.653282180463,FALSE,-0.669826311135997,0.338535733730337,-2.75018905096971
"Otariinae_sampled","Otariinae","B392","B491","internal_clade","optional","Pinniped axis","binary_aquatic_dependence","binary_aquatic_dependence","SYTL5",93,"aquatic_specific","Membrane trafficking / ER / vesicle processing",0.265993756746688,-0.528220944340778,-0.140503473377487,0.140503473377487,"negative",48.9253795265869,FALSE,-0.669826311135997,0.338535733730337,-2.75018905096971
"Otariinae_sampled","Otariinae","B392","B491","internal_clade","optional","Pinniped axis","binary_aquatic_dependence","binary_aquatic_dependence","IL33",94,"shared","Immune / inflammatory regulation",0.340038935001018,-1.25231167496481,-0.425834728244375,0.425834728244375,"negative",0,FALSE,-0.669826311135997,0.338535733730337,-2.75018905096971
"Otariinae_sampled","Otariinae","B392","B491","internal_clade","optional","Pinniped axis","binary_aquatic_dependence","binary_aquatic_dependence","KIF18A",95,"aquatic_specific","DNA repair / chromatin / cell-cycle",0.340198342633948,-0.41575813781091,-0.141440229419848,0.141440229419848,"negative",38.8360923933436,FALSE,-0.669826311135997,0.338535733730337,-2.75018905096971
"Otariinae_sampled","Otariinae","B392","B491","internal_clade","optional","Pinniped axis","binary_aquatic_dependence","binary_aquatic_dependence","FAM13A",96,"aquatic_specific","Developmental / transcriptional signaling regulators",0.348973910716795,-0.193381656527462,-0.0674851529392806,0.0674851529392806,"negative",52.5684263833688,FALSE,-0.669826311135997,0.338535733730337,-2.75018905096971
"Otariinae_sampled","Otariinae","B392","B491","internal_clade","optional","Pinniped axis","binary_aquatic_dependence","binary_aquatic_dependence","NWD1",97,"aquatic_specific","Developmental / transcriptional signaling regulators",0.404558879261438,-2.18087531346393,-0.882292472623907,0.882292472623907,"negative",0,FALSE,-0.669826311135997,0.338535733730337,-2.75018905096971
"Otariinae_sampled","Otariinae","B392","B491","internal_clade","optional","Pinniped axis","binary_aquatic_dependence","binary_aquatic_dependence","LRP2",98,"aquatic_specific","Transport / endocytic / epithelial solute handling",0.471378525654808,-0.184386326188631,-0.0869157545897035,0.0869157545897035,"negative",46.8539390536383,FALSE,-0.669826311135997,0.338535733730337,-2.75018905096971
"Otariinae_sampled","Otariinae","B392","B491","internal_clade","optional","Pinniped axis","binary_aquatic_dependence","binary_aquatic_dependence","CACNA1G",99,"aquatic_specific","Ion channels / mechanosensation / membrane signaling",0.593854706123962,-1.36052119398748,-0.80795191383086,0.80795191383086,"negative",32.7900442243983,FALSE,-0.669826311135997,0.338535733730337,-2.75018905096971
"Otariinae_sampled","Otariinae","B392","B491","internal_clade","optional","Pinniped axis","binary_aquatic_dependence","binary_aquatic_dependence","PER1",100,"aquatic_specific","Endocrine / circadian / systemic regulation",0.784004329488712,0.133475829103712,0.104645627899406,0.104645627899406,"positive",68.6280230876527,FALSE,-0.669826311135997,0.338535733730337,-2.75018905096971
"Otariinae_sampled","Otariinae","B392","B491","internal_clade","optional","Pinniped axis","binary_aquatic_dependence","binary_aquatic_dependence","TGM3",101,"shared","Epithelial / body-surface interface",1.04080869919882,-0.322874311486016,-0.336050392142473,0.336050392142473,"negative",48.0795712873659,FALSE,-0.669826311135997,0.338535733730337,-2.75018905096971
"Sirenia","Sirenia","B26","B313","internal_clade","required","Sirenian / edge context","binary_aquatic_dependence","binary_aquatic_dependence","ATF7IP2",1,"aquatic_specific","DNA repair / chromatin / cell-cycle",-0.581769927151342,-0.925599796246078,0.538486126033378,0.538486126033378,"positive",30.9417794490795,FALSE,-1.36233125914973,0.20386167282411,-2.75018905096971
"Sirenia","Sirenia","B26","B313","internal_clade","required","Sirenian / edge context","binary_aquatic_dependence","binary_aquatic_dependence","WDR93",2,"shared","Cilia / flagella / reproductive-cell function",-0.4793197990576,-0.504020882488762,0.241587188115348,0.241587188115348,"positive",37.7869911038044,FALSE,-1.36233125914973,0.20386167282411,-2.75018905096971
"Sirenia","Sirenia","B26","B313","internal_clade","required","Sirenian / edge context","binary_aquatic_dependence","binary_aquatic_dependence","PMIS2",3,"aquatic_specific","Developmental / transcriptional signaling regulators",-0.39072525213697,1.15752045515747e-15,-4.52272471695104e-16,4.52272471695104e-16,"negative",,TRUE,-1.36233125914973,0.20386167282411,-2.75018905096971
"Sirenia","Sirenia","B26","B313","internal_clade","required","Sirenian / edge context","binary_aquatic_dependence","binary_aquatic_dependence","PFKP",4,"aquatic_specific","Metabolism / redox / lipid handling",-0.356881027792284,-0.247819600237657,0.0884421136398881,0.0884421136398881,"positive",50.2624206367219,FALSE,-1.36233125914973,0.20386167282411,-2.75018905096971
"Sirenia","Sirenia","B26","B313","internal_clade","required","Sirenian / edge context","binary_aquatic_dependence","binary_aquatic_dependence","PDGFB",5,"aquatic_specific","Vascular / hematologic regulation",-0.348561123284862,0.44137682985385,-0.153846803605769,0.153846803605769,"negative",77.9115868907651,FALSE,-1.36233125914973,0.20386167282411,-2.75018905096971
"Sirenia","Sirenia","B26","B313","internal_clade","required","Sirenian / edge context","binary_aquatic_dependence","binary_aquatic_dependence","PUSL1",6,"shared","Metabolism / redox / lipid handling",-0.314220898750119,0.607272906263645,-0.190817838392759,0.190817838392759,"negative",74.7707608664297,FALSE,-1.36233125914973,0.20386167282411,-2.75018905096971
"Sirenia","Sirenia","B26","B313","internal_clade","required","Sirenian / edge context","binary_aquatic_dependence","binary_aquatic_dependence","SMCO3",7,"aquatic_specific","Unassigned / low-confidence",-0.307082295991399,0.0595031481428666,-0.0182723633504278,0.0182723633504278,"negative",68.9234270505097,FALSE,-1.36233125914973,0.20386167282411,-2.75018905096971
"Sirenia","Sirenia","B26","B313","internal_clade","required","Sirenian / edge context","binary_aquatic_dependence","binary_aquatic_dependence","GGTLC1",8,"aquatic_specific","Metabolism / redox / lipid handling",-0.291163814888646,-0.0269039227757824,0.00783344879086631,0.00783344879086631,"positive",59.6871178668558,FALSE,-1.36233125914973,0.20386167282411,-2.75018905096971
"Sirenia","Sirenia","B26","B313","internal_clade","required","Sirenian / edge context","binary_aquatic_dependence","binary_aquatic_dependence","C16orf91",9,"aquatic_specific","Unassigned / low-confidence",-0.262195862787636,-0.195822160905864,0.0513437604316524,0.0513437604316524,"positive",45.6208892794853,FALSE,-1.36233125914973,0.20386167282411,-2.75018905096971
"Sirenia","Sirenia","B26","B313","internal_clade","required","Sirenian / edge context","binary_aquatic_dependence","binary_aquatic_dependence","HGFAC",10,"shared","Vascular / hematologic regulation",-0.251889764940469,0.252945376570739,-0.063714351447182,0.063714351447182,"negative",76.04262960798,FALSE,-1.36233125914973,0.20386167282411,-2.75018905096971
"Sirenia","Sirenia","B26","B313","internal_clade","required","Sirenian / edge context","binary_aquatic_dependence","binary_aquatic_dependence","NLRP8",11,"aquatic_specific","Immune / inflammatory regulation",-0.249357601464042,6.78284762456238e-15,-1.69135461475695e-15,1.69135461475695e-15,"negative",,TRUE,-1.36233125914973,0.20386167282411,-2.75018905096971
"Sirenia","Sirenia","B26","B313","internal_clade","required","Sirenian / edge context","binary_aquatic_dependence","binary_aquatic_dependence","FN3K",12,"shared","Metabolism / redox / lipid handling",-0.244837253974046,0.495374302322958,-0.121286083870062,0.121286083870062,"negative",67.1904955030115,FALSE,-1.36233125914973,0.20386167282411,-2.75018905096971
"Sirenia","Sirenia","B26","B313","internal_clade","required","Sirenian / edge context","binary_aquatic_dependence","binary_aquatic_dependence","NUBP2",13,"shared","Metabolism / redox / lipid handling",-0.239999172123246,1.07693305708742,-0.258463042133138,0.258463042133138,"negative",96.6777084400307,FALSE,-1.36233125914973,0.20386167282411,-2.75018905096971
"Sirenia","Sirenia","B26","B313","internal_clade","required","Sirenian / edge context","binary_aquatic_dependence","binary_aquatic_dependence","ACADSB",14,"aquatic_specific","Metabolism / redox / lipid handling",-0.238865076823398,0.876407483425385,-0.209343140857005,0.209343140857005,"negative",81.9160805846405,FALSE,-1.36233125914973,0.20386167282411,-2.75018905096971
"Sirenia","Sirenia","B26","B313","internal_clade","required","Sirenian / edge context","binary_aquatic_dependence","binary_aquatic_dependence","TTC28",15,"aquatic_specific","Developmental / transcriptional signaling regulators",-0.237914556985983,-0.371167879477965,0.0883062416134268,0.0883062416134268,"positive",47.19793498816,FALSE,-1.36233125914973,0.20386167282411,-2.75018905096971
"Sirenia","Sirenia","B26","B313","internal_clade","required","Sirenian / edge context","binary_aquatic_dependence","binary_aquatic_dependence","SLC6A15",16,"aquatic_specific","Transport / endocytic / epithelial solute handling",-0.23289351110375,-0.276417748106635,0.0643758998879461,0.0643758998879461,"positive",46.4173345501702,FALSE,-1.36233125914973,0.20386167282411,-2.75018905096971
"Sirenia","Sirenia","B26","B313","internal_clade","required","Sirenian / edge context","binary_aquatic_dependence","binary_aquatic_dependence","CATSPERG",17,"aquatic_specific","Cilia / flagella / reproductive-cell function",-0.232264279338058,0.450155423144474,-0.10455502494677,0.10455502494677,"negative",57.955857019459,FALSE,-1.36233125914973,0.20386167282411,-2.75018905096971
"Sirenia","Sirenia","B26","B313","internal_clade","required","Sirenian / edge context","binary_aquatic_dependence","binary_aquatic_dependence","SYDE1",18,"shared","Cytoskeletal / muscle / ECM / adhesion",-0.232023025562006,-0.0296810409406266,0.00688668492087396,0.00688668492087396,"positive",55.7312288726063,FALSE,-1.36233125914973,0.20386167282411,-2.75018905096971
"Sirenia","Sirenia","B26","B313","internal_clade","required","Sirenian / edge context","binary_aquatic_dependence","binary_aquatic_dependence","SLC5A5",19,"aquatic_specific","Transport / endocytic / epithelial solute handling",-0.231105741131879,1.48413506329796,-0.342992133743284,0.342992133743284,"negative",100.116250291081,FALSE,-1.36233125914973,0.20386167282411,-2.75018905096971
"Sirenia","Sirenia","B26","B313","internal_clade","required","Sirenian / edge context","binary_aquatic_dependence","binary_aquatic_dependence","SIGIRR",20,"aquatic_specific","Immune / inflammatory regulation",-0.210302505536658,-0.437435612698635,0.091993805361486,0.091993805361486,"positive",32.7737519772563,FALSE,-1.36233125914973,0.20386167282411,-2.75018905096971
"Sirenia","Sirenia","B26","B313","internal_clade","required","Sirenian / edge context","binary_aquatic_dependence","binary_aquatic_dependence","KEAP1",21,"aquatic_specific","Developmental / transcriptional signaling regulators",-0.19883739251004,0.742183536927935,-0.14757383924663,0.14757383924663,"negative",75.1367413729015,FALSE,-1.36233125914973,0.20386167282411,-2.75018905096971
"Sirenia","Sirenia","B26","B313","internal_clade","required","Sirenian / edge context","binary_aquatic_dependence","binary_aquatic_dependence","SYNPO2",22,"aquatic_specific","Cytoskeletal / muscle / ECM / adhesion",-0.164171125185038,-0.441090618299127,0.0724143431147319,0.0724143431147319,"positive",39.0452024398192,FALSE,-1.36233125914973,0.20386167282411,-2.75018905096971
"Sirenia","Sirenia","B26","B313","internal_clade","required","Sirenian / edge context","binary_aquatic_dependence","binary_aquatic_dependence","PI4KA",23,"aquatic_specific","Ion channels / mechanosensation / membrane signaling",-0.161213914772254,0.382809487825415,-0.0617142161442967,0.0617142161442967,"negative",72.6626221464173,FALSE,-1.36233125914973,0.20386167282411,-2.75018905096971
"Sirenia","Sirenia","B26","B313","internal_clade","required","Sirenian / edge context","binary_aquatic_dependence","binary_aquatic_dependence","H1_8",24,"aquatic_specific","DNA repair / chromatin / cell-cycle",-0.160268979059258,-0.356400638585198,0.0571199664821173,0.0571199664821173,"positive",44.7406796242339,FALSE,-1.36233125914973,0.20386167282411,-2.75018905096971
"Sirenia","Sirenia","B26","B313","internal_clade","required","Sirenian / edge context","binary_aquatic_dependence","binary_aquatic_dependence","CATSPERZ",25,"shared","Cilia / flagella / reproductive-cell function",-0.154029925159516,-0.393567292447166,0.0606211406008704,0.0606211406008704,"positive",30.2298996907689,FALSE,-1.36233125914973,0.20386167282411,-2.75018905096971
"Sirenia","Sirenia","B26","B313","internal_clade","required","Sirenian / edge context","binary_aquatic_dependence","binary_aquatic_dependence","TIGD7",26,"aquatic_specific","Developmental / transcriptional signaling regulators",-0.153350666144971,-0.215189495032749,0.0329994524106721,0.0329994524106721,"positive",89.7200584692225,FALSE,-1.36233125914973,0.20386167282411,-2.75018905096971
"Sirenia","Sirenia","B26","B313","internal_clade","required","Sirenian / edge context","binary_aquatic_dependence","binary_aquatic_dependence","CLASP2",27,"aquatic_specific","Cytoskeletal / muscle / ECM / adhesion",-0.153215743294715,1.26151006145461,-0.193283201739531,0.193283201739531,"negative",93.7496597019086,FALSE,-1.36233125914973,0.20386167282411,-2.75018905096971
"Sirenia","Sirenia","B26","B313","internal_clade","required","Sirenian / edge context","binary_aquatic_dependence","binary_aquatic_dependence","FAM20B",28,"aquatic_specific","Developmental / transcriptional signaling regulators",-0.149046125022571,-0.321571616561161,0.0479290033656851,0.0479290033656851,"positive",42.9372722798136,FALSE,-1.36233125914973,0.20386167282411,-2.75018905096971
"Sirenia","Sirenia","B26","B313","internal_clade","required","Sirenian / edge context","binary_aquatic_dependence","binary_aquatic_dependence","EHHADH",29,"aquatic_specific","Metabolism / redox / lipid handling",-0.134704680594371,6.61948260926906e-16,-8.91675290581585e-17,8.91675290581585e-17,"negative",,TRUE,-1.36233125914973,0.20386167282411,-2.75018905096971
"Sirenia","Sirenia","B26","B313","internal_clade","required","Sirenian / edge context","binary_aquatic_dependence","binary_aquatic_dependence","XCR1",30,"aquatic_specific","Immune / inflammatory regulation",-0.128894917212046,1.559102622942,-0.200960403509194,0.200960403509194,"negative",104.052867107471,FALSE,-1.36233125914973,0.20386167282411,-2.75018905096971
"Sirenia","Sirenia","B26","B313","internal_clade","required","Sirenian / edge context","binary_aquatic_dependence","binary_aquatic_dependence","CLTCL1",31,"aquatic_specific","Membrane trafficking / ER / vesicle processing",-0.122013377075862,1.03036935260103e-14,-1.25718844346321e-15,1.25718844346321e-15,"negative",,TRUE,-1.36233125914973,0.20386167282411,-2.75018905096971
"Sirenia","Sirenia","B26","B313","internal_clade","required","Sirenian / edge context","binary_aquatic_dependence","binary_aquatic_dependence","SLC6A6",32,"aquatic_specific","Transport / endocytic / epithelial solute handling",-0.121595276910313,-0.113936175569001,0.0138541008184147,0.0138541008184147,"positive",51.97886375456,FALSE,-1.36233125914973,0.20386167282411,-2.75018905096971
"Sirenia","Sirenia","B26","B313","internal_clade","required","Sirenian / edge context","binary_aquatic_dependence","binary_aquatic_dependence","ACOX3",33,"aquatic_specific","Metabolism / redox / lipid handling",-0.118129521585615,0.474428082216045,-0.0560439623789623,0.0560439623789623,"negative",68.783362888881,FALSE,-1.36233125914973,0.20386167282411,-2.75018905096971
"Sirenia","Sirenia","B26","B313","internal_clade","required","Sirenian / edge context","binary_aquatic_dependence","binary_aquatic_dependence","CORO2A",34,"aquatic_specific","Cytoskeletal / muscle / ECM / adhesion",-0.110434776748237,0.612081553926774,-0.0675950897596175,0.0675950897596175,"negative",76.5668664503327,FALSE,-1.36233125914973,0.20386167282411,-2.75018905096971
"Sirenia","Sirenia","B26","B313","internal_clade","required","Sirenian / edge context","binary_aquatic_dependence","binary_aquatic_dependence","SEPTIN5",35,"aquatic_specific","Cytoskeletal / muscle / ECM / adhesion",-0.106389612271777,-0.182578666037117,0.0194244734887872,0.0194244734887872,"positive",48.431004002349,FALSE,-1.36233125914973,0.20386167282411,-2.75018905096971
"Sirenia","Sirenia","B26","B313","internal_clade","required","Sirenian / edge context","binary_aquatic_dependence","binary_aquatic_dependence","MEFV",36,"aquatic_specific","Immune / inflammatory regulation",-0.106234859098565,0.148850086151359,-0.015813067929099,0.015813067929099,"negative",66.1053128308028,FALSE,-1.36233125914973,0.20386167282411,-2.75018905096971
"Sirenia","Sirenia","B26","B313","internal_clade","required","Sirenian / edge context","binary_aquatic_dependence","binary_aquatic_dependence","C1orf112",37,"aquatic_specific","DNA repair / chromatin / cell-cycle",-0.10365191227098,-0.73045256662621,0.0757128053540524,0.0757128053540524,"positive",35.7909427400394,FALSE,-1.36233125914973,0.20386167282411,-2.75018905096971
"Sirenia","Sirenia","B26","B313","internal_clade","required","Sirenian / edge context","binary_aquatic_dependence","binary_aquatic_dependence","HPRT1",38,"aquatic_specific","Metabolism / redox / lipid handling",-0.099597493197772,0.729957617365303,-0.0727019488302026,0.0727019488302026,"negative",96.1634207398053,FALSE,-1.36233125914973,0.20386167282411,-2.75018905096971
"Sirenia","Sirenia","B26","B313","internal_clade","required","Sirenian / edge context","binary_aquatic_dependence","binary_aquatic_dependence","CD34",39,"shared","Vascular / hematologic regulation",-0.0959044894988044,1.1692209008859,-0.112133533610794,0.112133533610794,"negative",93.1595168582967,FALSE,-1.36233125914973,0.20386167282411,-2.75018905096971
"Sirenia","Sirenia","B26","B313","internal_clade","required","Sirenian / edge context","binary_aquatic_dependence","binary_aquatic_dependence","CASTOR1",40,"aquatic_specific","Endocrine / circadian / systemic regulation",-0.0825057476543748,0.906120967013648,-0.0747601878487662,0.0747601878487662,"negative",96.274795940075,FALSE,-1.36233125914973,0.20386167282411,-2.75018905096971
"Sirenia","Sirenia","B26","B313","internal_clade","required","Sirenian / edge context","binary_aquatic_dependence","binary_aquatic_dependence","RAC3",41,"aquatic_specific","Developmental / transcriptional signaling regulators",-0.0814970345799135,0.36171728580115,-0.0294788861490888,0.0294788861490888,"negative",70.5810411519082,FALSE,-1.36233125914973,0.20386167282411,-2.75018905096971
"Sirenia","Sirenia","B26","B313","internal_clade","required","Sirenian / edge context","binary_aquatic_dependence","binary_aquatic_dependence","URI1",42,"aquatic_specific","Developmental / transcriptional signaling regulators",-0.078475489653661,0.385808920433251,-0.0302765439437497,0.0302765439437497,"negative",70.3383664422717,FALSE,-1.36233125914973,0.20386167282411,-2.75018905096971
"Sirenia","Sirenia","B26","B313","internal_clade","required","Sirenian / edge context","binary_aquatic_dependence","binary_aquatic_dependence","SPINT4",43,"aquatic_specific","Epithelial / body-surface interface",-0.0769933368325998,0.329582872316523,-0.0253756851025218,0.0253756851025218,"negative",52.2208607626978,FALSE,-1.36233125914973,0.20386167282411,-2.75018905096971
"Sirenia","Sirenia","B26","B313","internal_clade","required","Sirenian / edge context","binary_aquatic_dependence","binary_aquatic_dependence","GGTLC3",44,"aquatic_specific","Metabolism / redox / lipid handling",-0.0726998898105257,0.022884903172534,-0.00166372993896777,0.00166372993896777,"negative",57.447303717194,FALSE,-1.36233125914973,0.20386167282411,-2.75018905096971
"Sirenia","Sirenia","B26","B313","internal_clade","required","Sirenian / edge context","binary_aquatic_dependence","binary_aquatic_dependence","KMO",45,"aquatic_specific","Metabolism / redox / lipid handling",-0.0725495886342883,0.234089628026233,-0.0169831062168568,0.0169831062168568,"negative",63.7992907930361,FALSE,-1.36233125914973,0.20386167282411,-2.75018905096971
"Sirenia","Sirenia","B26","B313","internal_clade","required","Sirenian / edge context","binary_aquatic_dependence","binary_aquatic_dependence","PDK1",46,"aquatic_specific","Metabolism / redox / lipid handling",-0.0696000509826744,-0.454304618953204,0.0316196246408075,0.0316196246408075,"positive",33.2572557335831,FALSE,-1.36233125914973,0.20386167282411,-2.75018905096971
"Sirenia","Sirenia","B26","B313","internal_clade","required","Sirenian / edge context","binary_aquatic_dependence","binary_aquatic_dependence","EPOR",47,"shared","Vascular / hematologic regulation",-0.0639836237556098,0.579088711182222,-0.0370521942174043,0.0370521942174043,"negative",69.2446971478945,FALSE,-1.36233125914973,0.20386167282411,-2.75018905096971
"Sirenia","Sirenia","B26","B313","internal_clade","required","Sirenian / edge context","binary_aquatic_dependence","binary_aquatic_dependence","AC092835",48,"aquatic_specific","Unassigned / low-confidence",-0.0481295116799046,-0.640573824769036,0.0308305053810625,0.0308305053810625,"positive",30.9328005266586,FALSE,-1.36233125914973,0.20386167282411,-2.75018905096971
"Sirenia","Sirenia","B26","B313","internal_clade","required","Sirenian / edge context","binary_aquatic_dependence","binary_aquatic_dependence","CDHR4",49,"aquatic_specific","Epithelial / body-surface interface",-0.043359831407413,0.641934551761801,-0.0278341739389849,0.0278341739389849,"negative",65.2515554910757,FALSE,-1.36233125914973,0.20386167282411,-2.75018905096971
"Sirenia","Sirenia","B26","B313","internal_clade","required","Sirenian / edge context","binary_aquatic_dependence","binary_aquatic_dependence","PROB1",50,"aquatic_specific","Unassigned / low-confidence",-0.031368805999096,0.783743378185126,-0.0245850939833653,0.0245850939833653,"negative",73.0537087412527,FALSE,-1.36233125914973,0.20386167282411,-2.75018905096971
"Sirenia","Sirenia","B26","B313","internal_clade","required","Sirenian / edge context","binary_aquatic_dependence","binary_aquatic_dependence","PPP1R3A",51,"aquatic_specific","Metabolism / redox / lipid handling",-0.0310971405758917,6.25592898817592e-16,-1.94541503178103e-17,1.94541503178103e-17,"negative",,TRUE,-1.36233125914973,0.20386167282411,-2.75018905096971
"Sirenia","Sirenia","B26","B313","internal_clade","required","Sirenian / edge context","binary_aquatic_dependence","binary_aquatic_dependence","CDC14B",52,"aquatic_specific","DNA repair / chromatin / cell-cycle",-0.0297700481634882,-0.193196546206115,0.00575147048557562,0.00575147048557562,"positive",44.6302443191565,FALSE,-1.36233125914973,0.20386167282411,-2.75018905096971
"Sirenia","Sirenia","B26","B313","internal_clade","required","Sirenian / edge context","binary_aquatic_dependence","binary_aquatic_dependence","SOX7",53,"shared","Developmental / transcriptional signaling regulators",-0.0288474092932838,0.469494278045729,-0.0135436935996399,0.0135436935996399,"negative",72.3974657166667,FALSE,-1.36233125914973,0.20386167282411,-2.75018905096971
"Sirenia","Sirenia","B26","B313","internal_clade","required","Sirenian / edge context","binary_aquatic_dependence","binary_aquatic_dependence","MSN",54,"aquatic_specific","Cytoskeletal / muscle / ECM / adhesion",-0.0286086021473059,-0.24879875377124,0.00711778456138692,0.00711778456138692,"positive",45.9985295160568,FALSE,-1.36233125914973,0.20386167282411,-2.75018905096971
"Sirenia","Sirenia","B26","B313","internal_clade","required","Sirenian / edge context","binary_aquatic_dependence","binary_aquatic_dependence","COMMD4",55,"aquatic_specific","DNA repair / chromatin / cell-cycle",-0.0187271239132032,-0.018190297787927,0.000340651960692575,0.000340651960692575,"positive",58.6377764651502,FALSE,-1.36233125914973,0.20386167282411,-2.75018905096971
"Sirenia","Sirenia","B26","B313","internal_clade","required","Sirenian / edge context","binary_aquatic_dependence","binary_aquatic_dependence","NOXO1",56,"aquatic_specific","Ion channels / mechanosensation / membrane signaling",-0.0179148306739576,-2.30627259788865e-15,4.13164830791634e-17,4.13164830791634e-17,"positive",,TRUE,-1.36233125914973,0.20386167282411,-2.75018905096971
"Sirenia","Sirenia","B26","B313","internal_clade","required","Sirenian / edge context","binary_aquatic_dependence","binary_aquatic_dependence","CCDC174",57,"aquatic_specific","RNA processing / translation / protein homeostasis",-0.0162180345629962,-0.184065772592727,0.00298518506177344,0.00298518506177344,"positive",55.635205344452,FALSE,-1.36233125914973,0.20386167282411,-2.75018905096971
"Sirenia","Sirenia","B26","B313","internal_clade","required","Sirenian / edge context","binary_aquatic_dependence","binary_aquatic_dependence","FLYWCH1",58,"aquatic_specific","Developmental / transcriptional signaling regulators",-0.0104987023982283,-0.473069153141227,0.00496661225261163,0.00496661225261163,"positive",39.6722745528848,FALSE,-1.36233125914973,0.20386167282411,-2.75018905096971
"Sirenia","Sirenia","B26","B313","internal_clade","required","Sirenian / edge context","binary_aquatic_dependence","binary_aquatic_dependence","RHCG",59,"aquatic_specific","Transport / endocytic / epithelial solute handling",-0.0101117732108071,1.06236941853395,-0.0107424386263124,0.0107424386263124,"negative",93.7285677245773,FALSE,-1.36233125914973,0.20386167282411,-2.75018905096971
"Sirenia","Sirenia","B26","B313","internal_clade","required","Sirenian / edge context","binary_aquatic_dependence","binary_aquatic_dependence","IP6K1",60,"aquatic_specific","Ion channels / mechanosensation / membrane signaling",-0.00832534794040649,0.476040377514093,-0.00396320177648728,0.00396320177648728,"negative",76.8179867562653,FALSE,-1.36233125914973,0.20386167282411,-2.75018905096971
"Sirenia","Sirenia","B26","B313","internal_clade","required","Sirenian / edge context","binary_aquatic_dependence","binary_aquatic_dependence","SORBS2",61,"aquatic_specific","Cytoskeletal / muscle / ECM / adhesion",-0.0080058731823396,1.00294115909612,-0.00802941972907221,0.00802941972907221,"negative",83.8944648463709,FALSE,-1.36233125914973,0.20386167282411,-2.75018905096971
"Sirenia","Sirenia","B26","B313","internal_clade","required","Sirenian / edge context","binary_aquatic_dependence","binary_aquatic_dependence","ASMTL",62,"shared","Endocrine / circadian / systemic regulation",-0.00682424512057102,-7.52044740008635e-16,5.13213764745503e-18,5.13213764745503e-18,"positive",,TRUE,-1.36233125914973,0.20386167282411,-2.75018905096971
"Sirenia","Sirenia","B26","B313","internal_clade","required","Sirenian / edge context","binary_aquatic_dependence","binary_aquatic_dependence","TMPPE",63,"aquatic_specific","Metabolism / redox / lipid handling",-0.00232450558807123,0.282478192516446,-0.000656622137012738,0.000656622137012738,"negative",68.9622595861567,FALSE,-1.36233125914973,0.20386167282411,-2.75018905096971
"Sirenia","Sirenia","B26","B313","internal_clade","required","Sirenian / edge context","binary_aquatic_dependence","binary_aquatic_dependence","ITGA2B",64,"aquatic_specific","Vascular / hematologic regulation",-0.00129204970143602,1.3765590291558,-0.00177858268262981,0.00177858268262981,"negative",86.4252951949692,FALSE,-1.36233125914973,0.20386167282411,-2.75018905096971
"Sirenia","Sirenia","B26","B313","internal_clade","required","Sirenian / edge context","binary_aquatic_dependence","binary_aquatic_dependence","RHOA",65,"aquatic_specific","Cytoskeletal / muscle / ECM / adhesion",-0.00113448879012524,0.821442138063939,-0.000931916897370051,0.000931916897370051,"negative",112.167366885419,FALSE,-1.36233125914973,0.20386167282411,-2.75018905096971
"Sirenia","Sirenia","B26","B313","internal_clade","required","Sirenian / edge context","binary_aquatic_dependence","binary_aquatic_dependence","FP565260",66,"aquatic_specific","Unassigned / low-confidence",1.70815408075916e-05,0.34029823740177,5.81281822892982e-06,5.81281822892982e-06,"positive",76.2075794134619,FALSE,-1.36233125914973,0.20386167282411,-2.75018905096971
"Sirenia","Sirenia","B26","B313","internal_clade","required","Sirenian / edge context","binary_aquatic_dependence","binary_aquatic_dependence","LRIF1",67,"aquatic_specific","DNA repair / chromatin / cell-cycle",0.00997540842690748,0.398189864431599,0.00397210652916012,0.00397210652916012,"positive",60.159326924518,FALSE,-1.36233125914973,0.20386167282411,-2.75018905096971
"Sirenia","Sirenia","B26","B313","internal_clade","required","Sirenian / edge context","binary_aquatic_dependence","binary_aquatic_dependence","BAMBI",68,"aquatic_specific","Developmental / transcriptional signaling regulators",0.0120734458485713,1.11834890794318,0.0135023249798609,0.0135023249798609,"positive",123.732045372305,FALSE,-1.36233125914973,0.20386167282411,-2.75018905096971
"Sirenia","Sirenia","B26","B313","internal_clade","required","Sirenian / edge context","binary_aquatic_dependence","binary_aquatic_dependence","LLGL1",69,"aquatic_specific","Membrane trafficking / ER / vesicle processing",0.0221096407434654,0.384335213141166,0.0084975134876144,0.0084975134876144,"positive",72.3247235217419,FALSE,-1.36233125914973,0.20386167282411,-2.75018905096971
"Sirenia","Sirenia","B26","B313","internal_clade","required","Sirenian / edge context","binary_aquatic_dependence","binary_aquatic_dependence","COL20A1",70,"shared","Cytoskeletal / muscle / ECM / adhesion",0.0288024871662898,1.0753399714428,0.0309724657268797,0.0309724657268797,"positive",104.248922125358,FALSE,-1.36233125914973,0.20386167282411,-2.75018905096971
"Sirenia","Sirenia","B26","B313","internal_clade","required","Sirenian / edge context","binary_aquatic_dependence","binary_aquatic_dependence","TGM1",71,"shared","Epithelial / body-surface interface",0.0320265937643637,1.4397866306175,0.0461114615261487,0.0461114615261487,"positive",104.129574950696,FALSE,-1.36233125914973,0.20386167282411,-2.75018905096971
"Sirenia","Sirenia","B26","B313","internal_clade","required","Sirenian / edge context","binary_aquatic_dependence","binary_aquatic_dependence","PDE6C",72,"aquatic_specific","Sensory systems",0.0369091575908715,-0.222898445604075,-0.00822699385556109,0.00822699385556109,"negative",54.4437859602232,FALSE,-1.36233125914973,0.20386167282411,-2.75018905096971
"Sirenia","Sirenia","B26","B313","internal_clade","required","Sirenian / edge context","binary_aquatic_dependence","binary_aquatic_dependence","TOGARAM2",73,"shared","Cilia / flagella / reproductive-cell function",0.03936598299555,-0.213565373133967,-0.00840721084723005,0.00840721084723005,"negative",66.1336935284224,FALSE,-1.36233125914973,0.20386167282411,-2.75018905096971
"Sirenia","Sirenia","B26","B313","internal_clade","required","Sirenian / edge context","binary_aquatic_dependence","binary_aquatic_dependence","CSMD1",74,"aquatic_specific","Immune / inflammatory regulation",0.0435717554769353,-0.0231064397922491,-0.00100678814457041,0.00100678814457041,"negative",62.0461975402593,FALSE,-1.36233125914973,0.20386167282411,-2.75018905096971
"Sirenia","Sirenia","B26","B313","internal_clade","required","Sirenian / edge context","binary_aquatic_dependence","binary_aquatic_dependence","KRTDAP",75,"shared","Epithelial / body-surface interface",0.0447305719374455,0.609338855652808,0.0272560755170586,0.0272560755170586,"positive",124.695021599122,FALSE,-1.36233125914973,0.20386167282411,-2.75018905096971
"Sirenia","Sirenia","B26","B313","internal_clade","required","Sirenian / edge context","binary_aquatic_dependence","binary_aquatic_dependence","CNGA4",76,"aquatic_specific","Sensory systems",0.0586555487526509,0.33642126708728,0.0197329740330666,0.0197329740330666,"positive",76.2379329252563,FALSE,-1.36233125914973,0.20386167282411,-2.75018905096971
"Sirenia","Sirenia","B26","B313","internal_clade","required","Sirenian / edge context","binary_aquatic_dependence","binary_aquatic_dependence","ARSA",77,"aquatic_specific","Metabolism / redox / lipid handling",0.0862370240736283,0.513776654320108,0.0443065697070714,0.0443065697070714,"positive",65.4738264405551,FALSE,-1.36233125914973,0.20386167282411,-2.75018905096971
"Sirenia","Sirenia","B26","B313","internal_clade","required","Sirenian / edge context","binary_aquatic_dependence","binary_aquatic_dependence","DEUP1",78,"aquatic_specific","Cilia / flagella / reproductive-cell function",0.0985919084118505,-0.439992560698294,-0.0433797062462618,0.0433797062462618,"negative",48.1480456018169,FALSE,-1.36233125914973,0.20386167282411,-2.75018905096971
"Sirenia","Sirenia","B26","B313","internal_clade","required","Sirenian / edge context","binary_aquatic_dependence","binary_aquatic_dependence","PIEZO1",79,"aquatic_specific","Ion channels / mechanosensation / membrane signaling",0.100220575454654,-0.278906094012652,-0.0279521292397577,0.0279521292397577,"negative",61.1593811049407,FALSE,-1.36233125914973,0.20386167282411,-2.75018905096971
"Sirenia","Sirenia","B26","B313","internal_clade","required","Sirenian / edge context","binary_aquatic_dependence","binary_aquatic_dependence","DBNL",80,"shared","Cytoskeletal / muscle / ECM / adhesion",0.116035395287358,0.352777229559326,0.0409346452802953,0.0409346452802953,"positive",80.0840112262145,FALSE,-1.36233125914973,0.20386167282411,-2.75018905096971
"Sirenia","Sirenia","B26","B313","internal_clade","required","Sirenian / edge context","binary_aquatic_dependence","binary_aquatic_dependence","OR6B1",81,"shared","Sensory systems",0.1211331117984,-0.081826270126493,-0.00991187072727858,0.00991187072727858,"negative",77.6047487783188,FALSE,-1.36233125914973,0.20386167282411,-2.75018905096971
"Sirenia","Sirenia","B26","B313","internal_clade","required","Sirenian / edge context","binary_aquatic_dependence","binary_aquatic_dependence","ABHD8",82,"aquatic_specific","Metabolism / redox / lipid handling",0.123391794658719,0.147309457231299,0.0181767782979718,0.0181767782979718,"positive",53.8240486235238,FALSE,-1.36233125914973,0.20386167282411,-2.75018905096971
"Sirenia","Sirenia","B26","B313","internal_clade","required","Sirenian / edge context","binary_aquatic_dependence","binary_aquatic_dependence","FZD5",83,"aquatic_specific","Developmental / transcriptional signaling regulators",0.130676120517993,-1.03133666082231e-15,-1.34771073784241e-16,1.34771073784241e-16,"negative",,TRUE,-1.36233125914973,0.20386167282411,-2.75018905096971
"Sirenia","Sirenia","B26","B313","internal_clade","required","Sirenian / edge context","binary_aquatic_dependence","binary_aquatic_dependence","PNPLA7",84,"shared","Metabolism / redox / lipid handling",0.137885581276299,0.0857750241055462,0.0118271390577818,0.0118271390577818,"positive",66.6184171864091,FALSE,-1.36233125914973,0.20386167282411,-2.75018905096971
"Sirenia","Sirenia","B26","B313","internal_clade","required","Sirenian / edge context","binary_aquatic_dependence","binary_aquatic_dependence","SPEF2",85,"aquatic_specific","Cilia / flagella / reproductive-cell function",0.174059525751515,-0.855289597573565,-0.148871301733859,0.148871301733859,"negative",42.3094895004381,FALSE,-1.36233125914973,0.20386167282411,-2.75018905096971
"Sirenia","Sirenia","B26","B313","internal_clade","required","Sirenian / edge context","binary_aquatic_dependence","binary_aquatic_dependence","GCKR",86,"aquatic_specific","Endocrine / circadian / systemic regulation",0.176184373124808,-0.553236565635114,-0.0974716375061443,0.0974716375061443,"negative",56.9298803653817,FALSE,-1.36233125914973,0.20386167282411,-2.75018905096971
"Sirenia","Sirenia","B26","B313","internal_clade","required","Sirenian / edge context","binary_aquatic_dependence","binary_aquatic_dependence","SEC61A2",87,"aquatic_specific","Membrane trafficking / ER / vesicle processing",0.176583875943885,-0.292365133139523,-0.0516269684006269,0.0516269684006269,"negative",39.6619373412352,FALSE,-1.36233125914973,0.20386167282411,-2.75018905096971
"Sirenia","Sirenia","B26","B313","internal_clade","required","Sirenian / edge context","binary_aquatic_dependence","binary_aquatic_dependence","OR52W1",88,"shared","Sensory systems",0.190684677268266,-0.13652965703498,-0.0260341135892621,0.0260341135892621,"negative",65.7047533947569,FALSE,-1.36233125914973,0.20386167282411,-2.75018905096971
"Sirenia","Sirenia","B26","B313","internal_clade","required","Sirenian / edge context","binary_aquatic_dependence","binary_aquatic_dependence","PRSS53",89,"aquatic_specific","Epithelial / body-surface interface",0.194083977905306,0.473280944696557,0.0918562484134886,0.0918562484134886,"positive",77.847781669307,FALSE,-1.36233125914973,0.20386167282411,-2.75018905096971
"Sirenia","Sirenia","B26","B313","internal_clade","required","Sirenian / edge context","binary_aquatic_dependence","binary_aquatic_dependence","KCNK18",90,"shared","Ion channels / mechanosensation / membrane signaling",0.217561248206336,-8.42782795295666e-16,-1.8335687691135e-16,1.8335687691135e-16,"negative",,TRUE,-1.36233125914973,0.20386167282411,-2.75018905096971
"Sirenia","Sirenia","B26","B313","internal_clade","required","Sirenian / edge context","binary_aquatic_dependence","binary_aquatic_dependence","SDR9C7",91,"shared","Epithelial / body-surface interface",0.220181989308241,1.22242504407907,0.269155977985545,0.269155977985545,"positive",111.28735747779,FALSE,-1.36233125914973,0.20386167282411,-2.75018905096971
"Sirenia","Sirenia","B26","B313","internal_clade","required","Sirenian / edge context","binary_aquatic_dependence","binary_aquatic_dependence","OMP",92,"shared","Sensory systems",0.231144543648012,0.019134419635185,0.0044228166945444,0.0044228166945444,"positive",84.1852811692156,FALSE,-1.36233125914973,0.20386167282411,-2.75018905096971
"Sirenia","Sirenia","B26","B313","internal_clade","required","Sirenian / edge context","binary_aquatic_dependence","binary_aquatic_dependence","SYTL5",93,"aquatic_specific","Membrane trafficking / ER / vesicle processing",0.265993756746688,-0.445714542688681,-0.118557285646394,0.118557285646394,"negative",51.4875207124298,FALSE,-1.36233125914973,0.20386167282411,-2.75018905096971
"Sirenia","Sirenia","B26","B313","internal_clade","required","Sirenian / edge context","binary_aquatic_dependence","binary_aquatic_dependence","IL33",94,"shared","Immune / inflammatory regulation",0.340038935001018,1.45973400354367,0.496366395949764,0.496366395949764,"positive",94.8050338446129,FALSE,-1.36233125914973,0.20386167282411,-2.75018905096971
"Sirenia","Sirenia","B26","B313","internal_clade","required","Sirenian / edge context","binary_aquatic_dependence","binary_aquatic_dependence","KIF18A",95,"aquatic_specific","DNA repair / chromatin / cell-cycle",0.340198342633948,0.1032747298138,0.0351338919186237,0.0351338919186237,"positive",52.8125102929839,FALSE,-1.36233125914973,0.20386167282411,-2.75018905096971
"Sirenia","Sirenia","B26","B313","internal_clade","required","Sirenian / edge context","binary_aquatic_dependence","binary_aquatic_dependence","FAM13A",96,"aquatic_specific","Developmental / transcriptional signaling regulators",0.348973910716795,-0.444395460230509,-0.155082421661431,0.155082421661431,"negative",46.3268363051476,FALSE,-1.36233125914973,0.20386167282411,-2.75018905096971
"Sirenia","Sirenia","B26","B313","internal_clade","required","Sirenian / edge context","binary_aquatic_dependence","binary_aquatic_dependence","NWD1",97,"aquatic_specific","Developmental / transcriptional signaling regulators",0.404558879261438,-0.310694765749416,-0.125694326223979,0.125694326223979,"negative",62.2524065840848,FALSE,-1.36233125914973,0.20386167282411,-2.75018905096971
"Sirenia","Sirenia","B26","B313","internal_clade","required","Sirenian / edge context","binary_aquatic_dependence","binary_aquatic_dependence","LRP2",98,"aquatic_specific","Transport / endocytic / epithelial solute handling",0.471378525654808,0.823076261926727,0.387980474848491,0.387980474848491,"positive",63.5412489477264,FALSE,-1.36233125914973,0.20386167282411,-2.75018905096971
"Sirenia","Sirenia","B26","B313","internal_clade","required","Sirenian / edge context","binary_aquatic_dependence","binary_aquatic_dependence","CACNA1G",99,"aquatic_specific","Ion channels / mechanosensation / membrane signaling",0.593854706123962,-0.0891473790518268,-0.0529405905885441,0.0529405905885441,"negative",62.9672884882027,FALSE,-1.36233125914973,0.20386167282411,-2.75018905096971
"Sirenia","Sirenia","B26","B313","internal_clade","required","Sirenian / edge context","binary_aquatic_dependence","binary_aquatic_dependence","PER1",100,"aquatic_specific","Endocrine / circadian / systemic regulation",0.784004329488712,0.381905226772711,0.299415351244174,0.299415351244174,"positive",76.1503862053089,FALSE,-1.36233125914973,0.20386167282411,-2.75018905096971
"Sirenia","Sirenia","B26","B313","internal_clade","required","Sirenian / edge context","binary_aquatic_dependence","binary_aquatic_dependence","TGM3",101,"shared","Epithelial / body-surface interface",1.04080869919882,1.41161122774524,1.46921724572396,1.46921724572396,"positive",108.810572191605,FALSE,-1.36233125914973,0.20386167282411,-2.75018905096971
"Dugong_plus_Hydrodamalis","Dugong + Hydrodamalis","B25","B312","internal_clade","required","Sirenian / edge context","binary_aquatic_dependence","binary_aquatic_dependence","ATF7IP2",1,"aquatic_specific","DNA repair / chromatin / cell-cycle",-0.581769927151342,0,0,0,"zero",,TRUE,-3.55653266519664,0.0277458040550319,-2.75018905096971
"Dugong_plus_Hydrodamalis","Dugong + Hydrodamalis","B25","B312","internal_clade","required","Sirenian / edge context","binary_aquatic_dependence","binary_aquatic_dependence","WDR93",2,"shared","Cilia / flagella / reproductive-cell function",-0.4793197990576,-8.1636766296861e-16,3.91301184171237e-16,3.91301184171237e-16,"positive",,TRUE,-3.55653266519664,0.0277458040550319,-2.75018905096971
"Dugong_plus_Hydrodamalis","Dugong + Hydrodamalis","B25","B312","internal_clade","required","Sirenian / edge context","binary_aquatic_dependence","binary_aquatic_dependence","PMIS2",3,"aquatic_specific","Developmental / transcriptional signaling regulators",-0.39072525213697,1.15752045515747e-15,-4.52272471695104e-16,4.52272471695104e-16,"negative",,TRUE,-3.55653266519664,0.0277458040550319,-2.75018905096971
"Dugong_plus_Hydrodamalis","Dugong + Hydrodamalis","B25","B312","internal_clade","required","Sirenian / edge context","binary_aquatic_dependence","binary_aquatic_dependence","PFKP",4,"aquatic_specific","Metabolism / redox / lipid handling",-0.356881027792284,1.88794418212234e-16,-6.73771460130283e-17,6.73771460130283e-17,"negative",,TRUE,-3.55653266519664,0.0277458040550319,-2.75018905096971
"Dugong_plus_Hydrodamalis","Dugong + Hydrodamalis","B25","B312","internal_clade","required","Sirenian / edge context","binary_aquatic_dependence","binary_aquatic_dependence","PDGFB",5,"aquatic_specific","Vascular / hematologic regulation",-0.348561123284862,1.75550979038938,-0.611902464475696,0.611902464475696,"negative",137.899428074894,FALSE,-3.55653266519664,0.0277458040550319,-2.75018905096971
"Dugong_plus_Hydrodamalis","Dugong + Hydrodamalis","B25","B312","internal_clade","required","Sirenian / edge context","binary_aquatic_dependence","binary_aquatic_dependence","PUSL1",6,"shared","Metabolism / redox / lipid handling",-0.314220898750119,-0.613394521599998,0.192741377865551,0.192741377865551,"positive",34.4948605771017,FALSE,-3.55653266519664,0.0277458040550319,-2.75018905096971
"Dugong_plus_Hydrodamalis","Dugong + Hydrodamalis","B25","B312","internal_clade","required","Sirenian / edge context","binary_aquatic_dependence","binary_aquatic_dependence","SMCO3",7,"aquatic_specific","Unassigned / low-confidence",-0.307082295991399,6.81954369300935e-16,-2.09416113486297e-16,2.09416113486297e-16,"negative",,TRUE,-3.55653266519664,0.0277458040550319,-2.75018905096971
"Dugong_plus_Hydrodamalis","Dugong + Hydrodamalis","B25","B312","internal_clade","required","Sirenian / edge context","binary_aquatic_dependence","binary_aquatic_dependence","GGTLC1",8,"aquatic_specific","Metabolism / redox / lipid handling",-0.291163814888646,0.0622208041653802,-0.0181164467062314,0.0181164467062314,"negative",64.9499924593339,FALSE,-3.55653266519664,0.0277458040550319,-2.75018905096971
"Dugong_plus_Hydrodamalis","Dugong + Hydrodamalis","B25","B312","internal_clade","required","Sirenian / edge context","binary_aquatic_dependence","binary_aquatic_dependence","C16orf91",9,"aquatic_specific","Unassigned / low-confidence",-0.262195862787636,-0.818490808536276,0.214604903727919,0.214604903727919,"positive",20.9973200470672,FALSE,-3.55653266519664,0.0277458040550319,-2.75018905096971
"Dugong_plus_Hydrodamalis","Dugong + Hydrodamalis","B25","B312","internal_clade","required","Sirenian / edge context","binary_aquatic_dependence","binary_aquatic_dependence","HGFAC",10,"shared","Vascular / hematologic regulation",-0.251889764940469,0.536937454755236,-0.13524904926603,0.13524904926603,"negative",88.5221255786282,FALSE,-3.55653266519664,0.0277458040550319,-2.75018905096971
"Dugong_plus_Hydrodamalis","Dugong + Hydrodamalis","B25","B312","internal_clade","required","Sirenian / edge context","binary_aquatic_dependence","binary_aquatic_dependence","NLRP8",11,"aquatic_specific","Immune / inflammatory regulation",-0.249357601464042,6.78284762456238e-15,-1.69135461475695e-15,1.69135461475695e-15,"negative",,TRUE,-3.55653266519664,0.0277458040550319,-2.75018905096971
"Dugong_plus_Hydrodamalis","Dugong + Hydrodamalis","B25","B312","internal_clade","required","Sirenian / edge context","binary_aquatic_dependence","binary_aquatic_dependence","FN3K",12,"shared","Metabolism / redox / lipid handling",-0.244837253974046,-0.546025659844614,0.133687423155722,0.133687423155722,"positive",31.8281344546161,FALSE,-3.55653266519664,0.0277458040550319,-2.75018905096971
"Dugong_plus_Hydrodamalis","Dugong + Hydrodamalis","B25","B312","internal_clade","required","Sirenian / edge context","binary_aquatic_dependence","binary_aquatic_dependence","NUBP2",13,"shared","Metabolism / redox / lipid handling",-0.239999172123246,-1.04889996203436,0.25173512252835,0.25173512252835,"positive",16.9321531357258,FALSE,-3.55653266519664,0.0277458040550319,-2.75018905096971
"Dugong_plus_Hydrodamalis","Dugong + Hydrodamalis","B25","B312","internal_clade","required","Sirenian / edge context","binary_aquatic_dependence","binary_aquatic_dependence","ACADSB",14,"aquatic_specific","Metabolism / redox / lipid handling",-0.238865076823398,4.73690531938785e-16,-1.13148125302074e-16,1.13148125302074e-16,"negative",,TRUE,-3.55653266519664,0.0277458040550319,-2.75018905096971
"Dugong_plus_Hydrodamalis","Dugong + Hydrodamalis","B25","B312","internal_clade","required","Sirenian / edge context","binary_aquatic_dependence","binary_aquatic_dependence","TTC28",15,"aquatic_specific","Developmental / transcriptional signaling regulators",-0.237914556985983,-1.58899057033009e-15,3.78043987594988e-16,3.78043987594988e-16,"positive",,TRUE,-3.55653266519664,0.0277458040550319,-2.75018905096971
"Dugong_plus_Hydrodamalis","Dugong + Hydrodamalis","B25","B312","internal_clade","required","Sirenian / edge context","binary_aquatic_dependence","binary_aquatic_dependence","SLC6A15",16,"aquatic_specific","Transport / endocytic / epithelial solute handling",-0.23289351110375,0,0,0,"zero",,TRUE,-3.55653266519664,0.0277458040550319,-2.75018905096971
"Dugong_plus_Hydrodamalis","Dugong + Hydrodamalis","B25","B312","internal_clade","required","Sirenian / edge context","binary_aquatic_dependence","binary_aquatic_dependence","CATSPERG",17,"aquatic_specific","Cilia / flagella / reproductive-cell function",-0.232264279338058,0.399035516084777,-0.0926816965737208,0.0926816965737208,"negative",56.7475019541738,FALSE,-3.55653266519664,0.0277458040550319,-2.75018905096971
"Dugong_plus_Hydrodamalis","Dugong + Hydrodamalis","B25","B312","internal_clade","required","Sirenian / edge context","binary_aquatic_dependence","binary_aquatic_dependence","SYDE1",18,"shared","Cytoskeletal / muscle / ECM / adhesion",-0.232023025562006,0.299672921920986,-0.0695310180231141,0.0695310180231141,"negative",64.7074616688742,FALSE,-3.55653266519664,0.0277458040550319,-2.75018905096971
"Dugong_plus_Hydrodamalis","Dugong + Hydrodamalis","B25","B312","internal_clade","required","Sirenian / edge context","binary_aquatic_dependence","binary_aquatic_dependence","SLC5A5",19,"aquatic_specific","Transport / endocytic / epithelial solute handling",-0.231105741131879,-0.0477026420904209,0.0110243544542555,0.0110243544542555,"positive",53.2640069258116,FALSE,-3.55653266519664,0.0277458040550319,-2.75018905096971
"Dugong_plus_Hydrodamalis","Dugong + Hydrodamalis","B25","B312","internal_clade","required","Sirenian / edge context","binary_aquatic_dependence","binary_aquatic_dependence","SIGIRR",20,"aquatic_specific","Immune / inflammatory regulation",-0.210302505536658,9.54654266421253e-16,-2.0076618414965e-16,2.0076618414965e-16,"negative",,TRUE,-3.55653266519664,0.0277458040550319,-2.75018905096971
"Dugong_plus_Hydrodamalis","Dugong + Hydrodamalis","B25","B312","internal_clade","required","Sirenian / edge context","binary_aquatic_dependence","binary_aquatic_dependence","KEAP1",21,"aquatic_specific","Developmental / transcriptional signaling regulators",-0.19883739251004,0,0,0,"zero",,TRUE,-3.55653266519664,0.0277458040550319,-2.75018905096971
"Dugong_plus_Hydrodamalis","Dugong + Hydrodamalis","B25","B312","internal_clade","required","Sirenian / edge context","binary_aquatic_dependence","binary_aquatic_dependence","SYNPO2",22,"aquatic_specific","Cytoskeletal / muscle / ECM / adhesion",-0.164171125185038,8.17318943684099e-16,-1.34180170619665e-16,1.34180170619665e-16,"negative",,TRUE,-3.55653266519664,0.0277458040550319,-2.75018905096971
"Dugong_plus_Hydrodamalis","Dugong + Hydrodamalis","B25","B312","internal_clade","required","Sirenian / edge context","binary_aquatic_dependence","binary_aquatic_dependence","PI4KA",23,"aquatic_specific","Ion channels / mechanosensation / membrane signaling",-0.161213914772254,-4.5232034473425e-16,7.29203335057439e-17,7.29203335057439e-17,"positive",,TRUE,-3.55653266519664,0.0277458040550319,-2.75018905096971
"Dugong_plus_Hydrodamalis","Dugong + Hydrodamalis","B25","B312","internal_clade","required","Sirenian / edge context","binary_aquatic_dependence","binary_aquatic_dependence","H1_8",24,"aquatic_specific","DNA repair / chromatin / cell-cycle",-0.160268979059258,-9.66450404816989e-16,1.54892019691426e-16,1.54892019691426e-16,"positive",,TRUE,-3.55653266519664,0.0277458040550319,-2.75018905096971
"Dugong_plus_Hydrodamalis","Dugong + Hydrodamalis","B25","B312","internal_clade","required","Sirenian / edge context","binary_aquatic_dependence","binary_aquatic_dependence","CATSPERZ",25,"shared","Cilia / flagella / reproductive-cell function",-0.154029925159516,-0.533827195742658,0.082225363008356,0.082225363008356,"positive",25.1005100976458,FALSE,-3.55653266519664,0.0277458040550319,-2.75018905096971
"Dugong_plus_Hydrodamalis","Dugong + Hydrodamalis","B25","B312","internal_clade","required","Sirenian / edge context","binary_aquatic_dependence","binary_aquatic_dependence","TIGD7",26,"aquatic_specific","Developmental / transcriptional signaling regulators",-0.153350666144971,5.86179702229534e-16,-8.989104781756e-17,8.989104781756e-17,"negative",,TRUE,-3.55653266519664,0.0277458040550319,-2.75018905096971
"Dugong_plus_Hydrodamalis","Dugong + Hydrodamalis","B25","B312","internal_clade","required","Sirenian / edge context","binary_aquatic_dependence","binary_aquatic_dependence","CLASP2",27,"aquatic_specific","Cytoskeletal / muscle / ECM / adhesion",-0.153215743294715,4.76142036897356e-16,-7.29524560970882e-17,7.29524560970882e-17,"negative",,TRUE,-3.55653266519664,0.0277458040550319,-2.75018905096971
"Dugong_plus_Hydrodamalis","Dugong + Hydrodamalis","B25","B312","internal_clade","required","Sirenian / edge context","binary_aquatic_dependence","binary_aquatic_dependence","FAM20B",28,"aquatic_specific","Developmental / transcriptional signaling regulators",-0.149046125022571,3.23500583732939e-16,-4.82165084479344e-17,4.82165084479344e-17,"negative",,TRUE,-3.55653266519664,0.0277458040550319,-2.75018905096971
"Dugong_plus_Hydrodamalis","Dugong + Hydrodamalis","B25","B312","internal_clade","required","Sirenian / edge context","binary_aquatic_dependence","binary_aquatic_dependence","EHHADH",29,"aquatic_specific","Metabolism / redox / lipid handling",-0.134704680594371,6.61948260926906e-16,-8.91675290581585e-17,8.91675290581585e-17,"negative",,TRUE,-3.55653266519664,0.0277458040550319,-2.75018905096971
"Dugong_plus_Hydrodamalis","Dugong + Hydrodamalis","B25","B312","internal_clade","required","Sirenian / edge context","binary_aquatic_dependence","binary_aquatic_dependence","XCR1",30,"aquatic_specific","Immune / inflammatory regulation",-0.128894917212046,0,0,0,"zero",,TRUE,-3.55653266519664,0.0277458040550319,-2.75018905096971
"Dugong_plus_Hydrodamalis","Dugong + Hydrodamalis","B25","B312","internal_clade","required","Sirenian / edge context","binary_aquatic_dependence","binary_aquatic_dependence","CLTCL1",31,"aquatic_specific","Membrane trafficking / ER / vesicle processing",-0.122013377075862,1.03036935260103e-14,-1.25718844346321e-15,1.25718844346321e-15,"negative",,TRUE,-3.55653266519664,0.0277458040550319,-2.75018905096971
"Dugong_plus_Hydrodamalis","Dugong + Hydrodamalis","B25","B312","internal_clade","required","Sirenian / edge context","binary_aquatic_dependence","binary_aquatic_dependence","SLC6A6",32,"aquatic_specific","Transport / endocytic / epithelial solute handling",-0.121595276910313,-1.18206659857345e-16,1.4373371537997e-17,1.4373371537997e-17,"positive",,TRUE,-3.55653266519664,0.0277458040550319,-2.75018905096971
"Dugong_plus_Hydrodamalis","Dugong + Hydrodamalis","B25","B312","internal_clade","required","Sirenian / edge context","binary_aquatic_dependence","binary_aquatic_dependence","ACOX3",33,"aquatic_specific","Metabolism / redox / lipid handling",-0.118129521585615,-6.11335332432116e-16,7.2216750348589e-17,7.2216750348589e-17,"positive",,TRUE,-3.55653266519664,0.0277458040550319,-2.75018905096971
"Dugong_plus_Hydrodamalis","Dugong + Hydrodamalis","B25","B312","internal_clade","required","Sirenian / edge context","binary_aquatic_dependence","binary_aquatic_dependence","CORO2A",34,"aquatic_specific","Cytoskeletal / muscle / ECM / adhesion",-0.110434776748237,2.11486170774863e-16,-2.33554280548616e-17,2.33554280548616e-17,"negative",,TRUE,-3.55653266519664,0.0277458040550319,-2.75018905096971
"Dugong_plus_Hydrodamalis","Dugong + Hydrodamalis","B25","B312","internal_clade","required","Sirenian / edge context","binary_aquatic_dependence","binary_aquatic_dependence","SEPTIN5",35,"aquatic_specific","Cytoskeletal / muscle / ECM / adhesion",-0.106389612271777,-0.8491198140037,0.0903375277841373,0.0903375277841373,"positive",16.5029077859232,FALSE,-3.55653266519664,0.0277458040550319,-2.75018905096971
"Dugong_plus_Hydrodamalis","Dugong + Hydrodamalis","B25","B312","internal_clade","required","Sirenian / edge context","binary_aquatic_dependence","binary_aquatic_dependence","MEFV",36,"aquatic_specific","Immune / inflammatory regulation",-0.106234859098565,8.45645272504119e-16,-8.98370063718431e-17,8.98370063718431e-17,"negative",,TRUE,-3.55653266519664,0.0277458040550319,-2.75018905096971
"Dugong_plus_Hydrodamalis","Dugong + Hydrodamalis","B25","B312","internal_clade","required","Sirenian / edge context","binary_aquatic_dependence","binary_aquatic_dependence","C1orf112",37,"aquatic_specific","DNA repair / chromatin / cell-cycle",-0.10365191227098,-2.64610384411365e-16,2.74273723509972e-17,2.74273723509972e-17,"positive",,TRUE,-3.55653266519664,0.0277458040550319,-2.75018905096971
"Dugong_plus_Hydrodamalis","Dugong + Hydrodamalis","B25","B312","internal_clade","required","Sirenian / edge context","binary_aquatic_dependence","binary_aquatic_dependence","HPRT1",38,"aquatic_specific","Metabolism / redox / lipid handling",-0.099597493197772,1.18783275903895e-16,-1.18305165138472e-17,1.18305165138472e-17,"negative",,TRUE,-3.55653266519664,0.0277458040550319,-2.75018905096971
"Dugong_plus_Hydrodamalis","Dugong + Hydrodamalis","B25","B312","internal_clade","required","Sirenian / edge context","binary_aquatic_dependence","binary_aquatic_dependence","CD34",39,"shared","Vascular / hematologic regulation",-0.0959044894988044,2.10751093571893e-16,-2.02119760403272e-17,2.02119760403272e-17,"negative",,TRUE,-3.55653266519664,0.0277458040550319,-2.75018905096971
"Dugong_plus_Hydrodamalis","Dugong + Hydrodamalis","B25","B312","internal_clade","required","Sirenian / edge context","binary_aquatic_dependence","binary_aquatic_dependence","CASTOR1",40,"aquatic_specific","Endocrine / circadian / systemic regulation",-0.0825057476543748,2.05005959172027,-0.169141699350903,0.169141699350903,"negative",147.780429609663,FALSE,-3.55653266519664,0.0277458040550319,-2.75018905096971
"Dugong_plus_Hydrodamalis","Dugong + Hydrodamalis","B25","B312","internal_clade","required","Sirenian / edge context","binary_aquatic_dependence","binary_aquatic_dependence","RAC3",41,"aquatic_specific","Developmental / transcriptional signaling regulators",-0.0814970345799135,-1.04721769203214,0.0853451364602407,0.0853451364602407,"positive",0,FALSE,-3.55653266519664,0.0277458040550319,-2.75018905096971
"Dugong_plus_Hydrodamalis","Dugong + Hydrodamalis","B25","B312","internal_clade","required","Sirenian / edge context","binary_aquatic_dependence","binary_aquatic_dependence","URI1",42,"aquatic_specific","Developmental / transcriptional signaling regulators",-0.078475489653661,1.72303710495715e-16,-1.35216180502939e-17,1.35216180502939e-17,"negative",,TRUE,-3.55653266519664,0.0277458040550319,-2.75018905096971
"Dugong_plus_Hydrodamalis","Dugong + Hydrodamalis","B25","B312","internal_clade","required","Sirenian / edge context","binary_aquatic_dependence","binary_aquatic_dependence","SPINT4",43,"aquatic_specific","Epithelial / body-surface interface",-0.0769933368325998,-0.816469710337005,0.0628627274215922,0.0628627274215922,"positive",11.8312580549426,FALSE,-3.55653266519664,0.0277458040550319,-2.75018905096971
"Dugong_plus_Hydrodamalis","Dugong + Hydrodamalis","B25","B312","internal_clade","required","Sirenian / edge context","binary_aquatic_dependence","binary_aquatic_dependence","GGTLC3",44,"aquatic_specific","Metabolism / redox / lipid handling",-0.0726998898105257,-0.0191189089139499,0.00138994257134163,0.00138994257134163,"positive",54.66850932434,FALSE,-3.55653266519664,0.0277458040550319,-2.75018905096971
"Dugong_plus_Hydrodamalis","Dugong + Hydrodamalis","B25","B312","internal_clade","required","Sirenian / edge context","binary_aquatic_dependence","binary_aquatic_dependence","KMO",45,"aquatic_specific","Metabolism / redox / lipid handling",-0.0725495886342883,-1.96543351914441e-16,1.42591393301969e-17,1.42591393301969e-17,"positive",,TRUE,-3.55653266519664,0.0277458040550319,-2.75018905096971
"Dugong_plus_Hydrodamalis","Dugong + Hydrodamalis","B25","B312","internal_clade","required","Sirenian / edge context","binary_aquatic_dependence","binary_aquatic_dependence","PDK1",46,"aquatic_specific","Metabolism / redox / lipid handling",-0.0696000509826744,1.82006149835635e-16,-1.26676373077205e-17,1.26676373077205e-17,"negative",,TRUE,-3.55653266519664,0.0277458040550319,-2.75018905096971
"Dugong_plus_Hydrodamalis","Dugong + Hydrodamalis","B25","B312","internal_clade","required","Sirenian / edge context","binary_aquatic_dependence","binary_aquatic_dependence","EPOR",47,"shared","Vascular / hematologic regulation",-0.0639836237556098,1.27455953855495,-0.0815509379690238,0.0815509379690238,"negative",89.4133338882731,FALSE,-3.55653266519664,0.0277458040550319,-2.75018905096971
"Dugong_plus_Hydrodamalis","Dugong + Hydrodamalis","B25","B312","internal_clade","required","Sirenian / edge context","binary_aquatic_dependence","binary_aquatic_dependence","AC092835",48,"aquatic_specific","Unassigned / low-confidence",-0.0481295116799046,0,0,0,"zero",,TRUE,-3.55653266519664,0.0277458040550319,-2.75018905096971
"Dugong_plus_Hydrodamalis","Dugong + Hydrodamalis","B25","B312","internal_clade","required","Sirenian / edge context","binary_aquatic_dependence","binary_aquatic_dependence","CDHR4",49,"aquatic_specific","Epithelial / body-surface interface",-0.043359831407413,-0.0174486805738796,0.000756571847965221,0.000756571847965221,"positive",50.6555601665725,FALSE,-3.55653266519664,0.0277458040550319,-2.75018905096971
"Dugong_plus_Hydrodamalis","Dugong + Hydrodamalis","B25","B312","internal_clade","required","Sirenian / edge context","binary_aquatic_dependence","binary_aquatic_dependence","PROB1",50,"aquatic_specific","Unassigned / low-confidence",-0.031368805999096,-3.40241970290549e-16,1.06729843587944e-17,1.06729843587944e-17,"positive",,TRUE,-3.55653266519664,0.0277458040550319,-2.75018905096971
"Dugong_plus_Hydrodamalis","Dugong + Hydrodamalis","B25","B312","internal_clade","required","Sirenian / edge context","binary_aquatic_dependence","binary_aquatic_dependence","PPP1R3A",51,"aquatic_specific","Metabolism / redox / lipid handling",-0.0310971405758917,6.25592898817592e-16,-1.94541503178103e-17,1.94541503178103e-17,"negative",,TRUE,-3.55653266519664,0.0277458040550319,-2.75018905096971
"Dugong_plus_Hydrodamalis","Dugong + Hydrodamalis","B25","B312","internal_clade","required","Sirenian / edge context","binary_aquatic_dependence","binary_aquatic_dependence","CDC14B",52,"aquatic_specific","DNA repair / chromatin / cell-cycle",-0.0297700481634882,3.45203046149191e-16,-1.02767113100442e-17,1.02767113100442e-17,"negative",,TRUE,-3.55653266519664,0.0277458040550319,-2.75018905096971
"Dugong_plus_Hydrodamalis","Dugong + Hydrodamalis","B25","B312","internal_clade","required","Sirenian / edge context","binary_aquatic_dependence","binary_aquatic_dependence","SOX7",53,"shared","Developmental / transcriptional signaling regulators",-0.0288474092932838,1.72274047073537e-15,-4.96965994654077e-17,4.96965994654077e-17,"negative",,TRUE,-3.55653266519664,0.0277458040550319,-2.75018905096971
"Dugong_plus_Hydrodamalis","Dugong + Hydrodamalis","B25","B312","internal_clade","required","Sirenian / edge context","binary_aquatic_dependence","binary_aquatic_dependence","MSN",54,"aquatic_specific","Cytoskeletal / muscle / ECM / adhesion",-0.0286086021473059,5.94849134499719e-16,-1.70178022265717e-17,1.70178022265717e-17,"negative",,TRUE,-3.55653266519664,0.0277458040550319,-2.75018905096971
"Dugong_plus_Hydrodamalis","Dugong + Hydrodamalis","B25","B312","internal_clade","required","Sirenian / edge context","binary_aquatic_dependence","binary_aquatic_dependence","COMMD4",55,"aquatic_specific","DNA repair / chromatin / cell-cycle",-0.0187271239132032,-0.795274683135835,0.0148932075361182,0.0148932075361182,"positive",0,FALSE,-3.55653266519664,0.0277458040550319,-2.75018905096971
"Dugong_plus_Hydrodamalis","Dugong + Hydrodamalis","B25","B312","internal_clade","required","Sirenian / edge context","binary_aquatic_dependence","binary_aquatic_dependence","NOXO1",56,"aquatic_specific","Ion channels / mechanosensation / membrane signaling",-0.0179148306739576,-0.915952166373899,0.016409127966033,0.016409127966033,"positive",30.2060761950848,FALSE,-3.55653266519664,0.0277458040550319,-2.75018905096971
"Dugong_plus_Hydrodamalis","Dugong + Hydrodamalis","B25","B312","internal_clade","required","Sirenian / edge context","binary_aquatic_dependence","binary_aquatic_dependence","CCDC174",57,"aquatic_specific","RNA processing / translation / protein homeostasis",-0.0162180345629962,-2.41827852709197e-16,3.9219724735329e-18,3.9219724735329e-18,"positive",,TRUE,-3.55653266519664,0.0277458040550319,-2.75018905096971
"Dugong_plus_Hydrodamalis","Dugong + Hydrodamalis","B25","B312","internal_clade","required","Sirenian / edge context","binary_aquatic_dependence","binary_aquatic_dependence","FLYWCH1",58,"aquatic_specific","Developmental / transcriptional signaling regulators",-0.0104987023982283,5.1297182566936e-16,-5.38553853637845e-18,5.38553853637845e-18,"negative",,TRUE,-3.55653266519664,0.0277458040550319,-2.75018905096971
"Dugong_plus_Hydrodamalis","Dugong + Hydrodamalis","B25","B312","internal_clade","required","Sirenian / edge context","binary_aquatic_dependence","binary_aquatic_dependence","RHCG",59,"aquatic_specific","Transport / endocytic / epithelial solute handling",-0.0101117732108071,1.04789773208381,-0.0105961042149507,0.0105961042149507,"negative",93.1606207540491,FALSE,-3.55653266519664,0.0277458040550319,-2.75018905096971
"Dugong_plus_Hydrodamalis","Dugong + Hydrodamalis","B25","B312","internal_clade","required","Sirenian / edge context","binary_aquatic_dependence","binary_aquatic_dependence","IP6K1",60,"aquatic_specific","Ion channels / mechanosensation / membrane signaling",-0.00832534794040649,3.44648439288757e-16,-2.86931817419697e-18,2.86931817419697e-18,"negative",,TRUE,-3.55653266519664,0.0277458040550319,-2.75018905096971
"Dugong_plus_Hydrodamalis","Dugong + Hydrodamalis","B25","B312","internal_clade","required","Sirenian / edge context","binary_aquatic_dependence","binary_aquatic_dependence","SORBS2",61,"aquatic_specific","Cytoskeletal / muscle / ECM / adhesion",-0.0080058731823396,5.05267900464541e-16,-4.0451107342261e-18,4.0451107342261e-18,"negative",,TRUE,-3.55653266519664,0.0277458040550319,-2.75018905096971
"Dugong_plus_Hydrodamalis","Dugong + Hydrodamalis","B25","B312","internal_clade","required","Sirenian / edge context","binary_aquatic_dependence","binary_aquatic_dependence","ASMTL",62,"shared","Endocrine / circadian / systemic regulation",-0.00682424512057102,-7.52044740008635e-16,5.13213764745503e-18,5.13213764745503e-18,"positive",,TRUE,-3.55653266519664,0.0277458040550319,-2.75018905096971
"Dugong_plus_Hydrodamalis","Dugong + Hydrodamalis","B25","B312","internal_clade","required","Sirenian / edge context","binary_aquatic_dependence","binary_aquatic_dependence","TMPPE",63,"aquatic_specific","Metabolism / redox / lipid handling",-0.00232450558807123,1.98418333379937e-16,-4.61224524717443e-19,4.61224524717443e-19,"negative",,TRUE,-3.55653266519664,0.0277458040550319,-2.75018905096971
"Dugong_plus_Hydrodamalis","Dugong + Hydrodamalis","B25","B312","internal_clade","required","Sirenian / edge context","binary_aquatic_dependence","binary_aquatic_dependence","ITGA2B",64,"aquatic_specific","Vascular / hematologic regulation",-0.00129204970143602,-0.83017160034797,0.00107262296837026,0.00107262296837026,"positive",30.1792631486035,FALSE,-3.55653266519664,0.0277458040550319,-2.75018905096971
"Dugong_plus_Hydrodamalis","Dugong + Hydrodamalis","B25","B312","internal_clade","required","Sirenian / edge context","binary_aquatic_dependence","binary_aquatic_dependence","RHOA",65,"aquatic_specific","Cytoskeletal / muscle / ECM / adhesion",-0.00113448879012524,-1.94994757325787e-16,2.21219366319297e-19,2.21219366319297e-19,"positive",,TRUE,-3.55653266519664,0.0277458040550319,-2.75018905096971
"Dugong_plus_Hydrodamalis","Dugong + Hydrodamalis","B25","B312","internal_clade","required","Sirenian / edge context","binary_aquatic_dependence","binary_aquatic_dependence","FP565260",66,"aquatic_specific","Unassigned / low-confidence",1.70815408075916e-05,-4.72071626768905e-16,-8.06371075675918e-21,8.06371075675918e-21,"negative",,TRUE,-3.55653266519664,0.0277458040550319,-2.75018905096971
"Dugong_plus_Hydrodamalis","Dugong + Hydrodamalis","B25","B312","internal_clade","required","Sirenian / edge context","binary_aquatic_dependence","binary_aquatic_dependence","LRIF1",67,"aquatic_specific","DNA repair / chromatin / cell-cycle",0.00997540842690748,-1.9971876998904e-16,-1.99227630116027e-18,1.99227630116027e-18,"negative",,TRUE,-3.55653266519664,0.0277458040550319,-2.75018905096971
"Dugong_plus_Hydrodamalis","Dugong + Hydrodamalis","B25","B312","internal_clade","required","Sirenian / edge context","binary_aquatic_dependence","binary_aquatic_dependence","BAMBI",68,"aquatic_specific","Developmental / transcriptional signaling regulators",0.0120734458485713,0,0,0,"zero",,TRUE,-3.55653266519664,0.0277458040550319,-2.75018905096971
"Dugong_plus_Hydrodamalis","Dugong + Hydrodamalis","B25","B312","internal_clade","required","Sirenian / edge context","binary_aquatic_dependence","binary_aquatic_dependence","LLGL1",69,"aquatic_specific","Membrane trafficking / ER / vesicle processing",0.0221096407434654,1.59736648391239,0.0353171990949555,0.0353171990949555,"positive",109.24240162992,FALSE,-3.55653266519664,0.0277458040550319,-2.75018905096971
"Dugong_plus_Hydrodamalis","Dugong + Hydrodamalis","B25","B312","internal_clade","required","Sirenian / edge context","binary_aquatic_dependence","binary_aquatic_dependence","COL20A1",70,"shared","Cytoskeletal / muscle / ECM / adhesion",0.0288024871662898,0.0513325354130172,0.00147850469244655,0.00147850469244655,"positive",74.6107399298444,FALSE,-3.55653266519664,0.0277458040550319,-2.75018905096971
"Dugong_plus_Hydrodamalis","Dugong + Hydrodamalis","B25","B312","internal_clade","required","Sirenian / edge context","binary_aquatic_dependence","binary_aquatic_dependence","TGM1",71,"shared","Epithelial / body-surface interface",0.0320265937643637,-0.887842068699195,-0.0284345572611414,0.0284345572611414,"negative",39.0858973235819,FALSE,-3.55653266519664,0.0277458040550319,-2.75018905096971
"Dugong_plus_Hydrodamalis","Dugong + Hydrodamalis","B25","B312","internal_clade","required","Sirenian / edge context","binary_aquatic_dependence","binary_aquatic_dependence","PDE6C",72,"aquatic_specific","Sensory systems",0.0369091575908715,-1.81116778660306e-16,-6.68486772592421e-18,6.68486772592421e-18,"negative",,TRUE,-3.55653266519664,0.0277458040550319,-2.75018905096971
"Dugong_plus_Hydrodamalis","Dugong + Hydrodamalis","B25","B312","internal_clade","required","Sirenian / edge context","binary_aquatic_dependence","binary_aquatic_dependence","TOGARAM2",73,"shared","Cilia / flagella / reproductive-cell function",0.03936598299555,7.89759057865673e-16,3.10896416425217e-17,3.10896416425217e-17,"positive",,TRUE,-3.55653266519664,0.0277458040550319,-2.75018905096971
"Dugong_plus_Hydrodamalis","Dugong + Hydrodamalis","B25","B312","internal_clade","required","Sirenian / edge context","binary_aquatic_dependence","binary_aquatic_dependence","CSMD1",74,"aquatic_specific","Immune / inflammatory regulation",0.0435717554769353,-2.44770689583733e-15,-1.06650886344632e-16,1.06650886344632e-16,"negative",,TRUE,-3.55653266519664,0.0277458040550319,-2.75018905096971
"Dugong_plus_Hydrodamalis","Dugong + Hydrodamalis","B25","B312","internal_clade","required","Sirenian / edge context","binary_aquatic_dependence","binary_aquatic_dependence","KRTDAP",75,"shared","Epithelial / body-surface interface",0.0447305719374455,0.0327015488148997,0.00146275898173076,0.00146275898173076,"positive",73.3263027952251,FALSE,-3.55653266519664,0.0277458040550319,-2.75018905096971
"Dugong_plus_Hydrodamalis","Dugong + Hydrodamalis","B25","B312","internal_clade","required","Sirenian / edge context","binary_aquatic_dependence","binary_aquatic_dependence","CNGA4",76,"aquatic_specific","Sensory systems",0.0586555487526509,1.36610620013627,0.0801297088233919,0.0801297088233919,"positive",111.510028070009,FALSE,-3.55653266519664,0.0277458040550319,-2.75018905096971
"Dugong_plus_Hydrodamalis","Dugong + Hydrodamalis","B25","B312","internal_clade","required","Sirenian / edge context","binary_aquatic_dependence","binary_aquatic_dependence","ARSA",77,"aquatic_specific","Metabolism / redox / lipid handling",0.0862370240736283,-4.6942655258984e-16,-4.04819489164904e-17,4.04819489164904e-17,"negative",,TRUE,-3.55653266519664,0.0277458040550319,-2.75018905096971
"Dugong_plus_Hydrodamalis","Dugong + Hydrodamalis","B25","B312","internal_clade","required","Sirenian / edge context","binary_aquatic_dependence","binary_aquatic_dependence","DEUP1",78,"aquatic_specific","Cilia / flagella / reproductive-cell function",0.0985919084118505,6.68303903884315e-16,6.58893572830445e-17,6.58893572830445e-17,"positive",,TRUE,-3.55653266519664,0.0277458040550319,-2.75018905096971
"Dugong_plus_Hydrodamalis","Dugong + Hydrodamalis","B25","B312","internal_clade","required","Sirenian / edge context","binary_aquatic_dependence","binary_aquatic_dependence","PIEZO1",79,"aquatic_specific","Ion channels / mechanosensation / membrane signaling",0.100220575454654,4.70956009487196e-16,4.7199482284634e-17,4.7199482284634e-17,"positive",,TRUE,-3.55653266519664,0.0277458040550319,-2.75018905096971
"Dugong_plus_Hydrodamalis","Dugong + Hydrodamalis","B25","B312","internal_clade","required","Sirenian / edge context","binary_aquatic_dependence","binary_aquatic_dependence","DBNL",80,"shared","Cytoskeletal / muscle / ECM / adhesion",0.116035395287358,-0.306342636870705,-0.0355465889626636,0.0355465889626636,"negative",45.0233764953515,FALSE,-3.55653266519664,0.0277458040550319,-2.75018905096971
"Dugong_plus_Hydrodamalis","Dugong + Hydrodamalis","B25","B312","internal_clade","required","Sirenian / edge context","binary_aquatic_dependence","binary_aquatic_dependence","OR6B1",81,"shared","Sensory systems",0.1211331117984,-1.9607963916047e-16,-2.37517368518152e-17,2.37517368518152e-17,"negative",,TRUE,-3.55653266519664,0.0277458040550319,-2.75018905096971
"Dugong_plus_Hydrodamalis","Dugong + Hydrodamalis","B25","B312","internal_clade","required","Sirenian / edge context","binary_aquatic_dependence","binary_aquatic_dependence","ABHD8",82,"aquatic_specific","Metabolism / redox / lipid handling",0.123391794658719,1.20521553241105e-15,1.48713707494763e-16,1.48713707494763e-16,"positive",,TRUE,-3.55653266519664,0.0277458040550319,-2.75018905096971
"Dugong_plus_Hydrodamalis","Dugong + Hydrodamalis","B25","B312","internal_clade","required","Sirenian / edge context","binary_aquatic_dependence","binary_aquatic_dependence","FZD5",83,"aquatic_specific","Developmental / transcriptional signaling regulators",0.130676120517993,-1.03133666082231e-15,-1.34771073784241e-16,1.34771073784241e-16,"negative",,TRUE,-3.55653266519664,0.0277458040550319,-2.75018905096971
"Dugong_plus_Hydrodamalis","Dugong + Hydrodamalis","B25","B312","internal_clade","required","Sirenian / edge context","binary_aquatic_dependence","binary_aquatic_dependence","PNPLA7",84,"shared","Metabolism / redox / lipid handling",0.137885581276299,-1.63714200263305e-15,-2.25738276664903e-16,2.25738276664903e-16,"negative",,TRUE,-3.55653266519664,0.0277458040550319,-2.75018905096971
"Dugong_plus_Hydrodamalis","Dugong + Hydrodamalis","B25","B312","internal_clade","required","Sirenian / edge context","binary_aquatic_dependence","binary_aquatic_dependence","SPEF2",85,"aquatic_specific","Cilia / flagella / reproductive-cell function",0.174059525751515,-6.44538980380831e-16,-1.12188149253453e-16,1.12188149253453e-16,"negative",,TRUE,-3.55653266519664,0.0277458040550319,-2.75018905096971
"Dugong_plus_Hydrodamalis","Dugong + Hydrodamalis","B25","B312","internal_clade","required","Sirenian / edge context","binary_aquatic_dependence","binary_aquatic_dependence","GCKR",86,"aquatic_specific","Endocrine / circadian / systemic regulation",0.176184373124808,0.217564118445967,0.0383313978228542,0.0383313978228542,"positive",108.838110877145,FALSE,-3.55653266519664,0.0277458040550319,-2.75018905096971
"Dugong_plus_Hydrodamalis","Dugong + Hydrodamalis","B25","B312","internal_clade","required","Sirenian / edge context","binary_aquatic_dependence","binary_aquatic_dependence","SEC61A2",87,"aquatic_specific","Membrane trafficking / ER / vesicle processing",0.176583875943885,-1.82371187068066e-16,-3.22038110729664e-17,3.22038110729664e-17,"negative",,TRUE,-3.55653266519664,0.0277458040550319,-2.75018905096971
"Dugong_plus_Hydrodamalis","Dugong + Hydrodamalis","B25","B312","internal_clade","required","Sirenian / edge context","binary_aquatic_dependence","binary_aquatic_dependence","OR52W1",88,"shared","Sensory systems",0.190684677268266,2.34133289613994e-15,4.46456307678019e-16,4.46456307678019e-16,"positive",,TRUE,-3.55653266519664,0.0277458040550319,-2.75018905096971
"Dugong_plus_Hydrodamalis","Dugong + Hydrodamalis","B25","B312","internal_clade","required","Sirenian / edge context","binary_aquatic_dependence","binary_aquatic_dependence","PRSS53",89,"aquatic_specific","Epithelial / body-surface interface",0.194083977905306,0.774771092961644,0.150370655688037,0.150370655688037,"positive",87.0295802351002,FALSE,-3.55653266519664,0.0277458040550319,-2.75018905096971
"Dugong_plus_Hydrodamalis","Dugong + Hydrodamalis","B25","B312","internal_clade","required","Sirenian / edge context","binary_aquatic_dependence","binary_aquatic_dependence","KCNK18",90,"shared","Ion channels / mechanosensation / membrane signaling",0.217561248206336,-8.42782795295666e-16,-1.8335687691135e-16,1.8335687691135e-16,"negative",,TRUE,-3.55653266519664,0.0277458040550319,-2.75018905096971
"Dugong_plus_Hydrodamalis","Dugong + Hydrodamalis","B25","B312","internal_clade","required","Sirenian / edge context","binary_aquatic_dependence","binary_aquatic_dependence","SDR9C7",91,"shared","Epithelial / body-surface interface",0.220181989308241,-0.529451635541802,-0.116575714356096,0.116575714356096,"negative",32.2066474391651,FALSE,-3.55653266519664,0.0277458040550319,-2.75018905096971
"Dugong_plus_Hydrodamalis","Dugong + Hydrodamalis","B25","B312","internal_clade","required","Sirenian / edge context","binary_aquatic_dependence","binary_aquatic_dependence","OMP",92,"shared","Sensory systems",0.231144543648012,-0.361488127448909,-0.0835560082533524,0.0835560082533524,"negative",45.8314855425715,FALSE,-3.55653266519664,0.0277458040550319,-2.75018905096971
"Dugong_plus_Hydrodamalis","Dugong + Hydrodamalis","B25","B312","internal_clade","required","Sirenian / edge context","binary_aquatic_dependence","binary_aquatic_dependence","SYTL5",93,"aquatic_specific","Membrane trafficking / ER / vesicle processing",0.265993756746688,-9.15239560903688e-16,-2.43448009127961e-16,2.43448009127961e-16,"negative",,TRUE,-3.55653266519664,0.0277458040550319,-2.75018905096971
"Dugong_plus_Hydrodamalis","Dugong + Hydrodamalis","B25","B312","internal_clade","required","Sirenian / edge context","binary_aquatic_dependence","binary_aquatic_dependence","IL33",94,"shared","Immune / inflammatory regulation",0.340038935001018,-1.25231167496481,-0.425834728244375,0.425834728244375,"negative",0,FALSE,-3.55653266519664,0.0277458040550319,-2.75018905096971
"Dugong_plus_Hydrodamalis","Dugong + Hydrodamalis","B25","B312","internal_clade","required","Sirenian / edge context","binary_aquatic_dependence","binary_aquatic_dependence","KIF18A",95,"aquatic_specific","DNA repair / chromatin / cell-cycle",0.340198342633948,0,0,0,"zero",,TRUE,-3.55653266519664,0.0277458040550319,-2.75018905096971
"Dugong_plus_Hydrodamalis","Dugong + Hydrodamalis","B25","B312","internal_clade","required","Sirenian / edge context","binary_aquatic_dependence","binary_aquatic_dependence","FAM13A",96,"aquatic_specific","Developmental / transcriptional signaling regulators",0.348973910716795,-1.42877081450006e-15,-4.98603738654106e-16,4.98603738654106e-16,"negative",,TRUE,-3.55653266519664,0.0277458040550319,-2.75018905096971
"Dugong_plus_Hydrodamalis","Dugong + Hydrodamalis","B25","B312","internal_clade","required","Sirenian / edge context","binary_aquatic_dependence","binary_aquatic_dependence","NWD1",97,"aquatic_specific","Developmental / transcriptional signaling regulators",0.404558879261438,-3.8422896337322e-15,-1.55443238802054e-15,1.55443238802054e-15,"negative",,TRUE,-3.55653266519664,0.0277458040550319,-2.75018905096971
"Dugong_plus_Hydrodamalis","Dugong + Hydrodamalis","B25","B312","internal_clade","required","Sirenian / edge context","binary_aquatic_dependence","binary_aquatic_dependence","LRP2",98,"aquatic_specific","Transport / endocytic / epithelial solute handling",0.471378525654808,8.5795161482444e-16,4.04419967279107e-16,4.04419967279107e-16,"positive",,TRUE,-3.55653266519664,0.0277458040550319,-2.75018905096971
"Dugong_plus_Hydrodamalis","Dugong + Hydrodamalis","B25","B312","internal_clade","required","Sirenian / edge context","binary_aquatic_dependence","binary_aquatic_dependence","CACNA1G",99,"aquatic_specific","Ion channels / mechanosensation / membrane signaling",0.593854706123962,-0.0107696059906635,-0.00639558120065631,0.00639558120065631,"negative",64.8276580936908,FALSE,-3.55653266519664,0.0277458040550319,-2.75018905096971
"Dugong_plus_Hydrodamalis","Dugong + Hydrodamalis","B25","B312","internal_clade","required","Sirenian / edge context","binary_aquatic_dependence","binary_aquatic_dependence","PER1",100,"aquatic_specific","Endocrine / circadian / systemic regulation",0.784004329488712,-0.494138411226618,-0.387406653768342,0.387406653768342,"negative",49.624063580948,FALSE,-3.55653266519664,0.0277458040550319,-2.75018905096971
"Dugong_plus_Hydrodamalis","Dugong + Hydrodamalis","B25","B312","internal_clade","required","Sirenian / edge context","binary_aquatic_dependence","binary_aquatic_dependence","TGM3",101,"shared","Epithelial / body-surface interface",1.04080869919882,4.05863918536433e-16,4.22426697103638e-16,4.22426697103638e-16,"positive",,TRUE,-3.55653266519664,0.0277458040550319,-2.75018905096971
"Ursus_arctos_plus_Ursus_maritimus","Brown bear + polar bear","B349","B470","internal_clade","optional","Sirenian / edge context","binary_aquatic_dependence","binary_aquatic_dependence","ATF7IP2",1,"aquatic_specific","DNA repair / chromatin / cell-cycle",-0.581769927151342,0.406491780136679,-0.236484693317735,0.236484693317735,"negative",74.6931221205238,FALSE,-7.69168769186507,0.000456398514609902,-2.75018905096971
"Ursus_arctos_plus_Ursus_maritimus","Brown bear + polar bear","B349","B470","internal_clade","optional","Sirenian / edge context","binary_aquatic_dependence","binary_aquatic_dependence","WDR93",2,"shared","Cilia / flagella / reproductive-cell function",-0.4793197990576,-1.95118120400594,0.935239782629095,0.935239782629095,"positive",0,FALSE,-7.69168769186507,0.000456398514609902,-2.75018905096971
"Ursus_arctos_plus_Ursus_maritimus","Brown bear + polar bear","B349","B470","internal_clade","optional","Sirenian / edge context","binary_aquatic_dependence","binary_aquatic_dependence","PMIS2",3,"aquatic_specific","Developmental / transcriptional signaling regulators",-0.39072525213697,-1.11454446072728,0.435480665435529,0.435480665435529,"positive",0,FALSE,-7.69168769186507,0.000456398514609902,-2.75018905096971
"Ursus_arctos_plus_Ursus_maritimus","Brown bear + polar bear","B349","B470","internal_clade","optional","Sirenian / edge context","binary_aquatic_dependence","binary_aquatic_dependence","PFKP",4,"aquatic_specific","Metabolism / redox / lipid handling",-0.356881027792284,-0.124495431469559,0.0444300575383002,0.0444300575383002,"positive",54.9038233376915,FALSE,-7.69168769186507,0.000456398514609902,-2.75018905096971
"Ursus_arctos_plus_Ursus_maritimus","Brown bear + polar bear","B349","B470","internal_clade","optional","Sirenian / edge context","binary_aquatic_dependence","binary_aquatic_dependence","PDGFB",5,"aquatic_specific","Vascular / hematologic regulation",-0.348561123284862,-1.26540545001707,0.441071145068738,0.441071145068738,"positive",0,FALSE,-7.69168769186507,0.000456398514609902,-2.75018905096971
"Ursus_arctos_plus_Ursus_maritimus","Brown bear + polar bear","B349","B470","internal_clade","optional","Sirenian / edge context","binary_aquatic_dependence","binary_aquatic_dependence","PUSL1",6,"shared","Metabolism / redox / lipid handling",-0.314220898750119,1.12226189211324,-0.352638140372833,0.352638140372833,"negative",91.7628133868133,FALSE,-7.69168769186507,0.000456398514609902,-2.75018905096971
"Ursus_arctos_plus_Ursus_maritimus","Brown bear + polar bear","B349","B470","internal_clade","optional","Sirenian / edge context","binary_aquatic_dependence","binary_aquatic_dependence","SMCO3",7,"aquatic_specific","Unassigned / low-confidence",-0.307082295991399,-1.04300225274641,0.32028752649757,0.32028752649757,"positive",0,FALSE,-7.69168769186507,0.000456398514609902,-2.75018905096971
"Ursus_arctos_plus_Ursus_maritimus","Brown bear + polar bear","B349","B470","internal_clade","optional","Sirenian / edge context","binary_aquatic_dependence","binary_aquatic_dependence","GGTLC1",8,"aquatic_specific","Metabolism / redox / lipid handling",-0.291163814888646,-1.03768196589911,0.302135439832335,0.302135439832335,"positive",0,FALSE,-7.69168769186507,0.000456398514609902,-2.75018905096971
"Ursus_arctos_plus_Ursus_maritimus","Brown bear + polar bear","B349","B470","internal_clade","optional","Sirenian / edge context","binary_aquatic_dependence","binary_aquatic_dependence","C16orf91",9,"aquatic_specific","Unassigned / low-confidence",-0.262195862787636,0,0,0,"zero",,TRUE,-7.69168769186507,0.000456398514609902,-2.75018905096971
"Ursus_arctos_plus_Ursus_maritimus","Brown bear + polar bear","B349","B470","internal_clade","optional","Sirenian / edge context","binary_aquatic_dependence","binary_aquatic_dependence","HGFAC",10,"shared","Vascular / hematologic regulation",-0.251889764940469,-1.33802518231909,0.337034848658785,0.337034848658785,"positive",6.13043062689787,FALSE,-7.69168769186507,0.000456398514609902,-2.75018905096971
"Ursus_arctos_plus_Ursus_maritimus","Brown bear + polar bear","B349","B470","internal_clade","optional","Sirenian / edge context","binary_aquatic_dependence","binary_aquatic_dependence","NLRP8",11,"aquatic_specific","Immune / inflammatory regulation",-0.249357601464042,0.862582505991343,-0.215091504758844,0.215091504758844,"negative",93.4484297090664,FALSE,-7.69168769186507,0.000456398514609902,-2.75018905096971
"Ursus_arctos_plus_Ursus_maritimus","Brown bear + polar bear","B349","B470","internal_clade","optional","Sirenian / edge context","binary_aquatic_dependence","binary_aquatic_dependence","FN3K",12,"shared","Metabolism / redox / lipid handling",-0.244837253974046,-8.37002005749938e-16,2.04929272658583e-16,2.04929272658583e-16,"positive",,TRUE,-7.69168769186507,0.000456398514609902,-2.75018905096971
"Ursus_arctos_plus_Ursus_maritimus","Brown bear + polar bear","B349","B470","internal_clade","optional","Sirenian / edge context","binary_aquatic_dependence","binary_aquatic_dependence","NUBP2",13,"shared","Metabolism / redox / lipid handling",-0.239999172123246,0.936556366753704,-0.224772752667644,0.224772752667644,"negative",91.4118117201333,FALSE,-7.69168769186507,0.000456398514609902,-2.75018905096971
"Ursus_arctos_plus_Ursus_maritimus","Brown bear + polar bear","B349","B470","internal_clade","optional","Sirenian / edge context","binary_aquatic_dependence","binary_aquatic_dependence","ACADSB",14,"aquatic_specific","Metabolism / redox / lipid handling",-0.238865076823398,3.73940880920809,-0.893214172485581,0.893214172485581,"negative",167.806959010276,FALSE,-7.69168769186507,0.000456398514609902,-2.75018905096971
"Ursus_arctos_plus_Ursus_maritimus","Brown bear + polar bear","B349","B470","internal_clade","optional","Sirenian / edge context","binary_aquatic_dependence","binary_aquatic_dependence","TTC28",15,"aquatic_specific","Developmental / transcriptional signaling regulators",-0.237914556985983,-1.58899057033009e-15,3.78043987594988e-16,3.78043987594988e-16,"positive",,TRUE,-7.69168769186507,0.000456398514609902,-2.75018905096971
"Ursus_arctos_plus_Ursus_maritimus","Brown bear + polar bear","B349","B470","internal_clade","optional","Sirenian / edge context","binary_aquatic_dependence","binary_aquatic_dependence","SLC6A15",16,"aquatic_specific","Transport / endocytic / epithelial solute handling",-0.23289351110375,0.953845170289086,-0.222144350757979,0.222144350757979,"negative",84.9511109578216,FALSE,-7.69168769186507,0.000456398514609902,-2.75018905096971
"Ursus_arctos_plus_Ursus_maritimus","Brown bear + polar bear","B349","B470","internal_clade","optional","Sirenian / edge context","binary_aquatic_dependence","binary_aquatic_dependence","CATSPERG",17,"aquatic_specific","Cilia / flagella / reproductive-cell function",-0.232264279338058,-2.00168850047952,0.464920737023154,0.464920737023154,"positive",0,FALSE,-7.69168769186507,0.000456398514609902,-2.75018905096971
"Ursus_arctos_plus_Ursus_maritimus","Brown bear + polar bear","B349","B470","internal_clade","optional","Sirenian / edge context","binary_aquatic_dependence","binary_aquatic_dependence","SYDE1",18,"shared","Cytoskeletal / muscle / ECM / adhesion",-0.232023025562006,2.60710780476216e-16,-6.04909040827236e-17,6.04909040827236e-17,"negative",,TRUE,-7.69168769186507,0.000456398514609902,-2.75018905096971
"Ursus_arctos_plus_Ursus_maritimus","Brown bear + polar bear","B349","B470","internal_clade","optional","Sirenian / edge context","binary_aquatic_dependence","binary_aquatic_dependence","SLC5A5",19,"aquatic_specific","Transport / endocytic / epithelial solute handling",-0.231105741131879,0.268517184494452,-0.0620558629292359,0.0620558629292359,"negative",62.9357941001072,FALSE,-7.69168769186507,0.000456398514609902,-2.75018905096971
"Ursus_arctos_plus_Ursus_maritimus","Brown bear + polar bear","B349","B470","internal_clade","optional","Sirenian / edge context","binary_aquatic_dependence","binary_aquatic_dependence","SIGIRR",20,"aquatic_specific","Immune / inflammatory regulation",-0.210302505536658,9.54654266421253e-16,-2.0076618414965e-16,2.0076618414965e-16,"negative",,TRUE,-7.69168769186507,0.000456398514609902,-2.75018905096971
"Ursus_arctos_plus_Ursus_maritimus","Brown bear + polar bear","B349","B470","internal_clade","optional","Sirenian / edge context","binary_aquatic_dependence","binary_aquatic_dependence","KEAP1",21,"aquatic_specific","Developmental / transcriptional signaling regulators",-0.19883739251004,-2.00822504552793,0.399310231626132,0.399310231626132,"positive",0,FALSE,-7.69168769186507,0.000456398514609902,-2.75018905096971
"Ursus_arctos_plus_Ursus_maritimus","Brown bear + polar bear","B349","B470","internal_clade","optional","Sirenian / edge context","binary_aquatic_dependence","binary_aquatic_dependence","SYNPO2",22,"aquatic_specific","Cytoskeletal / muscle / ECM / adhesion",-0.164171125185038,0.963708858169359,-0.158213167596452,0.158213167596452,"negative",87.8961471496032,FALSE,-7.69168769186507,0.000456398514609902,-2.75018905096971
"Ursus_arctos_plus_Ursus_maritimus","Brown bear + polar bear","B349","B470","internal_clade","optional","Sirenian / edge context","binary_aquatic_dependence","binary_aquatic_dependence","PI4KA",23,"aquatic_specific","Ion channels / mechanosensation / membrane signaling",-0.161213914772254,1.38477547762758,-0.22324507582896,0.22324507582896,"negative",104.14206647479,FALSE,-7.69168769186507,0.000456398514609902,-2.75018905096971
"Ursus_arctos_plus_Ursus_maritimus","Brown bear + polar bear","B349","B470","internal_clade","optional","Sirenian / edge context","binary_aquatic_dependence","binary_aquatic_dependence","H1_8",24,"aquatic_specific","DNA repair / chromatin / cell-cycle",-0.160268979059258,-0.367909957996573,0.0589645533538452,0.0589645533538452,"positive",44.402209558495,FALSE,-7.69168769186507,0.000456398514609902,-2.75018905096971
"Ursus_arctos_plus_Ursus_maritimus","Brown bear + polar bear","B349","B470","internal_clade","optional","Sirenian / edge context","binary_aquatic_dependence","binary_aquatic_dependence","CATSPERZ",25,"shared","Cilia / flagella / reproductive-cell function",-0.154029925159516,-1.22018471549186,0.187944960407996,0.187944960407996,"positive",0,FALSE,-7.69168769186507,0.000456398514609902,-2.75018905096971
"Ursus_arctos_plus_Ursus_maritimus","Brown bear + polar bear","B349","B470","internal_clade","optional","Sirenian / edge context","binary_aquatic_dependence","binary_aquatic_dependence","TIGD7",26,"aquatic_specific","Developmental / transcriptional signaling regulators",-0.153350666144971,-1.14039910084986,0.174880961786453,0.174880961786453,"positive",0,FALSE,-7.69168769186507,0.000456398514609902,-2.75018905096971
"Ursus_arctos_plus_Ursus_maritimus","Brown bear + polar bear","B349","B470","internal_clade","optional","Sirenian / edge context","binary_aquatic_dependence","binary_aquatic_dependence","CLASP2",27,"aquatic_specific","Cytoskeletal / muscle / ECM / adhesion",-0.153215743294715,1.47577832365738,-0.226112472797394,0.226112472797394,"negative",100.144674021761,FALSE,-7.69168769186507,0.000456398514609902,-2.75018905096971
"Ursus_arctos_plus_Ursus_maritimus","Brown bear + polar bear","B349","B470","internal_clade","optional","Sirenian / edge context","binary_aquatic_dependence","binary_aquatic_dependence","FAM20B",28,"aquatic_specific","Developmental / transcriptional signaling regulators",-0.149046125022571,1.11879214828354,-0.166751634407339,0.166751634407339,"negative",106.210110810909,FALSE,-7.69168769186507,0.000456398514609902,-2.75018905096971
"Ursus_arctos_plus_Ursus_maritimus","Brown bear + polar bear","B349","B470","internal_clade","optional","Sirenian / edge context","binary_aquatic_dependence","binary_aquatic_dependence","EHHADH",29,"aquatic_specific","Metabolism / redox / lipid handling",-0.134704680594371,-0.374677001479727,0.0504707458103834,0.0504707458103834,"positive",44.0714968346583,FALSE,-7.69168769186507,0.000456398514609902,-2.75018905096971
"Ursus_arctos_plus_Ursus_maritimus","Brown bear + polar bear","B349","B470","internal_clade","optional","Sirenian / edge context","binary_aquatic_dependence","binary_aquatic_dependence","XCR1",30,"aquatic_specific","Immune / inflammatory regulation",-0.128894917212046,0.501919534252477,-0.0646948768145819,0.0646948768145819,"negative",68.3285400668524,FALSE,-7.69168769186507,0.000456398514609902,-2.75018905096971
"Ursus_arctos_plus_Ursus_maritimus","Brown bear + polar bear","B349","B470","internal_clade","optional","Sirenian / edge context","binary_aquatic_dependence","binary_aquatic_dependence","CLTCL1",31,"aquatic_specific","Membrane trafficking / ER / vesicle processing",-0.122013377075862,-2.78443167884323,0.339737912372676,0.339737912372676,"positive",0,FALSE,-7.69168769186507,0.000456398514609902,-2.75018905096971
"Ursus_arctos_plus_Ursus_maritimus","Brown bear + polar bear","B349","B470","internal_clade","optional","Sirenian / edge context","binary_aquatic_dependence","binary_aquatic_dependence","SLC6A6",32,"aquatic_specific","Transport / endocytic / epithelial solute handling",-0.121595276910313,-0.978662188288525,0.119000699786596,0.119000699786596,"positive",0,FALSE,-7.69168769186507,0.000456398514609902,-2.75018905096971
"Ursus_arctos_plus_Ursus_maritimus","Brown bear + polar bear","B349","B470","internal_clade","optional","Sirenian / edge context","binary_aquatic_dependence","binary_aquatic_dependence","ACOX3",33,"aquatic_specific","Metabolism / redox / lipid handling",-0.118129521585615,-0.286404730425887,0.0338328537850671,0.0338328537850671,"positive",51.0973500095034,FALSE,-7.69168769186507,0.000456398514609902,-2.75018905096971
"Ursus_arctos_plus_Ursus_maritimus","Brown bear + polar bear","B349","B470","internal_clade","optional","Sirenian / edge context","binary_aquatic_dependence","binary_aquatic_dependence","CORO2A",34,"aquatic_specific","Cytoskeletal / muscle / ECM / adhesion",-0.110434776748237,0.184138193923569,-0.020335260336773,0.020335260336773,"negative",62.1889974552604,FALSE,-7.69168769186507,0.000456398514609902,-2.75018905096971
"Ursus_arctos_plus_Ursus_maritimus","Brown bear + polar bear","B349","B470","internal_clade","optional","Sirenian / edge context","binary_aquatic_dependence","binary_aquatic_dependence","SEPTIN5",35,"aquatic_specific","Cytoskeletal / muscle / ECM / adhesion",-0.106389612271777,-5.93340695997027e-16,6.31252865921902e-17,6.31252865921902e-17,"positive",,TRUE,-7.69168769186507,0.000456398514609902,-2.75018905096971
"Ursus_arctos_plus_Ursus_maritimus","Brown bear + polar bear","B349","B470","internal_clade","optional","Sirenian / edge context","binary_aquatic_dependence","binary_aquatic_dependence","MEFV",36,"aquatic_specific","Immune / inflammatory regulation",-0.106234859098565,-0.941684354853923,0.10003970475323,0.10003970475323,"positive",29.4530024426439,FALSE,-7.69168769186507,0.000456398514609902,-2.75018905096971
"Ursus_arctos_plus_Ursus_maritimus","Brown bear + polar bear","B349","B470","internal_clade","optional","Sirenian / edge context","binary_aquatic_dependence","binary_aquatic_dependence","C1orf112",37,"aquatic_specific","DNA repair / chromatin / cell-cycle",-0.10365191227098,-2.06332878085642,0.213867973779519,0.213867973779519,"positive",0,FALSE,-7.69168769186507,0.000456398514609902,-2.75018905096971
"Ursus_arctos_plus_Ursus_maritimus","Brown bear + polar bear","B349","B470","internal_clade","optional","Sirenian / edge context","binary_aquatic_dependence","binary_aquatic_dependence","HPRT1",38,"aquatic_specific","Metabolism / redox / lipid handling",-0.099597493197772,-0.87763128091248,0.0874098755308328,0.0874098755308328,"positive",0,FALSE,-7.69168769186507,0.000456398514609902,-2.75018905096971
"Ursus_arctos_plus_Ursus_maritimus","Brown bear + polar bear","B349","B470","internal_clade","optional","Sirenian / edge context","binary_aquatic_dependence","binary_aquatic_dependence","CD34",39,"shared","Vascular / hematologic regulation",-0.0959044894988044,0.464232117552638,-0.0445219442428347,0.0445219442428347,"negative",69.3909731084196,FALSE,-7.69168769186507,0.000456398514609902,-2.75018905096971
"Ursus_arctos_plus_Ursus_maritimus","Brown bear + polar bear","B349","B470","internal_clade","optional","Sirenian / edge context","binary_aquatic_dependence","binary_aquatic_dependence","CASTOR1",40,"aquatic_specific","Endocrine / circadian / systemic regulation",-0.0825057476543748,1.21863902376353,-0.100544723776408,0.100544723776408,"negative",110.34586601188,FALSE,-7.69168769186507,0.000456398514609902,-2.75018905096971
"Ursus_arctos_plus_Ursus_maritimus","Brown bear + polar bear","B349","B470","internal_clade","optional","Sirenian / edge context","binary_aquatic_dependence","binary_aquatic_dependence","RAC3",41,"aquatic_specific","Developmental / transcriptional signaling regulators",-0.0814970345799135,3.18376504786873,-0.259467410200478,0.259467410200478,"negative",211.952411982273,FALSE,-7.69168769186507,0.000456398514609902,-2.75018905096971
"Ursus_arctos_plus_Ursus_maritimus","Brown bear + polar bear","B349","B470","internal_clade","optional","Sirenian / edge context","binary_aquatic_dependence","binary_aquatic_dependence","URI1",42,"aquatic_specific","Developmental / transcriptional signaling regulators",-0.078475489653661,-1.31986772901498,0.103577266312516,0.103577266312516,"positive",0,FALSE,-7.69168769186507,0.000456398514609902,-2.75018905096971
"Ursus_arctos_plus_Ursus_maritimus","Brown bear + polar bear","B349","B470","internal_clade","optional","Sirenian / edge context","binary_aquatic_dependence","binary_aquatic_dependence","SPINT4",43,"aquatic_specific","Epithelial / body-surface interface",-0.0769933368325998,-1.15218095632319,0.088710256462298,0.088710256462298,"positive",0,FALSE,-7.69168769186507,0.000456398514609902,-2.75018905096971
"Ursus_arctos_plus_Ursus_maritimus","Brown bear + polar bear","B349","B470","internal_clade","optional","Sirenian / edge context","binary_aquatic_dependence","binary_aquatic_dependence","GGTLC3",44,"aquatic_specific","Metabolism / redox / lipid handling",-0.0726998898105257,-0.845479361710653,0.061466256433438,0.061466256433438,"positive",0,FALSE,-7.69168769186507,0.000456398514609902,-2.75018905096971
"Ursus_arctos_plus_Ursus_maritimus","Brown bear + polar bear","B349","B470","internal_clade","optional","Sirenian / edge context","binary_aquatic_dependence","binary_aquatic_dependence","KMO",45,"aquatic_specific","Metabolism / redox / lipid handling",-0.0725495886342883,1.55540975063586,-0.112844337566393,0.112844337566393,"negative",111.567602750116,FALSE,-7.69168769186507,0.000456398514609902,-2.75018905096971
"Ursus_arctos_plus_Ursus_maritimus","Brown bear + polar bear","B349","B470","internal_clade","optional","Sirenian / edge context","binary_aquatic_dependence","binary_aquatic_dependence","PDK1",46,"aquatic_specific","Metabolism / redox / lipid handling",-0.0696000509826744,-1.30619216428056,0.0909110412270968,0.0909110412270968,"positive",0,FALSE,-7.69168769186507,0.000456398514609902,-2.75018905096971
"Ursus_arctos_plus_Ursus_maritimus","Brown bear + polar bear","B349","B470","internal_clade","optional","Sirenian / edge context","binary_aquatic_dependence","binary_aquatic_dependence","EPOR",47,"shared","Vascular / hematologic regulation",-0.0639836237556098,0.0695113430546875,-0.00444758762075825,0.00444758762075825,"negative",54.4669661139308,FALSE,-7.69168769186507,0.000456398514609902,-2.75018905096971
"Ursus_arctos_plus_Ursus_maritimus","Brown bear + polar bear","B349","B470","internal_clade","optional","Sirenian / edge context","binary_aquatic_dependence","binary_aquatic_dependence","AC092835",48,"aquatic_specific","Unassigned / low-confidence",-0.0481295116799046,1.29636340537304,-0.0623933376603025,0.0623933376603025,"negative",107.470984435738,FALSE,-7.69168769186507,0.000456398514609902,-2.75018905096971
"Ursus_arctos_plus_Ursus_maritimus","Brown bear + polar bear","B349","B470","internal_clade","optional","Sirenian / edge context","binary_aquatic_dependence","binary_aquatic_dependence","CDHR4",49,"aquatic_specific","Epithelial / body-surface interface",-0.043359831407413,-2.30584534389262,0.0999810653627524,0.0999810653627524,"positive",0,FALSE,-7.69168769186507,0.000456398514609902,-2.75018905096971
"Ursus_arctos_plus_Ursus_maritimus","Brown bear + polar bear","B349","B470","internal_clade","optional","Sirenian / edge context","binary_aquatic_dependence","binary_aquatic_dependence","PROB1",50,"aquatic_specific","Unassigned / low-confidence",-0.031368805999096,-3.40241970290549e-16,1.06729843587944e-17,1.06729843587944e-17,"positive",,TRUE,-7.69168769186507,0.000456398514609902,-2.75018905096971
"Ursus_arctos_plus_Ursus_maritimus","Brown bear + polar bear","B349","B470","internal_clade","optional","Sirenian / edge context","binary_aquatic_dependence","binary_aquatic_dependence","PPP1R3A",51,"aquatic_specific","Metabolism / redox / lipid handling",-0.0310971405758917,-0.513640742310124,0.0159727583691233,0.0159727583691233,"positive",44.3881006362109,FALSE,-7.69168769186507,0.000456398514609902,-2.75018905096971
"Ursus_arctos_plus_Ursus_maritimus","Brown bear + polar bear","B349","B470","internal_clade","optional","Sirenian / edge context","binary_aquatic_dependence","binary_aquatic_dependence","CDC14B",52,"aquatic_specific","DNA repair / chromatin / cell-cycle",-0.0297700481634882,1.14464622031138,-0.0340761731088245,0.0340761731088245,"negative",99.7047559691708,FALSE,-7.69168769186507,0.000456398514609902,-2.75018905096971
"Ursus_arctos_plus_Ursus_maritimus","Brown bear + polar bear","B349","B470","internal_clade","optional","Sirenian / edge context","binary_aquatic_dependence","binary_aquatic_dependence","SOX7",53,"shared","Developmental / transcriptional signaling regulators",-0.0288474092932838,1.72274047073537e-15,-4.96965994654077e-17,4.96965994654077e-17,"negative",,TRUE,-7.69168769186507,0.000456398514609902,-2.75018905096971
"Ursus_arctos_plus_Ursus_maritimus","Brown bear + polar bear","B349","B470","internal_clade","optional","Sirenian / edge context","binary_aquatic_dependence","binary_aquatic_dependence","MSN",54,"aquatic_specific","Cytoskeletal / muscle / ECM / adhesion",-0.0286086021473059,-1.5324271734663,0.0438405993254177,0.0438405993254177,"positive",0,FALSE,-7.69168769186507,0.000456398514609902,-2.75018905096971
"Ursus_arctos_plus_Ursus_maritimus","Brown bear + polar bear","B349","B470","internal_clade","optional","Sirenian / edge context","binary_aquatic_dependence","binary_aquatic_dependence","COMMD4",55,"aquatic_specific","DNA repair / chromatin / cell-cycle",-0.0187271239132032,-0.795274683135835,0.0148932075361182,0.0148932075361182,"positive",0,FALSE,-7.69168769186507,0.000456398514609902,-2.75018905096971
"Ursus_arctos_plus_Ursus_maritimus","Brown bear + polar bear","B349","B470","internal_clade","optional","Sirenian / edge context","binary_aquatic_dependence","binary_aquatic_dependence","NOXO1",56,"aquatic_specific","Ion channels / mechanosensation / membrane signaling",-0.0179148306739576,-0.360291727370217,0.00645456528906512,0.00645456528906512,"positive",49.0374380093501,FALSE,-7.69168769186507,0.000456398514609902,-2.75018905096971
"Ursus_arctos_plus_Ursus_maritimus","Brown bear + polar bear","B349","B470","internal_clade","optional","Sirenian / edge context","binary_aquatic_dependence","binary_aquatic_dependence","CCDC174",57,"aquatic_specific","RNA processing / translation / protein homeostasis",-0.0162180345629962,-1.13081686625436,0.0183396270213322,0.0183396270213322,"positive",0,FALSE,-7.69168769186507,0.000456398514609902,-2.75018905096971
"Ursus_arctos_plus_Ursus_maritimus","Brown bear + polar bear","B349","B470","internal_clade","optional","Sirenian / edge context","binary_aquatic_dependence","binary_aquatic_dependence","FLYWCH1",58,"aquatic_specific","Developmental / transcriptional signaling regulators",-0.0104987023982283,-1.42777406070175,0.0149897749552176,0.0149897749552176,"positive",0,FALSE,-7.69168769186507,0.000456398514609902,-2.75018905096971
"Ursus_arctos_plus_Ursus_maritimus","Brown bear + polar bear","B349","B470","internal_clade","optional","Sirenian / edge context","binary_aquatic_dependence","binary_aquatic_dependence","RHCG",59,"aquatic_specific","Transport / endocytic / epithelial solute handling",-0.0101117732108071,-1.32590010999113,0.0134072012124146,0.0134072012124146,"positive",0,FALSE,-7.69168769186507,0.000456398514609902,-2.75018905096971
"Ursus_arctos_plus_Ursus_maritimus","Brown bear + polar bear","B349","B470","internal_clade","optional","Sirenian / edge context","binary_aquatic_dependence","binary_aquatic_dependence","IP6K1",60,"aquatic_specific","Ion channels / mechanosensation / membrane signaling",-0.00832534794040649,-1.38698614519953,0.0115471422473092,0.0115471422473092,"positive",0,FALSE,-7.69168769186507,0.000456398514609902,-2.75018905096971
"Ursus_arctos_plus_Ursus_maritimus","Brown bear + polar bear","B349","B470","internal_clade","optional","Sirenian / edge context","binary_aquatic_dependence","binary_aquatic_dependence","SORBS2",61,"aquatic_specific","Cytoskeletal / muscle / ECM / adhesion",-0.0080058731823396,2.63079702977518,-0.0210618273888558,0.0210618273888558,"negative",129.678539501104,FALSE,-7.69168769186507,0.000456398514609902,-2.75018905096971
"Ursus_arctos_plus_Ursus_maritimus","Brown bear + polar bear","B349","B470","internal_clade","optional","Sirenian / edge context","binary_aquatic_dependence","binary_aquatic_dependence","ASMTL",62,"shared","Endocrine / circadian / systemic regulation",-0.00682424512057102,-0.436917212502956,0.00298163015551679,0.00298163015551679,"positive",68.888877237221,FALSE,-7.69168769186507,0.000456398514609902,-2.75018905096971
"Ursus_arctos_plus_Ursus_maritimus","Brown bear + polar bear","B349","B470","internal_clade","optional","Sirenian / edge context","binary_aquatic_dependence","binary_aquatic_dependence","TMPPE",63,"aquatic_specific","Metabolism / redox / lipid handling",-0.00232450558807123,-0.0171606014152885,3.98899138845011e-05,3.98899138845011e-05,"positive",58.232093439038,FALSE,-7.69168769186507,0.000456398514609902,-2.75018905096971
"Ursus_arctos_plus_Ursus_maritimus","Brown bear + polar bear","B349","B470","internal_clade","optional","Sirenian / edge context","binary_aquatic_dependence","binary_aquatic_dependence","ITGA2B",64,"aquatic_specific","Vascular / hematologic regulation",-0.00129204970143602,-0.174025778706487,0.000224849955419888,0.000224849955419888,"positive",46.9033700322039,FALSE,-7.69168769186507,0.000456398514609902,-2.75018905096971
"Ursus_arctos_plus_Ursus_maritimus","Brown bear + polar bear","B349","B470","internal_clade","optional","Sirenian / edge context","binary_aquatic_dependence","binary_aquatic_dependence","RHOA",65,"aquatic_specific","Cytoskeletal / muscle / ECM / adhesion",-0.00113448879012524,-0.717666446467379,0.000814184538566259,0.000814184538566259,"positive",0,FALSE,-7.69168769186507,0.000456398514609902,-2.75018905096971
"Ursus_arctos_plus_Ursus_maritimus","Brown bear + polar bear","B349","B470","internal_clade","optional","Sirenian / edge context","binary_aquatic_dependence","binary_aquatic_dependence","FP565260",66,"aquatic_specific","Unassigned / low-confidence",1.70815408075916e-05,-2.19124801416527,-3.7429892373518e-05,3.7429892373518e-05,"negative",0,FALSE,-7.69168769186507,0.000456398514609902,-2.75018905096971
"Ursus_arctos_plus_Ursus_maritimus","Brown bear + polar bear","B349","B470","internal_clade","optional","Sirenian / edge context","binary_aquatic_dependence","binary_aquatic_dependence","LRIF1",67,"aquatic_specific","DNA repair / chromatin / cell-cycle",0.00997540842690748,-1.29276356764879,-0.0128958445867227,0.0128958445867227,"negative",0,FALSE,-7.69168769186507,0.000456398514609902,-2.75018905096971
"Ursus_arctos_plus_Ursus_maritimus","Brown bear + polar bear","B349","B470","internal_clade","optional","Sirenian / edge context","binary_aquatic_dependence","binary_aquatic_dependence","BAMBI",68,"aquatic_specific","Developmental / transcriptional signaling regulators",0.0120734458485713,-0.945658410970946,-0.0114173556161037,0.0114173556161037,"negative",0,FALSE,-7.69168769186507,0.000456398514609902,-2.75018905096971
"Ursus_arctos_plus_Ursus_maritimus","Brown bear + polar bear","B349","B470","internal_clade","optional","Sirenian / edge context","binary_aquatic_dependence","binary_aquatic_dependence","LLGL1",69,"aquatic_specific","Membrane trafficking / ER / vesicle processing",0.0221096407434654,1.68414374758566,0.0372358132194724,0.0372358132194724,"positive",111.883401218794,FALSE,-7.69168769186507,0.000456398514609902,-2.75018905096971
"Ursus_arctos_plus_Ursus_maritimus","Brown bear + polar bear","B349","B470","internal_clade","optional","Sirenian / edge context","binary_aquatic_dependence","binary_aquatic_dependence","COL20A1",70,"shared","Cytoskeletal / muscle / ECM / adhesion",0.0288024871662898,-0.842457250346696,-0.0242648641412585,0.0242648641412585,"negative",48.7414897830466,FALSE,-7.69168769186507,0.000456398514609902,-2.75018905096971
"Ursus_arctos_plus_Ursus_maritimus","Brown bear + polar bear","B349","B470","internal_clade","optional","Sirenian / edge context","binary_aquatic_dependence","binary_aquatic_dependence","TGM1",71,"shared","Epithelial / body-surface interface",0.0320265937643637,1.92770727287648,0.0617378977250245,0.0617378977250245,"positive",117.764117681684,FALSE,-7.69168769186507,0.000456398514609902,-2.75018905096971
"Ursus_arctos_plus_Ursus_maritimus","Brown bear + polar bear","B349","B470","internal_clade","optional","Sirenian / edge context","binary_aquatic_dependence","binary_aquatic_dependence","PDE6C",72,"aquatic_specific","Sensory systems",0.0369091575908715,0.580305364650226,0.0214185821547033,0.0214185821547033,"positive",85.9544299178118,FALSE,-7.69168769186507,0.000456398514609902,-2.75018905096971
"Ursus_arctos_plus_Ursus_maritimus","Brown bear + polar bear","B349","B470","internal_clade","optional","Sirenian / edge context","binary_aquatic_dependence","binary_aquatic_dependence","TOGARAM2",73,"shared","Cilia / flagella / reproductive-cell function",0.03936598299555,2.39277901397731,0.0941940979763399,0.0941940979763399,"positive",159.930354811718,FALSE,-7.69168769186507,0.000456398514609902,-2.75018905096971
"Ursus_arctos_plus_Ursus_maritimus","Brown bear + polar bear","B349","B470","internal_clade","optional","Sirenian / edge context","binary_aquatic_dependence","binary_aquatic_dependence","CSMD1",74,"aquatic_specific","Immune / inflammatory regulation",0.0435717554769353,2.06686643460593,0.0900569988921345,0.0900569988921345,"positive",98.4479835473525,FALSE,-7.69168769186507,0.000456398514609902,-2.75018905096971
"Ursus_arctos_plus_Ursus_maritimus","Brown bear + polar bear","B349","B470","internal_clade","optional","Sirenian / edge context","binary_aquatic_dependence","binary_aquatic_dependence","KRTDAP",75,"shared","Epithelial / body-surface interface",0.0447305719374455,-0.790419657023155,-0.0353559233292452,0.0353559233292452,"negative",0,FALSE,-7.69168769186507,0.000456398514609902,-2.75018905096971
"Ursus_arctos_plus_Ursus_maritimus","Brown bear + polar bear","B349","B470","internal_clade","optional","Sirenian / edge context","binary_aquatic_dependence","binary_aquatic_dependence","CNGA4",76,"aquatic_specific","Sensory systems",0.0586555487526509,-1.889163874305,-0.110809943731044,0.110809943731044,"negative",0,FALSE,-7.69168769186507,0.000456398514609902,-2.75018905096971
"Ursus_arctos_plus_Ursus_maritimus","Brown bear + polar bear","B349","B470","internal_clade","optional","Sirenian / edge context","binary_aquatic_dependence","binary_aquatic_dependence","ARSA",77,"aquatic_specific","Metabolism / redox / lipid handling",0.0862370240736283,-1.649017438422,-0.142206356535031,0.142206356535031,"negative",0,FALSE,-7.69168769186507,0.000456398514609902,-2.75018905096971
"Ursus_arctos_plus_Ursus_maritimus","Brown bear + polar bear","B349","B470","internal_clade","optional","Sirenian / edge context","binary_aquatic_dependence","binary_aquatic_dependence","DEUP1",78,"aquatic_specific","Cilia / flagella / reproductive-cell function",0.0985919084118505,-0.19449286982719,-0.0191754232087602,0.0191754232087602,"negative",58.5886862125298,FALSE,-7.69168769186507,0.000456398514609902,-2.75018905096971
"Ursus_arctos_plus_Ursus_maritimus","Brown bear + polar bear","B349","B470","internal_clade","optional","Sirenian / edge context","binary_aquatic_dependence","binary_aquatic_dependence","PIEZO1",79,"aquatic_specific","Ion channels / mechanosensation / membrane signaling",0.100220575454654,4.70956009487196e-16,4.7199482284634e-17,4.7199482284634e-17,"positive",,TRUE,-7.69168769186507,0.000456398514609902,-2.75018905096971
"Ursus_arctos_plus_Ursus_maritimus","Brown bear + polar bear","B349","B470","internal_clade","optional","Sirenian / edge context","binary_aquatic_dependence","binary_aquatic_dependence","DBNL",80,"shared","Cytoskeletal / muscle / ECM / adhesion",0.116035395287358,4.14850378290266,0.481373276300208,0.481373276300208,"positive",281.990506543687,FALSE,-7.69168769186507,0.000456398514609902,-2.75018905096971
"Ursus_arctos_plus_Ursus_maritimus","Brown bear + polar bear","B349","B470","internal_clade","optional","Sirenian / edge context","binary_aquatic_dependence","binary_aquatic_dependence","OR6B1",81,"shared","Sensory systems",0.1211331117984,-1.15260712339309,-0.139618887537608,0.139618887537608,"negative",0,FALSE,-7.69168769186507,0.000456398514609902,-2.75018905096971
"Ursus_arctos_plus_Ursus_maritimus","Brown bear + polar bear","B349","B470","internal_clade","optional","Sirenian / edge context","binary_aquatic_dependence","binary_aquatic_dependence","ABHD8",82,"aquatic_specific","Metabolism / redox / lipid handling",0.123391794658719,1.20521553241105e-15,1.48713707494763e-16,1.48713707494763e-16,"positive",,TRUE,-7.69168769186507,0.000456398514609902,-2.75018905096971
"Ursus_arctos_plus_Ursus_maritimus","Brown bear + polar bear","B349","B470","internal_clade","optional","Sirenian / edge context","binary_aquatic_dependence","binary_aquatic_dependence","FZD5",83,"aquatic_specific","Developmental / transcriptional signaling regulators",0.130676120517993,-1.03133666082231e-15,-1.34771073784241e-16,1.34771073784241e-16,"negative",,TRUE,-7.69168769186507,0.000456398514609902,-2.75018905096971
"Ursus_arctos_plus_Ursus_maritimus","Brown bear + polar bear","B349","B470","internal_clade","optional","Sirenian / edge context","binary_aquatic_dependence","binary_aquatic_dependence","PNPLA7",84,"shared","Metabolism / redox / lipid handling",0.137885581276299,-0.299806424927899,-0.0413389831715525,0.0413389831715525,"negative",53.2305939083339,FALSE,-7.69168769186507,0.000456398514609902,-2.75018905096971
"Ursus_arctos_plus_Ursus_maritimus","Brown bear + polar bear","B349","B470","internal_clade","optional","Sirenian / edge context","binary_aquatic_dependence","binary_aquatic_dependence","SPEF2",85,"aquatic_specific","Cilia / flagella / reproductive-cell function",0.174059525751515,-0.830579310435845,-0.144570240873484,0.144570240873484,"negative",42.8543041837604,FALSE,-7.69168769186507,0.000456398514609902,-2.75018905096971
"Ursus_arctos_plus_Ursus_maritimus","Brown bear + polar bear","B349","B470","internal_clade","optional","Sirenian / edge context","binary_aquatic_dependence","binary_aquatic_dependence","GCKR",86,"aquatic_specific","Endocrine / circadian / systemic regulation",0.176184373124808,-0.706799714712882,-0.124527064661482,0.124527064661482,"negative",46.5884373632339,FALSE,-7.69168769186507,0.000456398514609902,-2.75018905096971
"Ursus_arctos_plus_Ursus_maritimus","Brown bear + polar bear","B349","B470","internal_clade","optional","Sirenian / edge context","binary_aquatic_dependence","binary_aquatic_dependence","SEC61A2",87,"aquatic_specific","Membrane trafficking / ER / vesicle processing",0.176583875943885,1.7955051512164,0.317057258879003,0.317057258879003,"positive",121.008178905413,FALSE,-7.69168769186507,0.000456398514609902,-2.75018905096971
"Ursus_arctos_plus_Ursus_maritimus","Brown bear + polar bear","B349","B470","internal_clade","optional","Sirenian / edge context","binary_aquatic_dependence","binary_aquatic_dependence","OR52W1",88,"shared","Sensory systems",0.190684677268266,-1.68300043225705,-0.320922394267288,0.320922394267288,"negative",0,FALSE,-7.69168769186507,0.000456398514609902,-2.75018905096971
"Ursus_arctos_plus_Ursus_maritimus","Brown bear + polar bear","B349","B470","internal_clade","optional","Sirenian / edge context","binary_aquatic_dependence","binary_aquatic_dependence","PRSS53",89,"aquatic_specific","Epithelial / body-surface interface",0.194083977905306,-0.300062531249822,-0.0582373296853005,0.0582373296853005,"negative",54.2958213177977,FALSE,-7.69168769186507,0.000456398514609902,-2.75018905096971
"Ursus_arctos_plus_Ursus_maritimus","Brown bear + polar bear","B349","B470","internal_clade","optional","Sirenian / edge context","binary_aquatic_dependence","binary_aquatic_dependence","KCNK18",90,"shared","Ion channels / mechanosensation / membrane signaling",0.217561248206336,-1.82302909721634,-0.396620485906858,0.396620485906858,"negative",0,FALSE,-7.69168769186507,0.000456398514609902,-2.75018905096971
"Ursus_arctos_plus_Ursus_maritimus","Brown bear + polar bear","B349","B470","internal_clade","optional","Sirenian / edge context","binary_aquatic_dependence","binary_aquatic_dependence","SDR9C7",91,"shared","Epithelial / body-surface interface",0.220181989308241,-1.24292619273643,-0.273669961680025,0.273669961680025,"negative",0,FALSE,-7.69168769186507,0.000456398514609902,-2.75018905096971
"Ursus_arctos_plus_Ursus_maritimus","Brown bear + polar bear","B349","B470","internal_clade","optional","Sirenian / edge context","binary_aquatic_dependence","binary_aquatic_dependence","OMP",92,"shared","Sensory systems",0.231144543648012,-2.82056658516719e-16,-6.51958576157301e-17,6.51958576157301e-17,"negative",,TRUE,-7.69168769186507,0.000456398514609902,-2.75018905096971
"Ursus_arctos_plus_Ursus_maritimus","Brown bear + polar bear","B349","B470","internal_clade","optional","Sirenian / edge context","binary_aquatic_dependence","binary_aquatic_dependence","SYTL5",93,"aquatic_specific","Membrane trafficking / ER / vesicle processing",0.265993756746688,2.71462862352636,0.722074265743867,0.722074265743867,"positive",149.628334339234,FALSE,-7.69168769186507,0.000456398514609902,-2.75018905096971
"Ursus_arctos_plus_Ursus_maritimus","Brown bear + polar bear","B349","B470","internal_clade","optional","Sirenian / edge context","binary_aquatic_dependence","binary_aquatic_dependence","IL33",94,"shared","Immune / inflammatory regulation",0.340038935001018,-1.25231167496481,-0.425834728244375,0.425834728244375,"negative",0,FALSE,-7.69168769186507,0.000456398514609902,-2.75018905096971
"Ursus_arctos_plus_Ursus_maritimus","Brown bear + polar bear","B349","B470","internal_clade","optional","Sirenian / edge context","binary_aquatic_dependence","binary_aquatic_dependence","KIF18A",95,"aquatic_specific","DNA repair / chromatin / cell-cycle",0.340198342633948,-0.400396244491322,-0.136214138772804,0.136214138772804,"negative",39.2497545218073,FALSE,-7.69168769186507,0.000456398514609902,-2.75018905096971
"Ursus_arctos_plus_Ursus_maritimus","Brown bear + polar bear","B349","B470","internal_clade","optional","Sirenian / edge context","binary_aquatic_dependence","binary_aquatic_dependence","FAM13A",96,"aquatic_specific","Developmental / transcriptional signaling regulators",0.348973910716795,-2.30749048069004,-0.80525397698818,0.80525397698818,"negative",0,FALSE,-7.69168769186507,0.000456398514609902,-2.75018905096971
"Ursus_arctos_plus_Ursus_maritimus","Brown bear + polar bear","B349","B470","internal_clade","optional","Sirenian / edge context","binary_aquatic_dependence","binary_aquatic_dependence","NWD1",97,"aquatic_specific","Developmental / transcriptional signaling regulators",0.404558879261438,-2.18087531346393,-0.882292472623907,0.882292472623907,"negative",0,FALSE,-7.69168769186507,0.000456398514609902,-2.75018905096971
"Ursus_arctos_plus_Ursus_maritimus","Brown bear + polar bear","B349","B470","internal_clade","optional","Sirenian / edge context","binary_aquatic_dependence","binary_aquatic_dependence","LRP2",98,"aquatic_specific","Transport / endocytic / epithelial solute handling",0.471378525654808,-0.900365569726351,-0.424412994807959,0.424412994807959,"negative",34.994672361662,FALSE,-7.69168769186507,0.000456398514609902,-2.75018905096971
"Ursus_arctos_plus_Ursus_maritimus","Brown bear + polar bear","B349","B470","internal_clade","optional","Sirenian / edge context","binary_aquatic_dependence","binary_aquatic_dependence","CACNA1G",99,"aquatic_specific","Ion channels / mechanosensation / membrane signaling",0.593854706123962,-1.2268101338551,-0.72854697151042,0.72854697151042,"negative",35.9638010494839,FALSE,-7.69168769186507,0.000456398514609902,-2.75018905096971
"Ursus_arctos_plus_Ursus_maritimus","Brown bear + polar bear","B349","B470","internal_clade","optional","Sirenian / edge context","binary_aquatic_dependence","binary_aquatic_dependence","PER1",100,"aquatic_specific","Endocrine / circadian / systemic regulation",0.784004329488712,-2.13299524816487,-1.67227750934011,1.67227750934011,"negative",0,FALSE,-7.69168769186507,0.000456398514609902,-2.75018905096971
"Ursus_arctos_plus_Ursus_maritimus","Brown bear + polar bear","B349","B470","internal_clade","optional","Sirenian / edge context","binary_aquatic_dependence","binary_aquatic_dependence","TGM3",101,"shared","Epithelial / body-surface interface",1.04080869919882,-1.69603332234884,-1.76524623603174,1.76524623603174,"negative",0,FALSE,-7.69168769186507,0.000456398514609902,-2.75018905096971
"Lutrinae_sampled","Lutrinae / Enhydra-related","B380","B483","internal_clade","optional","Sirenian / edge context","binary_aquatic_dependence","binary_aquatic_dependence","ATF7IP2",1,"aquatic_specific","DNA repair / chromatin / cell-cycle",-0.581769927151342,1.31691961767155,-0.766144230036948,0.766144230036948,"negative",104.595300772365,FALSE,-3.52757054349019,0.028537863524964,-2.75018905096971
"Lutrinae_sampled","Lutrinae / Enhydra-related","B380","B483","internal_clade","optional","Sirenian / edge context","binary_aquatic_dependence","binary_aquatic_dependence","WDR93",2,"shared","Cilia / flagella / reproductive-cell function",-0.4793197990576,0.642784799046874,-0.308099480716428,0.308099480716428,"negative",67.731383194757,FALSE,-3.52757054349019,0.028537863524964,-2.75018905096971
"Lutrinae_sampled","Lutrinae / Enhydra-related","B380","B483","internal_clade","optional","Sirenian / edge context","binary_aquatic_dependence","binary_aquatic_dependence","PMIS2",3,"aquatic_specific","Developmental / transcriptional signaling regulators",-0.39072525213697,-0.755696490240698,0.29526970168832,0.29526970168832,"positive",17.6222764814506,FALSE,-3.52757054349019,0.028537863524964,-2.75018905096971
"Lutrinae_sampled","Lutrinae / Enhydra-related","B380","B483","internal_clade","optional","Sirenian / edge context","binary_aquatic_dependence","binary_aquatic_dependence","PFKP",4,"aquatic_specific","Metabolism / redox / lipid handling",-0.356881027792284,-0.795119484422026,0.283763058818204,0.283763058818204,"positive",29.6643563151175,FALSE,-3.52757054349019,0.028537863524964,-2.75018905096971
"Lutrinae_sampled","Lutrinae / Enhydra-related","B380","B483","internal_clade","optional","Sirenian / edge context","binary_aquatic_dependence","binary_aquatic_dependence","PDGFB",5,"aquatic_specific","Vascular / hematologic regulation",-0.348561123284862,-0.411637138496316,0.143480703380042,0.143480703380042,"positive",38.9730106599547,FALSE,-3.52757054349019,0.028537863524964,-2.75018905096971
"Lutrinae_sampled","Lutrinae / Enhydra-related","B380","B483","internal_clade","optional","Sirenian / edge context","binary_aquatic_dependence","binary_aquatic_dependence","PUSL1",6,"shared","Metabolism / redox / lipid handling",-0.314220898750119,2.44721978996208,-0.768967601840962,0.768967601840962,"negative",135.479775896997,FALSE,-3.52757054349019,0.028537863524964,-2.75018905096971
"Lutrinae_sampled","Lutrinae / Enhydra-related","B380","B483","internal_clade","optional","Sirenian / edge context","binary_aquatic_dependence","binary_aquatic_dependence","SMCO3",7,"aquatic_specific","Unassigned / low-confidence",-0.307082295991399,-1.01783811500828,0.312560065304301,0.312560065304301,"positive",1.57314296173423,FALSE,-3.52757054349019,0.028537863524964,-2.75018905096971
"Lutrinae_sampled","Lutrinae / Enhydra-related","B380","B483","internal_clade","optional","Sirenian / edge context","binary_aquatic_dependence","binary_aquatic_dependence","GGTLC1",8,"aquatic_specific","Metabolism / redox / lipid handling",-0.291163814888646,0.287304691319851,-0.0836527299600926,0.0836527299600926,"negative",78.2413461783024,FALSE,-3.52757054349019,0.028537863524964,-2.75018905096971
"Lutrinae_sampled","Lutrinae / Enhydra-related","B380","B483","internal_clade","optional","Sirenian / edge context","binary_aquatic_dependence","binary_aquatic_dependence","C16orf91",9,"aquatic_specific","Unassigned / low-confidence",-0.262195862787636,-0.366546003725223,0.0961068456980951,0.0961068456980951,"positive",38.8695771983571,FALSE,-3.52757054349019,0.028537863524964,-2.75018905096971
"Lutrinae_sampled","Lutrinae / Enhydra-related","B380","B483","internal_clade","optional","Sirenian / edge context","binary_aquatic_dependence","binary_aquatic_dependence","HGFAC",10,"shared","Vascular / hematologic regulation",-0.251889764940469,-1.03933190261542,0.261797068644929,0.261797068644929,"positive",19.2559431565118,FALSE,-3.52757054349019,0.028537863524964,-2.75018905096971
"Lutrinae_sampled","Lutrinae / Enhydra-related","B380","B483","internal_clade","optional","Sirenian / edge context","binary_aquatic_dependence","binary_aquatic_dependence","NLRP8",11,"aquatic_specific","Immune / inflammatory regulation",-0.249357601464042,-0.512138104115858,0.127705529260672,0.127705529260672,"positive",56.0058351982778,FALSE,-3.52757054349019,0.028537863524964,-2.75018905096971
"Lutrinae_sampled","Lutrinae / Enhydra-related","B380","B483","internal_clade","optional","Sirenian / edge context","binary_aquatic_dependence","binary_aquatic_dependence","FN3K",12,"shared","Metabolism / redox / lipid handling",-0.244837253974046,-0.0693709261622281,0.0169845870671962,0.0169845870671962,"positive",48.0136898610326,FALSE,-3.52757054349019,0.028537863524964,-2.75018905096971
"Lutrinae_sampled","Lutrinae / Enhydra-related","B380","B483","internal_clade","optional","Sirenian / edge context","binary_aquatic_dependence","binary_aquatic_dependence","NUBP2",13,"shared","Metabolism / redox / lipid handling",-0.239999172123246,0.531880360651963,-0.127650846225085,0.127650846225085,"negative",76.2313565599047,FALSE,-3.52757054349019,0.028537863524964,-2.75018905096971
"Lutrinae_sampled","Lutrinae / Enhydra-related","B380","B483","internal_clade","optional","Sirenian / edge context","binary_aquatic_dependence","binary_aquatic_dependence","ACADSB",14,"aquatic_specific","Metabolism / redox / lipid handling",-0.238865076823398,-1.85410187467603,0.442880186732896,0.442880186732896,"positive",0,FALSE,-3.52757054349019,0.028537863524964,-2.75018905096971
"Lutrinae_sampled","Lutrinae / Enhydra-related","B380","B483","internal_clade","optional","Sirenian / edge context","binary_aquatic_dependence","binary_aquatic_dependence","TTC28",15,"aquatic_specific","Developmental / transcriptional signaling regulators",-0.237914556985983,-0.048853864557191,0.0116230455431773,0.0116230455431773,"positive",55.8456092869969,FALSE,-3.52757054349019,0.028537863524964,-2.75018905096971
"Lutrinae_sampled","Lutrinae / Enhydra-related","B380","B483","internal_clade","optional","Sirenian / edge context","binary_aquatic_dependence","binary_aquatic_dependence","SLC6A15",16,"aquatic_specific","Transport / endocytic / epithelial solute handling",-0.23289351110375,-1.10527187656717,0.25741064805796,0.25741064805796,"positive",20.4563150127319,FALSE,-3.52757054349019,0.028537863524964,-2.75018905096971
"Lutrinae_sampled","Lutrinae / Enhydra-related","B380","B483","internal_clade","optional","Sirenian / edge context","binary_aquatic_dependence","binary_aquatic_dependence","CATSPERG",17,"aquatic_specific","Cilia / flagella / reproductive-cell function",-0.232264279338058,-0.383739480774813,0.0891289739557225,0.0891289739557225,"positive",38.2445314513258,FALSE,-3.52757054349019,0.028537863524964,-2.75018905096971
"Lutrinae_sampled","Lutrinae / Enhydra-related","B380","B483","internal_clade","optional","Sirenian / edge context","binary_aquatic_dependence","binary_aquatic_dependence","SYDE1",18,"shared","Cytoskeletal / muscle / ECM / adhesion",-0.232023025562006,0.164920497417781,-0.0382653527880646,0.0382653527880646,"negative",61.0349109526391,FALSE,-3.52757054349019,0.028537863524964,-2.75018905096971
"Lutrinae_sampled","Lutrinae / Enhydra-related","B380","B483","internal_clade","optional","Sirenian / edge context","binary_aquatic_dependence","binary_aquatic_dependence","SLC5A5",19,"aquatic_specific","Transport / endocytic / epithelial solute handling",-0.231105741131879,-1.18022130008953,0.272755918256821,0.272755918256821,"positive",18.625193953892,FALSE,-3.52757054349019,0.028537863524964,-2.75018905096971
"Lutrinae_sampled","Lutrinae / Enhydra-related","B380","B483","internal_clade","optional","Sirenian / edge context","binary_aquatic_dependence","binary_aquatic_dependence","SIGIRR",20,"aquatic_specific","Immune / inflammatory regulation",-0.210302505536658,-0.391790448953638,0.0823945130602821,0.0823945130602821,"positive",36.171090748199,FALSE,-3.52757054349019,0.028537863524964,-2.75018905096971
"Lutrinae_sampled","Lutrinae / Enhydra-related","B380","B483","internal_clade","optional","Sirenian / edge context","binary_aquatic_dependence","binary_aquatic_dependence","KEAP1",21,"aquatic_specific","Developmental / transcriptional signaling regulators",-0.19883739251004,-1.5436668077506,0.306938682957427,0.306938682957427,"positive",12.6909843094509,FALSE,-3.52757054349019,0.028537863524964,-2.75018905096971
"Lutrinae_sampled","Lutrinae / Enhydra-related","B380","B483","internal_clade","optional","Sirenian / edge context","binary_aquatic_dependence","binary_aquatic_dependence","SYNPO2",22,"aquatic_specific","Cytoskeletal / muscle / ECM / adhesion",-0.164171125185038,-0.464346954929402,0.0762323620670061,0.0762323620670061,"positive",38.2364791779529,FALSE,-3.52757054349019,0.028537863524964,-2.75018905096971
"Lutrinae_sampled","Lutrinae / Enhydra-related","B380","B483","internal_clade","optional","Sirenian / edge context","binary_aquatic_dependence","binary_aquatic_dependence","PI4KA",23,"aquatic_specific","Ion channels / mechanosensation / membrane signaling",-0.161213914772254,0.984353456701926,-0.158691474274518,0.158691474274518,"negative",91.5617365595276,FALSE,-3.52757054349019,0.028537863524964,-2.75018905096971
"Lutrinae_sampled","Lutrinae / Enhydra-related","B380","B483","internal_clade","optional","Sirenian / edge context","binary_aquatic_dependence","binary_aquatic_dependence","H1_8",24,"aquatic_specific","DNA repair / chromatin / cell-cycle",-0.160268979059258,0.0987969157512219,-0.0158340808216519,0.0158340808216519,"negative",58.1272875228877,FALSE,-3.52757054349019,0.028537863524964,-2.75018905096971
"Lutrinae_sampled","Lutrinae / Enhydra-related","B380","B483","internal_clade","optional","Sirenian / edge context","binary_aquatic_dependence","binary_aquatic_dependence","CATSPERZ",25,"shared","Cilia / flagella / reproductive-cell function",-0.154029925159516,0.459615284602021,-0.070794507889419,0.070794507889419,"negative",61.4313031491064,FALSE,-3.52757054349019,0.028537863524964,-2.75018905096971
"Lutrinae_sampled","Lutrinae / Enhydra-related","B380","B483","internal_clade","optional","Sirenian / edge context","binary_aquatic_dependence","binary_aquatic_dependence","TIGD7",26,"aquatic_specific","Developmental / transcriptional signaling regulators",-0.153350666144971,1.2757928949883,-0.195643690309477,0.195643690309477,"negative",234.304622192086,FALSE,-3.52757054349019,0.028537863524964,-2.75018905096971
"Lutrinae_sampled","Lutrinae / Enhydra-related","B380","B483","internal_clade","optional","Sirenian / edge context","binary_aquatic_dependence","binary_aquatic_dependence","CLASP2",27,"aquatic_specific","Cytoskeletal / muscle / ECM / adhesion",-0.153215743294715,-0.505665830231636,0.0774759660376795,0.0774759660376795,"positive",41.0068268770585,FALSE,-3.52757054349019,0.028537863524964,-2.75018905096971
"Lutrinae_sampled","Lutrinae / Enhydra-related","B380","B483","internal_clade","optional","Sirenian / edge context","binary_aquatic_dependence","binary_aquatic_dependence","FAM20B",28,"aquatic_specific","Developmental / transcriptional signaling regulators",-0.149046125022571,-0.559999800125986,0.0834658002221927,0.0834658002221927,"positive",32.4635097983017,FALSE,-3.52757054349019,0.028537863524964,-2.75018905096971
"Lutrinae_sampled","Lutrinae / Enhydra-related","B380","B483","internal_clade","optional","Sirenian / edge context","binary_aquatic_dependence","binary_aquatic_dependence","EHHADH",29,"aquatic_specific","Metabolism / redox / lipid handling",-0.134704680594371,1.5228618868647,-0.205136624059452,0.205136624059452,"negative",125.545083368293,FALSE,-3.52757054349019,0.028537863524964,-2.75018905096971
"Lutrinae_sampled","Lutrinae / Enhydra-related","B380","B483","internal_clade","optional","Sirenian / edge context","binary_aquatic_dependence","binary_aquatic_dependence","XCR1",30,"aquatic_specific","Immune / inflammatory regulation",-0.128894917212046,1.2251020283367,-0.157909424518769,0.157909424518769,"negative",92.7663202443048,FALSE,-3.52757054349019,0.028537863524964,-2.75018905096971
"Lutrinae_sampled","Lutrinae / Enhydra-related","B380","B483","internal_clade","optional","Sirenian / edge context","binary_aquatic_dependence","binary_aquatic_dependence","CLTCL1",31,"aquatic_specific","Membrane trafficking / ER / vesicle processing",-0.122013377075862,-0.486249236067968,0.059328911393211,0.059328911393211,"positive",50.7144537571717,FALSE,-3.52757054349019,0.028537863524964,-2.75018905096971
"Lutrinae_sampled","Lutrinae / Enhydra-related","B380","B483","internal_clade","optional","Sirenian / edge context","binary_aquatic_dependence","binary_aquatic_dependence","SLC6A6",32,"aquatic_specific","Transport / endocytic / epithelial solute handling",-0.121595276910313,-0.591006417875918,0.0718635890373945,0.0718635890373945,"positive",23.3020704564852,FALSE,-3.52757054349019,0.028537863524964,-2.75018905096971
"Lutrinae_sampled","Lutrinae / Enhydra-related","B380","B483","internal_clade","optional","Sirenian / edge context","binary_aquatic_dependence","binary_aquatic_dependence","ACOX3",33,"aquatic_specific","Metabolism / redox / lipid handling",-0.118129521585615,1.12076752674669,-0.13239573174328,0.13239573174328,"negative",83.8079090841548,FALSE,-3.52757054349019,0.028537863524964,-2.75018905096971
"Lutrinae_sampled","Lutrinae / Enhydra-related","B380","B483","internal_clade","optional","Sirenian / edge context","binary_aquatic_dependence","binary_aquatic_dependence","CORO2A",34,"aquatic_specific","Cytoskeletal / muscle / ECM / adhesion",-0.110434776748237,-1.1233617145459,0.124058200153394,0.124058200153394,"positive",18.2601410876739,FALSE,-3.52757054349019,0.028537863524964,-2.75018905096971
"Lutrinae_sampled","Lutrinae / Enhydra-related","B380","B483","internal_clade","optional","Sirenian / edge context","binary_aquatic_dependence","binary_aquatic_dependence","SEPTIN5",35,"aquatic_specific","Cytoskeletal / muscle / ECM / adhesion",-0.106389612271777,-0.62128069843776,0.0660978126187323,0.0660978126187323,"positive",27.416666412599,FALSE,-3.52757054349019,0.028537863524964,-2.75018905096971
"Lutrinae_sampled","Lutrinae / Enhydra-related","B380","B483","internal_clade","optional","Sirenian / edge context","binary_aquatic_dependence","binary_aquatic_dependence","MEFV",36,"aquatic_specific","Immune / inflammatory regulation",-0.106234859098565,-0.620560739178281,0.0659251826887063,0.0659251826887063,"positive",40.245804569885,FALSE,-3.52757054349019,0.028537863524964,-2.75018905096971
"Lutrinae_sampled","Lutrinae / Enhydra-related","B380","B483","internal_clade","optional","Sirenian / edge context","binary_aquatic_dependence","binary_aquatic_dependence","C1orf112",37,"aquatic_specific","DNA repair / chromatin / cell-cycle",-0.10365191227098,-0.447891531343152,0.0464248137136955,0.0464248137136955,"positive",43.3783883905891,FALSE,-3.52757054349019,0.028537863524964,-2.75018905096971
"Lutrinae_sampled","Lutrinae / Enhydra-related","B380","B483","internal_clade","optional","Sirenian / edge context","binary_aquatic_dependence","binary_aquatic_dependence","HPRT1",38,"aquatic_specific","Metabolism / redox / lipid handling",-0.099597493197772,0.771434871115967,-0.0768329793284966,0.0768329793284966,"negative",98.644524340253,FALSE,-3.52757054349019,0.028537863524964,-2.75018905096971
"Lutrinae_sampled","Lutrinae / Enhydra-related","B380","B483","internal_clade","optional","Sirenian / edge context","binary_aquatic_dependence","binary_aquatic_dependence","CD34",39,"shared","Vascular / hematologic regulation",-0.0959044894988044,-0.610722633497419,0.0585710423909354,0.0585710423909354,"positive",33.1491070908242,FALSE,-3.52757054349019,0.028537863524964,-2.75018905096971
"Lutrinae_sampled","Lutrinae / Enhydra-related","B380","B483","internal_clade","optional","Sirenian / edge context","binary_aquatic_dependence","binary_aquatic_dependence","CASTOR1",40,"aquatic_specific","Endocrine / circadian / systemic regulation",-0.0825057476543748,-0.598360216038997,0.0493681569909307,0.0493681569909307,"positive",28.5357975327337,FALSE,-3.52757054349019,0.028537863524964,-2.75018905096971
"Lutrinae_sampled","Lutrinae / Enhydra-related","B380","B483","internal_clade","optional","Sirenian / edge context","binary_aquatic_dependence","binary_aquatic_dependence","RAC3",41,"aquatic_specific","Developmental / transcriptional signaling regulators",-0.0814970345799135,1.15263750793496,-0.093936538842281,0.093936538842281,"negative",110.202438607844,FALSE,-3.52757054349019,0.028537863524964,-2.75018905096971
"Lutrinae_sampled","Lutrinae / Enhydra-related","B380","B483","internal_clade","optional","Sirenian / edge context","binary_aquatic_dependence","binary_aquatic_dependence","URI1",42,"aquatic_specific","Developmental / transcriptional signaling regulators",-0.078475489653661,-0.260395933782227,0.0204346984073826,0.0204346984073826,"positive",43.690294636114,FALSE,-3.52757054349019,0.028537863524964,-2.75018905096971
"Lutrinae_sampled","Lutrinae / Enhydra-related","B380","B483","internal_clade","optional","Sirenian / edge context","binary_aquatic_dependence","binary_aquatic_dependence","SPINT4",43,"aquatic_specific","Epithelial / body-surface interface",-0.0769933368325998,-1.15218095632319,0.088710256462298,0.088710256462298,"positive",0,FALSE,-3.52757054349019,0.028537863524964,-2.75018905096971
"Lutrinae_sampled","Lutrinae / Enhydra-related","B380","B483","internal_clade","optional","Sirenian / edge context","binary_aquatic_dependence","binary_aquatic_dependence","GGTLC3",44,"aquatic_specific","Metabolism / redox / lipid handling",-0.0726998898105257,0.125640375637905,-0.00913404146462878,0.00913404146462878,"negative",64.2451707806389,FALSE,-3.52757054349019,0.028537863524964,-2.75018905096971
"Lutrinae_sampled","Lutrinae / Enhydra-related","B380","B483","internal_clade","optional","Sirenian / edge context","binary_aquatic_dependence","binary_aquatic_dependence","KMO",45,"aquatic_specific","Metabolism / redox / lipid handling",-0.0725495886342883,0.161887743396151,-0.011744889188324,0.011744889188324,"negative",61.1890511623196,FALSE,-3.52757054349019,0.028537863524964,-2.75018905096971
"Lutrinae_sampled","Lutrinae / Enhydra-related","B380","B483","internal_clade","optional","Sirenian / edge context","binary_aquatic_dependence","binary_aquatic_dependence","PDK1",46,"aquatic_specific","Metabolism / redox / lipid handling",-0.0696000509826744,-0.602229052233488,0.0419151727386985,0.0419151727386985,"positive",27.4823612256967,FALSE,-3.52757054349019,0.028537863524964,-2.75018905096971
"Lutrinae_sampled","Lutrinae / Enhydra-related","B380","B483","internal_clade","optional","Sirenian / edge context","binary_aquatic_dependence","binary_aquatic_dependence","EPOR",47,"shared","Vascular / hematologic regulation",-0.0639836237556098,-0.312748167140217,0.0200107610565562,0.0200107610565562,"positive",43.3814498014771,FALSE,-3.52757054349019,0.028537863524964,-2.75018905096971
"Lutrinae_sampled","Lutrinae / Enhydra-related","B380","B483","internal_clade","optional","Sirenian / edge context","binary_aquatic_dependence","binary_aquatic_dependence","AC092835",48,"aquatic_specific","Unassigned / low-confidence",-0.0481295116799046,-0.178185541177643,0.00857598308529951,0.00857598308529951,"positive",49.2040996354716,FALSE,-3.52757054349019,0.028537863524964,-2.75018905096971
"Lutrinae_sampled","Lutrinae / Enhydra-related","B380","B483","internal_clade","optional","Sirenian / edge context","binary_aquatic_dependence","binary_aquatic_dependence","CDHR4",49,"aquatic_specific","Epithelial / body-surface interface",-0.043359831407413,-0.788368228412727,0.0341835134709367,0.0341835134709367,"positive",33.5906158913508,FALSE,-3.52757054349019,0.028537863524964,-2.75018905096971
"Lutrinae_sampled","Lutrinae / Enhydra-related","B380","B483","internal_clade","optional","Sirenian / edge context","binary_aquatic_dependence","binary_aquatic_dependence","PROB1",50,"aquatic_specific","Unassigned / low-confidence",-0.031368805999096,0.936080772748493,-0.0293637361598313,0.0293637361598313,"negative",76.2350396334759,FALSE,-3.52757054349019,0.028537863524964,-2.75018905096971
"Lutrinae_sampled","Lutrinae / Enhydra-related","B380","B483","internal_clade","optional","Sirenian / edge context","binary_aquatic_dependence","binary_aquatic_dependence","PPP1R3A",51,"aquatic_specific","Metabolism / redox / lipid handling",-0.0310971405758917,-0.25084689875888,0.00780062127373138,0.00780062127373138,"positive",50.3576778769608,FALSE,-3.52757054349019,0.028537863524964,-2.75018905096971
"Lutrinae_sampled","Lutrinae / Enhydra-related","B380","B483","internal_clade","optional","Sirenian / edge context","binary_aquatic_dependence","binary_aquatic_dependence","CDC14B",52,"aquatic_specific","DNA repair / chromatin / cell-cycle",-0.0297700481634882,-0.609398999122547,0.0181418375546597,0.0181418375546597,"positive",27.4965815184235,FALSE,-3.52757054349019,0.028537863524964,-2.75018905096971
"Lutrinae_sampled","Lutrinae / Enhydra-related","B380","B483","internal_clade","optional","Sirenian / edge context","binary_aquatic_dependence","binary_aquatic_dependence","SOX7",53,"shared","Developmental / transcriptional signaling regulators",-0.0288474092932838,-0.637220188468636,0.0183821515866982,0.0183821515866982,"positive",31.3157622163099,FALSE,-3.52757054349019,0.028537863524964,-2.75018905096971
"Lutrinae_sampled","Lutrinae / Enhydra-related","B380","B483","internal_clade","optional","Sirenian / edge context","binary_aquatic_dependence","binary_aquatic_dependence","MSN",54,"aquatic_specific","Cytoskeletal / muscle / ECM / adhesion",-0.0286086021473059,1.78087289914403,-0.0509482842465306,0.0509482842465306,"negative",118.731346896889,FALSE,-3.52757054349019,0.028537863524964,-2.75018905096971
"Lutrinae_sampled","Lutrinae / Enhydra-related","B380","B483","internal_clade","optional","Sirenian / edge context","binary_aquatic_dependence","binary_aquatic_dependence","COMMD4",55,"aquatic_specific","DNA repair / chromatin / cell-cycle",-0.0187271239132032,-0.795274683135835,0.0148932075361182,0.0148932075361182,"positive",0,FALSE,-3.52757054349019,0.028537863524964,-2.75018905096971
"Lutrinae_sampled","Lutrinae / Enhydra-related","B380","B483","internal_clade","optional","Sirenian / edge context","binary_aquatic_dependence","binary_aquatic_dependence","NOXO1",56,"aquatic_specific","Ion channels / mechanosensation / membrane signaling",-0.0179148306739576,1.28291359395758,-0.0229831798050685,0.0229831798050685,"negative",104.725753694615,FALSE,-3.52757054349019,0.028537863524964,-2.75018905096971
"Lutrinae_sampled","Lutrinae / Enhydra-related","B380","B483","internal_clade","optional","Sirenian / edge context","binary_aquatic_dependence","binary_aquatic_dependence","CCDC174",57,"aquatic_specific","RNA processing / translation / protein homeostasis",-0.0162180345629962,-0.409726796785516,0.00664496335165321,0.00664496335165321,"positive",42.3743836741554,FALSE,-3.52757054349019,0.028537863524964,-2.75018905096971
"Lutrinae_sampled","Lutrinae / Enhydra-related","B380","B483","internal_clade","optional","Sirenian / edge context","binary_aquatic_dependence","binary_aquatic_dependence","FLYWCH1",58,"aquatic_specific","Developmental / transcriptional signaling regulators",-0.0104987023982283,0.345402667005218,-0.00362627980844213,0.00362627980844213,"negative",73.6834527771789,FALSE,-3.52757054349019,0.028537863524964,-2.75018905096971
"Lutrinae_sampled","Lutrinae / Enhydra-related","B380","B483","internal_clade","optional","Sirenian / edge context","binary_aquatic_dependence","binary_aquatic_dependence","RHCG",59,"aquatic_specific","Transport / endocytic / epithelial solute handling",-0.0101117732108071,-0.890570424885061,0.0090052461646899,0.0090052461646899,"positive",17.0846830249439,FALSE,-3.52757054349019,0.028537863524964,-2.75018905096971
"Lutrinae_sampled","Lutrinae / Enhydra-related","B380","B483","internal_clade","optional","Sirenian / edge context","binary_aquatic_dependence","binary_aquatic_dependence","IP6K1",60,"aquatic_specific","Ion channels / mechanosensation / membrane signaling",-0.00832534794040649,0.0445478285171729,-0.000370876172395027,0.000370876172395027,"negative",59.0262975290005,FALSE,-3.52757054349019,0.028537863524964,-2.75018905096971
"Lutrinae_sampled","Lutrinae / Enhydra-related","B380","B483","internal_clade","optional","Sirenian / edge context","binary_aquatic_dependence","binary_aquatic_dependence","SORBS2",61,"aquatic_specific","Cytoskeletal / muscle / ECM / adhesion",-0.0080058731823396,-1.01206549281552,0.00810246798770305,0.00810246798770305,"positive",27.2216250436544,FALSE,-3.52757054349019,0.028537863524964,-2.75018905096971
"Lutrinae_sampled","Lutrinae / Enhydra-related","B380","B483","internal_clade","optional","Sirenian / edge context","binary_aquatic_dependence","binary_aquatic_dependence","ASMTL",62,"shared","Endocrine / circadian / systemic regulation",-0.00682424512057102,-0.352906345469187,0.00240831940608665,0.00240831940608665,"positive",72.0638644750849,FALSE,-3.52757054349019,0.028537863524964,-2.75018905096971
"Lutrinae_sampled","Lutrinae / Enhydra-related","B380","B483","internal_clade","optional","Sirenian / edge context","binary_aquatic_dependence","binary_aquatic_dependence","TMPPE",63,"aquatic_specific","Metabolism / redox / lipid handling",-0.00232450558807123,0.901248773718108,-0.00209495781075008,0.00209495781075008,"negative",91.120642538251,FALSE,-3.52757054349019,0.028537863524964,-2.75018905096971
"Lutrinae_sampled","Lutrinae / Enhydra-related","B380","B483","internal_clade","optional","Sirenian / edge context","binary_aquatic_dependence","binary_aquatic_dependence","ITGA2B",64,"aquatic_specific","Vascular / hematologic regulation",-0.00129204970143602,0.14942156372182,-0.000193060086794881,0.000193060086794881,"negative",55.1475251385412,FALSE,-3.52757054349019,0.028537863524964,-2.75018905096971
"Lutrinae_sampled","Lutrinae / Enhydra-related","B380","B483","internal_clade","optional","Sirenian / edge context","binary_aquatic_dependence","binary_aquatic_dependence","RHOA",65,"aquatic_specific","Cytoskeletal / muscle / ECM / adhesion",-0.00113448879012524,-0.717666446467379,0.000814184538566259,0.000814184538566259,"positive",0,FALSE,-3.52757054349019,0.028537863524964,-2.75018905096971
"Lutrinae_sampled","Lutrinae / Enhydra-related","B380","B483","internal_clade","optional","Sirenian / edge context","binary_aquatic_dependence","binary_aquatic_dependence","FP565260",66,"aquatic_specific","Unassigned / low-confidence",1.70815408075916e-05,2.7217911806301,4.64923871216758e-05,4.64923871216758e-05,"positive",147.898077851454,FALSE,-3.52757054349019,0.028537863524964,-2.75018905096971
"Lutrinae_sampled","Lutrinae / Enhydra-related","B380","B483","internal_clade","optional","Sirenian / edge context","binary_aquatic_dependence","binary_aquatic_dependence","LRIF1",67,"aquatic_specific","DNA repair / chromatin / cell-cycle",0.00997540842690748,-0.854085692172531,-0.00851985361099898,0.00851985361099898,"negative",15.6069145516684,FALSE,-3.52757054349019,0.028537863524964,-2.75018905096971
"Lutrinae_sampled","Lutrinae / Enhydra-related","B380","B483","internal_clade","optional","Sirenian / edge context","binary_aquatic_dependence","binary_aquatic_dependence","BAMBI",68,"aquatic_specific","Developmental / transcriptional signaling regulators",0.0120734458485713,-0.945658410970946,-0.0114173556161037,0.0114173556161037,"negative",0,FALSE,-3.52757054349019,0.028537863524964,-2.75018905096971
"Lutrinae_sampled","Lutrinae / Enhydra-related","B380","B483","internal_clade","optional","Sirenian / edge context","binary_aquatic_dependence","binary_aquatic_dependence","LLGL1",69,"aquatic_specific","Membrane trafficking / ER / vesicle processing",0.0221096407434654,-0.424070895881754,-0.00937605515770512,0.00937605515770512,"negative",47.7215024567002,FALSE,-3.52757054349019,0.028537863524964,-2.75018905096971
"Lutrinae_sampled","Lutrinae / Enhydra-related","B380","B483","internal_clade","optional","Sirenian / edge context","binary_aquatic_dependence","binary_aquatic_dependence","COL20A1",70,"shared","Cytoskeletal / muscle / ECM / adhesion",0.0288024871662898,0.395038489842758,0.0113780910338865,0.0113780910338865,"positive",84.558733802396,FALSE,-3.52757054349019,0.028537863524964,-2.75018905096971
"Lutrinae_sampled","Lutrinae / Enhydra-related","B380","B483","internal_clade","optional","Sirenian / edge context","binary_aquatic_dependence","binary_aquatic_dependence","TGM1",71,"shared","Epithelial / body-surface interface",0.0320265937643637,0.00470517556834859,0.000150690746517509,0.000150690746517509,"positive",64.0273990502747,FALSE,-3.52757054349019,0.028537863524964,-2.75018905096971
"Lutrinae_sampled","Lutrinae / Enhydra-related","B380","B483","internal_clade","optional","Sirenian / edge context","binary_aquatic_dependence","binary_aquatic_dependence","PDE6C",72,"aquatic_specific","Sensory systems",0.0369091575908715,1.45470236782211,0.0536918389417602,0.0536918389417602,"positive",120.258067790008,FALSE,-3.52757054349019,0.028537863524964,-2.75018905096971
"Lutrinae_sampled","Lutrinae / Enhydra-related","B380","B483","internal_clade","optional","Sirenian / edge context","binary_aquatic_dependence","binary_aquatic_dependence","TOGARAM2",73,"shared","Cilia / flagella / reproductive-cell function",0.03936598299555,-1.02704702404012,-0.0404307156839935,0.0404307156839935,"negative",36.8582596112689,FALSE,-3.52757054349019,0.028537863524964,-2.75018905096971
"Lutrinae_sampled","Lutrinae / Enhydra-related","B380","B483","internal_clade","optional","Sirenian / edge context","binary_aquatic_dependence","binary_aquatic_dependence","CSMD1",74,"aquatic_specific","Immune / inflammatory regulation",0.0435717554769353,-0.508145001301726,-0.0221407697435458,0.0221407697435458,"negative",53.5981118557307,FALSE,-3.52757054349019,0.028537863524964,-2.75018905096971
"Lutrinae_sampled","Lutrinae / Enhydra-related","B380","B483","internal_clade","optional","Sirenian / edge context","binary_aquatic_dependence","binary_aquatic_dependence","KRTDAP",75,"shared","Epithelial / body-surface interface",0.0447305719374455,-0.790419657023155,-0.0353559233292452,0.0353559233292452,"negative",0,FALSE,-3.52757054349019,0.028537863524964,-2.75018905096971
"Lutrinae_sampled","Lutrinae / Enhydra-related","B380","B483","internal_clade","optional","Sirenian / edge context","binary_aquatic_dependence","binary_aquatic_dependence","CNGA4",76,"aquatic_specific","Sensory systems",0.0586555487526509,-1.25913901613617,-0.0738554899473401,0.0738554899473401,"negative",21.5816469947635,FALSE,-3.52757054349019,0.028537863524964,-2.75018905096971
"Lutrinae_sampled","Lutrinae / Enhydra-related","B380","B483","internal_clade","optional","Sirenian / edge context","binary_aquatic_dependence","binary_aquatic_dependence","ARSA",77,"aquatic_specific","Metabolism / redox / lipid handling",0.0862370240736283,0.284863988184472,0.0245658226067741,0.0245658226067741,"positive",58.5439997765628,FALSE,-3.52757054349019,0.028537863524964,-2.75018905096971
"Lutrinae_sampled","Lutrinae / Enhydra-related","B380","B483","internal_clade","optional","Sirenian / edge context","binary_aquatic_dependence","binary_aquatic_dependence","DEUP1",78,"aquatic_specific","Cilia / flagella / reproductive-cell function",0.0985919084118505,-0.441138904398973,-0.0434927264594076,0.0434927264594076,"negative",48.0992937579646,FALSE,-3.52757054349019,0.028537863524964,-2.75018905096971
"Lutrinae_sampled","Lutrinae / Enhydra-related","B380","B483","internal_clade","optional","Sirenian / edge context","binary_aquatic_dependence","binary_aquatic_dependence","PIEZO1",79,"aquatic_specific","Ion channels / mechanosensation / membrane signaling",0.100220575454654,1.69380343117499,0.169753954579425,0.169753954579425,"positive",120.684873705113,FALSE,-3.52757054349019,0.028537863524964,-2.75018905096971
"Lutrinae_sampled","Lutrinae / Enhydra-related","B380","B483","internal_clade","optional","Sirenian / edge context","binary_aquatic_dependence","binary_aquatic_dependence","DBNL",80,"shared","Cytoskeletal / muscle / ECM / adhesion",0.116035395287358,0.709567954247014,0.0823349980542939,0.0823349980542939,"positive",99.0628190436585,FALSE,-3.52757054349019,0.028537863524964,-2.75018905096971
"Lutrinae_sampled","Lutrinae / Enhydra-related","B380","B483","internal_clade","optional","Sirenian / edge context","binary_aquatic_dependence","binary_aquatic_dependence","OR6B1",81,"shared","Sensory systems",0.1211331117984,-0.2601422496065,-0.0315118402050715,0.0315118402050715,"negative",64.6813137463138,FALSE,-3.52757054349019,0.028537863524964,-2.75018905096971
"Lutrinae_sampled","Lutrinae / Enhydra-related","B380","B483","internal_clade","optional","Sirenian / edge context","binary_aquatic_dependence","binary_aquatic_dependence","ABHD8",82,"aquatic_specific","Metabolism / redox / lipid handling",0.123391794658719,-1.67860687836882,-0.207126315248399,0.207126315248399,"negative",0,FALSE,-3.52757054349019,0.028537863524964,-2.75018905096971
"Lutrinae_sampled","Lutrinae / Enhydra-related","B380","B483","internal_clade","optional","Sirenian / edge context","binary_aquatic_dependence","binary_aquatic_dependence","FZD5",83,"aquatic_specific","Developmental / transcriptional signaling regulators",0.130676120517993,0.102716364347816,0.0134225760066854,0.0134225760066854,"positive",57.9861083278336,FALSE,-3.52757054349019,0.028537863524964,-2.75018905096971
"Lutrinae_sampled","Lutrinae / Enhydra-related","B380","B483","internal_clade","optional","Sirenian / edge context","binary_aquatic_dependence","binary_aquatic_dependence","PNPLA7",84,"shared","Metabolism / redox / lipid handling",0.137885581276299,1.8432573514176,0.254158611342028,0.254158611342028,"positive",127.640187998711,FALSE,-3.52757054349019,0.028537863524964,-2.75018905096971
"Lutrinae_sampled","Lutrinae / Enhydra-related","B380","B483","internal_clade","optional","Sirenian / edge context","binary_aquatic_dependence","binary_aquatic_dependence","SPEF2",85,"aquatic_specific","Cilia / flagella / reproductive-cell function",0.174059525751515,-1.91992469287402,-0.334181181520275,0.334181181520275,"negative",18.8363170088679,FALSE,-3.52757054349019,0.028537863524964,-2.75018905096971
"Lutrinae_sampled","Lutrinae / Enhydra-related","B380","B483","internal_clade","optional","Sirenian / edge context","binary_aquatic_dependence","binary_aquatic_dependence","GCKR",86,"aquatic_specific","Endocrine / circadian / systemic regulation",0.176184373124808,-0.725340161842661,-0.127793601716496,0.127793601716496,"negative",45.3398632204241,FALSE,-3.52757054349019,0.028537863524964,-2.75018905096971
"Lutrinae_sampled","Lutrinae / Enhydra-related","B380","B483","internal_clade","optional","Sirenian / edge context","binary_aquatic_dependence","binary_aquatic_dependence","SEC61A2",87,"aquatic_specific","Membrane trafficking / ER / vesicle processing",0.176583875943885,-0.318961880068605,-0.0563235250608629,0.0563235250608629,"negative",38.625692217807,FALSE,-3.52757054349019,0.028537863524964,-2.75018905096971
"Lutrinae_sampled","Lutrinae / Enhydra-related","B380","B483","internal_clade","optional","Sirenian / edge context","binary_aquatic_dependence","binary_aquatic_dependence","OR52W1",88,"shared","Sensory systems",0.190684677268266,0.536321590442232,0.10226830938548,0.10226830938548,"positive",94.2921188950822,FALSE,-3.52757054349019,0.028537863524964,-2.75018905096971
"Lutrinae_sampled","Lutrinae / Enhydra-related","B380","B483","internal_clade","optional","Sirenian / edge context","binary_aquatic_dependence","binary_aquatic_dependence","PRSS53",89,"aquatic_specific","Epithelial / body-surface interface",0.194083977905306,-0.269305629587296,-0.0522679078625951,0.0522679078625951,"negative",55.2325141988033,FALSE,-3.52757054349019,0.028537863524964,-2.75018905096971
"Lutrinae_sampled","Lutrinae / Enhydra-related","B380","B483","internal_clade","optional","Sirenian / edge context","binary_aquatic_dependence","binary_aquatic_dependence","KCNK18",90,"shared","Ion channels / mechanosensation / membrane signaling",0.217561248206336,-1.19649109605971,-0.260310096326518,0.260310096326518,"negative",21.1291463415942,FALSE,-3.52757054349019,0.028537863524964,-2.75018905096971
"Lutrinae_sampled","Lutrinae / Enhydra-related","B380","B483","internal_clade","optional","Sirenian / edge context","binary_aquatic_dependence","binary_aquatic_dependence","SDR9C7",91,"shared","Epithelial / body-surface interface",0.220181989308241,-0.564269821537397,-0.12424205181271,0.12424205181271,"negative",30.6349347137098,FALSE,-3.52757054349019,0.028537863524964,-2.75018905096971
"Lutrinae_sampled","Lutrinae / Enhydra-related","B380","B483","internal_clade","optional","Sirenian / edge context","binary_aquatic_dependence","binary_aquatic_dependence","OMP",92,"shared","Sensory systems",0.231144543648012,-0.816319167736948,-0.188687721497682,0.188687721497682,"negative",0,FALSE,-3.52757054349019,0.028537863524964,-2.75018905096971
"Lutrinae_sampled","Lutrinae / Enhydra-related","B380","B483","internal_clade","optional","Sirenian / edge context","binary_aquatic_dependence","binary_aquatic_dependence","SYTL5",93,"aquatic_specific","Membrane trafficking / ER / vesicle processing",0.265993756746688,0.536681905138606,0.142754036125787,0.142754036125787,"positive",81.9947098444634,FALSE,-3.52757054349019,0.028537863524964,-2.75018905096971
"Lutrinae_sampled","Lutrinae / Enhydra-related","B380","B483","internal_clade","optional","Sirenian / edge context","binary_aquatic_dependence","binary_aquatic_dependence","IL33",94,"shared","Immune / inflammatory regulation",0.340038935001018,-1.25231167496481,-0.425834728244375,0.425834728244375,"negative",0,FALSE,-3.52757054349019,0.028537863524964,-2.75018905096971
"Lutrinae_sampled","Lutrinae / Enhydra-related","B380","B483","internal_clade","optional","Sirenian / edge context","binary_aquatic_dependence","binary_aquatic_dependence","KIF18A",95,"aquatic_specific","DNA repair / chromatin / cell-cycle",0.340198342633948,-1.47964940305389,-0.503374274598242,0.503374274598242,"negative",10.1878316562908,FALSE,-3.52757054349019,0.028537863524964,-2.75018905096971
"Lutrinae_sampled","Lutrinae / Enhydra-related","B380","B483","internal_clade","optional","Sirenian / edge context","binary_aquatic_dependence","binary_aquatic_dependence","FAM13A",96,"aquatic_specific","Developmental / transcriptional signaling regulators",0.348973910716795,0.540331413770066,0.188561566546475,0.188561566546475,"positive",70.8125872712215,FALSE,-3.52757054349019,0.028537863524964,-2.75018905096971
"Lutrinae_sampled","Lutrinae / Enhydra-related","B380","B483","internal_clade","optional","Sirenian / edge context","binary_aquatic_dependence","binary_aquatic_dependence","NWD1",97,"aquatic_specific","Developmental / transcriptional signaling regulators",0.404558879261438,-0.770902977382563,-0.311875644549196,0.311875644549196,"negative",46.9335280196958,FALSE,-3.52757054349019,0.028537863524964,-2.75018905096971
"Lutrinae_sampled","Lutrinae / Enhydra-related","B380","B483","internal_clade","optional","Sirenian / edge context","binary_aquatic_dependence","binary_aquatic_dependence","LRP2",98,"aquatic_specific","Transport / endocytic / epithelial solute handling",0.471378525654808,-0.377184722470718,-0.177796778377765,0.177796778377765,"negative",43.6604839082111,FALSE,-3.52757054349019,0.028537863524964,-2.75018905096971
"Lutrinae_sampled","Lutrinae / Enhydra-related","B380","B483","internal_clade","optional","Sirenian / edge context","binary_aquatic_dependence","binary_aquatic_dependence","CACNA1G",99,"aquatic_specific","Ion channels / mechanosensation / membrane signaling",0.593854706123962,-0.736989778825035,-0.437664848520505,0.437664848520505,"negative",47.5901443998649,FALSE,-3.52757054349019,0.028537863524964,-2.75018905096971
"Lutrinae_sampled","Lutrinae / Enhydra-related","B380","B483","internal_clade","optional","Sirenian / edge context","binary_aquatic_dependence","binary_aquatic_dependence","PER1",100,"aquatic_specific","Endocrine / circadian / systemic regulation",0.784004329488712,1.23911585952592,0.971472198606451,0.971472198606451,"positive",102.106451422989,FALSE,-3.52757054349019,0.028537863524964,-2.75018905096971
"Lutrinae_sampled","Lutrinae / Enhydra-related","B380","B483","internal_clade","optional","Sirenian / edge context","binary_aquatic_dependence","binary_aquatic_dependence","TGM3",101,"shared","Epithelial / body-surface interface",1.04080869919882,-0.055323736342494,-0.0575814260574493,0.0575814260574493,"negative",57.4475445874907,FALSE,-3.52757054349019,0.028537863524964,-2.75018905096971
