#category	term ID	term description	observed gene count	background gene count	strength	signal	false discovery rate	matching proteins in your network (IDs)	matching proteins in your network (labels)	neg_log10_FDR	theme	selected_for_supp_figure	selected_for_main_figure	accepted_monarch_phenotype_measurement
GO Function	GO:0004896	Cytokine receptor activity	21	96	0.61	0.58	0.0019	9606.ENSP00000222139,9606.ENSP00000249887,9606.ENSP00000274276,9606.ENSP00000274721,9606.ENSP00000310405,9606.ENSP00000321345,9606.ENSP00000327890,9606.ENSP00000330393,9606.ENSP00000343957,9606.ENSP00000349967,9606.ENSP00000351059,9606.ENSP00000356713,9606.ENSP00000357470,9606.ENSP00000362795,9606.ENSP00000370698,9606.ENSP00000371425,9606.ENSP00000379111,9606.ENSP00000394227,9606.ENSP00000412209,9606.ENSP00000441600,9606.ENSP00000470788	EPOR,ACKR4,OSMR,GFRA3,XCR1,IL23R,IL3RA,LEPR,IFNAR2,CCRL2,CX3CR1,IFNGR1,IL6R,CXCR3,IL6ST,IFNGR2,IL4R,CSF2RA,IL5RA,CCR3,IL12RB1	2.721246399047171	aquatic_slow_enrichment	False	False	False
GO Function	GO:0019955	Cytokine binding	24	141	0.5	0.46	0.0074	9606.ENSP00000209884,9606.ENSP00000249887,9606.ENSP00000274276,9606.ENSP00000310405,9606.ENSP00000321345,9606.ENSP00000327890,9606.ENSP00000330393,9606.ENSP00000337014,9606.ENSP00000343957,9606.ENSP00000349967,9606.ENSP00000351059,9606.ENSP00000356713,9606.ENSP00000357470,9606.ENSP00000361107,9606.ENSP00000362299,9606.ENSP00000362795,9606.ENSP00000365505,9606.ENSP00000370698,9606.ENSP00000394227,9606.ENSP00000405004,9606.ENSP00000412209,9606.ENSP00000441600,9606.ENSP00000470788,9606.ENSP00000478699	KLHL20,ACKR4,OSMR,XCR1,IL23R,IL3RA,LEPR,HJV,IFNAR2,CCRL2,CX3CR1,IFNGR1,IL6R,BMPR1A,ENG,CXCR3,PLP2,IL6ST,CSF2RA,ACVR1,IL5RA,CCR3,IL12RB1,TNFRSF9	2.130768280269024	aquatic_slow_enrichment	False	False	False
GO Function	GO:0005488	Binding	752	12838	0.04	0.32	0.0109	9606.ENSP00000003100,9606.ENSP00000061240,9606.ENSP00000078445,9606.ENSP00000159111,9606.ENSP00000160827,9606.ENSP00000203407,9606.ENSP00000203556,9606.ENSP00000209668,9606.ENSP00000209884,9606.ENSP00000215793,9606.ENSP00000215829,9606.ENSP00000216124,9606.ENSP00000216259,9606.ENSP00000216271,9606.ENSP00000216862,9606.ENSP00000216911,9606.ENSP00000217173,9606.ENSP00000217740,9606.ENSP00000217958,9606.ENSP00000218099,9606.ENSP00000218348,9606.ENSP00000218516,9606.ENSP00000219069,9606.ENSP00000219478,9606.ENSP00000219596,9606.ENSP00000219905,9606.ENSP00000220764,9606.ENSP00000221665,9606.ENSP00000222122,9606.ENSP00000222139,9606.ENSP00000226355,9606.ENSP00000226444,9606.ENSP00000227667,9606.ENSP00000228825,9606.ENSP00000229135,9606.ENSP00000229633,9606.ENSP00000230048,9606.ENSP00000230449,9606.ENSP00000231368,9606.ENSP00000231572,9606.ENSP00000231887,9606.ENSP00000232461,9606.ENSP00000233710,9606.ENSP00000236850,9606.ENSP00000239882,9606.ENSP00000240328,9606.ENSP00000241256,9606.ENSP00000241261,9606.ENSP00000242104,9606.ENSP00000242375,9606.ENSP00000242848,9606.ENSP00000243347,9606.ENSP00000243501,9606.ENSP00000244050,9606.ENSP00000244709,9606.ENSP00000245414,9606.ENSP00000245907,9606.ENSP00000245960,9606.ENSP00000247001,9606.ENSP00000248244,9606.ENSP00000248572,9606.ENSP00000249356,9606.ENSP00000249887,9606.ENSP00000250535,9606.ENSP00000251047,9606.ENSP00000251157,9606.ENSP00000252542,9606.ENSP00000252575,9606.ENSP00000252597,9606.ENSP00000252809,9606.ENSP00000253669,9606.ENSP00000253699,9606.ENSP00000253778,9606.ENSP00000253796,9606.ENSP00000253928,9606.ENSP00000254190,9606.ENSP00000254480,9606.ENSP00000254654,9606.ENSP00000254661,9606.ENSP00000255194,9606.ENSP00000255613,9606.ENSP00000255882,9606.ENSP00000256079,9606.ENSP00000257177,9606.ENSP00000257627,9606.ENSP00000257904,9606.ENSP00000258149,9606.ENSP00000258198,9606.ENSP00000258975,9606.ENSP00000260361,9606.ENSP00000260665,9606.ENSP00000260810,9606.ENSP00000261024,9606.ENSP00000261183,9606.ENSP00000261211,9606.ENSP00000261416,9606.ENSP00000261483,9606.ENSP00000261609,9606.ENSP00000261693,9606.ENSP00000261708,9606.ENSP00000261866,9606.ENSP00000261875,9606.ENSP00000261937,9606.ENSP00000262027,9606.ENSP00000262041,9606.ENSP00000262150,9606.ENSP00000262302,9606.ENSP00000262320,9606.ENSP00000262376,9606.ENSP00000262407,9606.ENSP00000262457,9606.ENSP00000262462,9606.ENSP00000262518,9606.ENSP00000262643,9606.ENSP00000262809,9606.ENSP00000262811,9606.ENSP00000263038,9606.ENSP00000263181,9606.ENSP00000263208,9606.ENSP00000263233,9606.ENSP00000263377,9606.ENSP00000263388,9606.ENSP00000263733,9606.ENSP00000263795,9606.ENSP00000264162,9606.ENSP00000264246,9606.ENSP00000264515,9606.ENSP00000264917,9606.ENSP00000264990,9606.ENSP00000265138,9606.ENSP00000265195,9606.ENSP00000265271,9606.ENSP00000265388,9606.ENSP00000265433,9606.ENSP00000265564,9606.ENSP00000265565,9606.ENSP00000265708,9606.ENSP00000265857,9606.ENSP00000266022,9606.ENSP00000266037,9606.ENSP00000266087,9606.ENSP00000266505,9606.ENSP00000266679,9606.ENSP00000266735,9606.ENSP00000267430,9606.ENSP00000267622,9606.ENSP00000267814,9606.ENSP00000267953,9606.ENSP00000268053,9606.ENSP00000268122,9606.ENSP00000268150,9606.ENSP00000268182,9606.ENSP00000268655,9606.ENSP00000269373,9606.ENSP00000269394,9606.ENSP00000269701,9606.ENSP00000269881,9606.ENSP00000270645,9606.ENSP00000271452,9606.ENSP00000271588,9606.ENSP00000271715,9606.ENSP00000271732,9606.ENSP00000272164,9606.ENSP00000272418,9606.ENSP00000273853,9606.ENSP00000274054,9606.ENSP00000274276,9606.ENSP00000274721,9606.ENSP00000275461,9606.ENSP00000276893,9606.ENSP00000278070,9606.ENSP00000281523,9606.ENSP00000281834,9606.ENSP00000282276,9606.ENSP00000282588,9606.ENSP00000282633,9606.ENSP00000283629,9606.ENSP00000284292,9606.ENSP00000284425,9606.ENSP00000284551,9606.ENSP00000284601,9606.ENSP00000284617,9606.ENSP00000284719,9606.ENSP00000285379,9606.ENSP00000285407,9606.ENSP00000286758,9606.ENSP00000287647,9606.ENSP00000288266,9606.ENSP00000288937,9606.ENSP00000290246,9606.ENSP00000290649,9606.ENSP00000291041,9606.ENSP00000291971,9606.ENSP00000292363,9606.ENSP00000292432,9606.ENSP00000292609,9606.ENSP00000292778,9606.ENSP00000294008,9606.ENSP00000294016,9606.ENSP00000294724,9606.ENSP00000295079,9606.ENSP00000295208,9606.ENSP00000295488,9606.ENSP00000295756,9606.ENSP00000295888,9606.ENSP00000296420,9606.ENSP00000296785,9606.ENSP00000297044,9606.ENSP00000297145,9606.ENSP00000298299,9606.ENSP00000298428,9606.ENSP00000298556,9606.ENSP00000298910,9606.ENSP00000299138,9606.ENSP00000299155,9606.ENSP00000300403,9606.ENSP00000300784,9606.ENSP00000301280,9606.ENSP00000301458,9606.ENSP00000301466,9606.ENSP00000301645,9606.ENSP00000301825,9606.ENSP00000301921,9606.ENSP00000302413,9606.ENSP00000302621,9606.ENSP00000302770,9606.ENSP00000302961,9606.ENSP00000303246,9606.ENSP00000304283,9606.ENSP00000304429,9606.ENSP00000304592,9606.ENSP00000304915,9606.ENSP00000305416,9606.ENSP00000305839,9606.ENSP00000306015,9606.ENSP00000306548,9606.ENSP00000306997,9606.ENSP00000307023,9606.ENSP00000307156,9606.ENSP00000308022,9606.ENSP00000308024,9606.ENSP00000308541,9606.ENSP00000309092,9606.ENSP00000309096,9606.ENSP00000309474,9606.ENSP00000309597,9606.ENSP00000309790,9606.ENSP00000310036,9606.ENSP00000310405,9606.ENSP00000310721,9606.ENSP00000310842,9606.ENSP00000312066,9606.ENSP00000312293,9606.ENSP00000312702,9606.ENSP00000313454,9606.ENSP00000313582,9606.ENSP00000313851,9606.ENSP00000313881,9606.ENSP00000314030,9606.ENSP00000314484,9606.ENSP00000315371,9606.ENSP00000315379,9606.ENSP00000315664,9606.ENSP00000315713,9606.ENSP00000316054,9606.ENSP00000316416,9606.ENSP00000316794,9606.ENSP00000317272,9606.ENSP00000317289,9606.ENSP00000317686,9606.ENSP00000317872,9606.ENSP00000319141,9606.ENSP00000320885,9606.ENSP00000321326,9606.ENSP00000321345,9606.ENSP00000321348,9606.ENSP00000321584,9606.ENSP00000322323,9606.ENSP00000322716,9606.ENSP00000322845,9606.ENSP00000323099,9606.ENSP00000323280,9606.ENSP00000323588,9606.ENSP00000323816,9606.ENSP00000324127,9606.ENSP00000324343,9606.ENSP00000324510,9606.ENSP00000325120,9606.ENSP00000325313,9606.ENSP00000326519,9606.ENSP00000326563,9606.ENSP00000326570,9606.ENSP00000327760,9606.ENSP00000327786,9606.ENSP00000327821,9606.ENSP00000327890,9606.ENSP00000328174,9606.ENSP00000328245,9606.ENSP00000328347,9606.ENSP00000329200,9606.ENSP00000330200,9606.ENSP00000330382,9606.ENSP00000330393,9606.ENSP00000330878,9606.ENSP00000331111,9606.ENSP00000331462,9606.ENSP00000332049,9606.ENSP00000332293,9606.ENSP00000333212,9606.ENSP00000333223,9606.ENSP00000333363,9606.ENSP00000333539,9606.ENSP00000334448,9606.ENSP00000334538,9606.ENSP00000334675,9606.ENSP00000335247,9606.ENSP00000337014,9606.ENSP00000337146,9606.ENSP00000337224,9606.ENSP00000337816,9606.ENSP00000338185,9606.ENSP00000338217,9606.ENSP00000338807,9606.ENSP00000339136,9606.ENSP00000339484,9606.ENSP00000339532,9606.ENSP00000339720,9606.ENSP00000339804,9606.ENSP00000340292,9606.ENSP00000340590,9606.ENSP00000340648,9606.ENSP00000340896,9606.ENSP00000341051,9606.ENSP00000341324,9606.ENSP00000341382,9606.ENSP00000341637,9606.ENSP00000342278,9606.ENSP00000342699,9606.ENSP00000342850,9606.ENSP00000343331,9606.ENSP00000343398,9606.ENSP00000343493,9606.ENSP00000343535,9606.ENSP00000343629,9606.ENSP00000343657,9606.ENSP00000343746,9606.ENSP00000343885,9606.ENSP00000343957,9606.ENSP00000344220,9606.ENSP00000344458,9606.ENSP00000345681,9606.ENSP00000345848,9606.ENSP00000346175,9606.ENSP00000346603,9606.ENSP00000347409,9606.ENSP00000347532,9606.ENSP00000347719,9606.ENSP00000347821,9606.ENSP00000347852,9606.ENSP00000348169,9606.ENSP00000348349,9606.ENSP00000348381,9606.ENSP00000348573,9606.ENSP00000348645,9606.ENSP00000348708,9606.ENSP00000348775,9606.ENSP00000348931,9606.ENSP00000349204,9606.ENSP00000349205,9606.ENSP00000349291,9606.ENSP00000349708,9606.ENSP00000349768,9606.ENSP00000349877,9606.ENSP00000349967,9606.ENSP00000350249,9606.ENSP00000350310,9606.ENSP00000350386,9606.ENSP00000350541,9606.ENSP00000351059,9606.ENSP00000351250,9606.ENSP00000351407,9606.ENSP00000351446,9606.ENSP00000351575,9606.ENSP00000351619,9606.ENSP00000352516,9606.ENSP00000352544,9606.ENSP00000353013,9606.ENSP00000353408,9606.ENSP00000353874,9606.ENSP00000354003,9606.ENSP00000354152,9606.ENSP00000354314,9606.ENSP00000354511,9606.ENSP00000354560,9606.ENSP00000354607,9606.ENSP00000354633,9606.ENSP00000354878,9606.ENSP00000354919,9606.ENSP00000355162,9606.ENSP00000355237,9606.ENSP00000355385,9606.ENSP00000355465,9606.ENSP00000355470,9606.ENSP00000355517,9606.ENSP00000355631,9606.ENSP00000355632,9606.ENSP00000355652,9606.ENSP00000355927,9606.ENSP00000355929,9606.ENSP00000356024,9606.ENSP00000356104,9606.ENSP00000356150,9606.ENSP00000356169,9606.ENSP00000356357,9606.ENSP00000356448,9606.ENSP00000356579,9606.ENSP00000356634,9606.ENSP00000356641,9606.ENSP00000356671,9606.ENSP00000356674,9606.ENSP00000356713,9606.ENSP00000356723,9606.ENSP00000356825,9606.ENSP00000356840,9606.ENSP00000356864,9606.ENSP00000357012,9606.ENSP00000357022,9606.ENSP00000357470,9606.ENSP00000357796,9606.ENSP00000357838,9606.ENSP00000357873,9606.ENSP00000357914,9606.ENSP00000358060,9606.ENSP00000358064,9606.ENSP00000358142,9606.ENSP00000358490,9606.ENSP00000358501,9606.ENSP00000358548,9606.ENSP00000358778,9606.ENSP00000358854,9606.ENSP00000358903,9606.ENSP00000358925,9606.ENSP00000359042,9606.ENSP00000359049,9606.ENSP00000359114,9606.ENSP00000359345,9606.ENSP00000359380,9606.ENSP00000359976,9606.ENSP00000360020,9606.ENSP00000360116,9606.ENSP00000360162,9606.ENSP00000360250,9606.ENSP00000361107,9606.ENSP00000361383,9606.ENSP00000361990,9606.ENSP00000362171,9606.ENSP00000362298,9606.ENSP00000362299,9606.ENSP00000362441,9606.ENSP00000362563,9606.ENSP00000362674,9606.ENSP00000362748,9606.ENSP00000362751,9606.ENSP00000362763,9606.ENSP00000362795,9606.ENSP00000362931,9606.ENSP00000363089,9606.ENSP00000363524,9606.ENSP00000363591,9606.ENSP00000363640,9606.ENSP00000363773,9606.ENSP00000364018,9606.ENSP00000364289,9606.ENSP00000364324,9606.ENSP00000364403,9606.ENSP00000364591,9606.ENSP00000364794,9606.ENSP00000364870,9606.ENSP00000364949,9606.ENSP00000365433,9606.ENSP00000365441,9606.ENSP00000365505,9606.ENSP00000365550,9606.ENSP00000365643,9606.ENSP00000365692,9606.ENSP00000365858,9606.ENSP00000366307,9606.ENSP00000366404,9606.ENSP00000366475,9606.ENSP00000366798,9606.ENSP00000366898,9606.ENSP00000367173,9606.ENSP00000367406,9606.ENSP00000368318,9606.ENSP00000368538,9606.ENSP00000369009,9606.ENSP00000369014,9606.ENSP00000369251,9606.ENSP00000369411,9606.ENSP00000369442,9606.ENSP00000369581,9606.ENSP00000369666,9606.ENSP00000369871,9606.ENSP00000369887,9606.ENSP00000369899,9606.ENSP00000370483,9606.ENSP00000370517,9606.ENSP00000370698,9606.ENSP00000370842,9606.ENSP00000370990,9606.ENSP00000371067,9606.ENSP00000371347,9606.ENSP00000372274,9606.ENSP00000372445,9606.ENSP00000373600,9606.ENSP00000375063,9606.ENSP00000375086,9606.ENSP00000375836,9606.ENSP00000376097,9606.ENSP00000376135,9606.ENSP00000376197,9606.ENSP00000376268,9606.ENSP00000376352,9606.ENSP00000376753,9606.ENSP00000377245,9606.ENSP00000377504,9606.ENSP00000377681,9606.ENSP00000378058,9606.ENSP00000378131,9606.ENSP00000378312,9606.ENSP00000378356,9606.ENSP00000378367,9606.ENSP00000378416,9606.ENSP00000378426,9606.ENSP00000378485,9606.ENSP00000378784,9606.ENSP00000378888,9606.ENSP00000378920,9606.ENSP00000378935,9606.ENSP00000378974,9606.ENSP00000379078,9606.ENSP00000379330,9606.ENSP00000379387,9606.ENSP00000379621,9606.ENSP00000379654,9606.ENSP00000379773,9606.ENSP00000380071,9606.ENSP00000380087,9606.ENSP00000380256,9606.ENSP00000380450,9606.ENSP00000380514,9606.ENSP00000380759,9606.ENSP00000380876,9606.ENSP00000380878,9606.ENSP00000381003,9606.ENSP00000381823,9606.ENSP00000382382,9606.ENSP00000382423,9606.ENSP00000382953,9606.ENSP00000383295,9606.ENSP00000384015,9606.ENSP00000384183,9606.ENSP00000384524,9606.ENSP00000384527,9606.ENSP00000384582,9606.ENSP00000384899,9606.ENSP00000384957,9606.ENSP00000384996,9606.ENSP00000385000,9606.ENSP00000385927,9606.ENSP00000386520,9606.ENSP00000386559,9606.ENSP00000386992,9606.ENSP00000387699,9606.ENSP00000390613,9606.ENSP00000391101,9606.ENSP00000391167,9606.ENSP00000391311,9606.ENSP00000391409,9606.ENSP00000393183,9606.ENSP00000393198,9606.ENSP00000393313,9606.ENSP00000393557,9606.ENSP00000393847,9606.ENSP00000394227,9606.ENSP00000394560,9606.ENSP00000395723,9606.ENSP00000395929,9606.ENSP00000396345,9606.ENSP00000396445,9606.ENSP00000396593,9606.ENSP00000397261,9606.ENSP00000397563,9606.ENSP00000398698,9606.ENSP00000399851,9606.ENSP00000400175,9606.ENSP00000402060,9606.ENSP00000402257,9606.ENSP00000403077,9606.ENSP00000403226,9606.ENSP00000403495,9606.ENSP00000405004,9606.ENSP00000405514,9606.ENSP00000406027,9606.ENSP00000406549,9606.ENSP00000407545,9606.ENSP00000408005,9606.ENSP00000409126,9606.ENSP00000410186,9606.ENSP00000410452,9606.ENSP00000410552,9606.ENSP00000410798,9606.ENSP00000411848,9606.ENSP00000412209,9606.ENSP00000413625,9606.ENSP00000413720,9606.ENSP00000414150,9606.ENSP00000414378,9606.ENSP00000415283,9606.ENSP00000415464,9606.ENSP00000416387,9606.ENSP00000416534,9606.ENSP00000416750,9606.ENSP00000417335,9606.ENSP00000417573,9606.ENSP00000417601,9606.ENSP00000417710,9606.ENSP00000417748,9606.ENSP00000417980,9606.ENSP00000418735,9606.ENSP00000418944,9606.ENSP00000420040,9606.ENSP00000420525,9606.ENSP00000420588,9606.ENSP00000421592,9606.ENSP00000422581,9606.ENSP00000422591,9606.ENSP00000423067,9606.ENSP00000423276,9606.ENSP00000423820,9606.ENSP00000424571,9606.ENSP00000424737,9606.ENSP00000426033,9606.ENSP00000426354,9606.ENSP00000426528,9606.ENSP00000426809,9606.ENSP00000427550,9606.ENSP00000427552,9606.ENSP00000428657,9606.ENSP00000430620,9606.ENSP00000430656,9606.ENSP00000432511,9606.ENSP00000432660,9606.ENSP00000433681,9606.ENSP00000434830,9606.ENSP00000436604,9606.ENSP00000436607,9606.ENSP00000438406,9606.ENSP00000438483,9606.ENSP00000440915,9606.ENSP00000441158,9606.ENSP00000441600,9606.ENSP00000441954,9606.ENSP00000443021,9606.ENSP00000444810,9606.ENSP00000444889,9606.ENSP00000449381,9606.ENSP00000450480,9606.ENSP00000450969,9606.ENSP00000451506,9606.ENSP00000451583,9606.ENSP00000452877,9606.ENSP00000453562,9606.ENSP00000453854,9606.ENSP00000454545,9606.ENSP00000454973,9606.ENSP00000455026,9606.ENSP00000456340,9606.ENSP00000457421,9606.ENSP00000457810,9606.ENSP00000458585,9606.ENSP00000458879,9606.ENSP00000462054,9606.ENSP00000462154,9606.ENSP00000462729,9606.ENSP00000463051,9606.ENSP00000463978,9606.ENSP00000465260,9606.ENSP00000465589,9606.ENSP00000466907,9606.ENSP00000468086,9606.ENSP00000468785,9606.ENSP00000469142,9606.ENSP00000469158,9606.ENSP00000469534,9606.ENSP00000469696,9606.ENSP00000470142,9606.ENSP00000470788,9606.ENSP00000471457,9606.ENSP00000471700,9606.ENSP00000471896,9606.ENSP00000472802,9606.ENSP00000472914,9606.ENSP00000473665,9606.ENSP00000477515,9606.ENSP00000478458,9606.ENSP00000478699,9606.ENSP00000479207,9606.ENSP00000479617,9606.ENSP00000479667,9606.ENSP00000479860,9606.ENSP00000480091,9606.ENSP00000480524,9606.ENSP00000480680,9606.ENSP00000481850,9606.ENSP00000481859,9606.ENSP00000481893,9606.ENSP00000482032,9606.ENSP00000482232,9606.ENSP00000482760,9606.ENSP00000483059,9606.ENSP00000483397,9606.ENSP00000483570,9606.ENSP00000483667,9606.ENSP00000483946,9606.ENSP00000484060,9606.ENSP00000484176,9606.ENSP00000484810,9606.ENSP00000485010,9606.ENSP00000485513,9606.ENSP00000489024,9606.ENSP00000489597,9606.ENSP00000490842,9606.ENSP00000493536,9606.ENSP00000495240,9606.ENSP00000496396,9606.ENSP00000496625,9606.ENSP00000496870,9606.ENSP00000496876,9606.ENSP00000497069,9606.ENSP00000497274,9606.ENSP00000497294,9606.ENSP00000497310,9606.ENSP00000497569,9606.ENSP00000497594,9606.ENSP00000497916,9606.ENSP00000498019,9606.ENSP00000498241,9606.ENSP00000498512,9606.ENSP00000498622,9606.ENSP00000499037,9606.ENSP00000499371	CYP51A1,TLL1,CREB3L3,KDM4B,KIF22,UQCRC1,GMIP,ADH1A,KLHL20,SF3A1,SNRPD3,ARSA,PMM1,HDAC10,CYP24A1,AURKA,UBOX5,RNF125,PSMD10,F9,USP11,GLA,ZNF263,ZNF500,MEFV,MGA,DECR1,FIZ1,DBP,EPOR,AFM,SULT1E1,APOC3,ARPC3,IFNG,HINT3,ACOT13,EXOC2,LNPEP,RARS1,EHHADH,GNAT1,ACADL,APOA1,ELF1,TBX2,GHSR,TNFSF10,OCM,AKR1D1,ZC3H13,TNFAIP6,PLA2G12A,SNAI1,TREM1,IRF1,C3,CDC25B,SUGP1,TICAM1,GNGT1,DNAJB9,ACKR4,CDO1,LMAN1,DOCK7,SAFB2,NCAN,USHBP1,GDF15,HAUS8,RBSN,GFPT2,RAMP2,FLYWCH1,CHSY1,SMARCC1,ILKAP,RAMP1,AP3B1,KMT5C,PI4KA,IPO8,TUT4,OCM2,CDK4,MDM2,DYNC1LI2,TACO1,NDUFAF1,LRPPRC,TOPBP1,SLC40A1,OSBPL8,CDK17,HEXB,MAN2A1,HERC2,SCARB1,UTP6,SPG11,HACD3,FLT4,MARS1,MEOX2,CDH19,NUBP2,AXIN1,UBN1,ITGA2B,INVS,SLC27A6,SRCAP,CCNE1,ELL,MAST3,PHYH,KIF18A,HIRA,SYP,BRD4,NOTCH3,FAM20B,WDR76,LCT,CD80,RBBP5,PDE8B,ACAD11,ARRDC3,SIL1,RBM27,TNPO3,NBN,EXOSC7,SCAP,ADAM2,GET4,RBM6,DOCK3,FBXO7,PLCZ1,CPSF6,SNRPF,FANCM,TRIP11,SORD,BCL2A1,CYP11A1,RHCG,MFGE8,IQGAP1,ZNF174,FN3KRP,ZNF750,AKAP8,CALR3,RCN3,NUF2,HMCN1,POGZ,GOLPH3L,WNT9A,MRPS5,CENPC,NAF1,OSMR,GFRA3,FERD3L,UHRF2,PPRC1,ZNF385D,TNFSF4,MARS2,ITGA1,WASHC2A,UBP1,NRGN,ABCA6,TRIM11,PPP1R3A,CCSAP,OLA1,CA2,KLF10,CXCL13,FANCD2,APPL1,MRPL17,ELMO2,AMFR,PSKH1,NLRP8,RNF126,HK3,PGLYRP2,YDJC,SLX4,ADCY9,AGL,MAIP1,ZNF514,HELQ,TRAT1,WDFY3,EMCN,ANKRA2,CYTH3,BMT2,ZNF22,SEC61A2,HPRT1,LRRK2,VPS35,AMN,TPX2,FN3K,CHAF1A,CD320,SOAT2,CYP7A1,ENTPD3,SOX7,TPST1,LRG1,ZNF296,HSPA4,ACOT12,RAC3,SNX7,FASN,IL13,S1PR1,GPRIN1,SYNPO2,MRPL13,MYOZ2,KLF11,LAMB2,TADA2B,PCSK1,F2,GMPPB,B4GAT1,PSMD1,MAP3K11,MIS18BP1,CD34,XCR1,CYP7B1,FANCI,SRP68,MOBP,DEFB114,UBA6,ZNF436,PDS5B,MKRN3,DNAJA2,MEIOB,ANO5,PRPF3,ZNF18,SSH1,DVL3,CSH1,RTL3,MET,FAM220A,ZFP42,RBBP6,CYBRD1,SPAST,F2R,IL23R,DIAPH2,IMPDH2,FAM20C,GLYR1,ZMYM3,ATRIP,CD6,SOX2,AHRR,PSD3,UPB1,BAIAP3,PGR,MAP1S,PAGR1,KDM3B,FKRP,CLASP2,IZUMO1,XPOT,IL3RA,PIF1,ZNF71,FAM110C,STAC3,BTNL9,PDGFB,LEPR,KPNA7,ZNRD1,ZNF704,CD86,ASCL2,CYP2U1,ZNF470,DNAH8,MIPOL1,GNG2,SREK1,ERCC6L,STARD10,HJV,ENOX2,LRAT,MMP25,PLCB1,ZNF532,ZBTB49,ERAS,ZFAND4,THUMPD3,NDUFA4,TSLP,DLK1,RTL4,HUWE1,ASH2L,CLEC18B,SRFBP1,SMC4,NCR3LG1,OAS2,CFAP36,SERPINA6,LIPI,TMPPE,C17orf99,USP7,PRRC2C,MCCC2,CORO2A,PPA2,IFNAR2,PDPK1,PROZ,GATA2,ANP32B,SETDB2,ZBTB45,KEL,SHTN1,TBCD,MORC4,SORBS2,NLGN4Y,MYO9A,ADD3,AKAP9,PXDNL,UPF2,ACOX3,FABP7,CRB3,PIK3R4,TBC1D9B,ZMYM6,DCHS2,ATP13A1,CCRL2,POT1,ATP2B4,CHM,LVRN,CX3CR1,TRIM33,ARNT,WDR5,BDP1,PBLD,DNMT1,CPLX2,CLEC14A,MSN,TLR9,GYPA,MTHFSD,HAO2,COMT,KIFAP3,FZD5,TAF11,KIF21A,VEPH1,TIGD4,CDC42BPB,R3HDM4,AHCTF1,CNST,KMO,OTX1,GALNT2,RHOU,RPS6KC1,ANGEL2,CR2,PM20D1,MDM4,ETNK2,LHX9,TPR,CEP350,PAPPA2,COP1,SERPINC1,ZBTB37,IFNGR1,FMO4,ADCY10,POU2F1,MGST3,CD244,SLAMF7,IL6R,TCHHL1,OAT,ACADSB,GABPB2,TARS2,RPRD2,SV2A,CD2,CD58,NRAS,LRIF1,TAF5,CYP17A1,PSRC1,PRPF38B,HENMT1,COL11A1,RPL5,SCD,CTH,DIRAS3,UBE2U,SMARCA1,ENTPD1,BMPR1A,AIF1L,UBR2,NAP1L3,SGPL1,ENG,ATRX,ZBTB43,HDAC8,TET1,RABGAP1,ZBTB6,CXCR3,SRPK1,TLR4,KIF4A,BAK1,PHF1,C1QA,SPIN4,NCBP1,FAM120C,UBR4,TSPYL2,IARS1,HSPB7,DDAH2,TCF19,CACNA1F,PLP2,GKAP1,DOCK9,PIM2,GATA1,THBD,TRIM27,ATG2A,HMGN4,HIF3A,RNF207,TAF2,PUSL1,TNFRSF4,BCLAF3,NDNF,MAB21L1,RFC3,KL,IFNB1,FBXL19,HAUS6,SLTM,RRAGA,NLGN4X,PFKP,IL6ST,IL33,SHOX,JAK2,ANGPT4,FBXO25,METTL17,LRRK1,NLRP5,CCL25,HDLBP,URI1,ZNF605,TFRC,SEC14L1,PDK1,GIPC1,KEAP1,ZNF414,G3BP1,EFEMP1,CFI,EFCAB5,KIF20A,NRG4,ALAS1,VKORC1,MATK,PHF20L1,EGFL8,SLC26A6,PPHLN1,MAPK8,EHMT2,NFATC2,ZNF445,SNX16,MARF1,ZC3H7A,TIGD7,ZNF213,CCNF,NOXO1,HAGH,PRMT2,RGS11,PPP3CC,TTC28,SEC24A,USP47,MAP3K1,GABRA5,NBEA,SUN1,CASTOR1,ETV2,ZBTB40,ADGRV1,GATAD2A,F11,TBC1D10A,KIF2A,RMDN1,RAD54L2,CD8A,IPO11,CREB1,BTNL2,SLFN14,DENND4A,SEPTIN5,CDHR4,DCAF1,HES4,EPS15L1,SLC4A4,PLA2G10,CSF2RA,MAPK9,ZNF200,NSD1,CHD9,OSGIN2,DYTN,SELENBP1,TENT2,TNF,POLG,RHOA,PVR,RUNX1T1,VKORC1L1,BHLHB9,LTA,ACVR1,PPP1R9A,EPM2AIP1,TAF1,ZBTB22,SLC9A3R2,ANO6,AK9,STMN1,SIMC1,FCGRT,MARCHF8,IL5RA,FNBP1,CDKN1C,ERG,EFNA4,ICAM2,LARP4,FBLIM1,DDX46,STK33,ROBO2,YIPF6,FBXL2,DPPA2,DDI2,EHMT1,ADAMTS9,PEG10,KCNIP2,TFR2,TFAM,ALYREF,TRIML2,SLIT2,WDR36,ZCCHC10,ZFP62,FBN2,ZGRF1,HELT,TMEM161B,AMER2,PROM1,CEP192,DDR1,NAIP,HEPH,CA1,JAK3,CFL1,NCAPD3,NRK,GALNT4,ADM,SLAMF1,KPNA2,PRORP,CLTCL1,CCR3,SMAD5,RASSF3,FKBP5,DENND5B,MAPKAPK5,ATP10A,ZBTB33,TCL1A,DMAC2L,ZNF592,BCL2L10,SECISBP2L,RBM15B,SCAPER,RPUSD1,DET1,PECAM1,CENPT,MMP12,ZSCAN10,ZFP92,BAHCC1,OTUD7B,GDF2,SLC16A3,CBARP,ACSBG2,ZNF524,MC5R,MBD1,NPAS1,SPHK2,WIZ,PDE4C,UPF1,IL12RB1,MYO9B,FKBP8,IRF3,ZNF446,SUGP2,SBNO1,DGKK,PLCL2,TNFRSF9,GALNTL5,UHRF1,RPS6KA5,CIB1,NMRK2,GTF2IRD2B,SEMA3B,JADE3,PAN2,CNOT6,IP6K1,CGA,PCSK6,NR2C2,FSBP,BTK,CHD1,PHF19,PACSIN1,CLEC18A,ZNF274,CIITA,WASHC2C,KLF18,PTPN11,ZNF654,SAMHD1,CHD8,AVPR2,CYP21A2,LRP2,ZMYM1,IGF1R,ABCC2,LHB,ALX3,DARS2,UBE3A,NDN,RPS17,INKA1,ADAM20,MIP,CBLB,ERCC6L2	1.9625735020593764	aquatic_slow_enrichment	False	False	False
GO Function	GO:0140375	Immune receptor activity	22	142	0.46	0.33	0.0346	9606.ENSP00000222139,9606.ENSP00000249887,9606.ENSP00000274276,9606.ENSP00000274721,9606.ENSP00000310405,9606.ENSP00000321345,9606.ENSP00000327890,9606.ENSP00000330393,9606.ENSP00000343957,9606.ENSP00000349967,9606.ENSP00000351059,9606.ENSP00000356024,9606.ENSP00000356713,9606.ENSP00000357470,9606.ENSP00000362795,9606.ENSP00000370698,9606.ENSP00000371425,9606.ENSP00000379111,9606.ENSP00000394227,9606.ENSP00000412209,9606.ENSP00000441600,9606.ENSP00000470788	EPOR,ACKR4,OSMR,GFRA3,XCR1,IL23R,IL3RA,LEPR,IFNAR2,CCRL2,CX3CR1,CR2,IFNGR1,IL6R,CXCR3,IL6ST,IFNGR2,IL4R,CSF2RA,IL5RA,CCR3,IL12RB1	1.4609239012072237	aquatic_slow_enrichment	False	False	False
GO Component	GO:0009897	External side of plasma membrane	54	388	0.42	0.82	3.77e-06	9606.ENSP00000216124,9606.ENSP00000222139,9606.ENSP00000249887,9606.ENSP00000262407,9606.ENSP00000264162,9606.ENSP00000264246,9606.ENSP00000268150,9606.ENSP00000274276,9606.ENSP00000274721,9606.ENSP00000282588,9606.ENSP00000296420,9606.ENSP00000304915,9606.ENSP00000305416,9606.ENSP00000310036,9606.ENSP00000310405,9606.ENSP00000321345,9606.ENSP00000323280,9606.ENSP00000327890,9606.ENSP00000330200,9606.ENSP00000330393,9606.ENSP00000332049,9606.ENSP00000337146,9606.ENSP00000341412,9606.ENSP00000349967,9606.ENSP00000351059,9606.ENSP00000353013,9606.ENSP00000357012,9606.ENSP00000357022,9606.ENSP00000357036,9606.ENSP00000357470,9606.ENSP00000358490,9606.ENSP00000361107,9606.ENSP00000362299,9606.ENSP00000362795,9606.ENSP00000363089,9606.ENSP00000366307,9606.ENSP00000368538,9606.ENSP00000370698,9606.ENSP00000376197,9606.ENSP00000379111,9606.ENSP00000386559,9606.ENSP00000390613,9606.ENSP00000394227,9606.ENSP00000398698,9606.ENSP00000410798,9606.ENSP00000412209,9606.ENSP00000420525,9606.ENSP00000438406,9606.ENSP00000441600,9606.ENSP00000470788,9606.ENSP00000478699,9606.ENSP00000484862,9606.ENSP00000496870,9606.ENSP00000498512	ARSA,EPOR,ACKR4,ITGA2B,LCT,CD80,MFGE8,OSMR,GFRA3,ITGA1,EMCN,IL13,S1PR1,CD34,XCR1,IL23R,CD6,IL3RA,BTNL9,LEPR,CD86,ENOX2,PLET1,CCRL2,CX3CR1,CLEC14A,CD244,SLAMF7,SLAMF6,IL6R,CD2,BMPR1A,ENG,CXCR3,TLR4,THBD,TNFRSF4,IL6ST,TFRC,IL4R,CD8A,BTNL2,CSF2RA,TNF,FCGRT,IL5RA,TFR2,SLAMF1,CCR3,IL12RB1,TNFRSF9,ADAM29,LRP2,ADAM20	5.423658649794207	aquatic_slow_enrichment	False	False	False
GO Component	GO:0009986	Cell surface	90	894	0.28	0.64	3.33e-05	9606.ENSP00000216124,9606.ENSP00000222139,9606.ENSP00000233156,9606.ENSP00000234371,9606.ENSP00000241256,9606.ENSP00000245907,9606.ENSP00000249887,9606.ENSP00000253796,9606.ENSP00000254661,9606.ENSP00000261693,9606.ENSP00000262407,9606.ENSP00000263388,9606.ENSP00000264162,9606.ENSP00000264246,9606.ENSP00000265708,9606.ENSP00000268150,9606.ENSP00000274276,9606.ENSP00000274721,9606.ENSP00000281834,9606.ENSP00000282588,9606.ENSP00000296420,9606.ENSP00000304915,9606.ENSP00000305416,9606.ENSP00000310036,9606.ENSP00000310405,9606.ENSP00000317272,9606.ENSP00000321326,9606.ENSP00000321345,9606.ENSP00000321573,9606.ENSP00000323280,9606.ENSP00000327890,9606.ENSP00000330200,9606.ENSP00000330382,9606.ENSP00000330393,9606.ENSP00000332049,9606.ENSP00000337014,9606.ENSP00000337146,9606.ENSP00000341412,9606.ENSP00000348169,9606.ENSP00000349967,9606.ENSP00000351059,9606.ENSP00000352288,9606.ENSP00000353013,9606.ENSP00000353408,9606.ENSP00000354607,9606.ENSP00000357012,9606.ENSP00000357022,9606.ENSP00000357036,9606.ENSP00000357470,9606.ENSP00000358490,9606.ENSP00000358501,9606.ENSP00000361107,9606.ENSP00000362299,9606.ENSP00000362795,9606.ENSP00000363089,9606.ENSP00000366307,9606.ENSP00000368538,9606.ENSP00000370483,9606.ENSP00000370698,9606.ENSP00000376197,9606.ENSP00000376899,9606.ENSP00000378888,9606.ENSP00000379111,9606.ENSP00000384582,9606.ENSP00000386559,9606.ENSP00000390613,9606.ENSP00000393557,9606.ENSP00000394227,9606.ENSP00000398698,9606.ENSP00000402060,9606.ENSP00000409126,9606.ENSP00000410798,9606.ENSP00000412209,9606.ENSP00000417335,9606.ENSP00000418735,9606.ENSP00000418767,9606.ENSP00000420525,9606.ENSP00000422591,9606.ENSP00000426809,9606.ENSP00000438406,9606.ENSP00000441600,9606.ENSP00000450337,9606.ENSP00000470788,9606.ENSP00000478699,9606.ENSP00000482760,9606.ENSP00000484862,9606.ENSP00000485010,9606.ENSP00000496870,9606.ENSP00000497274,9606.ENSP00000498512	ARSA,EPOR,TFPI,KISS1R,GHSR,C3,ACKR4,RAMP2,RAMP1,SCARB1,ITGA2B,NOTCH3,LCT,CD80,ADAM2,MFGE8,OSMR,GFRA3,TNFSF4,ITGA1,EMCN,IL13,S1PR1,CD34,XCR1,MET,F2R,IL23R,DCBLD2,CD6,IL3RA,BTNL9,PDGFB,LEPR,CD86,HJV,ENOX2,PLET1,NLGN4Y,CCRL2,CX3CR1,PLXNB2,CLEC14A,MSN,FZD5,CD244,SLAMF7,SLAMF6,IL6R,CD2,CD58,BMPR1A,ENG,CXCR3,TLR4,THBD,TNFRSF4,NLGN4X,IL6ST,TFRC,PTGFRN,EGFL8,IL4R,ADGRV1,CD8A,BTNL2,SLC4A4,CSF2RA,TNF,PVR,ANO6,FCGRT,IL5RA,ROBO2,ADAMTS9,TREML2,TFR2,SLIT2,PROM1,SLAMF1,CCR3,PPFIA2,IL12RB1,TNFRSF9,PCSK6,ADAM29,CIITA,LRP2,ABCC2,ADAM20	4.47755576649368	aquatic_slow_enrichment	False	False	False
GO Component	GO:0098552	Side of membrane	63	611	0.29	0.5	0.0013	9606.ENSP00000216124,9606.ENSP00000222139,9606.ENSP00000232461,9606.ENSP00000248572,9606.ENSP00000249887,9606.ENSP00000262407,9606.ENSP00000264162,9606.ENSP00000264246,9606.ENSP00000268150,9606.ENSP00000268182,9606.ENSP00000274276,9606.ENSP00000274721,9606.ENSP00000282588,9606.ENSP00000296420,9606.ENSP00000297044,9606.ENSP00000298910,9606.ENSP00000304915,9606.ENSP00000305416,9606.ENSP00000310036,9606.ENSP00000310405,9606.ENSP00000321345,9606.ENSP00000323280,9606.ENSP00000327890,9606.ENSP00000329200,9606.ENSP00000330200,9606.ENSP00000330393,9606.ENSP00000332049,9606.ENSP00000334448,9606.ENSP00000337146,9606.ENSP00000341412,9606.ENSP00000349967,9606.ENSP00000351059,9606.ENSP00000353013,9606.ENSP00000357012,9606.ENSP00000357022,9606.ENSP00000357036,9606.ENSP00000357470,9606.ENSP00000358490,9606.ENSP00000361107,9606.ENSP00000362299,9606.ENSP00000362795,9606.ENSP00000363089,9606.ENSP00000366307,9606.ENSP00000368538,9606.ENSP00000370698,9606.ENSP00000376197,9606.ENSP00000379111,9606.ENSP00000386559,9606.ENSP00000390613,9606.ENSP00000394227,9606.ENSP00000398698,9606.ENSP00000400175,9606.ENSP00000406027,9606.ENSP00000410798,9606.ENSP00000412209,9606.ENSP00000420525,9606.ENSP00000438406,9606.ENSP00000441600,9606.ENSP00000470788,9606.ENSP00000478699,9606.ENSP00000484862,9606.ENSP00000496870,9606.ENSP00000498512	ARSA,EPOR,GNAT1,GNGT1,ACKR4,ITGA2B,LCT,CD80,MFGE8,IQGAP1,OSMR,GFRA3,ITGA1,EMCN,CYTH3,LRRK2,IL13,S1PR1,CD34,XCR1,IL23R,CD6,IL3RA,STAC3,BTNL9,LEPR,CD86,GNG2,ENOX2,PLET1,CCRL2,CX3CR1,CLEC14A,CD244,SLAMF7,SLAMF6,IL6R,CD2,BMPR1A,ENG,CXCR3,TLR4,THBD,TNFRSF4,IL6ST,TFRC,IL4R,CD8A,BTNL2,CSF2RA,TNF,RHOA,EPM2AIP1,FCGRT,IL5RA,TFR2,SLAMF1,CCR3,IL12RB1,TNFRSF9,ADAM29,LRP2,ADAM20	2.886056647693163	aquatic_slow_enrichment	False	False	False
GO Component	GO:0036128	CatSper complex	8	13	1.06	0.65	0.0024	9606.ENSP00000256343,9606.ENSP00000309052,9606.ENSP00000355492,9606.ENSP00000371037,9606.ENSP00000371180,9606.ENSP00000386962,9606.ENSP00000390423,9606.ENSP00000491717	CATSPERB,CATSPER1,CATSPERE,CATSPERD,CATSPER2,CATSPERG,CATSPER4,CATSPERZ	2.619788758288394	aquatic_slow_enrichment	False	False	False
GO Component	GO:0031981	Nuclear lumen	303	4526	0.1	0.38	0.0033	9606.ENSP00000078445,9606.ENSP00000159111,9606.ENSP00000160827,9606.ENSP00000184266,9606.ENSP00000203556,9606.ENSP00000209668,9606.ENSP00000209884,9606.ENSP00000215793,9606.ENSP00000215829,9606.ENSP00000216133,9606.ENSP00000216271,9606.ENSP00000216911,9606.ENSP00000217173,9606.ENSP00000217958,9606.ENSP00000218348,9606.ENSP00000219478,9606.ENSP00000219596,9606.ENSP00000219905,9606.ENSP00000220764,9606.ENSP00000221573,9606.ENSP00000222139,9606.ENSP00000231572,9606.ENSP00000233099,9606.ENSP00000239882,9606.ENSP00000242848,9606.ENSP00000244050,9606.ENSP00000245414,9606.ENSP00000245934,9606.ENSP00000245960,9606.ENSP00000247001,9606.ENSP00000249356,9606.ENSP00000252542,9606.ENSP00000253928,9606.ENSP00000254480,9606.ENSP00000254654,9606.ENSP00000255613,9606.ENSP00000256079,9606.ENSP00000257177,9606.ENSP00000257904,9606.ENSP00000258149,9606.ENSP00000260665,9606.ENSP00000260810,9606.ENSP00000261024,9606.ENSP00000261609,9606.ENSP00000261708,9606.ENSP00000261866,9606.ENSP00000261937,9606.ENSP00000262027,9606.ENSP00000262041,9606.ENSP00000262376,9606.ENSP00000262518,9606.ENSP00000262643,9606.ENSP00000262809,9606.ENSP00000263208,9606.ENSP00000263377,9606.ENSP00000263388,9606.ENSP00000263733,9606.ENSP00000264515,9606.ENSP00000265224,9606.ENSP00000265271,9606.ENSP00000265433,9606.ENSP00000265564,9606.ENSP00000265651,9606.ENSP00000265857,9606.ENSP00000266087,9606.ENSP00000266505,9606.ENSP00000266674,9606.ENSP00000266679,9606.ENSP00000266735,9606.ENSP00000267430,9606.ENSP00000267622,9606.ENSP00000268655,9606.ENSP00000269701,9606.ENSP00000271452,9606.ENSP00000271715,9606.ENSP00000273853,9606.ENSP00000274054,9606.ENSP00000276893,9606.ENSP00000278070,9606.ENSP00000279392,9606.ENSP00000282633,9606.ENSP00000283629,9606.ENSP00000284425,9606.ENSP00000284551,9606.ENSP00000284719,9606.ENSP00000285518,9606.ENSP00000285968,9606.ENSP00000287647,9606.ENSP00000291041,9606.ENSP00000292363,9606.ENSP00000294008,9606.ENSP00000295888,9606.ENSP00000297044,9606.ENSP00000298299,9606.ENSP00000300403,9606.ENSP00000301921,9606.ENSP00000303246,9606.ENSP00000303427,9606.ENSP00000304553,9606.ENSP00000305416,9606.ENSP00000306015,9606.ENSP00000307023,9606.ENSP00000308022,9606.ENSP00000309262,9606.ENSP00000309474,9606.ENSP00000309790,9606.ENSP00000310842,9606.ENSP00000312066,9606.ENSP00000313582,9606.ENSP00000313851,9606.ENSP00000315379,9606.ENSP00000317872,9606.ENSP00000320251,9606.ENSP00000320885,9606.ENSP00000321348,9606.ENSP00000322716,9606.ENSP00000322845,9606.ENSP00000323099,9606.ENSP00000323588,9606.ENSP00000323816,9606.ENSP00000325120,9606.ENSP00000325313,9606.ENSP00000326519,9606.ENSP00000326563,9606.ENSP00000326570,9606.ENSP00000327821,9606.ENSP00000328174,9606.ENSP00000328228,9606.ENSP00000329200,9606.ENSP00000330878,9606.ENSP00000331111,9606.ENSP00000331302,9606.ENSP00000333223,9606.ENSP00000334538,9606.ENSP00000338185,9606.ENSP00000338807,9606.ENSP00000339532,9606.ENSP00000340648,9606.ENSP00000340896,9606.ENSP00000341382,9606.ENSP00000342278,9606.ENSP00000343535,9606.ENSP00000344392,9606.ENSP00000345681,9606.ENSP00000345848,9606.ENSP00000346175,9606.ENSP00000346603,9606.ENSP00000347409,9606.ENSP00000347821,9606.ENSP00000348381,9606.ENSP00000348527,9606.ENSP00000350249,9606.ENSP00000350266,9606.ENSP00000351250,9606.ENSP00000351407,9606.ENSP00000351446,9606.ENSP00000351575,9606.ENSP00000352516,9606.ENSP00000354003,9606.ENSP00000354560,9606.ENSP00000354633,9606.ENSP00000355465,9606.ENSP00000355929,9606.ENSP00000356150,9606.ENSP00000356448,9606.ENSP00000356641,9606.ENSP00000356674,9606.ENSP00000356840,9606.ENSP00000357838,9606.ENSP00000358064,9606.ENSP00000358421,9606.ENSP00000358490,9606.ENSP00000358778,9606.ENSP00000358854,9606.ENSP00000358925,9606.ENSP00000359345,9606.ENSP00000359380,9606.ENSP00000359557,9606.ENSP00000360162,9606.ENSP00000362018,9606.ENSP00000362299,9606.ENSP00000362441,9606.ENSP00000362674,9606.ENSP00000362748,9606.ENSP00000362763,9606.ENSP00000362931,9606.ENSP00000363524,9606.ENSP00000363640,9606.ENSP00000364018,9606.ENSP00000364037,9606.ENSP00000364289,9606.ENSP00000364389,9606.ENSP00000364403,9606.ENSP00000364591,9606.ENSP00000364737,9606.ENSP00000364794,9606.ENSP00000364870,9606.ENSP00000365858,9606.ENSP00000366404,9606.ENSP00000366898,9606.ENSP00000367024,9606.ENSP00000367406,9606.ENSP00000367817,9606.ENSP00000369411,9606.ENSP00000369887,9606.ENSP00000369899,9606.ENSP00000370842,9606.ENSP00000370990,9606.ENSP00000371067,9606.ENSP00000372445,9606.ENSP00000373304,9606.ENSP00000375063,9606.ENSP00000376097,9606.ENSP00000376268,9606.ENSP00000377176,9606.ENSP00000377245,9606.ENSP00000377971,9606.ENSP00000378356,9606.ENSP00000378416,9606.ENSP00000378784,9606.ENSP00000378935,9606.ENSP00000378974,9606.ENSP00000379078,9606.ENSP00000379111,9606.ENSP00000379330,9606.ENSP00000379911,9606.ENSP00000380759,9606.ENSP00000382382,9606.ENSP00000382953,9606.ENSP00000384899,9606.ENSP00000385000,9606.ENSP00000386992,9606.ENSP00000387471,9606.ENSP00000387699,9606.ENSP00000390204,9606.ENSP00000393183,9606.ENSP00000394560,9606.ENSP00000395929,9606.ENSP00000396345,9606.ENSP00000397261,9606.ENSP00000399851,9606.ENSP00000402257,9606.ENSP00000406549,9606.ENSP00000410186,9606.ENSP00000410216,9606.ENSP00000416033,9606.ENSP00000416387,9606.ENSP00000416534,9606.ENSP00000417710,9606.ENSP00000417748,9606.ENSP00000417980,9606.ENSP00000418944,9606.ENSP00000421592,9606.ENSP00000422581,9606.ENSP00000423067,9606.ENSP00000432660,9606.ENSP00000433681,9606.ENSP00000438483,9606.ENSP00000440915,9606.ENSP00000441641,9606.ENSP00000441954,9606.ENSP00000444810,9606.ENSP00000449381,9606.ENSP00000450969,9606.ENSP00000451506,9606.ENSP00000453801,9606.ENSP00000454545,9606.ENSP00000454973,9606.ENSP00000457810,9606.ENSP00000458879,9606.ENSP00000465075,9606.ENSP00000466542,9606.ENSP00000468785,9606.ENSP00000469158,9606.ENSP00000469534,9606.ENSP00000470142,9606.ENSP00000471896,9606.ENSP00000472914,9606.ENSP00000479617,9606.ENSP00000479667,9606.ENSP00000479860,9606.ENSP00000480091,9606.ENSP00000480524,9606.ENSP00000481850,9606.ENSP00000482032,9606.ENSP00000482732,9606.ENSP00000483059,9606.ENSP00000483228,9606.ENSP00000483397,9606.ENSP00000483667,9606.ENSP00000483946,9606.ENSP00000484810,9606.ENSP00000485010,9606.ENSP00000485513,9606.ENSP00000486725,9606.ENSP00000489597,9606.ENSP00000493536,9606.ENSP00000495240,9606.ENSP00000497569,9606.ENSP00000497916,9606.ENSP00000498019,9606.ENSP00000499037,9606.ENSP00000499371	CREB3L3,KDM4B,KIF22,NDUFB4,GMIP,ADH1A,KLHL20,SF3A1,SNRPD3,CBX7,HDAC10,AURKA,UBOX5,PSMD10,USP11,ZNF500,MEFV,MGA,DECR1,SNAPC2,EPOR,RARS1,HEATR5B,ELF1,ZC3H13,SNAI1,IRF1,SYMPK,CDC25B,SUGP1,DNAJB9,SAFB2,FLYWCH1,SMARCC1,ILKAP,KMT5C,IPO8,TUT4,CDK4,MDM2,LRPPRC,TOPBP1,SLC40A1,HERC2,UTP6,SPG11,FLT4,MARS1,MEOX2,UBN1,SRCAP,CCNE1,ELL,HIRA,BRD4,NOTCH3,FAM20B,RBBP5,ANKRD7,RBM27,NBN,EXOSC7,FBXO3,GET4,FBXO7,PLCZ1,LGR5,CPSF6,SNRPF,FANCM,TRIP11,ZNF174,AKAP8,NUF2,POGZ,CENPC,NAF1,UHRF2,PPRC1,HIRIP3,WASHC2A,UBP1,ABCA6,TRIM11,OLA1,AGPAT5,NUP205,FANCD2,PSKH1,RNF126,SLX4,WDFY3,CYTH3,ZNF22,TPX2,SOX7,ACOT12,PDS5A,MPLKIP,S1PR1,SYNPO2,KLF11,TADA2B,USP48,PSMD1,MIS18BP1,FANCI,SRP68,ZNF436,PDS5B,PRPF3,RBBP6,NEPRO,SPAST,DIAPH2,GLYR1,ZMYM3,ATRIP,SOX2,AHRR,PGR,MAP1S,PAGR1,KDM3B,FKRP,XPOT,PIF1,CDCA2,STAC3,KPNA7,ZNRD1,ELOA2,ZNF470,SREK1,PLCB1,ZBTB49,THUMPD3,HUWE1,ASH2L,SMC4,OAS2,USP7,CLUAP1,GATA2,ANP32B,SETDB2,ZBTB45,KEL,MORC4,ADD3,CENPL,POT1,DENND2D,TRIM33,ARNT,WDR5,BDP1,DNMT1,GYPA,KIFAP3,TAF11,AHCTF1,ANGEL2,MDM4,TPR,COP1,ZBTB37,POU2F1,OAT,RPRD2,HSD3B1,CD2,LRIF1,TAF5,PSRC1,RPL5,SCD,LDOC1,SMARCA1,CENPI,ENG,ATRX,HDAC8,TET1,ZBTB6,SRPK1,KIF4A,PHF1,SPIN4,TEX10,NCBP1,CDC14B,UBR4,TSPYL2,CENPP,IARS1,HSPB7,GATA1,TRIM27,HIF3A,NAA40,TAF2,PODXL,RFC3,SLTM,RRAGA,IL33,SHOX,JAK2,METTL17,CCDC174,NLRP5,URI1,SEC14L1,SPATA7,KEAP1,ANKLE1,KIF20A,ALAS1,PHF20L1,PPHLN1,MAPK8,EHMT2,IL4R,NFATC2,CENPK,PRMT2,USP47,GABRA5,GATAD2A,KIF2A,IPO11,CIAO2B,CREB1,HEPACAM2,DCAF1,MAPK9,NSD1,CHD9,SELENBP1,POLG,RUNX1T1,TAF1,AK9,POC5,PROB1,FBLIM1,DDX46,DPPA2,DDI2,EHMT1,PEG10,ALYREF,TRIML2,WDR36,CFL1,NCAPD3,KPNA2,PRORP,PRR14,SMAD5,FKBP5,MAPKAPK5,ZBTB33,TCL1A,WDR61,RBM15B,SCAPER,CENPT,ZSCAN10,SPC24,TLE2,MBD1,SPHK2,WIZ,UPF1,IRF3,SUGP2,UHRF1,RPS6KA5,CIB1,NMRK2,GTF2IRD2B,JADE3,IP6K1,PTPN9,NR2C2,PPP4R3B,FSBP,CHD1,PHF19,ZNF274,CIITA,WASHC2C,PPIL2,PTPN11,SAMHD1,CHD8,DARS2,NDN,RPS17,CBLB,ERCC6L2	2.4814860601221125	aquatic_slow_enrichment	False	False	False
GO Component	GO:0043227	Membrane-bounded organelle	769	13188	0.04	0.36	0.0033	9606.ENSP00000003100,9606.ENSP00000078445,9606.ENSP00000159111,9606.ENSP00000160827,9606.ENSP00000177742,9606.ENSP00000184266,9606.ENSP00000199936,9606.ENSP00000203407,9606.ENSP00000203556,9606.ENSP00000205636,9606.ENSP00000209668,9606.ENSP00000209884,9606.ENSP00000215793,9606.ENSP00000215829,9606.ENSP00000216124,9606.ENSP00000216133,9606.ENSP00000216271,9606.ENSP00000216500,9606.ENSP00000216862,9606.ENSP00000216911,9606.ENSP00000217173,9606.ENSP00000217740,9606.ENSP00000217958,9606.ENSP00000218099,9606.ENSP00000218348,9606.ENSP00000218516,9606.ENSP00000219069,9606.ENSP00000219478,9606.ENSP00000219481,9606.ENSP00000219596,9606.ENSP00000219905,9606.ENSP00000220764,9606.ENSP00000221573,9606.ENSP00000221665,9606.ENSP00000221730,9606.ENSP00000222122,9606.ENSP00000222139,9606.ENSP00000222248,9606.ENSP00000225276,9606.ENSP00000226355,9606.ENSP00000226444,9606.ENSP00000227667,9606.ENSP00000228825,9606.ENSP00000229633,9606.ENSP00000230048,9606.ENSP00000231368,9606.ENSP00000231572,9606.ENSP00000231887,9606.ENSP00000232461,9606.ENSP00000233099,9606.ENSP00000233156,9606.ENSP00000233710,9606.ENSP00000234371,9606.ENSP00000236850,9606.ENSP00000239882,9606.ENSP00000240328,9606.ENSP00000241261,9606.ENSP00000242104,9606.ENSP00000242465,9606.ENSP00000242848,9606.ENSP00000243347,9606.ENSP00000244050,9606.ENSP00000244527,9606.ENSP00000245414,9606.ENSP00000245907,9606.ENSP00000245934,9606.ENSP00000245960,9606.ENSP00000247001,9606.ENSP00000247706,9606.ENSP00000248244,9606.ENSP00000248572,9606.ENSP00000248923,9606.ENSP00000249356,9606.ENSP00000249887,9606.ENSP00000251047,9606.ENSP00000251250,9606.ENSP00000252542,9606.ENSP00000252575,9606.ENSP00000252809,9606.ENSP00000253669,9606.ENSP00000253699,9606.ENSP00000253796,9606.ENSP00000253928,9606.ENSP00000254190,9606.ENSP00000254480,9606.ENSP00000254654,9606.ENSP00000255194,9606.ENSP00000255613,9606.ENSP00000255882,9606.ENSP00000256079,9606.ENSP00000256343,9606.ENSP00000257177,9606.ENSP00000257627,9606.ENSP00000257860,9606.ENSP00000257904,9606.ENSP00000258149,9606.ENSP00000258173,9606.ENSP00000258198,9606.ENSP00000258200,9606.ENSP00000258975,9606.ENSP00000260361,9606.ENSP00000260665,9606.ENSP00000260810,9606.ENSP00000260818,9606.ENSP00000261024,9606.ENSP00000261183,9606.ENSP00000261211,9606.ENSP00000261416,9606.ENSP00000261483,9606.ENSP00000261609,9606.ENSP00000261693,9606.ENSP00000261708,9606.ENSP00000261866,9606.ENSP00000261875,9606.ENSP00000261879,9606.ENSP00000261937,9606.ENSP00000262027,9606.ENSP00000262041,9606.ENSP00000262301,9606.ENSP00000262302,9606.ENSP00000262320,9606.ENSP00000262376,9606.ENSP00000262407,9606.ENSP00000262457,9606.ENSP00000262518,9606.ENSP00000262643,9606.ENSP00000262809,9606.ENSP00000263038,9606.ENSP00000263181,9606.ENSP00000263208,9606.ENSP00000263233,9606.ENSP00000263377,9606.ENSP00000263388,9606.ENSP00000263733,9606.ENSP00000263795,9606.ENSP00000264515,9606.ENSP00000264990,9606.ENSP00000265138,9606.ENSP00000265195,9606.ENSP00000265224,9606.ENSP00000265271,9606.ENSP00000265388,9606.ENSP00000265433,9606.ENSP00000265564,9606.ENSP00000265565,9606.ENSP00000265651,9606.ENSP00000265857,9606.ENSP00000266022,9606.ENSP00000266087,9606.ENSP00000266505,9606.ENSP00000266674,9606.ENSP00000266679,9606.ENSP00000266735,9606.ENSP00000267430,9606.ENSP00000267622,9606.ENSP00000267814,9606.ENSP00000267935,9606.ENSP00000267953,9606.ENSP00000268053,9606.ENSP00000268122,9606.ENSP00000268130,9606.ENSP00000268150,9606.ENSP00000268182,9606.ENSP00000268655,9606.ENSP00000268668,9606.ENSP00000269394,9606.ENSP00000269701,9606.ENSP00000269881,9606.ENSP00000270645,9606.ENSP00000271417,9606.ENSP00000271452,9606.ENSP00000271588,9606.ENSP00000271715,9606.ENSP00000271732,9606.ENSP00000272321,9606.ENSP00000272418,9606.ENSP00000273853,9606.ENSP00000274054,9606.ENSP00000275461,9606.ENSP00000276055,9606.ENSP00000276893,9606.ENSP00000278070,9606.ENSP00000279392,9606.ENSP00000281523,9606.ENSP00000282041,9606.ENSP00000282276,9606.ENSP00000282588,9606.ENSP00000282633,9606.ENSP00000283629,9606.ENSP00000284292,9606.ENSP00000284425,9606.ENSP00000284551,9606.ENSP00000284617,9606.ENSP00000284719,9606.ENSP00000285379,9606.ENSP00000285407,9606.ENSP00000285518,9606.ENSP00000285968,9606.ENSP00000287647,9606.ENSP00000288266,9606.ENSP00000288937,9606.ENSP00000290649,9606.ENSP00000291041,9606.ENSP00000291495,9606.ENSP00000292363,9606.ENSP00000292432,9606.ENSP00000292609,9606.ENSP00000293883,9606.ENSP00000294008,9606.ENSP00000294724,9606.ENSP00000295079,9606.ENSP00000295208,9606.ENSP00000295488,9606.ENSP00000295888,9606.ENSP00000296266,9606.ENSP00000296785,9606.ENSP00000297044,9606.ENSP00000298299,9606.ENSP00000298428,9606.ENSP00000298556,9606.ENSP00000298910,9606.ENSP00000299138,9606.ENSP00000299155,9606.ENSP00000300184,9606.ENSP00000300403,9606.ENSP00000301280,9606.ENSP00000301458,9606.ENSP00000301466,9606.ENSP00000301645,9606.ENSP00000301921,9606.ENSP00000302297,9606.ENSP00000302413,9606.ENSP00000302621,9606.ENSP00000302770,9606.ENSP00000302961,9606.ENSP00000303246,9606.ENSP00000303427,9606.ENSP00000303758,9606.ENSP00000304283,9606.ENSP00000304429,9606.ENSP00000304553,9606.ENSP00000304586,9606.ENSP00000304592,9606.ENSP00000304713,9606.ENSP00000305416,9606.ENSP00000306015,9606.ENSP00000306220,9606.ENSP00000306548,9606.ENSP00000306627,9606.ENSP00000307023,9606.ENSP00000307143,9606.ENSP00000307156,9606.ENSP00000308022,9606.ENSP00000308024,9606.ENSP00000308541,9606.ENSP00000309052,9606.ENSP00000309096,9606.ENSP00000309262,9606.ENSP00000309474,9606.ENSP00000309504,9606.ENSP00000309741,9606.ENSP00000309790,9606.ENSP00000310036,9606.ENSP00000310721,9606.ENSP00000310842,9606.ENSP00000311648,9606.ENSP00000312066,9606.ENSP00000313050,9606.ENSP00000313454,9606.ENSP00000313582,9606.ENSP00000313851,9606.ENSP00000314030,9606.ENSP00000314036,9606.ENSP00000314484,9606.ENSP00000315371,9606.ENSP00000315379,9606.ENSP00000315664,9606.ENSP00000315988,9606.ENSP00000316416,9606.ENSP00000316794,9606.ENSP00000317289,9606.ENSP00000317686,9606.ENSP00000317872,9606.ENSP00000319141,9606.ENSP00000320251,9606.ENSP00000320885,9606.ENSP00000321326,9606.ENSP00000321348,9606.ENSP00000321584,9606.ENSP00000322323,9606.ENSP00000322716,9606.ENSP00000322845,9606.ENSP00000323099,9606.ENSP00000323588,9606.ENSP00000323635,9606.ENSP00000323816,9606.ENSP00000324343,9606.ENSP00000324510,9606.ENSP00000325120,9606.ENSP00000325313,9606.ENSP00000325776,9606.ENSP00000326519,9606.ENSP00000326550,9606.ENSP00000326563,9606.ENSP00000326570,9606.ENSP00000327760,9606.ENSP00000327786,9606.ENSP00000327821,9606.ENSP00000328174,9606.ENSP00000328228,9606.ENSP00000328245,9606.ENSP00000328347,9606.ENSP00000329200,9606.ENSP00000330382,9606.ENSP00000330878,9606.ENSP00000331111,9606.ENSP00000331302,9606.ENSP00000331376,9606.ENSP00000331462,9606.ENSP00000332049,9606.ENSP00000332293,9606.ENSP00000333212,9606.ENSP00000333223,9606.ENSP00000333363,9606.ENSP00000333539,9606.ENSP00000334448,9606.ENSP00000334538,9606.ENSP00000335247,9606.ENSP00000337224,9606.ENSP00000337816,9606.ENSP00000338185,9606.ENSP00000338217,9606.ENSP00000338807,9606.ENSP00000339532,9606.ENSP00000339720,9606.ENSP00000340648,9606.ENSP00000340896,9606.ENSP00000341051,9606.ENSP00000341324,9606.ENSP00000341382,9606.ENSP00000341610,9606.ENSP00000342023,9606.ENSP00000342278,9606.ENSP00000342699,9606.ENSP00000342850,9606.ENSP00000343172,9606.ENSP00000343535,9606.ENSP00000343657,9606.ENSP00000343885,9606.ENSP00000344220,9606.ENSP00000344392,9606.ENSP00000344458,9606.ENSP00000344937,9606.ENSP00000345681,9606.ENSP00000345848,9606.ENSP00000345853,9606.ENSP00000346175,9606.ENSP00000346603,9606.ENSP00000347409,9606.ENSP00000347821,9606.ENSP00000347852,9606.ENSP00000348381,9606.ENSP00000348527,9606.ENSP00000348573,9606.ENSP00000348645,9606.ENSP00000348708,9606.ENSP00000348775,9606.ENSP00000348931,9606.ENSP00000349204,9606.ENSP00000349205,9606.ENSP00000349439,9606.ENSP00000349568,9606.ENSP00000349708,9606.ENSP00000349877,9606.ENSP00000350249,9606.ENSP00000350266,9606.ENSP00000350310,9606.ENSP00000350386,9606.ENSP00000351008,9606.ENSP00000351075,9606.ENSP00000351250,9606.ENSP00000351407,9606.ENSP00000351446,9606.ENSP00000351575,9606.ENSP00000351619,9606.ENSP00000352288,9606.ENSP00000352516,9606.ENSP00000352544,9606.ENSP00000353408,9606.ENSP00000353874,9606.ENSP00000354003,9606.ENSP00000354314,9606.ENSP00000354511,9606.ENSP00000354560,9606.ENSP00000354607,9606.ENSP00000354633,9606.ENSP00000355022,9606.ENSP00000355162,9606.ENSP00000355237,9606.ENSP00000355385,9606.ENSP00000355465,9606.ENSP00000355467,9606.ENSP00000355470,9606.ENSP00000355492,9606.ENSP00000355500,9606.ENSP00000355517,9606.ENSP00000355631,9606.ENSP00000355632,9606.ENSP00000355652,9606.ENSP00000355927,9606.ENSP00000355929,9606.ENSP00000355968,9606.ENSP00000356024,9606.ENSP00000356104,9606.ENSP00000356150,9606.ENSP00000356357,9606.ENSP00000356448,9606.ENSP00000356579,9606.ENSP00000356634,9606.ENSP00000356641,9606.ENSP00000356671,9606.ENSP00000356674,9606.ENSP00000356723,9606.ENSP00000356825,9606.ENSP00000356840,9606.ENSP00000356864,9606.ENSP00000357022,9606.ENSP00000357036,9606.ENSP00000357288,9606.ENSP00000357838,9606.ENSP00000357873,9606.ENSP00000357914,9606.ENSP00000358060,9606.ENSP00000358064,9606.ENSP00000358120,9606.ENSP00000358142,9606.ENSP00000358421,9606.ENSP00000358490,9606.ENSP00000358501,9606.ENSP00000358548,9606.ENSP00000358727,9606.ENSP00000358778,9606.ENSP00000358854,9606.ENSP00000358903,9606.ENSP00000358925,9606.ENSP00000359042,9606.ENSP00000359049,9606.ENSP00000359114,9606.ENSP00000359222,9606.ENSP00000359224,9606.ENSP00000359345,9606.ENSP00000359380,9606.ENSP00000359557,9606.ENSP00000359976,9606.ENSP00000360162,9606.ENSP00000360250,9606.ENSP00000361383,9606.ENSP00000361990,9606.ENSP00000362018,9606.ENSP00000362058,9606.ENSP00000362171,9606.ENSP00000362298,9606.ENSP00000362299,9606.ENSP00000362372,9606.ENSP00000362441,9606.ENSP00000362563,9606.ENSP00000362674,9606.ENSP00000362748,9606.ENSP00000362763,9606.ENSP00000362931,9606.ENSP00000363089,9606.ENSP00000363524,9606.ENSP00000363591,9606.ENSP00000363640,9606.ENSP00000363891,9606.ENSP00000364018,9606.ENSP00000364037,9606.ENSP00000364166,9606.ENSP00000364289,9606.ENSP00000364324,9606.ENSP00000364389,9606.ENSP00000364403,9606.ENSP00000364591,9606.ENSP00000364737,9606.ENSP00000364782,9606.ENSP00000364794,9606.ENSP00000364870,9606.ENSP00000364949,9606.ENSP00000365433,9606.ENSP00000365441,9606.ENSP00000365505,9606.ENSP00000365550,9606.ENSP00000365858,9606.ENSP00000366307,9606.ENSP00000366404,9606.ENSP00000366475,9606.ENSP00000366798,9606.ENSP00000366898,9606.ENSP00000366945,9606.ENSP00000367024,9606.ENSP00000367406,9606.ENSP00000367817,9606.ENSP00000367880,9606.ENSP00000368127,9606.ENSP00000368318,9606.ENSP00000369009,9606.ENSP00000369251,9606.ENSP00000369411,9606.ENSP00000369442,9606.ENSP00000369887,9606.ENSP00000369899,9606.ENSP00000370517,9606.ENSP00000370698,9606.ENSP00000370842,9606.ENSP00000370990,9606.ENSP00000371037,9606.ENSP00000371067,9606.ENSP00000371180,9606.ENSP00000371425,9606.ENSP00000372274,9606.ENSP00000372445,9606.ENSP00000373304,9606.ENSP00000373600,9606.ENSP00000373979,9606.ENSP00000375063,9606.ENSP00000375836,9606.ENSP00000376097,9606.ENSP00000376135,9606.ENSP00000376197,9606.ENSP00000376268,9606.ENSP00000376352,9606.ENSP00000376753,9606.ENSP00000376899,9606.ENSP00000376992,9606.ENSP00000377055,9606.ENSP00000377176,9606.ENSP00000377245,9606.ENSP00000377411,9606.ENSP00000377504,9606.ENSP00000377681,9606.ENSP00000377971,9606.ENSP00000378058,9606.ENSP00000378131,9606.ENSP00000378356,9606.ENSP00000378416,9606.ENSP00000378426,9606.ENSP00000378784,9606.ENSP00000378920,9606.ENSP00000378935,9606.ENSP00000378974,9606.ENSP00000379047,9606.ENSP00000379078,9606.ENSP00000379111,9606.ENSP00000379330,9606.ENSP00000379387,9606.ENSP00000379621,9606.ENSP00000379654,9606.ENSP00000379773,9606.ENSP00000379808,9606.ENSP00000379911,9606.ENSP00000379946,9606.ENSP00000380071,9606.ENSP00000380087,9606.ENSP00000380256,9606.ENSP00000380514,9606.ENSP00000380679,9606.ENSP00000380759,9606.ENSP00000380878,9606.ENSP00000381823,9606.ENSP00000382382,9606.ENSP00000382953,9606.ENSP00000383295,9606.ENSP00000384015,9606.ENSP00000384524,9606.ENSP00000384527,9606.ENSP00000384582,9606.ENSP00000384899,9606.ENSP00000384957,9606.ENSP00000384996,9606.ENSP00000385000,9606.ENSP00000385721,9606.ENSP00000386520,9606.ENSP00000386787,9606.ENSP00000386962,9606.ENSP00000386992,9606.ENSP00000387471,9606.ENSP00000387699,9606.ENSP00000390204,9606.ENSP00000390423,9606.ENSP00000391101,9606.ENSP00000391167,9606.ENSP00000391311,9606.ENSP00000393183,9606.ENSP00000393198,9606.ENSP00000393313,9606.ENSP00000393557,9606.ENSP00000393847,9606.ENSP00000394560,9606.ENSP00000395232,9606.ENSP00000395723,9606.ENSP00000395929,9606.ENSP00000396345,9606.ENSP00000396615,9606.ENSP00000396755,9606.ENSP00000397261,9606.ENSP00000397563,9606.ENSP00000398211,9606.ENSP00000398698,9606.ENSP00000399851,9606.ENSP00000399862,9606.ENSP00000400157,9606.ENSP00000400175,9606.ENSP00000402257,9606.ENSP00000403077,9606.ENSP00000403226,9606.ENSP00000405926,9606.ENSP00000406027,9606.ENSP00000406549,9606.ENSP00000406674,9606.ENSP00000407545,9606.ENSP00000408005,9606.ENSP00000409126,9606.ENSP00000410186,9606.ENSP00000410216,9606.ENSP00000410452,9606.ENSP00000410798,9606.ENSP00000411848,9606.ENSP00000413625,9606.ENSP00000413720,9606.ENSP00000414150,9606.ENSP00000415676,9606.ENSP00000416033,9606.ENSP00000416387,9606.ENSP00000416534,9606.ENSP00000416750,9606.ENSP00000417335,9606.ENSP00000417573,9606.ENSP00000417710,9606.ENSP00000417748,9606.ENSP00000417769,9606.ENSP00000417960,9606.ENSP00000417980,9606.ENSP00000418735,9606.ENSP00000418944,9606.ENSP00000419879,9606.ENSP00000420525,9606.ENSP00000420588,9606.ENSP00000421592,9606.ENSP00000421801,9606.ENSP00000422581,9606.ENSP00000422591,9606.ENSP00000423067,9606.ENSP00000423820,9606.ENSP00000426033,9606.ENSP00000426809,9606.ENSP00000427552,9606.ENSP00000427793,9606.ENSP00000430656,9606.ENSP00000432511,9606.ENSP00000432660,9606.ENSP00000433681,9606.ENSP00000434676,9606.ENSP00000436604,9606.ENSP00000437532,9606.ENSP00000438406,9606.ENSP00000438483,9606.ENSP00000439768,9606.ENSP00000440915,9606.ENSP00000441158,9606.ENSP00000441641,9606.ENSP00000441954,9606.ENSP00000443291,9606.ENSP00000444810,9606.ENSP00000449381,9606.ENSP00000450337,9606.ENSP00000450480,9606.ENSP00000450969,9606.ENSP00000451172,9606.ENSP00000451406,9606.ENSP00000451506,9606.ENSP00000451583,9606.ENSP00000452877,9606.ENSP00000453562,9606.ENSP00000453801,9606.ENSP00000454545,9606.ENSP00000454973,9606.ENSP00000456340,9606.ENSP00000457421,9606.ENSP00000457810,9606.ENSP00000458585,9606.ENSP00000458879,9606.ENSP00000462054,9606.ENSP00000462729,9606.ENSP00000463051,9606.ENSP00000463254,9606.ENSP00000463978,9606.ENSP00000465075,9606.ENSP00000465260,9606.ENSP00000465589,9606.ENSP00000466542,9606.ENSP00000466664,9606.ENSP00000466907,9606.ENSP00000468785,9606.ENSP00000469142,9606.ENSP00000469158,9606.ENSP00000469534,9606.ENSP00000469696,9606.ENSP00000470142,9606.ENSP00000471700,9606.ENSP00000471896,9606.ENSP00000472802,9606.ENSP00000472914,9606.ENSP00000473665,9606.ENSP00000477856,9606.ENSP00000478257,9606.ENSP00000479207,9606.ENSP00000479617,9606.ENSP00000479667,9606.ENSP00000479860,9606.ENSP00000480091,9606.ENSP00000480524,9606.ENSP00000480680,9606.ENSP00000481850,9606.ENSP00000481859,9606.ENSP00000481893,9606.ENSP00000482032,9606.ENSP00000482232,9606.ENSP00000482732,9606.ENSP00000482760,9606.ENSP00000483059,9606.ENSP00000483228,9606.ENSP00000483397,9606.ENSP00000483537,9606.ENSP00000483570,9606.ENSP00000483667,9606.ENSP00000483946,9606.ENSP00000484060,9606.ENSP00000484176,9606.ENSP00000484810,9606.ENSP00000485010,9606.ENSP00000485513,9606.ENSP00000486725,9606.ENSP00000489024,9606.ENSP00000489597,9606.ENSP00000490829,9606.ENSP00000490842,9606.ENSP00000491717,9606.ENSP00000491941,9606.ENSP00000492233,9606.ENSP00000492557,9606.ENSP00000493536,9606.ENSP00000495240,9606.ENSP00000496396,9606.ENSP00000496625,9606.ENSP00000496870,9606.ENSP00000496876,9606.ENSP00000497069,9606.ENSP00000497294,9606.ENSP00000497310,9606.ENSP00000497569,9606.ENSP00000497594,9606.ENSP00000497916,9606.ENSP00000498019,9606.ENSP00000498241,9606.ENSP00000498622,9606.ENSP00000498791,9606.ENSP00000499037,9606.ENSP00000499371,9606.ENSP00000499569	CYP51A1,CREB3L3,KDM4B,KIF22,MRPS34,NDUFB4,HSD17B2,UQCRC1,GMIP,CMTM6,ADH1A,KLHL20,SF3A1,SNRPD3,ARSA,CBX7,HDAC10,DHRS7,CYP24A1,AURKA,UBOX5,RNF125,PSMD10,F9,USP11,GLA,ZNF263,ZNF500,DECR2,MEFV,MGA,DECR1,SNAPC2,FIZ1,EPHX3,DBP,EPOR,SLC5A5,ST6GALNAC2,AFM,SULT1E1,APOC3,ARPC3,HINT3,ACOT13,LNPEP,RARS1,EHHADH,GNAT1,HEATR5B,TFPI,ACADL,KISS1R,APOA1,ELF1,TBX2,TNFSF10,OCM,SRGN,ZC3H13,TNFAIP6,SNAI1,SLC17A1,IRF1,C3,SYMPK,CDC25B,SUGP1,ABHD8,TICAM1,GNGT1,GGT1,DNAJB9,ACKR4,LMAN1,DTWD1,SAFB2,NCAN,GDF15,HAUS8,RBSN,RAMP2,FLYWCH1,CHSY1,SMARCC1,ILKAP,AP3B1,KMT5C,PI4KA,IPO8,CATSPERB,TUT4,OCM2,PRPH,CDK4,MDM2,TMEM231,DYNC1LI2,FBXL8,TACO1,NDUFAF1,LRPPRC,TOPBP1,DNAJC13,SLC40A1,OSBPL8,CDK17,HEXB,MAN2A1,HERC2,SCARB1,UTP6,SPG11,HACD3,APH1B,FLT4,MARS1,MEOX2,LMF1,NUBP2,AXIN1,UBN1,ITGA2B,INVS,SRCAP,CCNE1,ELL,PHYH,KIF18A,HIRA,SYP,BRD4,NOTCH3,FAM20B,WDR76,RBBP5,ACAD11,ARRDC3,SIL1,ANKRD7,RBM27,TNPO3,NBN,EXOSC7,SCAP,FBXO3,GET4,RBM6,FBXO7,PLCZ1,LGR5,CPSF6,SNRPF,FANCM,TRIP11,SORD,COMMD4,BCL2A1,CYP11A1,RHCG,WDR93,MFGE8,IQGAP1,ZNF174,NDUFB10,ZNF750,AKAP8,CALR3,RCN3,ILDR2,NUF2,HMCN1,POGZ,GOLPH3L,WDPCP,MRPS5,CENPC,NAF1,FERD3L,CHST7,UHRF2,PPRC1,HIRIP3,ZNF385D,EPG5,MARS2,ITGA1,WASHC2A,UBP1,NRGN,ABCA6,TRIM11,CCSAP,OLA1,CA2,KLF10,AGPAT5,NUP205,FANCD2,APPL1,MRPL17,AMFR,PSKH1,CILP2,RNF126,HK3,PGLYRP2,WDR24,SLX4,AGL,MAIP1,ZNF514,HELQ,WDFY3,IFT122,ANKRA2,CYTH3,ZNF22,SEC61A2,HPRT1,LRRK2,VPS35,AMN,MS4A7,TPX2,CHAF1A,CD320,SOAT2,CYP7A1,SOX7,LGI3,TPST1,LRG1,ZNF296,HSPA4,ACOT12,PDS5A,LUZP1,RAC3,SNX7,MPLKIP,ANKS3,FASN,MSANTD4,S1PR1,SYNPO2,MMGT1,MRPL13,SLC9C1,KLF11,DONSON,LAMB2,TADA2B,PCSK1,F2,CATSPER1,B4GAT1,USP48,PSMD1,SLC26A7,SLCO4C1,MIS18BP1,CD34,CYP7B1,FANCI,UGT8,SRP68,NIPSNAP2,UBA6,ZNF436,PDS5B,DNAJA2,AGPAT4,MEIOB,ANO5,PRPF3,ZNF18,DPY19L2,CSH1,RTL3,FAM220A,ZFP42,RBBP6,CYBRD1,NEPRO,SPAST,F2R,DIAPH2,IMPDH2,FAM20C,GLYR1,ZMYM3,ATRIP,SOX2,FAM210A,AHRR,UPB1,BAIAP3,PGR,MAP1S,SERTM1,PAGR1,TACC3,KDM3B,FKRP,CLASP2,IZUMO1,XPOT,PIF1,CDCA2,ZNF71,FAM110C,STAC3,PDGFB,KPNA7,ZNRD1,ELOA2,SERHL2,ZNF704,CD86,ASCL2,CYP2U1,ZNF470,DNAH8,MIPOL1,GNG2,SREK1,STARD10,LRAT,MMP25,PLCB1,ZNF532,ZBTB49,THUMPD3,NDUFA4,HUWE1,ASH2L,CLEC18B,SRFBP1,SMC4,C15orf48,FBXO38,OAS2,CFAP36,SERPINA6,PRR27,USP7,MCCC2,PPA2,PDPK1,CLUAP1,PROZ,DPY19L3,GATA2,ANP32B,DUSP9,SETDB2,ZBTB45,KEL,MORC4,SORBS2,ADD3,CENPL,AKAP9,PXDNL,UPF2,ACOX3,FABP7,CRB3,PIK3R4,TXNDC11,CFAP43,ZMYM6,ATP13A1,POT1,DENND2D,ATP2B4,CHM,LCA5L,SUSD2,TRIM33,ARNT,WDR5,BDP1,PBLD,PLXNB2,DNMT1,CPLX2,MSN,TLR9,GYPA,HAO2,COMT,KIFAP3,FZD5,TAF11,TEDC2,TIGD4,CDC42BPB,R3HDM4,AHCTF1,SCCPDH,CNST,CATSPERE,CEP170,KMO,OTX1,GALNT2,RHOU,RPS6KC1,ANGEL2,SLC30A1,CR2,PM20D1,MDM4,LHX9,TPR,CEP350,PAPPA2,COP1,SERPINC1,ZBTB37,FMO4,ADCY10,POU2F1,MGST3,SLAMF7,SLAMF6,LAMTOR2,OAT,ACADSB,GABPB2,TARS2,RPRD2,PLEKHO1,SV2A,HSD3B1,CD2,CD58,NRAS,GSTO1,LRIF1,TAF5,CYP17A1,PSRC1,PRPF38B,HENMT1,COL11A1,TLCD4,ALG14,RPL5,SCD,LDOC1,CTH,SMARCA1,ENTPD1,AIF1L,UBR2,CENPI,NDUFS5,NAP1L3,SGPL1,ENG,BRWD3,ATRX,ZBTB43,HDAC8,TET1,ZBTB6,SRPK1,TLR4,KIF4A,BAK1,PHF1,SLC38A10,SPIN4,TEX10,TMEM225,NCBP1,FAM120C,CDC14B,UBR4,TSPYL2,CENPP,NEU1,IARS1,HSPB7,DDAH2,TCF19,CACNA1F,PLP2,GKAP1,GATA1,THBD,TRIM27,ATG2A,HMGN4,HIF3A,SLC25A51,NAA40,TAF2,PODXL,PIGO,C4orf47,PUSL1,BCLAF3,MAB21L1,RFC3,KL,SLTM,RRAGA,PFKP,IL6ST,IL33,SHOX,CATSPERD,JAK2,CATSPER2,IFNGR2,FBXO25,METTL17,CCDC174,LRRK1,TRAPPC9,NLRP5,HDLBP,URI1,ZNF605,TFRC,SEC14L1,PDK1,GIPC1,PTGFRN,BCL2L15,PRCP,SPATA7,KEAP1,NDUFA4L2,ZNF414,G3BP1,ANKLE1,EFEMP1,CFI,KIF20A,ALAS1,VKORC1,PHF20L1,SLC26A6,PPHLN1,MAPK8,CCDC51,EHMT2,IL4R,NFATC2,ZNF445,SNX16,MARF1,ZC3H7A,ATF7IP2,CENPK,BICRA,TIGD7,ZNF213,CCNF,HAGH,CCDC40,PRMT2,PPP3CC,SEC24A,USP47,GABRA5,NBEA,SUN1,ETV2,ZBTB40,ADGRV1,GATAD2A,F11,TBC1D10A,KIF2A,GGT2,RAD54L2,TMEM131L,CATSPERG,IPO11,CIAO2B,CREB1,HEPACAM2,CATSPER4,SLFN14,DENND4A,SEPTIN5,DCAF1,HES4,EPS15L1,SLC4A4,PLA2G10,MAPK9,MTFR2,ZNF200,NSD1,CHD9,GLB1L3,CNTD2,SELENBP1,TENT2,TTC21A,TNF,POLG,CNOT10,B3GNT9,RHOA,RUNX1T1,VKORC1L1,BHLHB9,TMED7,EPM2AIP1,TAF1,MOGAT1,ZBTB22,SLC9A3R2,ANO6,AK9,POC5,STMN1,FCGRT,MARCHF8,FNBP1,CDKN1C,ERG,GGTLC2,PROB1,FBLIM1,DDX46,STK33,ROBO2,YIPF6,DPPA2,DDI2,IQUB,CCDC39,EHMT1,ADAMTS9,PEG10,CDS2,TFR2,TFAM,ALYREF,HGFAC,TRIML2,SLIT2,WDR36,ZFP62,HELT,PROM1,DDR1,WWP1,CA1,JAK3,CFL1,NCAPD3,USP50,GALNT4,CCDC189,SLAMF1,KPNA2,TMEM50B,PRORP,CLTCL1,PRR14,SMAD5,FAR2,FKBP5,MAPKAPK5,PPFIA2,ATP10A,ZBTB33,SERPINA4,HSD17B6,TCL1A,DMAC2L,ZNF592,BCL2L10,WDR61,RBM15B,SCAPER,DET1,PECAM1,CENPT,MMP12,ZSCAN10,ZFP92,OTUD7B,GDF2,CCDC178,SLC16A3,SPC24,CBARP,ACSBG2,TLE2,SLC44A2,ZNF524,MBD1,NPAS1,SPHK2,WIZ,PDE4C,UPF1,FKBP8,IRF3,ZNF446,SUGP2,SBNO1,GGTLC3,CCNI2,GALNTL5,UHRF1,RPS6KA5,CIB1,NMRK2,GTF2IRD2B,SEMA3B,JADE3,PAN2,CNOT6,IP6K1,CGA,PTPN9,PCSK6,NR2C2,PPP4R3B,FSBP,C11orf65,BTK,CHD1,PHF19,PACSIN1,CLEC18A,ZNF274,CIITA,WASHC2C,PPIL2,KLF18,PTPN11,SPACA6,ZNF654,CATSPERZ,C2orf81,PIGN,PMIS2,SAMHD1,CHD8,AVPR2,CYP21A2,LRP2,ZMYM1,IGF1R,LHB,ALX3,DARS2,UBE3A,NDN,RPS17,INKA1,MIP,MED19,CBLB,ERCC6L2,SCN11A	2.4814860601221125	aquatic_slow_enrichment	False	False	False
GO Component	GO:0005891	Voltage-gated calcium channel complex	12	44	0.71	0.52	0.0054	9606.ENSP00000256343,9606.ENSP00000290039,9606.ENSP00000301050,9606.ENSP00000309052,9606.ENSP00000329200,9606.ENSP00000355492,9606.ENSP00000365441,9606.ENSP00000371037,9606.ENSP00000371180,9606.ENSP00000386962,9606.ENSP00000390423,9606.ENSP00000491717	CATSPERB,CACHD1,CACNB3,CATSPER1,STAC3,CATSPERE,CACNA1F,CATSPERD,CATSPER2,CATSPERG,CATSPER4,CATSPERZ	2.2676062401770314	aquatic_slow_enrichment	False	False	False
GO Component	GO:0005654	Nucleoplasm	279	4169	0.1	0.35	0.0067	9606.ENSP00000078445,9606.ENSP00000159111,9606.ENSP00000160827,9606.ENSP00000184266,9606.ENSP00000203556,9606.ENSP00000209668,9606.ENSP00000209884,9606.ENSP00000215793,9606.ENSP00000215829,9606.ENSP00000216133,9606.ENSP00000216271,9606.ENSP00000216911,9606.ENSP00000217173,9606.ENSP00000217958,9606.ENSP00000218348,9606.ENSP00000219478,9606.ENSP00000219596,9606.ENSP00000219905,9606.ENSP00000220764,9606.ENSP00000221573,9606.ENSP00000222139,9606.ENSP00000231572,9606.ENSP00000233099,9606.ENSP00000239882,9606.ENSP00000242848,9606.ENSP00000244050,9606.ENSP00000245414,9606.ENSP00000245934,9606.ENSP00000245960,9606.ENSP00000247001,9606.ENSP00000252542,9606.ENSP00000253928,9606.ENSP00000254480,9606.ENSP00000254654,9606.ENSP00000255613,9606.ENSP00000256079,9606.ENSP00000257904,9606.ENSP00000258149,9606.ENSP00000260665,9606.ENSP00000260810,9606.ENSP00000261024,9606.ENSP00000261609,9606.ENSP00000261708,9606.ENSP00000261937,9606.ENSP00000262041,9606.ENSP00000262376,9606.ENSP00000262518,9606.ENSP00000262643,9606.ENSP00000262809,9606.ENSP00000263208,9606.ENSP00000263377,9606.ENSP00000263388,9606.ENSP00000263733,9606.ENSP00000264515,9606.ENSP00000265224,9606.ENSP00000265271,9606.ENSP00000265433,9606.ENSP00000265564,9606.ENSP00000265651,9606.ENSP00000265857,9606.ENSP00000266087,9606.ENSP00000266505,9606.ENSP00000266674,9606.ENSP00000266679,9606.ENSP00000266735,9606.ENSP00000267430,9606.ENSP00000267622,9606.ENSP00000268655,9606.ENSP00000269701,9606.ENSP00000271452,9606.ENSP00000271715,9606.ENSP00000273853,9606.ENSP00000274054,9606.ENSP00000276893,9606.ENSP00000278070,9606.ENSP00000279392,9606.ENSP00000283629,9606.ENSP00000284425,9606.ENSP00000284551,9606.ENSP00000287647,9606.ENSP00000291041,9606.ENSP00000292363,9606.ENSP00000294008,9606.ENSP00000295888,9606.ENSP00000297044,9606.ENSP00000298299,9606.ENSP00000300403,9606.ENSP00000301921,9606.ENSP00000303246,9606.ENSP00000303427,9606.ENSP00000304553,9606.ENSP00000305416,9606.ENSP00000306015,9606.ENSP00000307023,9606.ENSP00000308022,9606.ENSP00000309262,9606.ENSP00000309474,9606.ENSP00000309790,9606.ENSP00000310842,9606.ENSP00000313582,9606.ENSP00000313851,9606.ENSP00000315379,9606.ENSP00000317872,9606.ENSP00000320885,9606.ENSP00000322716,9606.ENSP00000322845,9606.ENSP00000323099,9606.ENSP00000323588,9606.ENSP00000323816,9606.ENSP00000325120,9606.ENSP00000325313,9606.ENSP00000326519,9606.ENSP00000326563,9606.ENSP00000326570,9606.ENSP00000327821,9606.ENSP00000328174,9606.ENSP00000328228,9606.ENSP00000329200,9606.ENSP00000330878,9606.ENSP00000331111,9606.ENSP00000331302,9606.ENSP00000333223,9606.ENSP00000334538,9606.ENSP00000338185,9606.ENSP00000338807,9606.ENSP00000340648,9606.ENSP00000340896,9606.ENSP00000341382,9606.ENSP00000342278,9606.ENSP00000343535,9606.ENSP00000344392,9606.ENSP00000345681,9606.ENSP00000345848,9606.ENSP00000346175,9606.ENSP00000346603,9606.ENSP00000347409,9606.ENSP00000347821,9606.ENSP00000348527,9606.ENSP00000350249,9606.ENSP00000350266,9606.ENSP00000351250,9606.ENSP00000351407,9606.ENSP00000351446,9606.ENSP00000351575,9606.ENSP00000352516,9606.ENSP00000354003,9606.ENSP00000354633,9606.ENSP00000355465,9606.ENSP00000355929,9606.ENSP00000356150,9606.ENSP00000356448,9606.ENSP00000356641,9606.ENSP00000356674,9606.ENSP00000356840,9606.ENSP00000357838,9606.ENSP00000358064,9606.ENSP00000358490,9606.ENSP00000358778,9606.ENSP00000358854,9606.ENSP00000358925,9606.ENSP00000359345,9606.ENSP00000359557,9606.ENSP00000360162,9606.ENSP00000362018,9606.ENSP00000362299,9606.ENSP00000362441,9606.ENSP00000362674,9606.ENSP00000362748,9606.ENSP00000362763,9606.ENSP00000362931,9606.ENSP00000363524,9606.ENSP00000363640,9606.ENSP00000364018,9606.ENSP00000364037,9606.ENSP00000364289,9606.ENSP00000364389,9606.ENSP00000364403,9606.ENSP00000364591,9606.ENSP00000364737,9606.ENSP00000364794,9606.ENSP00000364870,9606.ENSP00000365858,9606.ENSP00000366404,9606.ENSP00000366898,9606.ENSP00000367024,9606.ENSP00000367406,9606.ENSP00000369411,9606.ENSP00000369887,9606.ENSP00000369899,9606.ENSP00000370842,9606.ENSP00000370990,9606.ENSP00000371067,9606.ENSP00000372445,9606.ENSP00000373304,9606.ENSP00000376097,9606.ENSP00000376268,9606.ENSP00000377176,9606.ENSP00000377245,9606.ENSP00000377971,9606.ENSP00000378356,9606.ENSP00000378416,9606.ENSP00000378784,9606.ENSP00000378935,9606.ENSP00000378974,9606.ENSP00000379078,9606.ENSP00000379111,9606.ENSP00000379330,9606.ENSP00000379911,9606.ENSP00000380759,9606.ENSP00000382382,9606.ENSP00000382953,9606.ENSP00000384899,9606.ENSP00000385000,9606.ENSP00000386992,9606.ENSP00000387471,9606.ENSP00000387699,9606.ENSP00000390204,9606.ENSP00000393183,9606.ENSP00000394560,9606.ENSP00000395929,9606.ENSP00000396345,9606.ENSP00000402257,9606.ENSP00000406549,9606.ENSP00000410186,9606.ENSP00000410216,9606.ENSP00000416033,9606.ENSP00000416534,9606.ENSP00000417710,9606.ENSP00000417748,9606.ENSP00000417980,9606.ENSP00000418944,9606.ENSP00000421592,9606.ENSP00000422581,9606.ENSP00000423067,9606.ENSP00000433681,9606.ENSP00000438483,9606.ENSP00000440915,9606.ENSP00000441641,9606.ENSP00000441954,9606.ENSP00000444810,9606.ENSP00000449381,9606.ENSP00000450969,9606.ENSP00000451506,9606.ENSP00000453801,9606.ENSP00000454545,9606.ENSP00000454973,9606.ENSP00000457810,9606.ENSP00000458879,9606.ENSP00000465075,9606.ENSP00000466542,9606.ENSP00000468785,9606.ENSP00000469158,9606.ENSP00000469534,9606.ENSP00000470142,9606.ENSP00000471896,9606.ENSP00000472914,9606.ENSP00000479617,9606.ENSP00000479667,9606.ENSP00000479860,9606.ENSP00000480091,9606.ENSP00000480524,9606.ENSP00000481850,9606.ENSP00000482032,9606.ENSP00000482732,9606.ENSP00000483059,9606.ENSP00000483228,9606.ENSP00000483397,9606.ENSP00000483667,9606.ENSP00000483946,9606.ENSP00000485010,9606.ENSP00000486725,9606.ENSP00000489597,9606.ENSP00000493536,9606.ENSP00000495240,9606.ENSP00000497569,9606.ENSP00000497916,9606.ENSP00000498019,9606.ENSP00000499037,9606.ENSP00000499371	CREB3L3,KDM4B,KIF22,NDUFB4,GMIP,ADH1A,KLHL20,SF3A1,SNRPD3,CBX7,HDAC10,AURKA,UBOX5,PSMD10,USP11,ZNF500,MEFV,MGA,DECR1,SNAPC2,EPOR,RARS1,HEATR5B,ELF1,ZC3H13,SNAI1,IRF1,SYMPK,CDC25B,SUGP1,SAFB2,FLYWCH1,SMARCC1,ILKAP,KMT5C,IPO8,CDK4,MDM2,LRPPRC,TOPBP1,SLC40A1,HERC2,UTP6,FLT4,MEOX2,UBN1,SRCAP,CCNE1,ELL,HIRA,BRD4,NOTCH3,FAM20B,RBBP5,ANKRD7,RBM27,NBN,EXOSC7,FBXO3,GET4,FBXO7,PLCZ1,LGR5,CPSF6,SNRPF,FANCM,TRIP11,ZNF174,AKAP8,NUF2,POGZ,CENPC,NAF1,UHRF2,PPRC1,HIRIP3,UBP1,ABCA6,TRIM11,FANCD2,PSKH1,RNF126,SLX4,WDFY3,CYTH3,ZNF22,TPX2,SOX7,ACOT12,PDS5A,MPLKIP,S1PR1,SYNPO2,KLF11,TADA2B,USP48,PSMD1,MIS18BP1,FANCI,ZNF436,PDS5B,PRPF3,RBBP6,SPAST,GLYR1,ZMYM3,ATRIP,SOX2,AHRR,PGR,MAP1S,PAGR1,KDM3B,FKRP,XPOT,PIF1,CDCA2,STAC3,KPNA7,ZNRD1,ELOA2,ZNF470,SREK1,PLCB1,ZBTB49,HUWE1,ASH2L,SMC4,OAS2,USP7,CLUAP1,GATA2,ANP32B,SETDB2,ZBTB45,KEL,MORC4,CENPL,POT1,DENND2D,TRIM33,ARNT,WDR5,BDP1,DNMT1,GYPA,TAF11,AHCTF1,ANGEL2,MDM4,TPR,COP1,ZBTB37,POU2F1,OAT,RPRD2,CD2,LRIF1,TAF5,PSRC1,RPL5,LDOC1,SMARCA1,CENPI,ENG,ATRX,HDAC8,TET1,ZBTB6,SRPK1,KIF4A,PHF1,SPIN4,TEX10,NCBP1,CDC14B,UBR4,TSPYL2,CENPP,IARS1,HSPB7,GATA1,TRIM27,HIF3A,NAA40,TAF2,RFC3,SLTM,RRAGA,IL33,SHOX,JAK2,METTL17,CCDC174,URI1,SEC14L1,SPATA7,KEAP1,ANKLE1,KIF20A,ALAS1,PHF20L1,PPHLN1,MAPK8,EHMT2,IL4R,NFATC2,CENPK,PRMT2,USP47,GABRA5,GATAD2A,KIF2A,IPO11,CIAO2B,CREB1,HEPACAM2,DCAF1,MAPK9,NSD1,CHD9,RUNX1T1,TAF1,AK9,POC5,PROB1,DDX46,DPPA2,DDI2,EHMT1,PEG10,ALYREF,TRIML2,WDR36,NCAPD3,KPNA2,PRORP,PRR14,SMAD5,FKBP5,MAPKAPK5,ZBTB33,TCL1A,WDR61,RBM15B,SCAPER,CENPT,ZSCAN10,SPC24,TLE2,MBD1,SPHK2,WIZ,UPF1,IRF3,SUGP2,UHRF1,RPS6KA5,CIB1,NMRK2,GTF2IRD2B,JADE3,IP6K1,PTPN9,NR2C2,PPP4R3B,FSBP,CHD1,PHF19,CIITA,PPIL2,PTPN11,SAMHD1,CHD8,DARS2,NDN,RPS17,CBLB,ERCC6L2	2.1739251972991736	aquatic_slow_enrichment	False	False	False
GO Component	GO:0005694	Chromosome	140	1850	0.15	0.37	0.0072	9606.ENSP00000078445,9606.ENSP00000159111,9606.ENSP00000160827,9606.ENSP00000216133,9606.ENSP00000218348,9606.ENSP00000219905,9606.ENSP00000221665,9606.ENSP00000222122,9606.ENSP00000228825,9606.ENSP00000239882,9606.ENSP00000240328,9606.ENSP00000244050,9606.ENSP00000245414,9606.ENSP00000254480,9606.ENSP00000255613,9606.ENSP00000257904,9606.ENSP00000258198,9606.ENSP00000260665,9606.ENSP00000260810,9606.ENSP00000261708,9606.ENSP00000262041,9606.ENSP00000262518,9606.ENSP00000262809,9606.ENSP00000263181,9606.ENSP00000263208,9606.ENSP00000263377,9606.ENSP00000263795,9606.ENSP00000265433,9606.ENSP00000265857,9606.ENSP00000266679,9606.ENSP00000267430,9606.ENSP00000268655,9606.ENSP00000269701,9606.ENSP00000271452,9606.ENSP00000271715,9606.ENSP00000273853,9606.ENSP00000275461,9606.ENSP00000276893,9606.ENSP00000283629,9606.ENSP00000285407,9606.ENSP00000287647,9606.ENSP00000294008,9606.ENSP00000295488,9606.ENSP00000301280,9606.ENSP00000301921,9606.ENSP00000303427,9606.ENSP00000307023,9606.ENSP00000307143,9606.ENSP00000309790,9606.ENSP00000310842,9606.ENSP00000313851,9606.ENSP00000314484,9606.ENSP00000316054,9606.ENSP00000317872,9606.ENSP00000322716,9606.ENSP00000323588,9606.ENSP00000323816,9606.ENSP00000325120,9606.ENSP00000326563,9606.ENSP00000327760,9606.ENSP00000328174,9606.ENSP00000328228,9606.ENSP00000332293,9606.ENSP00000334675,9606.ENSP00000338185,9606.ENSP00000340896,9606.ENSP00000341382,9606.ENSP00000343535,9606.ENSP00000346175,9606.ENSP00000348381,9606.ENSP00000348527,9606.ENSP00000350249,9606.ENSP00000351407,9606.ENSP00000352516,9606.ENSP00000354560,9606.ENSP00000355465,9606.ENSP00000355631,9606.ENSP00000356357,9606.ENSP00000356448,9606.ENSP00000356674,9606.ENSP00000356840,9606.ENSP00000358778,9606.ENSP00000358854,9606.ENSP00000360116,9606.ENSP00000360162,9606.ENSP00000361990,9606.ENSP00000362018,9606.ENSP00000362171,9606.ENSP00000362441,9606.ENSP00000362563,9606.ENSP00000362674,9606.ENSP00000362748,9606.ENSP00000362931,9606.ENSP00000363524,9606.ENSP00000363640,9606.ENSP00000364591,9606.ENSP00000364737,9606.ENSP00000365858,9606.ENSP00000366798,9606.ENSP00000366898,9606.ENSP00000369411,9606.ENSP00000370842,9606.ENSP00000370990,9606.ENSP00000371067,9606.ENSP00000377801,9606.ENSP00000378935,9606.ENSP00000379078,9606.ENSP00000379330,9606.ENSP00000379911,9606.ENSP00000379946,9606.ENSP00000384899,9606.ENSP00000387699,9606.ENSP00000393198,9606.ENSP00000395929,9606.ENSP00000406549,9606.ENSP00000407545,9606.ENSP00000414150,9606.ENSP00000417748,9606.ENSP00000417980,9606.ENSP00000426033,9606.ENSP00000433681,9606.ENSP00000441641,9606.ENSP00000441954,9606.ENSP00000450969,9606.ENSP00000453801,9606.ENSP00000457810,9606.ENSP00000465075,9606.ENSP00000468785,9606.ENSP00000469142,9606.ENSP00000469158,9606.ENSP00000470142,9606.ENSP00000471896,9606.ENSP00000472802,9606.ENSP00000479617,9606.ENSP00000483059,9606.ENSP00000483228,9606.ENSP00000483667,9606.ENSP00000493536,9606.ENSP00000495240,9606.ENSP00000497310	CREB3L3,KDM4B,KIF22,CBX7,USP11,MGA,FIZ1,DBP,ARPC3,ELF1,TBX2,SNAI1,IRF1,SMARCC1,KMT5C,CDK4,DYNC1LI2,LRPPRC,TOPBP1,UTP6,MEOX2,SRCAP,ELL,KIF18A,HIRA,BRD4,WDR76,NBN,GET4,CPSF6,FANCM,ZNF174,AKAP8,NUF2,POGZ,CENPC,FERD3L,UHRF2,UBP1,KLF10,FANCD2,SLX4,HELQ,CHAF1A,SOX7,PDS5A,KLF11,DONSON,MIS18BP1,FANCI,PDS5B,MEIOB,DVL3,RBBP6,GLYR1,SOX2,AHRR,PGR,KDM3B,CLASP2,PIF1,CDCA2,ASCL2,ERCC6L,PLCB1,ASH2L,SMC4,USP7,SETDB2,ADD3,CENPL,POT1,ARNT,DNMT1,KIFAP3,AHCTF1,OTX1,LHX9,TPR,ZBTB37,POU2F1,LRIF1,TAF5,UBE2U,SMARCA1,UBR2,CENPI,NAP1L3,ATRX,ZBTB43,HDAC8,TET1,SRPK1,KIF4A,PHF1,TSPYL2,CENPP,GATA1,HMGN4,HIF3A,RFC3,IL33,SHOX,JAK2,RCCD1,PPHLN1,EHMT2,NFATC2,CENPK,BICRA,GATAD2A,CREB1,HES4,NSD1,TAF1,ZBTB22,ERG,DDI2,EHMT1,HELT,NCAPD3,PRR14,SMAD5,ZBTB33,WDR61,CENPT,SPC24,MBD1,NPAS1,SPHK2,UPF1,IRF3,ZNF446,UHRF1,NR2C2,PPP4R3B,CHD1,SAMHD1,CHD8,ALX3	2.1426675035687315	aquatic_slow_enrichment	False	False	False
GO Component	GO:0043226	Organelle	804	14017	0.03	0.31	0.0113	9606.ENSP00000003100,9606.ENSP00000078445,9606.ENSP00000159111,9606.ENSP00000160827,9606.ENSP00000177742,9606.ENSP00000184266,9606.ENSP00000199936,9606.ENSP00000203407,9606.ENSP00000203556,9606.ENSP00000205636,9606.ENSP00000209668,9606.ENSP00000209884,9606.ENSP00000215793,9606.ENSP00000215829,9606.ENSP00000216124,9606.ENSP00000216133,9606.ENSP00000216271,9606.ENSP00000216500,9606.ENSP00000216862,9606.ENSP00000216911,9606.ENSP00000217173,9606.ENSP00000217740,9606.ENSP00000217958,9606.ENSP00000218099,9606.ENSP00000218348,9606.ENSP00000218516,9606.ENSP00000219069,9606.ENSP00000219478,9606.ENSP00000219481,9606.ENSP00000219596,9606.ENSP00000219905,9606.ENSP00000220764,9606.ENSP00000221573,9606.ENSP00000221665,9606.ENSP00000221730,9606.ENSP00000222122,9606.ENSP00000222139,9606.ENSP00000222248,9606.ENSP00000225276,9606.ENSP00000226355,9606.ENSP00000226444,9606.ENSP00000227667,9606.ENSP00000228825,9606.ENSP00000229633,9606.ENSP00000230048,9606.ENSP00000231368,9606.ENSP00000231572,9606.ENSP00000231887,9606.ENSP00000232461,9606.ENSP00000233099,9606.ENSP00000233156,9606.ENSP00000233710,9606.ENSP00000234371,9606.ENSP00000236850,9606.ENSP00000239882,9606.ENSP00000240328,9606.ENSP00000241261,9606.ENSP00000242104,9606.ENSP00000242465,9606.ENSP00000242848,9606.ENSP00000243347,9606.ENSP00000244050,9606.ENSP00000244527,9606.ENSP00000245414,9606.ENSP00000245907,9606.ENSP00000245934,9606.ENSP00000245960,9606.ENSP00000247001,9606.ENSP00000247706,9606.ENSP00000248244,9606.ENSP00000248572,9606.ENSP00000248923,9606.ENSP00000249356,9606.ENSP00000249887,9606.ENSP00000251047,9606.ENSP00000251250,9606.ENSP00000252542,9606.ENSP00000252575,9606.ENSP00000252809,9606.ENSP00000253669,9606.ENSP00000253699,9606.ENSP00000253796,9606.ENSP00000253928,9606.ENSP00000254190,9606.ENSP00000254480,9606.ENSP00000254654,9606.ENSP00000255194,9606.ENSP00000255613,9606.ENSP00000255882,9606.ENSP00000256079,9606.ENSP00000256343,9606.ENSP00000257177,9606.ENSP00000257627,9606.ENSP00000257860,9606.ENSP00000257904,9606.ENSP00000258149,9606.ENSP00000258173,9606.ENSP00000258198,9606.ENSP00000258200,9606.ENSP00000258975,9606.ENSP00000260361,9606.ENSP00000260665,9606.ENSP00000260810,9606.ENSP00000260818,9606.ENSP00000261024,9606.ENSP00000261183,9606.ENSP00000261211,9606.ENSP00000261416,9606.ENSP00000261483,9606.ENSP00000261609,9606.ENSP00000261693,9606.ENSP00000261708,9606.ENSP00000261866,9606.ENSP00000261875,9606.ENSP00000261879,9606.ENSP00000261937,9606.ENSP00000262027,9606.ENSP00000262041,9606.ENSP00000262301,9606.ENSP00000262302,9606.ENSP00000262320,9606.ENSP00000262376,9606.ENSP00000262407,9606.ENSP00000262457,9606.ENSP00000262518,9606.ENSP00000262643,9606.ENSP00000262809,9606.ENSP00000263038,9606.ENSP00000263181,9606.ENSP00000263208,9606.ENSP00000263233,9606.ENSP00000263377,9606.ENSP00000263388,9606.ENSP00000263733,9606.ENSP00000263795,9606.ENSP00000264515,9606.ENSP00000264990,9606.ENSP00000265138,9606.ENSP00000265195,9606.ENSP00000265224,9606.ENSP00000265271,9606.ENSP00000265388,9606.ENSP00000265433,9606.ENSP00000265564,9606.ENSP00000265565,9606.ENSP00000265651,9606.ENSP00000265857,9606.ENSP00000266022,9606.ENSP00000266087,9606.ENSP00000266505,9606.ENSP00000266674,9606.ENSP00000266679,9606.ENSP00000266735,9606.ENSP00000267430,9606.ENSP00000267622,9606.ENSP00000267814,9606.ENSP00000267935,9606.ENSP00000267953,9606.ENSP00000268053,9606.ENSP00000268122,9606.ENSP00000268130,9606.ENSP00000268150,9606.ENSP00000268182,9606.ENSP00000268655,9606.ENSP00000268668,9606.ENSP00000269394,9606.ENSP00000269701,9606.ENSP00000269881,9606.ENSP00000270645,9606.ENSP00000271417,9606.ENSP00000271452,9606.ENSP00000271588,9606.ENSP00000271715,9606.ENSP00000271732,9606.ENSP00000272321,9606.ENSP00000272418,9606.ENSP00000273853,9606.ENSP00000274054,9606.ENSP00000275461,9606.ENSP00000276055,9606.ENSP00000276893,9606.ENSP00000278070,9606.ENSP00000279392,9606.ENSP00000281523,9606.ENSP00000282041,9606.ENSP00000282276,9606.ENSP00000282588,9606.ENSP00000282633,9606.ENSP00000283629,9606.ENSP00000284292,9606.ENSP00000284425,9606.ENSP00000284551,9606.ENSP00000284617,9606.ENSP00000284719,9606.ENSP00000285379,9606.ENSP00000285407,9606.ENSP00000285518,9606.ENSP00000285968,9606.ENSP00000287647,9606.ENSP00000288266,9606.ENSP00000288937,9606.ENSP00000290649,9606.ENSP00000291041,9606.ENSP00000291495,9606.ENSP00000292363,9606.ENSP00000292432,9606.ENSP00000292609,9606.ENSP00000293879,9606.ENSP00000293883,9606.ENSP00000294008,9606.ENSP00000294724,9606.ENSP00000295079,9606.ENSP00000295208,9606.ENSP00000295488,9606.ENSP00000295756,9606.ENSP00000295888,9606.ENSP00000296266,9606.ENSP00000296785,9606.ENSP00000297044,9606.ENSP00000298292,9606.ENSP00000298299,9606.ENSP00000298428,9606.ENSP00000298556,9606.ENSP00000298910,9606.ENSP00000299138,9606.ENSP00000299155,9606.ENSP00000300184,9606.ENSP00000300403,9606.ENSP00000301280,9606.ENSP00000301458,9606.ENSP00000301466,9606.ENSP00000301645,9606.ENSP00000301921,9606.ENSP00000302297,9606.ENSP00000302413,9606.ENSP00000302621,9606.ENSP00000302770,9606.ENSP00000302961,9606.ENSP00000303246,9606.ENSP00000303427,9606.ENSP00000303758,9606.ENSP00000304283,9606.ENSP00000304429,9606.ENSP00000304553,9606.ENSP00000304586,9606.ENSP00000304592,9606.ENSP00000304713,9606.ENSP00000305416,9606.ENSP00000306015,9606.ENSP00000306220,9606.ENSP00000306548,9606.ENSP00000306627,9606.ENSP00000306997,9606.ENSP00000307023,9606.ENSP00000307143,9606.ENSP00000307156,9606.ENSP00000308022,9606.ENSP00000308024,9606.ENSP00000308541,9606.ENSP00000309052,9606.ENSP00000309096,9606.ENSP00000309262,9606.ENSP00000309474,9606.ENSP00000309504,9606.ENSP00000309597,9606.ENSP00000309741,9606.ENSP00000309790,9606.ENSP00000310036,9606.ENSP00000310721,9606.ENSP00000310842,9606.ENSP00000311648,9606.ENSP00000312066,9606.ENSP00000312293,9606.ENSP00000313050,9606.ENSP00000313454,9606.ENSP00000313582,9606.ENSP00000313851,9606.ENSP00000314030,9606.ENSP00000314036,9606.ENSP00000314484,9606.ENSP00000315371,9606.ENSP00000315379,9606.ENSP00000315664,9606.ENSP00000315713,9606.ENSP00000315988,9606.ENSP00000316054,9606.ENSP00000316416,9606.ENSP00000316794,9606.ENSP00000317289,9606.ENSP00000317686,9606.ENSP00000317872,9606.ENSP00000318029,9606.ENSP00000319141,9606.ENSP00000320251,9606.ENSP00000320885,9606.ENSP00000321326,9606.ENSP00000321348,9606.ENSP00000321584,9606.ENSP00000322323,9606.ENSP00000322716,9606.ENSP00000322845,9606.ENSP00000323099,9606.ENSP00000323588,9606.ENSP00000323635,9606.ENSP00000323816,9606.ENSP00000324127,9606.ENSP00000324343,9606.ENSP00000324510,9606.ENSP00000325120,9606.ENSP00000325313,9606.ENSP00000325776,9606.ENSP00000325785,9606.ENSP00000326519,9606.ENSP00000326550,9606.ENSP00000326563,9606.ENSP00000326570,9606.ENSP00000327760,9606.ENSP00000327786,9606.ENSP00000327821,9606.ENSP00000328174,9606.ENSP00000328228,9606.ENSP00000328245,9606.ENSP00000328347,9606.ENSP00000329200,9606.ENSP00000330382,9606.ENSP00000330878,9606.ENSP00000331111,9606.ENSP00000331302,9606.ENSP00000331376,9606.ENSP00000331462,9606.ENSP00000332049,9606.ENSP00000332293,9606.ENSP00000333212,9606.ENSP00000333223,9606.ENSP00000333363,9606.ENSP00000333539,9606.ENSP00000334448,9606.ENSP00000334538,9606.ENSP00000334675,9606.ENSP00000335247,9606.ENSP00000337224,9606.ENSP00000337816,9606.ENSP00000338185,9606.ENSP00000338217,9606.ENSP00000338807,9606.ENSP00000339532,9606.ENSP00000339720,9606.ENSP00000340648,9606.ENSP00000340896,9606.ENSP00000341051,9606.ENSP00000341324,9606.ENSP00000341382,9606.ENSP00000341610,9606.ENSP00000342023,9606.ENSP00000342278,9606.ENSP00000342699,9606.ENSP00000342850,9606.ENSP00000343172,9606.ENSP00000343535,9606.ENSP00000343629,9606.ENSP00000343657,9606.ENSP00000343885,9606.ENSP00000344220,9606.ENSP00000344392,9606.ENSP00000344458,9606.ENSP00000344937,9606.ENSP00000345681,9606.ENSP00000345848,9606.ENSP00000345853,9606.ENSP00000346175,9606.ENSP00000346603,9606.ENSP00000347409,9606.ENSP00000347532,9606.ENSP00000347719,9606.ENSP00000347821,9606.ENSP00000347852,9606.ENSP00000348169,9606.ENSP00000348349,9606.ENSP00000348381,9606.ENSP00000348527,9606.ENSP00000348573,9606.ENSP00000348645,9606.ENSP00000348708,9606.ENSP00000348775,9606.ENSP00000348931,9606.ENSP00000349204,9606.ENSP00000349205,9606.ENSP00000349439,9606.ENSP00000349568,9606.ENSP00000349708,9606.ENSP00000349877,9606.ENSP00000350249,9606.ENSP00000350266,9606.ENSP00000350310,9606.ENSP00000350386,9606.ENSP00000351008,9606.ENSP00000351075,9606.ENSP00000351250,9606.ENSP00000351407,9606.ENSP00000351446,9606.ENSP00000351575,9606.ENSP00000351619,9606.ENSP00000352288,9606.ENSP00000352516,9606.ENSP00000352544,9606.ENSP00000353408,9606.ENSP00000353538,9606.ENSP00000353874,9606.ENSP00000354003,9606.ENSP00000354314,9606.ENSP00000354511,9606.ENSP00000354560,9606.ENSP00000354607,9606.ENSP00000354633,9606.ENSP00000354878,9606.ENSP00000355022,9606.ENSP00000355162,9606.ENSP00000355237,9606.ENSP00000355385,9606.ENSP00000355465,9606.ENSP00000355467,9606.ENSP00000355470,9606.ENSP00000355492,9606.ENSP00000355500,9606.ENSP00000355517,9606.ENSP00000355631,9606.ENSP00000355632,9606.ENSP00000355652,9606.ENSP00000355927,9606.ENSP00000355929,9606.ENSP00000355968,9606.ENSP00000356024,9606.ENSP00000356104,9606.ENSP00000356150,9606.ENSP00000356357,9606.ENSP00000356448,9606.ENSP00000356579,9606.ENSP00000356634,9606.ENSP00000356641,9606.ENSP00000356671,9606.ENSP00000356674,9606.ENSP00000356723,9606.ENSP00000356825,9606.ENSP00000356840,9606.ENSP00000356864,9606.ENSP00000357022,9606.ENSP00000357036,9606.ENSP00000357288,9606.ENSP00000357474,9606.ENSP00000357838,9606.ENSP00000357873,9606.ENSP00000357914,9606.ENSP00000358060,9606.ENSP00000358064,9606.ENSP00000358120,9606.ENSP00000358142,9606.ENSP00000358421,9606.ENSP00000358490,9606.ENSP00000358501,9606.ENSP00000358548,9606.ENSP00000358727,9606.ENSP00000358778,9606.ENSP00000358854,9606.ENSP00000358903,9606.ENSP00000358925,9606.ENSP00000359042,9606.ENSP00000359049,9606.ENSP00000359114,9606.ENSP00000359222,9606.ENSP00000359224,9606.ENSP00000359345,9606.ENSP00000359380,9606.ENSP00000359557,9606.ENSP00000359976,9606.ENSP00000360116,9606.ENSP00000360162,9606.ENSP00000360250,9606.ENSP00000361383,9606.ENSP00000361990,9606.ENSP00000362018,9606.ENSP00000362058,9606.ENSP00000362171,9606.ENSP00000362298,9606.ENSP00000362299,9606.ENSP00000362372,9606.ENSP00000362441,9606.ENSP00000362563,9606.ENSP00000362674,9606.ENSP00000362748,9606.ENSP00000362751,9606.ENSP00000362763,9606.ENSP00000362931,9606.ENSP00000363089,9606.ENSP00000363524,9606.ENSP00000363591,9606.ENSP00000363640,9606.ENSP00000363891,9606.ENSP00000364018,9606.ENSP00000364037,9606.ENSP00000364166,9606.ENSP00000364289,9606.ENSP00000364324,9606.ENSP00000364389,9606.ENSP00000364403,9606.ENSP00000364591,9606.ENSP00000364737,9606.ENSP00000364782,9606.ENSP00000364794,9606.ENSP00000364870,9606.ENSP00000364949,9606.ENSP00000365433,9606.ENSP00000365441,9606.ENSP00000365505,9606.ENSP00000365550,9606.ENSP00000365858,9606.ENSP00000366307,9606.ENSP00000366404,9606.ENSP00000366475,9606.ENSP00000366798,9606.ENSP00000366898,9606.ENSP00000366945,9606.ENSP00000367024,9606.ENSP00000367406,9606.ENSP00000367817,9606.ENSP00000367880,9606.ENSP00000368127,9606.ENSP00000368318,9606.ENSP00000369009,9606.ENSP00000369251,9606.ENSP00000369411,9606.ENSP00000369442,9606.ENSP00000369871,9606.ENSP00000369887,9606.ENSP00000369899,9606.ENSP00000370483,9606.ENSP00000370517,9606.ENSP00000370698,9606.ENSP00000370842,9606.ENSP00000370990,9606.ENSP00000371037,9606.ENSP00000371067,9606.ENSP00000371180,9606.ENSP00000371425,9606.ENSP00000372274,9606.ENSP00000372445,9606.ENSP00000373304,9606.ENSP00000373600,9606.ENSP00000373979,9606.ENSP00000375063,9606.ENSP00000375836,9606.ENSP00000376097,9606.ENSP00000376135,9606.ENSP00000376197,9606.ENSP00000376268,9606.ENSP00000376352,9606.ENSP00000376753,9606.ENSP00000376899,9606.ENSP00000376910,9606.ENSP00000376992,9606.ENSP00000377055,9606.ENSP00000377176,9606.ENSP00000377245,9606.ENSP00000377411,9606.ENSP00000377504,9606.ENSP00000377681,9606.ENSP00000377801,9606.ENSP00000377971,9606.ENSP00000378058,9606.ENSP00000378131,9606.ENSP00000378356,9606.ENSP00000378416,9606.ENSP00000378426,9606.ENSP00000378784,9606.ENSP00000378920,9606.ENSP00000378935,9606.ENSP00000378974,9606.ENSP00000379047,9606.ENSP00000379078,9606.ENSP00000379111,9606.ENSP00000379330,9606.ENSP00000379387,9606.ENSP00000379621,9606.ENSP00000379654,9606.ENSP00000379773,9606.ENSP00000379808,9606.ENSP00000379911,9606.ENSP00000379946,9606.ENSP00000380071,9606.ENSP00000380087,9606.ENSP00000380256,9606.ENSP00000380514,9606.ENSP00000380679,9606.ENSP00000380759,9606.ENSP00000380878,9606.ENSP00000381003,9606.ENSP00000381823,9606.ENSP00000382382,9606.ENSP00000382953,9606.ENSP00000383295,9606.ENSP00000384015,9606.ENSP00000384524,9606.ENSP00000384527,9606.ENSP00000384582,9606.ENSP00000384899,9606.ENSP00000384957,9606.ENSP00000384996,9606.ENSP00000385000,9606.ENSP00000385721,9606.ENSP00000385927,9606.ENSP00000386520,9606.ENSP00000386787,9606.ENSP00000386962,9606.ENSP00000386992,9606.ENSP00000387471,9606.ENSP00000387699,9606.ENSP00000390204,9606.ENSP00000390423,9606.ENSP00000391101,9606.ENSP00000391167,9606.ENSP00000391311,9606.ENSP00000393183,9606.ENSP00000393198,9606.ENSP00000393313,9606.ENSP00000393557,9606.ENSP00000393847,9606.ENSP00000394560,9606.ENSP00000395232,9606.ENSP00000395723,9606.ENSP00000395929,9606.ENSP00000396345,9606.ENSP00000396615,9606.ENSP00000396755,9606.ENSP00000397261,9606.ENSP00000397563,9606.ENSP00000398211,9606.ENSP00000398698,9606.ENSP00000399851,9606.ENSP00000399862,9606.ENSP00000400157,9606.ENSP00000400175,9606.ENSP00000402257,9606.ENSP00000403077,9606.ENSP00000403226,9606.ENSP00000405514,9606.ENSP00000405926,9606.ENSP00000406027,9606.ENSP00000406549,9606.ENSP00000406674,9606.ENSP00000407545,9606.ENSP00000408005,9606.ENSP00000409126,9606.ENSP00000410186,9606.ENSP00000410216,9606.ENSP00000410452,9606.ENSP00000410552,9606.ENSP00000410798,9606.ENSP00000411848,9606.ENSP00000413017,9606.ENSP00000413625,9606.ENSP00000413720,9606.ENSP00000414150,9606.ENSP00000415464,9606.ENSP00000415676,9606.ENSP00000416033,9606.ENSP00000416387,9606.ENSP00000416534,9606.ENSP00000416750,9606.ENSP00000417335,9606.ENSP00000417573,9606.ENSP00000417710,9606.ENSP00000417748,9606.ENSP00000417769,9606.ENSP00000417960,9606.ENSP00000417980,9606.ENSP00000418735,9606.ENSP00000418944,9606.ENSP00000419879,9606.ENSP00000420525,9606.ENSP00000420588,9606.ENSP00000421592,9606.ENSP00000421801,9606.ENSP00000422581,9606.ENSP00000422591,9606.ENSP00000423067,9606.ENSP00000423820,9606.ENSP00000426033,9606.ENSP00000426809,9606.ENSP00000427550,9606.ENSP00000427552,9606.ENSP00000427793,9606.ENSP00000430656,9606.ENSP00000432511,9606.ENSP00000432660,9606.ENSP00000433681,9606.ENSP00000434676,9606.ENSP00000436604,9606.ENSP00000437532,9606.ENSP00000438406,9606.ENSP00000438483,9606.ENSP00000439768,9606.ENSP00000440915,9606.ENSP00000441158,9606.ENSP00000441641,9606.ENSP00000441954,9606.ENSP00000443021,9606.ENSP00000443291,9606.ENSP00000444810,9606.ENSP00000449381,9606.ENSP00000450337,9606.ENSP00000450480,9606.ENSP00000450969,9606.ENSP00000451172,9606.ENSP00000451406,9606.ENSP00000451506,9606.ENSP00000451583,9606.ENSP00000452877,9606.ENSP00000453562,9606.ENSP00000453801,9606.ENSP00000454545,9606.ENSP00000454973,9606.ENSP00000456340,9606.ENSP00000457421,9606.ENSP00000457810,9606.ENSP00000458585,9606.ENSP00000458879,9606.ENSP00000462054,9606.ENSP00000462729,9606.ENSP00000463051,9606.ENSP00000463254,9606.ENSP00000463978,9606.ENSP00000465075,9606.ENSP00000465260,9606.ENSP00000465589,9606.ENSP00000466542,9606.ENSP00000466664,9606.ENSP00000466907,9606.ENSP00000468785,9606.ENSP00000469142,9606.ENSP00000469158,9606.ENSP00000469534,9606.ENSP00000469696,9606.ENSP00000470142,9606.ENSP00000471457,9606.ENSP00000471700,9606.ENSP00000471896,9606.ENSP00000472802,9606.ENSP00000472914,9606.ENSP00000473665,9606.ENSP00000477856,9606.ENSP00000478257,9606.ENSP00000479207,9606.ENSP00000479617,9606.ENSP00000479667,9606.ENSP00000479860,9606.ENSP00000480091,9606.ENSP00000480524,9606.ENSP00000480680,9606.ENSP00000481850,9606.ENSP00000481859,9606.ENSP00000481893,9606.ENSP00000482032,9606.ENSP00000482232,9606.ENSP00000482732,9606.ENSP00000482760,9606.ENSP00000483059,9606.ENSP00000483228,9606.ENSP00000483397,9606.ENSP00000483537,9606.ENSP00000483570,9606.ENSP00000483667,9606.ENSP00000483946,9606.ENSP00000484060,9606.ENSP00000484176,9606.ENSP00000484810,9606.ENSP00000485010,9606.ENSP00000485513,9606.ENSP00000486725,9606.ENSP00000489024,9606.ENSP00000489597,9606.ENSP00000490829,9606.ENSP00000490842,9606.ENSP00000491717,9606.ENSP00000491941,9606.ENSP00000492233,9606.ENSP00000492557,9606.ENSP00000493536,9606.ENSP00000495240,9606.ENSP00000496396,9606.ENSP00000496625,9606.ENSP00000496870,9606.ENSP00000496876,9606.ENSP00000497069,9606.ENSP00000497294,9606.ENSP00000497310,9606.ENSP00000497569,9606.ENSP00000497594,9606.ENSP00000497916,9606.ENSP00000498019,9606.ENSP00000498241,9606.ENSP00000498622,9606.ENSP00000498791,9606.ENSP00000499037,9606.ENSP00000499371,9606.ENSP00000499569	CYP51A1,CREB3L3,KDM4B,KIF22,MRPS34,NDUFB4,HSD17B2,UQCRC1,GMIP,CMTM6,ADH1A,KLHL20,SF3A1,SNRPD3,ARSA,CBX7,HDAC10,DHRS7,CYP24A1,AURKA,UBOX5,RNF125,PSMD10,F9,USP11,GLA,ZNF263,ZNF500,DECR2,MEFV,MGA,DECR1,SNAPC2,FIZ1,EPHX3,DBP,EPOR,SLC5A5,ST6GALNAC2,AFM,SULT1E1,APOC3,ARPC3,HINT3,ACOT13,LNPEP,RARS1,EHHADH,GNAT1,HEATR5B,TFPI,ACADL,KISS1R,APOA1,ELF1,TBX2,TNFSF10,OCM,SRGN,ZC3H13,TNFAIP6,SNAI1,SLC17A1,IRF1,C3,SYMPK,CDC25B,SUGP1,ABHD8,TICAM1,GNGT1,GGT1,DNAJB9,ACKR4,LMAN1,DTWD1,SAFB2,NCAN,GDF15,HAUS8,RBSN,RAMP2,FLYWCH1,CHSY1,SMARCC1,ILKAP,AP3B1,KMT5C,PI4KA,IPO8,CATSPERB,TUT4,OCM2,PRPH,CDK4,MDM2,TMEM231,DYNC1LI2,FBXL8,TACO1,NDUFAF1,LRPPRC,TOPBP1,DNAJC13,SLC40A1,OSBPL8,CDK17,HEXB,MAN2A1,HERC2,SCARB1,UTP6,SPG11,HACD3,APH1B,FLT4,MARS1,MEOX2,LMF1,NUBP2,AXIN1,UBN1,ITGA2B,INVS,SRCAP,CCNE1,ELL,PHYH,KIF18A,HIRA,SYP,BRD4,NOTCH3,FAM20B,WDR76,RBBP5,ACAD11,ARRDC3,SIL1,ANKRD7,RBM27,TNPO3,NBN,EXOSC7,SCAP,FBXO3,GET4,RBM6,FBXO7,PLCZ1,LGR5,CPSF6,SNRPF,FANCM,TRIP11,SORD,COMMD4,BCL2A1,CYP11A1,RHCG,WDR93,MFGE8,IQGAP1,ZNF174,NDUFB10,ZNF750,AKAP8,CALR3,RCN3,ILDR2,NUF2,HMCN1,POGZ,GOLPH3L,WDPCP,MRPS5,CENPC,NAF1,FERD3L,CHST7,UHRF2,PPRC1,HIRIP3,ZNF385D,EPG5,MARS2,ITGA1,WASHC2A,UBP1,NRGN,ABCA6,TRIM11,CCSAP,OLA1,CA2,KLF10,AGPAT5,NUP205,FANCD2,APPL1,MRPL17,AMFR,PSKH1,CILP2,RNF126,HK3,PGLYRP2,WDR90,WDR24,SLX4,AGL,MAIP1,ZNF514,HELQ,TRAT1,WDFY3,IFT122,ANKRA2,CYTH3,DNAAF2,ZNF22,SEC61A2,HPRT1,LRRK2,VPS35,AMN,MS4A7,TPX2,CHAF1A,CD320,SOAT2,CYP7A1,SOX7,LGI3,TPST1,LRG1,ZNF296,HSPA4,ACOT12,PDS5A,LUZP1,RAC3,SNX7,MPLKIP,ANKS3,FASN,MSANTD4,S1PR1,SYNPO2,MMGT1,MRPL13,SLC9C1,MYOZ2,KLF11,DONSON,LAMB2,TADA2B,PCSK1,F2,CATSPER1,B4GAT1,USP48,PSMD1,SLC26A7,MAP3K11,SLCO4C1,MIS18BP1,CD34,CYP7B1,FANCI,UGT8,SRP68,MOBP,NIPSNAP2,UBA6,ZNF436,PDS5B,DNAJA2,AGPAT4,MEIOB,ANO5,PRPF3,ZNF18,SSH1,DPY19L2,DVL3,CSH1,RTL3,FAM220A,ZFP42,RBBP6,ODF3L2,CYBRD1,NEPRO,SPAST,F2R,DIAPH2,IMPDH2,FAM20C,GLYR1,ZMYM3,ATRIP,SOX2,FAM210A,AHRR,PSD3,UPB1,BAIAP3,PGR,MAP1S,SERTM1,SPECC1L,PAGR1,TACC3,KDM3B,FKRP,CLASP2,IZUMO1,XPOT,PIF1,CDCA2,ZNF71,FAM110C,STAC3,PDGFB,KPNA7,ZNRD1,ELOA2,SERHL2,ZNF704,CD86,ASCL2,CYP2U1,ZNF470,DNAH8,MIPOL1,GNG2,SREK1,ERCC6L,STARD10,LRAT,MMP25,PLCB1,ZNF532,ZBTB49,THUMPD3,NDUFA4,HUWE1,ASH2L,CLEC18B,SRFBP1,SMC4,C15orf48,FBXO38,OAS2,CFAP36,SERPINA6,PRR27,USP7,PRRC2C,MCCC2,PPA2,PDPK1,CLUAP1,PROZ,DPY19L3,GATA2,ANP32B,DUSP9,SETDB2,ZBTB45,KEL,SHTN1,TBCD,MORC4,SORBS2,NLGN4Y,MYO9A,ADD3,CENPL,AKAP9,PXDNL,UPF2,ACOX3,FABP7,CRB3,PIK3R4,TXNDC11,CFAP43,ZMYM6,ATP13A1,POT1,DENND2D,ATP2B4,CHM,LCA5L,SUSD2,TRIM33,ARNT,WDR5,BDP1,PBLD,PLXNB2,DNMT1,CPLX2,MSN,LRRCC1,TLR9,GYPA,HAO2,COMT,KIFAP3,FZD5,TAF11,KIF21A,TEDC2,TIGD4,CDC42BPB,R3HDM4,AHCTF1,SCCPDH,CNST,CATSPERE,CEP170,KMO,OTX1,GALNT2,RHOU,RPS6KC1,ANGEL2,SLC30A1,CR2,PM20D1,MDM4,LHX9,TPR,CEP350,PAPPA2,COP1,SERPINC1,ZBTB37,FMO4,ADCY10,POU2F1,MGST3,SLAMF7,SLAMF6,LAMTOR2,CEP85L,OAT,ACADSB,GABPB2,TARS2,RPRD2,PLEKHO1,SV2A,HSD3B1,CD2,CD58,NRAS,GSTO1,LRIF1,TAF5,CYP17A1,PSRC1,PRPF38B,HENMT1,COL11A1,TLCD4,ALG14,RPL5,SCD,LDOC1,CTH,UBE2U,SMARCA1,ENTPD1,AIF1L,UBR2,CENPI,NDUFS5,NAP1L3,SGPL1,ENG,BRWD3,ATRX,ZBTB43,HDAC8,TET1,RABGAP1,ZBTB6,SRPK1,TLR4,KIF4A,BAK1,PHF1,SLC38A10,SPIN4,TEX10,TMEM225,NCBP1,FAM120C,CDC14B,UBR4,TSPYL2,CENPP,NEU1,IARS1,HSPB7,DDAH2,TCF19,CACNA1F,PLP2,GKAP1,GATA1,THBD,TRIM27,ATG2A,HMGN4,HIF3A,SLC25A51,NAA40,TAF2,PODXL,PIGO,C4orf47,PUSL1,BCLAF3,MAB21L1,RFC3,KL,HAUS6,SLTM,RRAGA,NLGN4X,PFKP,IL6ST,IL33,SHOX,CATSPERD,JAK2,CATSPER2,IFNGR2,FBXO25,METTL17,CCDC174,LRRK1,TRAPPC9,NLRP5,HDLBP,URI1,ZNF605,TFRC,SEC14L1,PDK1,GIPC1,PTGFRN,LRRIQ1,BCL2L15,PRCP,SPATA7,KEAP1,NDUFA4L2,ZNF414,G3BP1,RCCD1,ANKLE1,EFEMP1,CFI,KIF20A,ALAS1,VKORC1,PHF20L1,SLC26A6,PPHLN1,MAPK8,CCDC51,EHMT2,IL4R,NFATC2,ZNF445,SNX16,MARF1,ZC3H7A,ATF7IP2,CENPK,BICRA,TIGD7,ZNF213,CCNF,HAGH,CCDC40,PRMT2,PPP3CC,TTC28,SEC24A,USP47,GABRA5,NBEA,SUN1,ETV2,ZBTB40,ADGRV1,GATAD2A,F11,TBC1D10A,KIF2A,GGT2,RMDN1,RAD54L2,TMEM131L,CATSPERG,IPO11,CIAO2B,CREB1,HEPACAM2,CATSPER4,SLFN14,DENND4A,SEPTIN5,DCAF1,HES4,EPS15L1,SLC4A4,PLA2G10,MAPK9,MTFR2,ZNF200,NSD1,CHD9,GLB1L3,CNTD2,SELENBP1,TENT2,TTC21A,TNF,POLG,CNOT10,B3GNT9,RHOA,RUNX1T1,VKORC1L1,BHLHB9,PPP1R9A,TMED7,EPM2AIP1,TAF1,MOGAT1,ZBTB22,SLC9A3R2,ANO6,AK9,POC5,STMN1,SIMC1,FCGRT,MARCHF8,CCDC28B,FNBP1,CDKN1C,ERG,LARP4,GGTLC2,PROB1,FBLIM1,DDX46,STK33,ROBO2,YIPF6,DPPA2,DDI2,IQUB,CCDC39,EHMT1,ADAMTS9,PEG10,CDS2,TFR2,TFAM,ALYREF,HGFAC,TRIML2,SLIT2,WDR36,ZFP62,HELT,PROM1,CEP192,DDR1,WWP1,CA1,JAK3,CFL1,NCAPD3,USP50,GALNT4,CCDC189,SLAMF1,KPNA2,TMEM50B,PRORP,CLTCL1,PRR14,SMAD5,RASSF3,FAR2,FKBP5,MAPKAPK5,PPFIA2,ATP10A,ZBTB33,SERPINA4,HSD17B6,TCL1A,DMAC2L,ZNF592,BCL2L10,WDR61,RBM15B,SCAPER,DET1,PECAM1,CENPT,MMP12,ZSCAN10,ZFP92,OTUD7B,GDF2,CCDC178,SLC16A3,SPC24,CBARP,ACSBG2,TLE2,SLC44A2,ZNF524,MBD1,NPAS1,SPHK2,WIZ,PDE4C,UPF1,MYO9B,FKBP8,IRF3,ZNF446,SUGP2,SBNO1,GGTLC3,CCNI2,GALNTL5,UHRF1,RPS6KA5,CIB1,NMRK2,GTF2IRD2B,SEMA3B,JADE3,PAN2,CNOT6,IP6K1,CGA,PTPN9,PCSK6,NR2C2,PPP4R3B,FSBP,C11orf65,BTK,CHD1,PHF19,PACSIN1,CLEC18A,ZNF274,CIITA,WASHC2C,PPIL2,KLF18,PTPN11,SPACA6,ZNF654,CATSPERZ,C2orf81,PIGN,PMIS2,SAMHD1,CHD8,AVPR2,CYP21A2,LRP2,ZMYM1,IGF1R,LHB,ALX3,DARS2,UBE3A,NDN,RPS17,INKA1,MIP,MED19,CBLB,ERCC6L2,SCN11A	1.9469215565165805	aquatic_slow_enrichment	False	False	False
GO Component	GO:0070013	Intracellular organelle lumen	360	5660	0.08	0.32	0.0137	9606.ENSP00000078445,9606.ENSP00000159111,9606.ENSP00000160827,9606.ENSP00000177742,9606.ENSP00000184266,9606.ENSP00000203556,9606.ENSP00000209668,9606.ENSP00000209884,9606.ENSP00000215793,9606.ENSP00000215829,9606.ENSP00000216124,9606.ENSP00000216133,9606.ENSP00000216271,9606.ENSP00000216911,9606.ENSP00000217173,9606.ENSP00000217958,9606.ENSP00000218099,9606.ENSP00000218348,9606.ENSP00000218516,9606.ENSP00000219478,9606.ENSP00000219596,9606.ENSP00000219905,9606.ENSP00000220764,9606.ENSP00000221573,9606.ENSP00000222139,9606.ENSP00000230048,9606.ENSP00000231368,9606.ENSP00000231572,9606.ENSP00000231887,9606.ENSP00000233099,9606.ENSP00000233710,9606.ENSP00000236850,9606.ENSP00000239882,9606.ENSP00000242465,9606.ENSP00000242848,9606.ENSP00000243347,9606.ENSP00000244050,9606.ENSP00000245414,9606.ENSP00000245907,9606.ENSP00000245934,9606.ENSP00000245960,9606.ENSP00000247001,9606.ENSP00000249356,9606.ENSP00000252542,9606.ENSP00000252575,9606.ENSP00000253928,9606.ENSP00000254480,9606.ENSP00000254654,9606.ENSP00000255613,9606.ENSP00000256079,9606.ENSP00000257177,9606.ENSP00000257904,9606.ENSP00000258149,9606.ENSP00000260361,9606.ENSP00000260665,9606.ENSP00000260810,9606.ENSP00000261024,9606.ENSP00000261416,9606.ENSP00000261609,9606.ENSP00000261708,9606.ENSP00000261866,9606.ENSP00000261937,9606.ENSP00000262027,9606.ENSP00000262041,9606.ENSP00000262376,9606.ENSP00000262518,9606.ENSP00000262643,9606.ENSP00000262809,9606.ENSP00000263038,9606.ENSP00000263208,9606.ENSP00000263377,9606.ENSP00000263388,9606.ENSP00000263733,9606.ENSP00000264515,9606.ENSP00000265195,9606.ENSP00000265224,9606.ENSP00000265271,9606.ENSP00000265433,9606.ENSP00000265564,9606.ENSP00000265651,9606.ENSP00000265857,9606.ENSP00000266087,9606.ENSP00000266505,9606.ENSP00000266674,9606.ENSP00000266679,9606.ENSP00000266735,9606.ENSP00000267430,9606.ENSP00000267622,9606.ENSP00000268053,9606.ENSP00000268150,9606.ENSP00000268655,9606.ENSP00000269701,9606.ENSP00000269881,9606.ENSP00000270645,9606.ENSP00000271452,9606.ENSP00000271715,9606.ENSP00000272418,9606.ENSP00000273853,9606.ENSP00000274054,9606.ENSP00000276893,9606.ENSP00000278070,9606.ENSP00000279392,9606.ENSP00000282276,9606.ENSP00000282633,9606.ENSP00000283629,9606.ENSP00000284425,9606.ENSP00000284551,9606.ENSP00000284719,9606.ENSP00000285518,9606.ENSP00000285968,9606.ENSP00000287647,9606.ENSP00000288937,9606.ENSP00000291041,9606.ENSP00000292363,9606.ENSP00000292432,9606.ENSP00000294008,9606.ENSP00000294724,9606.ENSP00000295079,9606.ENSP00000295888,9606.ENSP00000297044,9606.ENSP00000298299,9606.ENSP00000298910,9606.ENSP00000300403,9606.ENSP00000301921,9606.ENSP00000302621,9606.ENSP00000303246,9606.ENSP00000303427,9606.ENSP00000304553,9606.ENSP00000305416,9606.ENSP00000306015,9606.ENSP00000306548,9606.ENSP00000307023,9606.ENSP00000307156,9606.ENSP00000308022,9606.ENSP00000308024,9606.ENSP00000308541,9606.ENSP00000309262,9606.ENSP00000309474,9606.ENSP00000309790,9606.ENSP00000310842,9606.ENSP00000312066,9606.ENSP00000313582,9606.ENSP00000313851,9606.ENSP00000315379,9606.ENSP00000316416,9606.ENSP00000317872,9606.ENSP00000320251,9606.ENSP00000320885,9606.ENSP00000321348,9606.ENSP00000321584,9606.ENSP00000322323,9606.ENSP00000322716,9606.ENSP00000322845,9606.ENSP00000323099,9606.ENSP00000323588,9606.ENSP00000323816,9606.ENSP00000325120,9606.ENSP00000325313,9606.ENSP00000326519,9606.ENSP00000326563,9606.ENSP00000326570,9606.ENSP00000327821,9606.ENSP00000328174,9606.ENSP00000328228,9606.ENSP00000329200,9606.ENSP00000330382,9606.ENSP00000330878,9606.ENSP00000331111,9606.ENSP00000331302,9606.ENSP00000333223,9606.ENSP00000334538,9606.ENSP00000338185,9606.ENSP00000338807,9606.ENSP00000339532,9606.ENSP00000340648,9606.ENSP00000340896,9606.ENSP00000341382,9606.ENSP00000342278,9606.ENSP00000343535,9606.ENSP00000343657,9606.ENSP00000343885,9606.ENSP00000344392,9606.ENSP00000344458,9606.ENSP00000345681,9606.ENSP00000345848,9606.ENSP00000346175,9606.ENSP00000346603,9606.ENSP00000347409,9606.ENSP00000347821,9606.ENSP00000348381,9606.ENSP00000348527,9606.ENSP00000348775,9606.ENSP00000350249,9606.ENSP00000350266,9606.ENSP00000351250,9606.ENSP00000351407,9606.ENSP00000351446,9606.ENSP00000351575,9606.ENSP00000352516,9606.ENSP00000354003,9606.ENSP00000354314,9606.ENSP00000354560,9606.ENSP00000354633,9606.ENSP00000355465,9606.ENSP00000355467,9606.ENSP00000355929,9606.ENSP00000356150,9606.ENSP00000356448,9606.ENSP00000356641,9606.ENSP00000356671,9606.ENSP00000356674,9606.ENSP00000356840,9606.ENSP00000357838,9606.ENSP00000357873,9606.ENSP00000358060,9606.ENSP00000358064,9606.ENSP00000358421,9606.ENSP00000358490,9606.ENSP00000358778,9606.ENSP00000358854,9606.ENSP00000358925,9606.ENSP00000359114,9606.ENSP00000359345,9606.ENSP00000359380,9606.ENSP00000359557,9606.ENSP00000360162,9606.ENSP00000362018,9606.ENSP00000362058,9606.ENSP00000362299,9606.ENSP00000362441,9606.ENSP00000362674,9606.ENSP00000362748,9606.ENSP00000362763,9606.ENSP00000362931,9606.ENSP00000363524,9606.ENSP00000363640,9606.ENSP00000364018,9606.ENSP00000364037,9606.ENSP00000364289,9606.ENSP00000364389,9606.ENSP00000364403,9606.ENSP00000364591,9606.ENSP00000364737,9606.ENSP00000364782,9606.ENSP00000364794,9606.ENSP00000364870,9606.ENSP00000365858,9606.ENSP00000366404,9606.ENSP00000366898,9606.ENSP00000367024,9606.ENSP00000367406,9606.ENSP00000367817,9606.ENSP00000369411,9606.ENSP00000369887,9606.ENSP00000369899,9606.ENSP00000370842,9606.ENSP00000370990,9606.ENSP00000371067,9606.ENSP00000372445,9606.ENSP00000373304,9606.ENSP00000375063,9606.ENSP00000376097,9606.ENSP00000376268,9606.ENSP00000376352,9606.ENSP00000377176,9606.ENSP00000377245,9606.ENSP00000377971,9606.ENSP00000378356,9606.ENSP00000378416,9606.ENSP00000378784,9606.ENSP00000378935,9606.ENSP00000378974,9606.ENSP00000379078,9606.ENSP00000379111,9606.ENSP00000379330,9606.ENSP00000379911,9606.ENSP00000380514,9606.ENSP00000380759,9606.ENSP00000382382,9606.ENSP00000382953,9606.ENSP00000384899,9606.ENSP00000385000,9606.ENSP00000386992,9606.ENSP00000387471,9606.ENSP00000387699,9606.ENSP00000390204,9606.ENSP00000393183,9606.ENSP00000394560,9606.ENSP00000395929,9606.ENSP00000396345,9606.ENSP00000397261,9606.ENSP00000399851,9606.ENSP00000402257,9606.ENSP00000406549,9606.ENSP00000410186,9606.ENSP00000410216,9606.ENSP00000416033,9606.ENSP00000416387,9606.ENSP00000416534,9606.ENSP00000417710,9606.ENSP00000417748,9606.ENSP00000417980,9606.ENSP00000418944,9606.ENSP00000420588,9606.ENSP00000421592,9606.ENSP00000422581,9606.ENSP00000423067,9606.ENSP00000432660,9606.ENSP00000433681,9606.ENSP00000438483,9606.ENSP00000440915,9606.ENSP00000441641,9606.ENSP00000441954,9606.ENSP00000444810,9606.ENSP00000449381,9606.ENSP00000450969,9606.ENSP00000451172,9606.ENSP00000451506,9606.ENSP00000453801,9606.ENSP00000454545,9606.ENSP00000454973,9606.ENSP00000457810,9606.ENSP00000458879,9606.ENSP00000465075,9606.ENSP00000466542,9606.ENSP00000468785,9606.ENSP00000469158,9606.ENSP00000469534,9606.ENSP00000470142,9606.ENSP00000471896,9606.ENSP00000472914,9606.ENSP00000479617,9606.ENSP00000479667,9606.ENSP00000479860,9606.ENSP00000480091,9606.ENSP00000480524,9606.ENSP00000481850,9606.ENSP00000482032,9606.ENSP00000482232,9606.ENSP00000482732,9606.ENSP00000482760,9606.ENSP00000483059,9606.ENSP00000483228,9606.ENSP00000483397,9606.ENSP00000483667,9606.ENSP00000483946,9606.ENSP00000484810,9606.ENSP00000485010,9606.ENSP00000485513,9606.ENSP00000486725,9606.ENSP00000489597,9606.ENSP00000493536,9606.ENSP00000495240,9606.ENSP00000496870,9606.ENSP00000497294,9606.ENSP00000497569,9606.ENSP00000497916,9606.ENSP00000498019,9606.ENSP00000499037,9606.ENSP00000499371	CREB3L3,KDM4B,KIF22,MRPS34,NDUFB4,GMIP,ADH1A,KLHL20,SF3A1,SNRPD3,ARSA,CBX7,HDAC10,AURKA,UBOX5,PSMD10,F9,USP11,GLA,ZNF500,MEFV,MGA,DECR1,SNAPC2,EPOR,ACOT13,LNPEP,RARS1,EHHADH,HEATR5B,ACADL,APOA1,ELF1,SRGN,ZC3H13,TNFAIP6,SNAI1,IRF1,C3,SYMPK,CDC25B,SUGP1,DNAJB9,SAFB2,NCAN,FLYWCH1,SMARCC1,ILKAP,KMT5C,IPO8,TUT4,CDK4,MDM2,NDUFAF1,LRPPRC,TOPBP1,SLC40A1,HEXB,HERC2,UTP6,SPG11,FLT4,MARS1,MEOX2,UBN1,SRCAP,CCNE1,ELL,PHYH,HIRA,BRD4,NOTCH3,FAM20B,RBBP5,SIL1,ANKRD7,RBM27,NBN,EXOSC7,FBXO3,GET4,FBXO7,PLCZ1,LGR5,CPSF6,SNRPF,FANCM,TRIP11,CYP11A1,MFGE8,ZNF174,AKAP8,CALR3,RCN3,NUF2,POGZ,MRPS5,CENPC,NAF1,UHRF2,PPRC1,HIRIP3,MARS2,WASHC2A,UBP1,ABCA6,TRIM11,OLA1,AGPAT5,NUP205,FANCD2,MRPL17,PSKH1,RNF126,HK3,SLX4,AGL,MAIP1,WDFY3,CYTH3,ZNF22,LRRK2,TPX2,SOX7,LRG1,ACOT12,PDS5A,MPLKIP,S1PR1,SYNPO2,MRPL13,KLF11,LAMB2,TADA2B,PCSK1,F2,USP48,PSMD1,MIS18BP1,FANCI,SRP68,ZNF436,PDS5B,PRPF3,CSH1,RBBP6,NEPRO,SPAST,DIAPH2,IMPDH2,FAM20C,GLYR1,ZMYM3,ATRIP,SOX2,AHRR,PGR,MAP1S,PAGR1,KDM3B,FKRP,XPOT,PIF1,CDCA2,STAC3,PDGFB,KPNA7,ZNRD1,ELOA2,ZNF470,SREK1,PLCB1,ZBTB49,THUMPD3,HUWE1,ASH2L,SMC4,OAS2,USP7,MCCC2,PPA2,CLUAP1,PROZ,GATA2,ANP32B,SETDB2,ZBTB45,KEL,MORC4,ADD3,CENPL,ACOX3,POT1,DENND2D,TRIM33,ARNT,WDR5,BDP1,DNMT1,GYPA,HAO2,KIFAP3,TAF11,AHCTF1,SCCPDH,ANGEL2,MDM4,TPR,COP1,SERPINC1,ZBTB37,POU2F1,OAT,ACADSB,TARS2,RPRD2,HSD3B1,CD2,LRIF1,TAF5,PSRC1,COL11A1,RPL5,SCD,LDOC1,SMARCA1,CENPI,NDUFS5,ENG,ATRX,HDAC8,TET1,ZBTB6,SRPK1,KIF4A,PHF1,SPIN4,TEX10,NCBP1,CDC14B,UBR4,TSPYL2,CENPP,NEU1,IARS1,HSPB7,GATA1,TRIM27,HIF3A,NAA40,TAF2,PODXL,RFC3,SLTM,RRAGA,IL33,SHOX,JAK2,METTL17,CCDC174,NLRP5,URI1,SEC14L1,PDK1,SPATA7,KEAP1,ANKLE1,KIF20A,ALAS1,PHF20L1,PPHLN1,MAPK8,EHMT2,IL4R,NFATC2,CENPK,HAGH,PRMT2,USP47,GABRA5,GATAD2A,KIF2A,IPO11,CIAO2B,CREB1,HEPACAM2,DCAF1,MAPK9,NSD1,CHD9,SELENBP1,POLG,RUNX1T1,TAF1,AK9,POC5,PROB1,FBLIM1,DDX46,DPPA2,DDI2,EHMT1,PEG10,TFAM,ALYREF,TRIML2,WDR36,CFL1,NCAPD3,KPNA2,PRORP,PRR14,SMAD5,FKBP5,MAPKAPK5,ZBTB33,SERPINA4,TCL1A,WDR61,RBM15B,SCAPER,CENPT,ZSCAN10,SPC24,TLE2,MBD1,SPHK2,WIZ,UPF1,IRF3,SUGP2,UHRF1,RPS6KA5,CIB1,NMRK2,GTF2IRD2B,JADE3,IP6K1,CGA,PTPN9,PCSK6,NR2C2,PPP4R3B,FSBP,CHD1,PHF19,ZNF274,CIITA,WASHC2C,PPIL2,PTPN11,SAMHD1,CHD8,LRP2,LHB,DARS2,NDN,RPS17,CBLB,ERCC6L2	1.863279432843593	aquatic_slow_enrichment	False	False	False
GO Component	GO:0097228	Sperm principal piece	9	32	0.72	0.39	0.0247	9606.ENSP00000256343,9606.ENSP00000309052,9606.ENSP00000350310,9606.ENSP00000355492,9606.ENSP00000371037,9606.ENSP00000386962,9606.ENSP00000390423,9606.ENSP00000437532,9606.ENSP00000491717	CATSPERB,CATSPER1,ATP2B4,CATSPERE,CATSPERD,CATSPERG,CATSPER4,CCDC189,CATSPERZ	1.6073030467403342	aquatic_slow_enrichment	False	False	False
GO Component	GO:0005634	Nucleus	467	7672	0.06	0.28	0.0265	9606.ENSP00000078445,9606.ENSP00000159111,9606.ENSP00000160827,9606.ENSP00000184266,9606.ENSP00000203556,9606.ENSP00000209668,9606.ENSP00000209884,9606.ENSP00000215793,9606.ENSP00000215829,9606.ENSP00000216133,9606.ENSP00000216271,9606.ENSP00000216911,9606.ENSP00000217173,9606.ENSP00000217958,9606.ENSP00000218348,9606.ENSP00000219069,9606.ENSP00000219478,9606.ENSP00000219596,9606.ENSP00000219905,9606.ENSP00000220764,9606.ENSP00000221573,9606.ENSP00000221665,9606.ENSP00000222122,9606.ENSP00000222139,9606.ENSP00000222248,9606.ENSP00000226444,9606.ENSP00000228825,9606.ENSP00000229633,9606.ENSP00000230048,9606.ENSP00000231572,9606.ENSP00000233099,9606.ENSP00000239882,9606.ENSP00000240328,9606.ENSP00000242104,9606.ENSP00000242848,9606.ENSP00000244050,9606.ENSP00000245414,9606.ENSP00000245934,9606.ENSP00000245960,9606.ENSP00000247001,9606.ENSP00000248923,9606.ENSP00000249356,9606.ENSP00000251250,9606.ENSP00000252542,9606.ENSP00000252809,9606.ENSP00000253669,9606.ENSP00000253928,9606.ENSP00000254480,9606.ENSP00000254654,9606.ENSP00000255613,9606.ENSP00000256079,9606.ENSP00000257177,9606.ENSP00000257627,9606.ENSP00000257904,9606.ENSP00000258149,9606.ENSP00000258200,9606.ENSP00000260665,9606.ENSP00000260810,9606.ENSP00000261024,9606.ENSP00000261183,9606.ENSP00000261211,9606.ENSP00000261609,9606.ENSP00000261708,9606.ENSP00000261866,9606.ENSP00000261875,9606.ENSP00000261937,9606.ENSP00000262027,9606.ENSP00000262041,9606.ENSP00000262302,9606.ENSP00000262320,9606.ENSP00000262376,9606.ENSP00000262457,9606.ENSP00000262518,9606.ENSP00000262643,9606.ENSP00000262809,9606.ENSP00000263181,9606.ENSP00000263208,9606.ENSP00000263377,9606.ENSP00000263388,9606.ENSP00000263733,9606.ENSP00000263795,9606.ENSP00000264515,9606.ENSP00000264990,9606.ENSP00000265224,9606.ENSP00000265271,9606.ENSP00000265388,9606.ENSP00000265433,9606.ENSP00000265564,9606.ENSP00000265651,9606.ENSP00000265857,9606.ENSP00000266022,9606.ENSP00000266087,9606.ENSP00000266505,9606.ENSP00000266674,9606.ENSP00000266679,9606.ENSP00000266735,9606.ENSP00000267430,9606.ENSP00000267622,9606.ENSP00000267935,9606.ENSP00000268182,9606.ENSP00000268655,9606.ENSP00000269394,9606.ENSP00000269701,9606.ENSP00000269881,9606.ENSP00000271417,9606.ENSP00000271452,9606.ENSP00000271715,9606.ENSP00000273853,9606.ENSP00000274054,9606.ENSP00000275461,9606.ENSP00000276893,9606.ENSP00000278070,9606.ENSP00000279392,9606.ENSP00000281523,9606.ENSP00000282633,9606.ENSP00000283629,9606.ENSP00000284292,9606.ENSP00000284425,9606.ENSP00000284551,9606.ENSP00000284719,9606.ENSP00000285407,9606.ENSP00000285518,9606.ENSP00000285968,9606.ENSP00000287647,9606.ENSP00000288266,9606.ENSP00000290649,9606.ENSP00000291041,9606.ENSP00000292363,9606.ENSP00000294008,9606.ENSP00000294724,9606.ENSP00000295208,9606.ENSP00000295488,9606.ENSP00000295888,9606.ENSP00000296785,9606.ENSP00000297044,9606.ENSP00000298299,9606.ENSP00000300403,9606.ENSP00000301280,9606.ENSP00000301921,9606.ENSP00000302770,9606.ENSP00000302961,9606.ENSP00000303246,9606.ENSP00000303427,9606.ENSP00000303758,9606.ENSP00000304553,9606.ENSP00000304713,9606.ENSP00000305416,9606.ENSP00000306015,9606.ENSP00000307023,9606.ENSP00000307143,9606.ENSP00000308022,9606.ENSP00000309262,9606.ENSP00000309474,9606.ENSP00000309790,9606.ENSP00000310842,9606.ENSP00000312066,9606.ENSP00000313454,9606.ENSP00000313582,9606.ENSP00000313851,9606.ENSP00000314484,9606.ENSP00000315379,9606.ENSP00000315664,9606.ENSP00000315988,9606.ENSP00000316794,9606.ENSP00000317289,9606.ENSP00000317686,9606.ENSP00000317872,9606.ENSP00000320251,9606.ENSP00000320885,9606.ENSP00000321348,9606.ENSP00000321584,9606.ENSP00000322716,9606.ENSP00000322845,9606.ENSP00000323099,9606.ENSP00000323588,9606.ENSP00000323816,9606.ENSP00000325120,9606.ENSP00000325313,9606.ENSP00000326519,9606.ENSP00000326563,9606.ENSP00000326570,9606.ENSP00000327821,9606.ENSP00000328174,9606.ENSP00000328228,9606.ENSP00000328245,9606.ENSP00000328347,9606.ENSP00000329200,9606.ENSP00000330878,9606.ENSP00000331111,9606.ENSP00000331302,9606.ENSP00000331462,9606.ENSP00000332293,9606.ENSP00000333223,9606.ENSP00000333539,9606.ENSP00000334538,9606.ENSP00000338185,9606.ENSP00000338217,9606.ENSP00000338807,9606.ENSP00000339532,9606.ENSP00000340648,9606.ENSP00000340896,9606.ENSP00000341324,9606.ENSP00000341382,9606.ENSP00000341610,9606.ENSP00000342023,9606.ENSP00000342278,9606.ENSP00000342699,9606.ENSP00000343535,9606.ENSP00000344220,9606.ENSP00000344392,9606.ENSP00000344937,9606.ENSP00000345681,9606.ENSP00000345848,9606.ENSP00000345853,9606.ENSP00000346175,9606.ENSP00000346603,9606.ENSP00000347409,9606.ENSP00000347821,9606.ENSP00000347852,9606.ENSP00000348381,9606.ENSP00000348527,9606.ENSP00000348708,9606.ENSP00000348931,9606.ENSP00000349708,9606.ENSP00000350249,9606.ENSP00000350266,9606.ENSP00000350386,9606.ENSP00000351250,9606.ENSP00000351407,9606.ENSP00000351446,9606.ENSP00000351575,9606.ENSP00000352516,9606.ENSP00000352544,9606.ENSP00000353408,9606.ENSP00000354003,9606.ENSP00000354560,9606.ENSP00000354633,9606.ENSP00000355162,9606.ENSP00000355385,9606.ENSP00000355465,9606.ENSP00000355467,9606.ENSP00000355631,9606.ENSP00000355929,9606.ENSP00000355968,9606.ENSP00000356150,9606.ENSP00000356357,9606.ENSP00000356448,9606.ENSP00000356579,9606.ENSP00000356641,9606.ENSP00000356674,9606.ENSP00000356825,9606.ENSP00000356840,9606.ENSP00000356864,9606.ENSP00000357838,9606.ENSP00000357914,9606.ENSP00000358064,9606.ENSP00000358120,9606.ENSP00000358421,9606.ENSP00000358490,9606.ENSP00000358778,9606.ENSP00000358854,9606.ENSP00000358925,9606.ENSP00000359042,9606.ENSP00000359049,9606.ENSP00000359224,9606.ENSP00000359345,9606.ENSP00000359380,9606.ENSP00000359557,9606.ENSP00000360162,9606.ENSP00000361990,9606.ENSP00000362018,9606.ENSP00000362171,9606.ENSP00000362299,9606.ENSP00000362372,9606.ENSP00000362441,9606.ENSP00000362563,9606.ENSP00000362674,9606.ENSP00000362748,9606.ENSP00000362763,9606.ENSP00000362931,9606.ENSP00000363524,9606.ENSP00000363640,9606.ENSP00000364018,9606.ENSP00000364037,9606.ENSP00000364289,9606.ENSP00000364324,9606.ENSP00000364389,9606.ENSP00000364403,9606.ENSP00000364591,9606.ENSP00000364737,9606.ENSP00000364794,9606.ENSP00000364870,9606.ENSP00000365433,9606.ENSP00000365858,9606.ENSP00000366404,9606.ENSP00000366798,9606.ENSP00000366898,9606.ENSP00000367024,9606.ENSP00000367406,9606.ENSP00000367817,9606.ENSP00000369009,9606.ENSP00000369251,9606.ENSP00000369411,9606.ENSP00000369887,9606.ENSP00000369899,9606.ENSP00000370517,9606.ENSP00000370842,9606.ENSP00000370990,9606.ENSP00000371067,9606.ENSP00000372274,9606.ENSP00000372445,9606.ENSP00000373304,9606.ENSP00000375063,9606.ENSP00000375836,9606.ENSP00000376097,9606.ENSP00000376135,9606.ENSP00000376197,9606.ENSP00000376268,9606.ENSP00000376992,9606.ENSP00000377176,9606.ENSP00000377245,9606.ENSP00000377504,9606.ENSP00000377681,9606.ENSP00000377971,9606.ENSP00000378356,9606.ENSP00000378416,9606.ENSP00000378784,9606.ENSP00000378935,9606.ENSP00000378974,9606.ENSP00000379078,9606.ENSP00000379111,9606.ENSP00000379330,9606.ENSP00000379387,9606.ENSP00000379773,9606.ENSP00000379808,9606.ENSP00000379911,9606.ENSP00000379946,9606.ENSP00000380071,9606.ENSP00000380087,9606.ENSP00000380256,9606.ENSP00000380759,9606.ENSP00000382382,9606.ENSP00000382953,9606.ENSP00000383295,9606.ENSP00000384015,9606.ENSP00000384524,9606.ENSP00000384527,9606.ENSP00000384899,9606.ENSP00000385000,9606.ENSP00000386520,9606.ENSP00000386992,9606.ENSP00000387471,9606.ENSP00000387699,9606.ENSP00000390204,9606.ENSP00000391101,9606.ENSP00000391167,9606.ENSP00000393183,9606.ENSP00000393198,9606.ENSP00000393313,9606.ENSP00000394560,9606.ENSP00000395723,9606.ENSP00000395929,9606.ENSP00000396345,9606.ENSP00000396755,9606.ENSP00000397261,9606.ENSP00000397563,9606.ENSP00000399851,9606.ENSP00000399862,9606.ENSP00000400175,9606.ENSP00000402257,9606.ENSP00000403226,9606.ENSP00000406027,9606.ENSP00000406549,9606.ENSP00000407545,9606.ENSP00000408005,9606.ENSP00000410186,9606.ENSP00000410216,9606.ENSP00000413720,9606.ENSP00000414150,9606.ENSP00000416033,9606.ENSP00000416387,9606.ENSP00000416534,9606.ENSP00000416750,9606.ENSP00000417710,9606.ENSP00000417748,9606.ENSP00000417980,9606.ENSP00000418944,9606.ENSP00000420588,9606.ENSP00000421592,9606.ENSP00000422581,9606.ENSP00000423067,9606.ENSP00000423820,9606.ENSP00000426033,9606.ENSP00000427793,9606.ENSP00000432660,9606.ENSP00000433681,9606.ENSP00000438483,9606.ENSP00000440915,9606.ENSP00000441641,9606.ENSP00000441954,9606.ENSP00000444810,9606.ENSP00000449381,9606.ENSP00000450969,9606.ENSP00000451506,9606.ENSP00000452877,9606.ENSP00000453562,9606.ENSP00000453801,9606.ENSP00000454545,9606.ENSP00000454973,9606.ENSP00000456340,9606.ENSP00000457810,9606.ENSP00000458585,9606.ENSP00000458879,9606.ENSP00000462054,9606.ENSP00000462729,9606.ENSP00000463978,9606.ENSP00000465075,9606.ENSP00000466542,9606.ENSP00000466907,9606.ENSP00000468785,9606.ENSP00000469142,9606.ENSP00000469158,9606.ENSP00000469534,9606.ENSP00000469696,9606.ENSP00000470142,9606.ENSP00000471896,9606.ENSP00000472802,9606.ENSP00000472914,9606.ENSP00000473665,9606.ENSP00000478257,9606.ENSP00000479617,9606.ENSP00000479667,9606.ENSP00000479860,9606.ENSP00000480091,9606.ENSP00000480524,9606.ENSP00000481850,9606.ENSP00000481859,9606.ENSP00000481893,9606.ENSP00000482032,9606.ENSP00000482732,9606.ENSP00000483059,9606.ENSP00000483228,9606.ENSP00000483397,9606.ENSP00000483570,9606.ENSP00000483667,9606.ENSP00000483946,9606.ENSP00000484810,9606.ENSP00000485010,9606.ENSP00000485513,9606.ENSP00000486725,9606.ENSP00000489024,9606.ENSP00000489597,9606.ENSP00000490842,9606.ENSP00000491941,9606.ENSP00000493536,9606.ENSP00000495240,9606.ENSP00000496876,9606.ENSP00000497069,9606.ENSP00000497310,9606.ENSP00000497569,9606.ENSP00000497594,9606.ENSP00000497916,9606.ENSP00000498019,9606.ENSP00000498241,9606.ENSP00000498791,9606.ENSP00000499037,9606.ENSP00000499371	CREB3L3,KDM4B,KIF22,NDUFB4,GMIP,ADH1A,KLHL20,SF3A1,SNRPD3,CBX7,HDAC10,AURKA,UBOX5,PSMD10,USP11,ZNF263,ZNF500,MEFV,MGA,DECR1,SNAPC2,FIZ1,DBP,EPOR,SLC5A5,SULT1E1,ARPC3,HINT3,ACOT13,RARS1,HEATR5B,ELF1,TBX2,OCM,ZC3H13,SNAI1,IRF1,SYMPK,CDC25B,SUGP1,GGT1,DNAJB9,DTWD1,SAFB2,GDF15,HAUS8,FLYWCH1,SMARCC1,ILKAP,KMT5C,IPO8,TUT4,OCM2,CDK4,MDM2,FBXL8,LRPPRC,TOPBP1,SLC40A1,OSBPL8,CDK17,HERC2,UTP6,SPG11,HACD3,FLT4,MARS1,MEOX2,NUBP2,AXIN1,UBN1,INVS,SRCAP,CCNE1,ELL,KIF18A,HIRA,BRD4,NOTCH3,FAM20B,WDR76,RBBP5,ACAD11,ANKRD7,RBM27,TNPO3,NBN,EXOSC7,FBXO3,GET4,RBM6,FBXO7,PLCZ1,LGR5,CPSF6,SNRPF,FANCM,TRIP11,COMMD4,IQGAP1,ZNF174,ZNF750,AKAP8,CALR3,ILDR2,NUF2,POGZ,CENPC,NAF1,FERD3L,UHRF2,PPRC1,HIRIP3,ZNF385D,WASHC2A,UBP1,NRGN,ABCA6,TRIM11,OLA1,KLF10,AGPAT5,NUP205,FANCD2,APPL1,AMFR,PSKH1,RNF126,SLX4,AGL,ZNF514,HELQ,WDFY3,ANKRA2,CYTH3,ZNF22,TPX2,CHAF1A,SOX7,ZNF296,HSPA4,ACOT12,PDS5A,LUZP1,MPLKIP,MSANTD4,S1PR1,SYNPO2,KLF11,DONSON,TADA2B,USP48,PSMD1,MIS18BP1,FANCI,SRP68,UBA6,ZNF436,PDS5B,MEIOB,PRPF3,ZNF18,DPY19L2,RTL3,FAM220A,ZFP42,RBBP6,NEPRO,SPAST,DIAPH2,IMPDH2,GLYR1,ZMYM3,ATRIP,SOX2,AHRR,PGR,MAP1S,PAGR1,KDM3B,FKRP,XPOT,PIF1,CDCA2,ZNF71,FAM110C,STAC3,KPNA7,ZNRD1,ELOA2,ZNF704,ASCL2,ZNF470,MIPOL1,SREK1,PLCB1,ZNF532,ZBTB49,THUMPD3,HUWE1,ASH2L,SRFBP1,SMC4,C15orf48,FBXO38,OAS2,CFAP36,USP7,PDPK1,CLUAP1,DPY19L3,GATA2,ANP32B,DUSP9,SETDB2,ZBTB45,KEL,MORC4,SORBS2,ADD3,CENPL,UPF2,FABP7,ZMYM6,POT1,DENND2D,CHM,TRIM33,ARNT,WDR5,BDP1,DNMT1,CPLX2,MSN,GYPA,KIFAP3,TAF11,TIGD4,R3HDM4,AHCTF1,SCCPDH,OTX1,ANGEL2,SLC30A1,MDM4,LHX9,TPR,CEP350,COP1,ZBTB37,ADCY10,POU2F1,MGST3,OAT,GABPB2,RPRD2,PLEKHO1,HSD3B1,CD2,LRIF1,TAF5,PSRC1,PRPF38B,HENMT1,ALG14,RPL5,SCD,LDOC1,SMARCA1,UBR2,CENPI,NAP1L3,ENG,BRWD3,ATRX,ZBTB43,HDAC8,TET1,ZBTB6,SRPK1,KIF4A,PHF1,SPIN4,TEX10,NCBP1,FAM120C,CDC14B,UBR4,TSPYL2,CENPP,IARS1,HSPB7,TCF19,GATA1,TRIM27,HMGN4,HIF3A,NAA40,TAF2,PODXL,BCLAF3,MAB21L1,RFC3,SLTM,RRAGA,PFKP,IL33,SHOX,JAK2,FBXO25,METTL17,CCDC174,NLRP5,HDLBP,URI1,ZNF605,TFRC,SEC14L1,BCL2L15,SPATA7,KEAP1,ZNF414,G3BP1,ANKLE1,KIF20A,ALAS1,PHF20L1,PPHLN1,MAPK8,EHMT2,IL4R,NFATC2,ZNF445,ZC3H7A,ATF7IP2,CENPK,BICRA,TIGD7,ZNF213,CCNF,PRMT2,USP47,GABRA5,NBEA,SUN1,ETV2,ZBTB40,GATAD2A,KIF2A,RAD54L2,IPO11,CIAO2B,CREB1,HEPACAM2,SLFN14,DENND4A,DCAF1,HES4,EPS15L1,MAPK9,ZNF200,NSD1,CHD9,CNTD2,SELENBP1,TENT2,POLG,CNOT10,RHOA,RUNX1T1,BHLHB9,EPM2AIP1,TAF1,ZBTB22,SLC9A3R2,AK9,POC5,CDKN1C,ERG,PROB1,FBLIM1,DDX46,STK33,DPPA2,DDI2,EHMT1,PEG10,TFAM,ALYREF,TRIML2,WDR36,ZFP62,HELT,WWP1,CFL1,NCAPD3,KPNA2,PRORP,PRR14,SMAD5,FKBP5,MAPKAPK5,ZBTB33,TCL1A,ZNF592,BCL2L10,WDR61,RBM15B,SCAPER,DET1,CENPT,MMP12,ZSCAN10,ZFP92,OTUD7B,SLC16A3,SPC24,TLE2,ZNF524,MBD1,NPAS1,SPHK2,WIZ,PDE4C,UPF1,IRF3,ZNF446,SUGP2,SBNO1,CCNI2,UHRF1,RPS6KA5,CIB1,NMRK2,GTF2IRD2B,JADE3,PAN2,CNOT6,IP6K1,PTPN9,NR2C2,PPP4R3B,FSBP,BTK,CHD1,PHF19,ZNF274,CIITA,WASHC2C,PPIL2,KLF18,PTPN11,ZNF654,C2orf81,SAMHD1,CHD8,ZMYM1,IGF1R,ALX3,DARS2,UBE3A,NDN,RPS17,INKA1,MED19,CBLB,ERCC6L2	1.576754126063192	aquatic_slow_enrichment	False	False	False
STRING clusters	CL:15943	JAK-STAT signaling pathway	19	98	0.56	0.36	0.0286	9606.ENSP00000222139,9606.ENSP00000229135,9606.ENSP00000274276,9606.ENSP00000304915,9606.ENSP00000321345,9606.ENSP00000327890,9606.ENSP00000330393,9606.ENSP00000343957,9606.ENSP00000356713,9606.ENSP00000357470,9606.ENSP00000369581,9606.ENSP00000370698,9606.ENSP00000371067,9606.ENSP00000371425,9606.ENSP00000379111,9606.ENSP00000394227,9606.ENSP00000412209,9606.ENSP00000432511,9606.ENSP00000470788	EPOR,IFNG,OSMR,IL13,IL23R,IL3RA,LEPR,IFNAR2,IFNGR1,IL6R,IFNB1,IL6ST,JAK2,IFNGR2,IL4R,CSF2RA,IL5RA,JAK3,IL12RB1	1.5436339668709569	aquatic_slow_enrichment	False	False	False
STRING clusters	CL:22342	CatSper complex	7	11	1.08	0.39	0.0286	9606.ENSP00000256343,9606.ENSP00000309052,9606.ENSP00000355492,9606.ENSP00000371037,9606.ENSP00000386962,9606.ENSP00000390423,9606.ENSP00000491717	CATSPERB,CATSPER1,CATSPERE,CATSPERD,CATSPERG,CATSPER4,CATSPERZ	1.5436339668709569	aquatic_slow_enrichment	False	False	False
STRING clusters	CL:15939	JAK-STAT signaling pathway, and Interleukin-1 family	22	143	0.46	0.34	0.0318	9606.ENSP00000222139,9606.ENSP00000229135,9606.ENSP00000274276,9606.ENSP00000304915,9606.ENSP00000321345,9606.ENSP00000327890,9606.ENSP00000330393,9606.ENSP00000339804,9606.ENSP00000343957,9606.ENSP00000356713,9606.ENSP00000357470,9606.ENSP00000369581,9606.ENSP00000370698,9606.ENSP00000370842,9606.ENSP00000371067,9606.ENSP00000371425,9606.ENSP00000379111,9606.ENSP00000394227,9606.ENSP00000403104,9606.ENSP00000412209,9606.ENSP00000432511,9606.ENSP00000470788	EPOR,IFNG,OSMR,IL13,IL23R,IL3RA,LEPR,TSLP,IFNAR2,IFNGR1,IL6R,IFNB1,IL6ST,IL33,JAK2,IFNGR2,IL4R,CSF2RA,SIGIRR,IL5RA,JAK3,IL12RB1	1.4975728800155672	aquatic_slow_enrichment	False	False	False
STRING clusters	CL:15945	JAK-STAT signaling pathway	14	63	0.62	0.35	0.0318	9606.ENSP00000222139,9606.ENSP00000229135,9606.ENSP00000304915,9606.ENSP00000327890,9606.ENSP00000330393,9606.ENSP00000343957,9606.ENSP00000356713,9606.ENSP00000369581,9606.ENSP00000371067,9606.ENSP00000371425,9606.ENSP00000379111,9606.ENSP00000394227,9606.ENSP00000412209,9606.ENSP00000432511	EPOR,IFNG,IL13,IL3RA,LEPR,IFNAR2,IFNGR1,IFNB1,JAK2,IFNGR2,IL4R,CSF2RA,IL5RA,JAK3	1.4975728800155672	aquatic_slow_enrichment	False	False	False
STRING clusters	CL:22293	Voltage-gated calcium channel complex	11	40	0.71	0.36	0.0318	9606.ENSP00000256343,9606.ENSP00000290039,9606.ENSP00000301050,9606.ENSP00000309052,9606.ENSP00000329200,9606.ENSP00000355492,9606.ENSP00000371037,9606.ENSP00000371180,9606.ENSP00000386962,9606.ENSP00000390423,9606.ENSP00000491717	CATSPERB,CACHD1,CACNB3,CATSPER1,STAC3,CATSPERE,CATSPERD,CATSPER2,CATSPERG,CATSPER4,CATSPERZ	1.4975728800155672	aquatic_slow_enrichment	False	False	False
STRING clusters	CL:15940	JAK-STAT signaling pathway, and Interleukin-1 family	21	138	0.46	0.33	0.0349	9606.ENSP00000222139,9606.ENSP00000229135,9606.ENSP00000274276,9606.ENSP00000304915,9606.ENSP00000321345,9606.ENSP00000327890,9606.ENSP00000330393,9606.ENSP00000343957,9606.ENSP00000356713,9606.ENSP00000357470,9606.ENSP00000369581,9606.ENSP00000370698,9606.ENSP00000370842,9606.ENSP00000371067,9606.ENSP00000371425,9606.ENSP00000379111,9606.ENSP00000394227,9606.ENSP00000403104,9606.ENSP00000412209,9606.ENSP00000432511,9606.ENSP00000470788	EPOR,IFNG,OSMR,IL13,IL23R,IL3RA,LEPR,IFNAR2,IFNGR1,IL6R,IFNB1,IL6ST,IL33,JAK2,IFNGR2,IL4R,CSF2RA,SIGIRR,IL5RA,JAK3,IL12RB1	1.45717457304082	aquatic_slow_enrichment	False	False	False
STRING clusters	CL:11724	Hemochromatosis	6	10	1.05	0.34	0.0471	9606.ENSP00000261024,9606.ENSP00000319141,9606.ENSP00000337014,9606.ENSP00000376197,9606.ENSP00000420525,9606.ENSP00000430620	SLC40A1,CYBRD1,HJV,TFRC,TFR2,HEPH	1.3269790928711038	aquatic_slow_enrichment	False	False	False
STRING clusters	CL:6597	Mixed, incl. Amplification of signal from the kinetochores, and Mitotic sister chromatid segregation	19	121	0.47	0.3	0.0471	9606.ENSP00000216911,9606.ENSP00000263795,9606.ENSP00000271452,9606.ENSP00000273853,9606.ENSP00000286031,9606.ENSP00000300403,9606.ENSP00000309790,9606.ENSP00000328228,9606.ENSP00000334675,9606.ENSP00000341382,9606.ENSP00000348527,9606.ENSP00000362018,9606.ENSP00000363524,9606.ENSP00000364737,9606.ENSP00000378356,9606.ENSP00000379911,9606.ENSP00000433681,9606.ENSP00000457810,9606.ENSP00000465075	AURKA,WDR76,NUF2,CENPC,C1orf112,TPX2,MIS18BP1,CDCA2,ERCC6L,SMC4,CENPL,CENPI,KIF4A,CENPP,KIF20A,CENPK,NCAPD3,CENPT,SPC24	1.3269790928711038	aquatic_slow_enrichment	False	False	False
STRING clusters	CL:15699	Mixed, incl. Dysgammaglobulinemia, and Immunoglobulin domain	6	11	1.01	0.33	0.0489	9606.ENSP00000357012,9606.ENSP00000357022,9606.ENSP00000357036,9606.ENSP00000358490,9606.ENSP00000358501,9606.ENSP00000438406	CD244,SLAMF7,SLAMF6,CD2,CD58,SLAMF1	1.3106911408763795	aquatic_slow_enrichment	False	False	False
STRING clusters	CL:18784	Formation of Fibrin Clot (Clotting Cascade)	7	18	0.86	0.33	0.0489	9606.ENSP00000218099,9606.ENSP00000233156,9606.ENSP00000308541,9606.ENSP00000321326,9606.ENSP00000356671,9606.ENSP00000366307,9606.ENSP00000384957	F9,TFPI,F2,F2R,SERPINC1,THBD,F11	1.3106911408763795	aquatic_slow_enrichment	False	False	False
STRING clusters	CL:22346	Sperm Motility And Taxes	5	6	1.19	0.34	0.0489	9606.ENSP00000256343,9606.ENSP00000309052,9606.ENSP00000371037,9606.ENSP00000386962,9606.ENSP00000390423	CATSPERB,CATSPER1,CATSPERD,CATSPERG,CATSPER4	1.3106911408763795	aquatic_slow_enrichment	False	False	False
STRING clusters	CL:6596	Mixed, incl. Mitotic Spindle Checkpoint, and Mitotic sister chromatid segregation	21	151	0.42	0.3	0.0489	9606.ENSP00000216911,9606.ENSP00000263795,9606.ENSP00000271452,9606.ENSP00000273853,9606.ENSP00000286031,9606.ENSP00000300403,9606.ENSP00000309790,9606.ENSP00000328228,9606.ENSP00000334675,9606.ENSP00000341382,9606.ENSP00000348527,9606.ENSP00000362018,9606.ENSP00000363524,9606.ENSP00000364389,9606.ENSP00000364737,9606.ENSP00000378356,9606.ENSP00000379911,9606.ENSP00000433681,9606.ENSP00000457810,9606.ENSP00000465075,9606.ENSP00000471299	AURKA,WDR76,NUF2,CENPC,C1orf112,TPX2,MIS18BP1,CDCA2,ERCC6L,SMC4,CENPL,CENPI,KIF4A,CDC14B,CENPP,KIF20A,CENPK,NCAPD3,CENPT,SPC24,MAGIX	1.3106911408763795	aquatic_slow_enrichment	False	False	False
STRING clusters	CL:6599	Amplification of signal from the kinetochores, and Mitotic sister chromatid segregation	18	113	0.48	0.3	0.0489	9606.ENSP00000216911,9606.ENSP00000263795,9606.ENSP00000271452,9606.ENSP00000273853,9606.ENSP00000286031,9606.ENSP00000300403,9606.ENSP00000309790,9606.ENSP00000328228,9606.ENSP00000341382,9606.ENSP00000348527,9606.ENSP00000362018,9606.ENSP00000363524,9606.ENSP00000364737,9606.ENSP00000378356,9606.ENSP00000379911,9606.ENSP00000433681,9606.ENSP00000457810,9606.ENSP00000465075	AURKA,WDR76,NUF2,CENPC,C1orf112,TPX2,MIS18BP1,CDCA2,SMC4,CENPL,CENPI,KIF4A,CENPP,KIF20A,CENPK,NCAPD3,CENPT,SPC24	1.3106911408763795	aquatic_slow_enrichment	False	False	False
STRING clusters	CL:6601	Mixed, incl. Centromere, and Condensin complex	17	104	0.49	0.3	0.0489	9606.ENSP00000216911,9606.ENSP00000271452,9606.ENSP00000273853,9606.ENSP00000286031,9606.ENSP00000300403,9606.ENSP00000309790,9606.ENSP00000328228,9606.ENSP00000341382,9606.ENSP00000348527,9606.ENSP00000362018,9606.ENSP00000363524,9606.ENSP00000364737,9606.ENSP00000378356,9606.ENSP00000379911,9606.ENSP00000433681,9606.ENSP00000457810,9606.ENSP00000465075	AURKA,NUF2,CENPC,C1orf112,TPX2,MIS18BP1,CDCA2,SMC4,CENPL,CENPI,KIF4A,CENPP,KIF20A,CENPK,NCAPD3,CENPT,SPC24	1.3106911408763795	aquatic_slow_enrichment	False	False	False
STRING clusters	CL:6604	Mixed, incl. Amplification of signal from the kinetochores, and Condensin complex	16	93	0.51	0.3	0.0489	9606.ENSP00000216911,9606.ENSP00000271452,9606.ENSP00000273853,9606.ENSP00000300403,9606.ENSP00000309790,9606.ENSP00000328228,9606.ENSP00000341382,9606.ENSP00000348527,9606.ENSP00000362018,9606.ENSP00000363524,9606.ENSP00000364737,9606.ENSP00000378356,9606.ENSP00000379911,9606.ENSP00000433681,9606.ENSP00000457810,9606.ENSP00000465075	AURKA,NUF2,CENPC,TPX2,MIS18BP1,CDCA2,SMC4,CENPL,CENPI,KIF4A,CENPP,KIF20A,CENPK,NCAPD3,CENPT,SPC24	1.3106911408763795	aquatic_slow_enrichment	False	False	False
STRING clusters	CL:6728	Centromere complex assembly, and NMS complex	9	31	0.74	0.32	0.0489	9606.ENSP00000271452,9606.ENSP00000273853,9606.ENSP00000309790,9606.ENSP00000348527,9606.ENSP00000362018,9606.ENSP00000364737,9606.ENSP00000379911,9606.ENSP00000457810,9606.ENSP00000465075	NUF2,CENPC,MIS18BP1,CENPL,CENPI,CENPP,CENPK,CENPT,SPC24	1.3106911408763795	aquatic_slow_enrichment	False	False	False
KEGG	hsa04060	Cytokine-cytokine receptor interaction	35	282	0.37	0.46	0.0043	9606.ENSP00000222139,9606.ENSP00000229135,9606.ENSP00000241261,9606.ENSP00000249887,9606.ENSP00000252809,9606.ENSP00000274276,9606.ENSP00000281834,9606.ENSP00000286758,9606.ENSP00000304915,9606.ENSP00000310405,9606.ENSP00000316416,9606.ENSP00000321345,9606.ENSP00000327890,9606.ENSP00000330393,9606.ENSP00000339804,9606.ENSP00000343957,9606.ENSP00000351059,9606.ENSP00000356713,9606.ENSP00000357470,9606.ENSP00000361107,9606.ENSP00000362795,9606.ENSP00000368538,9606.ENSP00000369581,9606.ENSP00000370698,9606.ENSP00000370842,9606.ENSP00000375086,9606.ENSP00000379111,9606.ENSP00000398698,9606.ENSP00000403495,9606.ENSP00000405004,9606.ENSP00000412209,9606.ENSP00000441600,9606.ENSP00000463051,9606.ENSP00000470788,9606.ENSP00000478699	EPOR,IFNG,TNFSF10,ACKR4,GDF15,OSMR,TNFSF4,CXCL13,IL13,XCR1,CSH1,IL23R,IL3RA,LEPR,TSLP,IFNAR2,CX3CR1,IFNGR1,IL6R,BMPR1A,CXCR3,TNFRSF4,IFNB1,IL6ST,IL33,CCL25,IL4R,TNF,LTA,ACVR1,IL5RA,CCR3,GDF2,IL12RB1,TNFRSF9	2.366531544420414	aquatic_slow_enrichment	False	False	False
KEGG	hsa04630	JAK-STAT signaling pathway	22	158	0.42	0.39	0.0152	9606.ENSP00000222139,9606.ENSP00000229135,9606.ENSP00000274276,9606.ENSP00000304915,9606.ENSP00000316416,9606.ENSP00000321345,9606.ENSP00000327890,9606.ENSP00000330382,9606.ENSP00000330393,9606.ENSP00000339804,9606.ENSP00000343957,9606.ENSP00000356713,9606.ENSP00000357470,9606.ENSP00000369581,9606.ENSP00000370698,9606.ENSP00000371067,9606.ENSP00000379111,9606.ENSP00000412209,9606.ENSP00000432511,9606.ENSP00000452522,9606.ENSP00000470788,9606.ENSP00000489597	EPOR,IFNG,OSMR,IL13,CSH1,IL23R,IL3RA,PDGFB,LEPR,TSLP,IFNAR2,IFNGR1,IL6R,IFNB1,IL6ST,JAK2,IL4R,IL5RA,JAK3,SOCS4,IL12RB1,PTPN11	1.8181564120552272	aquatic_slow_enrichment	False	False	False
KEGG	hsa05200	Pathways in cancer	50	515	0.26	0.36	0.0152	9606.ENSP00000222139,9606.ENSP00000229135,9606.ENSP00000245457,9606.ENSP00000248572,9606.ENSP00000257904,9606.ENSP00000258149,9606.ENSP00000261937,9606.ENSP00000262320,9606.ENSP00000262407,9606.ENSP00000262643,9606.ENSP00000263388,9606.ENSP00000272164,9606.ENSP00000288266,9606.ENSP00000294016,9606.ENSP00000304283,9606.ENSP00000304915,9606.ENSP00000307156,9606.ENSP00000308541,9606.ENSP00000316054,9606.ENSP00000317272,9606.ENSP00000321326,9606.ENSP00000321345,9606.ENSP00000327890,9606.ENSP00000330382,9606.ENSP00000334448,9606.ENSP00000338185,9606.ENSP00000343957,9606.ENSP00000351407,9606.ENSP00000354607,9606.ENSP00000356448,9606.ENSP00000356713,9606.ENSP00000356864,9606.ENSP00000357470,9606.ENSP00000358548,9606.ENSP00000358727,9606.ENSP00000363591,9606.ENSP00000365692,9606.ENSP00000370698,9606.ENSP00000371067,9606.ENSP00000377245,9606.ENSP00000378974,9606.ENSP00000379111,9606.ENSP00000394560,9606.ENSP00000400175,9606.ENSP00000402257,9606.ENSP00000412209,9606.ENSP00000432511,9606.ENSP00000470788,9606.ENSP00000479667,9606.ENSP00000497069	EPOR,IFNG,PTGER2,GNGT1,CDK4,MDM2,FLT4,AXIN1,ITGA2B,CCNE1,NOTCH3,WNT9A,APPL1,ADCY9,RAC3,IL13,LAMB2,F2,DVL3,MET,F2R,IL23R,IL3RA,PDGFB,GNG2,PLCB1,IFNAR2,ARNT,FZD5,TPR,IFNGR1,MGST3,IL6R,NRAS,GSTO1,BAK1,PIM2,IL6ST,JAK2,KEAP1,MAPK8,IL4R,MAPK9,RHOA,RUNX1T1,IL5RA,JAK3,IL12RB1,RPS6KA5,IGF1R	1.8181564120552272	aquatic_slow_enrichment	False	False	False
KEGG	hsa04934	Cushing syndrome	21	153	0.41	0.38	0.0165	9606.ENSP00000078445,9606.ENSP00000257904,9606.ENSP00000261693,9606.ENSP00000262320,9606.ENSP00000262643,9606.ENSP00000264515,9606.ENSP00000264917,9606.ENSP00000268053,9606.ENSP00000272164,9606.ENSP00000294016,9606.ENSP00000316054,9606.ENSP00000338185,9606.ENSP00000340896,9606.ENSP00000351407,9606.ENSP00000351446,9606.ENSP00000354607,9606.ENSP00000358421,9606.ENSP00000358903,9606.ENSP00000365441,9606.ENSP00000387699,9606.ENSP00000496625	CREB3L3,CDK4,SCARB1,AXIN1,CCNE1,RBBP5,PDE8B,CYP11A1,WNT9A,ADCY9,DVL3,PLCB1,ASH2L,ARNT,WDR5,FZD5,HSD3B1,CYP17A1,CACNA1F,CREB1,CYP21A2	1.7825160557860935	aquatic_slow_enrichment	False	False	False
WikiPathways	WP4538	Regulatory circuits of the STAT3 signaling pathway	15	77	0.56	0.32	0.0431	9606.ENSP00000274276,9606.ENSP00000321326,9606.ENSP00000327890,9606.ENSP00000343957,9606.ENSP00000356713,9606.ENSP00000357470,9606.ENSP00000370698,9606.ENSP00000371067,9606.ENSP00000371425,9606.ENSP00000378974,9606.ENSP00000394227,9606.ENSP00000394560,9606.ENSP00000410452,9606.ENSP00000412209,9606.ENSP00000432511	OSMR,F2R,IL3RA,IFNAR2,IFNGR1,IL6R,IL6ST,JAK2,IFNGR2,MAPK8,CSF2RA,MAPK9,STMN1,IL5RA,JAK3	1.3655227298392685	aquatic_slow_enrichment	False	False	False
Monarch	EFO:0004503	Hematological measurement	328	4592	0.13	0.52	7.37e-05	9606.ENSP00000003100,9606.ENSP00000045083,9606.ENSP00000159111,9606.ENSP00000203407,9606.ENSP00000203556,9606.ENSP00000215793,9606.ENSP00000216133,9606.ENSP00000216911,9606.ENSP00000217173,9606.ENSP00000219905,9606.ENSP00000221671,9606.ENSP00000221730,9606.ENSP00000222139,9606.ENSP00000227667,9606.ENSP00000230449,9606.ENSP00000231368,9606.ENSP00000233099,9606.ENSP00000239882,9606.ENSP00000241261,9606.ENSP00000242465,9606.ENSP00000243501,9606.ENSP00000244527,9606.ENSP00000245414,9606.ENSP00000245934,9606.ENSP00000245960,9606.ENSP00000247001,9606.ENSP00000251157,9606.ENSP00000252809,9606.ENSP00000253669,9606.ENSP00000254190,9606.ENSP00000254654,9606.ENSP00000255194,9606.ENSP00000255882,9606.ENSP00000256079,9606.ENSP00000256343,9606.ENSP00000256958,9606.ENSP00000257904,9606.ENSP00000258149,9606.ENSP00000260361,9606.ENSP00000260818,9606.ENSP00000261024,9606.ENSP00000261693,9606.ENSP00000261875,9606.ENSP00000261937,9606.ENSP00000262301,9606.ENSP00000262320,9606.ENSP00000262376,9606.ENSP00000262407,9606.ENSP00000262457,9606.ENSP00000262462,9606.ENSP00000262643,9606.ENSP00000262809,9606.ENSP00000262811,9606.ENSP00000263377,9606.ENSP00000264162,9606.ENSP00000264515,9606.ENSP00000264917,9606.ENSP00000264990,9606.ENSP00000265138,9606.ENSP00000265271,9606.ENSP00000265388,9606.ENSP00000265433,9606.ENSP00000266022,9606.ENSP00000266037,9606.ENSP00000266087,9606.ENSP00000267935,9606.ENSP00000267953,9606.ENSP00000268182,9606.ENSP00000269373,9606.ENSP00000269701,9606.ENSP00000270645,9606.ENSP00000271732,9606.ENSP00000274276,9606.ENSP00000278070,9606.ENSP00000282041,9606.ENSP00000282588,9606.ENSP00000284425,9606.ENSP00000284719,9606.ENSP00000285968,9606.ENSP00000286031,9606.ENSP00000291041,9606.ENSP00000292609,9606.ENSP00000292778,9606.ENSP00000293879,9606.ENSP00000294016,9606.ENSP00000294413,9606.ENSP00000295888,9606.ENSP00000298815,9606.ENSP00000298910,9606.ENSP00000299798,9606.ENSP00000300184,9606.ENSP00000300403,9606.ENSP00000300784,9606.ENSP00000301280,9606.ENSP00000301825,9606.ENSP00000302413,9606.ENSP00000302961,9606.ENSP00000303427,9606.ENSP00000304915,9606.ENSP00000305416,9606.ENSP00000306997,9606.ENSP00000307023,9606.ENSP00000308022,9606.ENSP00000308541,9606.ENSP00000309262,9606.ENSP00000309597,9606.ENSP00000310842,9606.ENSP00000311648,9606.ENSP00000313050,9606.ENSP00000313851,9606.ENSP00000314484,9606.ENSP00000315379,9606.ENSP00000315713,9606.ENSP00000316054,9606.ENSP00000317272,9606.ENSP00000317289,9606.ENSP00000318029,9606.ENSP00000321326,9606.ENSP00000321584,9606.ENSP00000324127,9606.ENSP00000324510,9606.ENSP00000325313,9606.ENSP00000325785,9606.ENSP00000326550,9606.ENSP00000326604,9606.ENSP00000327786,9606.ENSP00000327821,9606.ENSP00000328174,9606.ENSP00000328228,9606.ENSP00000329803,9606.ENSP00000330393,9606.ENSP00000330878,9606.ENSP00000331111,9606.ENSP00000331462,9606.ENSP00000332049,9606.ENSP00000333539,9606.ENSP00000335040,9606.ENSP00000335247,9606.ENSP00000337146,9606.ENSP00000338185,9606.ENSP00000339208,9606.ENSP00000339484,9606.ENSP00000339577,9606.ENSP00000342023,9606.ENSP00000343535,9606.ENSP00000343629,9606.ENSP00000343885,9606.ENSP00000343957,9606.ENSP00000345681,9606.ENSP00000345848,9606.ENSP00000345853,9606.ENSP00000346175,9606.ENSP00000347409,9606.ENSP00000347719,9606.ENSP00000348349,9606.ENSP00000348381,9606.ENSP00000348573,9606.ENSP00000348708,9606.ENSP00000349439,9606.ENSP00000349768,9606.ENSP00000349877,9606.ENSP00000349967,9606.ENSP00000350249,9606.ENSP00000350266,9606.ENSP00000350310,9606.ENSP00000350541,9606.ENSP00000351059,9606.ENSP00000351250,9606.ENSP00000351407,9606.ENSP00000351619,9606.ENSP00000352288,9606.ENSP00000352516,9606.ENSP00000354003,9606.ENSP00000354607,9606.ENSP00000354633,9606.ENSP00000355237,9606.ENSP00000355385,9606.ENSP00000355500,9606.ENSP00000355632,9606.ENSP00000356104,9606.ENSP00000356150,9606.ENSP00000356579,9606.ENSP00000356634,9606.ENSP00000356674,9606.ENSP00000357012,9606.ENSP00000357470,9606.ENSP00000358060,9606.ENSP00000358064,9606.ENSP00000358120,9606.ENSP00000358794,9606.ENSP00000358903,9606.ENSP00000359114,9606.ENSP00000359222,9606.ENSP00000359345,9606.ENSP00000359380,9606.ENSP00000360250,9606.ENSP00000361107,9606.ENSP00000362298,9606.ENSP00000362299,9606.ENSP00000362441,9606.ENSP00000362748,9606.ENSP00000362931,9606.ENSP00000363591,9606.ENSP00000364737,9606.ENSP00000365550,9606.ENSP00000365643,9606.ENSP00000365858,9606.ENSP00000366404,9606.ENSP00000367406,9606.ENSP00000368538,9606.ENSP00000369009,9606.ENSP00000369238,9606.ENSP00000369666,9606.ENSP00000369871,9606.ENSP00000370517,9606.ENSP00000370698,9606.ENSP00000370842,9606.ENSP00000371067,9606.ENSP00000371180,9606.ENSP00000373979,9606.ENSP00000375836,9606.ENSP00000376135,9606.ENSP00000376197,9606.ENSP00000376992,9606.ENSP00000377681,9606.ENSP00000377801,9606.ENSP00000378312,9606.ENSP00000378367,9606.ENSP00000378784,9606.ENSP00000379047,9606.ENSP00000379078,9606.ENSP00000379111,9606.ENSP00000379330,9606.ENSP00000379773,9606.ENSP00000380256,9606.ENSP00000380450,9606.ENSP00000380876,9606.ENSP00000381003,9606.ENSP00000382382,9606.ENSP00000384015,9606.ENSP00000384527,9606.ENSP00000384582,9606.ENSP00000384899,9606.ENSP00000384957,9606.ENSP00000384996,9606.ENSP00000385000,9606.ENSP00000386499,9606.ENSP00000386787,9606.ENSP00000386962,9606.ENSP00000386992,9606.ENSP00000387699,9606.ENSP00000390613,9606.ENSP00000390637,9606.ENSP00000391101,9606.ENSP00000391167,9606.ENSP00000393313,9606.ENSP00000395929,9606.ENSP00000396345,9606.ENSP00000397261,9606.ENSP00000402060,9606.ENSP00000403077,9606.ENSP00000403495,9606.ENSP00000408005,9606.ENSP00000409906,9606.ENSP00000410186,9606.ENSP00000410216,9606.ENSP00000410798,9606.ENSP00000411848,9606.ENSP00000412209,9606.ENSP00000413625,9606.ENSP00000414150,9606.ENSP00000418767,9606.ENSP00000420525,9606.ENSP00000421801,9606.ENSP00000423067,9606.ENSP00000424571,9606.ENSP00000427550,9606.ENSP00000428657,9606.ENSP00000430656,9606.ENSP00000432660,9606.ENSP00000433761,9606.ENSP00000434676,9606.ENSP00000438406,9606.ENSP00000440915,9606.ENSP00000441600,9606.ENSP00000441641,9606.ENSP00000441954,9606.ENSP00000443021,9606.ENSP00000443291,9606.ENSP00000444810,9606.ENSP00000449381,9606.ENSP00000451406,9606.ENSP00000451506,9606.ENSP00000453502,9606.ENSP00000453801,9606.ENSP00000453940,9606.ENSP00000454973,9606.ENSP00000455064,9606.ENSP00000457421,9606.ENSP00000457810,9606.ENSP00000458879,9606.ENSP00000462154,9606.ENSP00000463051,9606.ENSP00000463978,9606.ENSP00000466664,9606.ENSP00000469158,9606.ENSP00000469534,9606.ENSP00000471457,9606.ENSP00000471683,9606.ENSP00000473665,9606.ENSP00000478458,9606.ENSP00000481625,9606.ENSP00000481893,9606.ENSP00000482032,9606.ENSP00000483537,9606.ENSP00000483667,9606.ENSP00000483946,9606.ENSP00000484060,9606.ENSP00000485010,9606.ENSP00000485513,9606.ENSP00000489597,9606.ENSP00000490842,9606.ENSP00000497069,9606.ENSP00000497274,9606.ENSP00000497569,9606.ENSP00000498791,9606.ENSP00000499371,9606.ENSP00000499569	CYP51A1,RIPOR3,KDM4B,UQCRC1,GMIP,SF3A1,CBX7,AURKA,UBOX5,MGA,C19orf44,EPHX3,EPOR,APOC3,EXOC2,LNPEP,HEATR5B,ELF1,TNFSF10,SRGN,PLA2G12A,SLC17A1,IRF1,SYMPK,CDC25B,SUGP1,DOCK7,GDF15,HAUS8,CHSY1,ILKAP,AP3B1,PI4KA,IPO8,CATSPERB,SLCO1B1,CDK4,MDM2,NDUFAF1,DNAJC13,SLC40A1,SCARB1,HACD3,FLT4,LMF1,AXIN1,UBN1,ITGA2B,INVS,SLC27A6,CCNE1,ELL,MAST3,BRD4,LCT,RBBP5,PDE8B,ACAD11,ARRDC3,RBM27,TNPO3,NBN,RBM6,DOCK3,FBXO7,COMMD4,BCL2A1,IQGAP1,FN3KRP,AKAP8,RCN3,GOLPH3L,OSMR,PPRC1,EPG5,ITGA1,ABCA6,OLA1,NUP205,C1orf112,PSKH1,PGLYRP2,YDJC,WDR90,ADCY9,RHCE,WDFY3,ARHGAP42,LRRK2,SLC9A5,MS4A7,TPX2,FN3K,CHAF1A,ENTPD3,TPST1,HSPA4,PDS5A,IL13,S1PR1,MYOZ2,KLF11,TADA2B,F2,USP48,MAP3K11,FANCI,UGT8,NIPSNAP2,PDS5B,MEIOB,PRPF3,SSH1,DVL3,MET,FAM220A,ODF3L2,F2R,IMPDH2,PSD3,BAIAP3,MAP1S,SPECC1L,TACC3,LMBR1,IZUMO1,XPOT,PIF1,CDCA2,ZAR1,LEPR,KPNA7,ZNRD1,ZNF704,CD86,MIPOL1,NIBAN3,STARD10,ENOX2,PLCB1,DPP8,ZFAND4,RHD,FBXO38,USP7,PRRC2C,PPA2,IFNAR2,GATA2,ANP32B,DUSP9,SETDB2,KEL,TBCD,MYO9A,ADD3,AKAP9,UPF2,TXNDC11,DCHS2,ATP13A1,CCRL2,POT1,DENND2D,ATP2B4,LVRN,CX3CR1,TRIM33,ARNT,PBLD,PLXNB2,DNMT1,GYPA,FZD5,TAF11,CDC42BPB,R3HDM4,CEP170,GALNT2,PM20D1,MDM4,CEP350,PAPPA2,ZBTB37,CD244,IL6R,TARS2,RPRD2,PLEKHO1,SLC16A4,CYP17A1,COL11A1,TLCD4,RPL5,SCD,ENTPD1,BMPR1A,SGPL1,ENG,ATRX,TET1,SRPK1,BAK1,CENPP,GKAP1,DOCK9,GATA1,TRIM27,TAF2,TNFRSF4,BCLAF3,ADAM32,FBXL19,HAUS6,PFKP,IL6ST,IL33,JAK2,CATSPER2,TRAPPC9,HDLBP,ZNF605,TFRC,BCL2L15,G3BP1,RCCD1,EFCAB5,NRG4,PHF20L1,CCDC51,EHMT2,IL4R,NFATC2,ZC3H7A,CCNF,NOXO1,RGS11,TTC28,USP47,SUN1,ZBTB40,ADGRV1,GATAD2A,F11,TBC1D10A,KIF2A,PRR35,TMEM131L,CATSPERG,IPO11,CREB1,BTNL2,SLC14A1,SLFN14,DENND4A,EPS15L1,NSD1,CHD9,SELENBP1,PVR,VKORC1L1,LTA,SLC9A3R2,USP53,AK9,POC5,FCGRT,MARCHF8,IL5RA,FNBP1,ERG,TREML2,TFR2,HGFAC,WDR36,FBN2,CEP192,NAIP,CA1,CFL1,MS4A14,USP50,SLAMF1,PRORP,CCR3,PRR14,SMAD5,RASSF3,FAR2,FKBP5,MAPKAPK5,HSD17B6,TCL1A,ST20,WDR61,CCDC175,SCAPER,SLC7A6,PECAM1,CENPT,ZSCAN10,BAHCC1,GDF2,SLC16A3,SLC44A2,SPHK2,WIZ,MYO9B,SLC38A5,SBNO1,PLCL2,SLC6A6,CNOT6,IP6K1,C11orf65,CHD1,PHF19,PACSIN1,CIITA,WASHC2C,PTPN11,ZNF654,IGF1R,ABCC2,DARS2,MED19,ERCC6L2,SCN11A	4.132532512140949	hematological	True	False	True
TISSUES	BTO:0001488	Endocrine gland	445	6403	0.12	0.63	9.66e-08	9606.ENSP00000003100,9606.ENSP00000078445,9606.ENSP00000159111,9606.ENSP00000160827,9606.ENSP00000199936,9606.ENSP00000203407,9606.ENSP00000205636,9606.ENSP00000209668,9606.ENSP00000215793,9606.ENSP00000216124,9606.ENSP00000216259,9606.ENSP00000216271,9606.ENSP00000216500,9606.ENSP00000216911,9606.ENSP00000217958,9606.ENSP00000218099,9606.ENSP00000218348,9606.ENSP00000219481,9606.ENSP00000219905,9606.ENSP00000220764,9606.ENSP00000222248,9606.ENSP00000225276,9606.ENSP00000226355,9606.ENSP00000226444,9606.ENSP00000227667,9606.ENSP00000228825,9606.ENSP00000229135,9606.ENSP00000230048,9606.ENSP00000230449,9606.ENSP00000231572,9606.ENSP00000231887,9606.ENSP00000233156,9606.ENSP00000233710,9606.ENSP00000234371,9606.ENSP00000236850,9606.ENSP00000241256,9606.ENSP00000242375,9606.ENSP00000242848,9606.ENSP00000243347,9606.ENSP00000244050,9606.ENSP00000245414,9606.ENSP00000245907,9606.ENSP00000245934,9606.ENSP00000245960,9606.ENSP00000247001,9606.ENSP00000248572,9606.ENSP00000249356,9606.ENSP00000250535,9606.ENSP00000251047,9606.ENSP00000251157,9606.ENSP00000251250,9606.ENSP00000252809,9606.ENSP00000254480,9606.ENSP00000255882,9606.ENSP00000256079,9606.ENSP00000256958,9606.ENSP00000257663,9606.ENSP00000257904,9606.ENSP00000258149,9606.ENSP00000258173,9606.ENSP00000258198,9606.ENSP00000260665,9606.ENSP00000260810,9606.ENSP00000261024,9606.ENSP00000261183,9606.ENSP00000261211,9606.ENSP00000261416,9606.ENSP00000261483,9606.ENSP00000261693,9606.ENSP00000261866,9606.ENSP00000261875,9606.ENSP00000262027,9606.ENSP00000262301,9606.ENSP00000262302,9606.ENSP00000262320,9606.ENSP00000262376,9606.ENSP00000262518,9606.ENSP00000263038,9606.ENSP00000263233,9606.ENSP00000263377,9606.ENSP00000264246,9606.ENSP00000264917,9606.ENSP00000264990,9606.ENSP00000265195,9606.ENSP00000265224,9606.ENSP00000265388,9606.ENSP00000265565,9606.ENSP00000265651,9606.ENSP00000265708,9606.ENSP00000265857,9606.ENSP00000266022,9606.ENSP00000266087,9606.ENSP00000266679,9606.ENSP00000267430,9606.ENSP00000267814,9606.ENSP00000267935,9606.ENSP00000267953,9606.ENSP00000268053,9606.ENSP00000268150,9606.ENSP00000268182,9606.ENSP00000268668,9606.ENSP00000269394,9606.ENSP00000270645,9606.ENSP00000271452,9606.ENSP00000271715,9606.ENSP00000271732,9606.ENSP00000272418,9606.ENSP00000273853,9606.ENSP00000276893,9606.ENSP00000281834,9606.ENSP00000282588,9606.ENSP00000284425,9606.ENSP00000284551,9606.ENSP00000284719,9606.ENSP00000285379,9606.ENSP00000285968,9606.ENSP00000286758,9606.ENSP00000288266,9606.ENSP00000288937,9606.ENSP00000290246,9606.ENSP00000290649,9606.ENSP00000292609,9606.ENSP00000293883,9606.ENSP00000294724,9606.ENSP00000295488,9606.ENSP00000295888,9606.ENSP00000296266,9606.ENSP00000298428,9606.ENSP00000298556,9606.ENSP00000298569,9606.ENSP00000299138,9606.ENSP00000300184,9606.ENSP00000300403,9606.ENSP00000301458,9606.ENSP00000301645,9606.ENSP00000302621,9606.ENSP00000302961,9606.ENSP00000303246,9606.ENSP00000303427,9606.ENSP00000304592,9606.ENSP00000304713,9606.ENSP00000306015,9606.ENSP00000306548,9606.ENSP00000306627,9606.ENSP00000307023,9606.ENSP00000307156,9606.ENSP00000308541,9606.ENSP00000309052,9606.ENSP00000309262,9606.ENSP00000309474,9606.ENSP00000309597,9606.ENSP00000310721,9606.ENSP00000312066,9606.ENSP00000313582,9606.ENSP00000313851,9606.ENSP00000314030,9606.ENSP00000315379,9606.ENSP00000315988,9606.ENSP00000316054,9606.ENSP00000317272,9606.ENSP00000317289,9606.ENSP00000317872,9606.ENSP00000321584,9606.ENSP00000322716,9606.ENSP00000322845,9606.ENSP00000323099,9606.ENSP00000324127,9606.ENSP00000324343,9606.ENSP00000324510,9606.ENSP00000325120,9606.ENSP00000325313,9606.ENSP00000325785,9606.ENSP00000327786,9606.ENSP00000327890,9606.ENSP00000328228,9606.ENSP00000330382,9606.ENSP00000330393,9606.ENSP00000331302,9606.ENSP00000332049,9606.ENSP00000333212,9606.ENSP00000334448,9606.ENSP00000335247,9606.ENSP00000337014,9606.ENSP00000337224,9606.ENSP00000337746,9606.ENSP00000338217,9606.ENSP00000339208,9606.ENSP00000339484,9606.ENSP00000339532,9606.ENSP00000339720,9606.ENSP00000339804,9606.ENSP00000340292,9606.ENSP00000340648,9606.ENSP00000341382,9606.ENSP00000341610,9606.ENSP00000342278,9606.ENSP00000342850,9606.ENSP00000343535,9606.ENSP00000343629,9606.ENSP00000343657,9606.ENSP00000343885,9606.ENSP00000344220,9606.ENSP00000344392,9606.ENSP00000344458,9606.ENSP00000345848,9606.ENSP00000347532,9606.ENSP00000347719,9606.ENSP00000347852,9606.ENSP00000348381,9606.ENSP00000348573,9606.ENSP00000348645,9606.ENSP00000348708,9606.ENSP00000348775,9606.ENSP00000348931,9606.ENSP00000349204,9606.ENSP00000349291,9606.ENSP00000349568,9606.ENSP00000349877,9606.ENSP00000349967,9606.ENSP00000350249,9606.ENSP00000350310,9606.ENSP00000351008,9606.ENSP00000351250,9606.ENSP00000351407,9606.ENSP00000351575,9606.ENSP00000351619,9606.ENSP00000352288,9606.ENSP00000352516,9606.ENSP00000353408,9606.ENSP00000353874,9606.ENSP00000354003,9606.ENSP00000354152,9606.ENSP00000354314,9606.ENSP00000354511,9606.ENSP00000354560,9606.ENSP00000354878,9606.ENSP00000355237,9606.ENSP00000355465,9606.ENSP00000355467,9606.ENSP00000355470,9606.ENSP00000355492,9606.ENSP00000355500,9606.ENSP00000355632,9606.ENSP00000355927,9606.ENSP00000356024,9606.ENSP00000356104,9606.ENSP00000356150,9606.ENSP00000356169,9606.ENSP00000356448,9606.ENSP00000356579,9606.ENSP00000356607,9606.ENSP00000356641,9606.ENSP00000356671,9606.ENSP00000356713,9606.ENSP00000356723,9606.ENSP00000356825,9606.ENSP00000356840,9606.ENSP00000356864,9606.ENSP00000357022,9606.ENSP00000357036,9606.ENSP00000357288,9606.ENSP00000357474,9606.ENSP00000357838,9606.ENSP00000357873,9606.ENSP00000358060,9606.ENSP00000358064,9606.ENSP00000358120,9606.ENSP00000358142,9606.ENSP00000358421,9606.ENSP00000358490,9606.ENSP00000358727,9606.ENSP00000358854,9606.ENSP00000358903,9606.ENSP00000359049,9606.ENSP00000359345,9606.ENSP00000359380,9606.ENSP00000359976,9606.ENSP00000360162,9606.ENSP00000360250,9606.ENSP00000361107,9606.ENSP00000361666,9606.ENSP00000361990,9606.ENSP00000362058,9606.ENSP00000362298,9606.ENSP00000362299,9606.ENSP00000362441,9606.ENSP00000362795,9606.ENSP00000362931,9606.ENSP00000363089,9606.ENSP00000363640,9606.ENSP00000363773,9606.ENSP00000363891,9606.ENSP00000364037,9606.ENSP00000364289,9606.ENSP00000364403,9606.ENSP00000364591,9606.ENSP00000364737,9606.ENSP00000364782,9606.ENSP00000364794,9606.ENSP00000364870,9606.ENSP00000364949,9606.ENSP00000365505,9606.ENSP00000365550,9606.ENSP00000365643,9606.ENSP00000365692,9606.ENSP00000366404,9606.ENSP00000366898,9606.ENSP00000367024,9606.ENSP00000367173,9606.ENSP00000367817,9606.ENSP00000369014,9606.ENSP00000369238,9606.ENSP00000369581,9606.ENSP00000369871,9606.ENSP00000370517,9606.ENSP00000370698,9606.ENSP00000370718,9606.ENSP00000370842,9606.ENSP00000371180,9606.ENSP00000375063,9606.ENSP00000375086,9606.ENSP00000375836,9606.ENSP00000376097,9606.ENSP00000376197,9606.ENSP00000376268,9606.ENSP00000376352,9606.ENSP00000376753,9606.ENSP00000377055,9606.ENSP00000377176,9606.ENSP00000377411,9606.ENSP00000377681,9606.ENSP00000378058,9606.ENSP00000378131,9606.ENSP00000378312,9606.ENSP00000378416,9606.ENSP00000378485,9606.ENSP00000378935,9606.ENSP00000379078,9606.ENSP00000379111,9606.ENSP00000379330,9606.ENSP00000379390,9606.ENSP00000380450,9606.ENSP00000380514,9606.ENSP00000380679,9606.ENSP00000380878,9606.ENSP00000381003,9606.ENSP00000381823,9606.ENSP00000382382,9606.ENSP00000384015,9606.ENSP00000384899,9606.ENSP00000384957,9606.ENSP00000384996,9606.ENSP00000385000,9606.ENSP00000385721,9606.ENSP00000386559,9606.ENSP00000386962,9606.ENSP00000386992,9606.ENSP00000387471,9606.ENSP00000387699,9606.ENSP00000393183,9606.ENSP00000393557,9606.ENSP00000395723,9606.ENSP00000396345,9606.ENSP00000397261,9606.ENSP00000397563,9606.ENSP00000398211,9606.ENSP00000398698,9606.ENSP00000399862,9606.ENSP00000400175,9606.ENSP00000402060,9606.ENSP00000403104,9606.ENSP00000406549,9606.ENSP00000408005,9606.ENSP00000409126,9606.ENSP00000410186,9606.ENSP00000410216,9606.ENSP00000410452,9606.ENSP00000410798,9606.ENSP00000411848,9606.ENSP00000414150,9606.ENSP00000416534,9606.ENSP00000416750,9606.ENSP00000417335,9606.ENSP00000417769,9606.ENSP00000417960,9606.ENSP00000417980,9606.ENSP00000418944,9606.ENSP00000419371,9606.ENSP00000419879,9606.ENSP00000420525,9606.ENSP00000421339,9606.ENSP00000421592,9606.ENSP00000421801,9606.ENSP00000423820,9606.ENSP00000427552,9606.ENSP00000427793,9606.ENSP00000430656,9606.ENSP00000432660,9606.ENSP00000433761,9606.ENSP00000434830,9606.ENSP00000436607,9606.ENSP00000438406,9606.ENSP00000438483,9606.ENSP00000441158,9606.ENSP00000444810,9606.ENSP00000449381,9606.ENSP00000451406,9606.ENSP00000452877,9606.ENSP00000453562,9606.ENSP00000453801,9606.ENSP00000453854,9606.ENSP00000457421,9606.ENSP00000457810,9606.ENSP00000462729,9606.ENSP00000463051,9606.ENSP00000465589,9606.ENSP00000466664,9606.ENSP00000468086,9606.ENSP00000468785,9606.ENSP00000469158,9606.ENSP00000470142,9606.ENSP00000471700,9606.ENSP00000471896,9606.ENSP00000472914,9606.ENSP00000478257,9606.ENSP00000478458,9606.ENSP00000479207,9606.ENSP00000479617,9606.ENSP00000481625,9606.ENSP00000481859,9606.ENSP00000482232,9606.ENSP00000483059,9606.ENSP00000483946,9606.ENSP00000484862,9606.ENSP00000489597,9606.ENSP00000492233,9606.ENSP00000493536,9606.ENSP00000495240,9606.ENSP00000496625,9606.ENSP00000497274,9606.ENSP00000497294,9606.ENSP00000497569,9606.ENSP00000497594,9606.ENSP00000497916,9606.ENSP00000498019	CYP51A1,CREB3L3,KDM4B,KIF22,HSD17B2,UQCRC1,CMTM6,ADH1A,SF3A1,ARSA,PMM1,HDAC10,DHRS7,AURKA,PSMD10,F9,USP11,DECR2,MGA,DECR1,SLC5A5,ST6GALNAC2,AFM,SULT1E1,APOC3,ARPC3,IFNG,ACOT13,EXOC2,RARS1,EHHADH,TFPI,ACADL,KISS1R,APOA1,GHSR,AKR1D1,ZC3H13,TNFAIP6,SNAI1,IRF1,C3,SYMPK,CDC25B,SUGP1,GNGT1,DNAJB9,CDO1,LMAN1,DOCK7,DTWD1,GDF15,SMARCC1,PI4KA,IPO8,SLCO1B1,TMEM60,CDK4,MDM2,TMEM231,DYNC1LI2,LRPPRC,TOPBP1,SLC40A1,OSBPL8,CDK17,HEXB,MAN2A1,SCARB1,SPG11,HACD3,MARS1,LMF1,NUBP2,AXIN1,UBN1,SRCAP,PHYH,SYP,BRD4,CD80,PDE8B,ACAD11,SIL1,ANKRD7,TNPO3,SCAP,FBXO3,ADAM2,GET4,RBM6,FBXO7,CPSF6,FANCM,SORD,COMMD4,BCL2A1,CYP11A1,MFGE8,IQGAP1,NDUFB10,ZNF750,RCN3,NUF2,POGZ,GOLPH3L,MRPS5,CENPC,UHRF2,TNFSF4,ITGA1,ABCA6,TRIM11,OLA1,CA2,NUP205,CXCL13,APPL1,MRPL17,ELMO2,AMFR,PGLYRP2,WDR24,AGL,HELQ,WDFY3,IFT122,SEC61A2,HPRT1,KIAA1191,VPS35,MS4A7,TPX2,CD320,CYP7A1,LRG1,HSPA4,ACOT12,PDS5A,FASN,MSANTD4,SYNPO2,MRPL13,SLC9C1,KLF11,LAMB2,F2,CATSPER1,USP48,PSMD1,MAP3K11,CYP7B1,SRP68,ZNF436,PDS5B,DNAJA2,PRPF3,DPY19L2,DVL3,MET,FAM220A,RBBP6,IMPDH2,GLYR1,ZMYM3,ATRIP,PSD3,UPB1,BAIAP3,PGR,MAP1S,SPECC1L,IZUMO1,IL3RA,CDCA2,PDGFB,LEPR,ELOA2,CD86,CYP2U1,GNG2,STARD10,HJV,LRAT,ISYNA1,ZNF532,DPP8,ZFAND4,THUMPD3,NDUFA4,TSLP,DLK1,HUWE1,SMC4,C15orf48,OAS2,SERPINA6,USP7,PRRC2C,MCCC2,PPA2,PDPK1,CLUAP1,PROZ,ANP32B,SHTN1,TBCD,SORBS2,ADD3,AKAP9,PXDNL,UPF2,ACOX3,FABP7,CRB3,TBC1D9B,CFAP43,ATP13A1,CCRL2,POT1,ATP2B4,LCA5L,TRIM33,ARNT,BDP1,PBLD,PLXNB2,DNMT1,MSN,TLR9,GYPA,MTHFSD,HAO2,COMT,KIFAP3,KIF21A,CDC42BPB,AHCTF1,SCCPDH,CNST,CATSPERE,CEP170,GALNT2,RPS6KC1,CR2,PM20D1,MDM4,ETNK2,TPR,CEP350,RALGPS2,COP1,SERPINC1,IFNGR1,FMO4,ADCY10,POU2F1,MGST3,SLAMF7,SLAMF6,LAMTOR2,CEP85L,OAT,ACADSB,TARS2,RPRD2,PLEKHO1,SV2A,HSD3B1,CD2,GSTO1,TAF5,CYP17A1,HENMT1,RPL5,SCD,CTH,SMARCA1,ENTPD1,BMPR1A,SLC22A7,UBR2,NDUFS5,SGPL1,ENG,ATRX,CXCR3,SRPK1,TLR4,PHF1,C1QA,SLC38A10,TEX10,NCBP1,UBR4,TSPYL2,CENPP,NEU1,IARS1,HSPB7,DDAH2,PLP2,GKAP1,DOCK9,PIM2,TRIM27,HIF3A,NAA40,RNF207,PODXL,NDNF,ADAM32,IFNB1,HAUS6,PFKP,IL6ST,ASMTL,IL33,CATSPER2,NLRP5,CCL25,HDLBP,URI1,TFRC,SEC14L1,PDK1,GIPC1,PRCP,SPATA7,NDUFA4L2,G3BP1,EFEMP1,CFI,EFCAB5,ALAS1,MATK,PPHLN1,EHMT2,IL4R,NFATC2,HERPUD2,NOXO1,HAGH,CCDC40,PPP3CC,TTC28,SEC24A,USP47,SUN1,GATAD2A,F11,TBC1D10A,KIF2A,GGT2,CD8A,CATSPERG,IPO11,CIAO2B,CREB1,DCAF1,SLC4A4,ZNF200,CHD9,SELENBP1,TENT2,TTC21A,TNF,CNOT10,RHOA,PVR,SIGIRR,TAF1,SLC9A3R2,ANO6,AK9,POC5,STMN1,FCGRT,MARCHF8,ERG,DDX46,STK33,ROBO2,IQUB,CCDC39,EHMT1,PEG10,AZI2,CDS2,TFR2,SLCO6A1,ALYREF,HGFAC,ZFP62,DDR1,WWP1,CA1,CFL1,MS4A14,NRK,ADM,SLAMF1,KPNA2,CLTCL1,FKBP5,MAPKAPK5,HSD17B6,ZNF592,BCL2L10,WDR61,SECISBP2L,PECAM1,CENPT,OTUD7B,GDF2,ACSBG2,SLC44A2,MC5R,MBD1,SPHK2,UPF1,FKBP8,IRF3,SUGP2,CCNI2,PLCL2,GALNTL5,UHRF1,SLC6A6,PAN2,CGA,NR2C2,PHF19,ADAM29,PTPN11,PIGN,SAMHD1,CHD8,CYP21A2,ABCC2,LHB,DARS2,UBE3A,NDN,RPS17	7.015022873584507	aquatic_slow_enrichment	False	False	False
TISSUES	BTO:0000000	Tissues, cell types and enzyme sources	894	15199	0.04	0.56	9.8e-08	9606.ENSP00000003100,9606.ENSP00000078445,9606.ENSP00000159111,9606.ENSP00000160827,9606.ENSP00000177742,9606.ENSP00000184266,9606.ENSP00000199936,9606.ENSP00000203407,9606.ENSP00000203556,9606.ENSP00000205636,9606.ENSP00000209668,9606.ENSP00000209884,9606.ENSP00000215793,9606.ENSP00000215829,9606.ENSP00000216124,9606.ENSP00000216133,9606.ENSP00000216259,9606.ENSP00000216271,9606.ENSP00000216500,9606.ENSP00000216911,9606.ENSP00000217173,9606.ENSP00000217740,9606.ENSP00000217958,9606.ENSP00000218099,9606.ENSP00000218348,9606.ENSP00000218516,9606.ENSP00000219069,9606.ENSP00000219478,9606.ENSP00000219481,9606.ENSP00000219596,9606.ENSP00000219905,9606.ENSP00000220764,9606.ENSP00000221573,9606.ENSP00000221665,9606.ENSP00000221730,9606.ENSP00000222122,9606.ENSP00000222139,9606.ENSP00000222248,9606.ENSP00000225276,9606.ENSP00000226355,9606.ENSP00000226444,9606.ENSP00000227667,9606.ENSP00000228825,9606.ENSP00000229135,9606.ENSP00000229633,9606.ENSP00000230048,9606.ENSP00000230449,9606.ENSP00000231368,9606.ENSP00000231572,9606.ENSP00000231887,9606.ENSP00000232461,9606.ENSP00000233099,9606.ENSP00000233156,9606.ENSP00000233710,9606.ENSP00000234371,9606.ENSP00000236850,9606.ENSP00000239882,9606.ENSP00000240328,9606.ENSP00000241125,9606.ENSP00000241256,9606.ENSP00000241261,9606.ENSP00000242375,9606.ENSP00000242465,9606.ENSP00000242848,9606.ENSP00000243347,9606.ENSP00000243501,9606.ENSP00000244050,9606.ENSP00000244527,9606.ENSP00000244709,9606.ENSP00000245414,9606.ENSP00000245907,9606.ENSP00000245934,9606.ENSP00000245960,9606.ENSP00000247001,9606.ENSP00000247706,9606.ENSP00000248244,9606.ENSP00000248572,9606.ENSP00000249356,9606.ENSP00000250535,9606.ENSP00000251047,9606.ENSP00000251157,9606.ENSP00000251250,9606.ENSP00000252100,9606.ENSP00000252542,9606.ENSP00000252575,9606.ENSP00000252597,9606.ENSP00000252809,9606.ENSP00000253669,9606.ENSP00000253699,9606.ENSP00000253778,9606.ENSP00000253796,9606.ENSP00000253928,9606.ENSP00000254190,9606.ENSP00000254480,9606.ENSP00000254654,9606.ENSP00000254661,9606.ENSP00000255194,9606.ENSP00000255613,9606.ENSP00000255882,9606.ENSP00000256079,9606.ENSP00000256958,9606.ENSP00000257177,9606.ENSP00000257663,9606.ENSP00000257860,9606.ENSP00000257904,9606.ENSP00000258149,9606.ENSP00000258173,9606.ENSP00000258198,9606.ENSP00000258200,9606.ENSP00000258975,9606.ENSP00000260361,9606.ENSP00000260665,9606.ENSP00000260810,9606.ENSP00000260818,9606.ENSP00000261024,9606.ENSP00000261183,9606.ENSP00000261211,9606.ENSP00000261416,9606.ENSP00000261483,9606.ENSP00000261609,9606.ENSP00000261693,9606.ENSP00000261708,9606.ENSP00000261866,9606.ENSP00000261875,9606.ENSP00000261879,9606.ENSP00000261937,9606.ENSP00000262027,9606.ENSP00000262041,9606.ENSP00000262150,9606.ENSP00000262301,9606.ENSP00000262302,9606.ENSP00000262320,9606.ENSP00000262376,9606.ENSP00000262407,9606.ENSP00000262457,9606.ENSP00000262518,9606.ENSP00000262643,9606.ENSP00000262809,9606.ENSP00000262811,9606.ENSP00000263038,9606.ENSP00000263181,9606.ENSP00000263233,9606.ENSP00000263377,9606.ENSP00000263388,9606.ENSP00000263733,9606.ENSP00000263795,9606.ENSP00000264246,9606.ENSP00000264515,9606.ENSP00000264917,9606.ENSP00000264990,9606.ENSP00000265138,9606.ENSP00000265195,9606.ENSP00000265224,9606.ENSP00000265271,9606.ENSP00000265388,9606.ENSP00000265433,9606.ENSP00000265564,9606.ENSP00000265565,9606.ENSP00000265651,9606.ENSP00000265708,9606.ENSP00000265857,9606.ENSP00000266022,9606.ENSP00000266037,9606.ENSP00000266087,9606.ENSP00000266673,9606.ENSP00000266674,9606.ENSP00000266679,9606.ENSP00000266682,9606.ENSP00000266735,9606.ENSP00000267430,9606.ENSP00000267622,9606.ENSP00000267814,9606.ENSP00000267935,9606.ENSP00000267953,9606.ENSP00000268053,9606.ENSP00000268122,9606.ENSP00000268150,9606.ENSP00000268182,9606.ENSP00000268655,9606.ENSP00000268668,9606.ENSP00000269373,9606.ENSP00000269394,9606.ENSP00000269701,9606.ENSP00000270645,9606.ENSP00000271452,9606.ENSP00000271715,9606.ENSP00000271732,9606.ENSP00000272321,9606.ENSP00000272418,9606.ENSP00000273853,9606.ENSP00000274276,9606.ENSP00000274382,9606.ENSP00000274721,9606.ENSP00000276055,9606.ENSP00000276893,9606.ENSP00000278070,9606.ENSP00000279058,9606.ENSP00000279392,9606.ENSP00000280886,9606.ENSP00000281523,9606.ENSP00000281834,9606.ENSP00000282041,9606.ENSP00000282276,9606.ENSP00000282588,9606.ENSP00000282633,9606.ENSP00000283254,9606.ENSP00000283629,9606.ENSP00000284292,9606.ENSP00000284425,9606.ENSP00000284551,9606.ENSP00000284601,9606.ENSP00000284617,9606.ENSP00000284719,9606.ENSP00000285379,9606.ENSP00000285407,9606.ENSP00000285518,9606.ENSP00000285968,9606.ENSP00000286758,9606.ENSP00000287647,9606.ENSP00000288266,9606.ENSP00000288937,9606.ENSP00000290039,9606.ENSP00000290246,9606.ENSP00000290649,9606.ENSP00000291041,9606.ENSP00000291495,9606.ENSP00000292363,9606.ENSP00000292432,9606.ENSP00000292609,9606.ENSP00000292778,9606.ENSP00000293879,9606.ENSP00000293883,9606.ENSP00000294008,9606.ENSP00000294016,9606.ENSP00000294413,9606.ENSP00000294724,9606.ENSP00000295079,9606.ENSP00000295208,9606.ENSP00000295488,9606.ENSP00000295756,9606.ENSP00000295888,9606.ENSP00000296266,9606.ENSP00000296420,9606.ENSP00000296785,9606.ENSP00000297044,9606.ENSP00000298292,9606.ENSP00000298299,9606.ENSP00000298428,9606.ENSP00000298556,9606.ENSP00000298569,9606.ENSP00000298910,9606.ENSP00000299138,9606.ENSP00000299155,9606.ENSP00000300184,9606.ENSP00000300403,9606.ENSP00000300784,9606.ENSP00000300976,9606.ENSP00000301050,9606.ENSP00000301280,9606.ENSP00000301327,9606.ENSP00000301458,9606.ENSP00000301466,9606.ENSP00000301645,9606.ENSP00000301825,9606.ENSP00000301921,9606.ENSP00000302297,9606.ENSP00000302413,9606.ENSP00000302621,9606.ENSP00000302961,9606.ENSP00000303246,9606.ENSP00000303427,9606.ENSP00000303758,9606.ENSP00000304283,9606.ENSP00000304429,9606.ENSP00000304586,9606.ENSP00000304592,9606.ENSP00000304713,9606.ENSP00000304915,9606.ENSP00000305416,9606.ENSP00000305839,9606.ENSP00000306015,9606.ENSP00000306220,9606.ENSP00000306548,9606.ENSP00000306627,9606.ENSP00000306997,9606.ENSP00000307023,9606.ENSP00000307143,9606.ENSP00000307156,9606.ENSP00000308022,9606.ENSP00000308024,9606.ENSP00000308541,9606.ENSP00000309052,9606.ENSP00000309092,9606.ENSP00000309096,9606.ENSP00000309262,9606.ENSP00000309474,9606.ENSP00000309597,9606.ENSP00000309790,9606.ENSP00000310036,9606.ENSP00000310721,9606.ENSP00000310842,9606.ENSP00000311648,9606.ENSP00000312066,9606.ENSP00000312293,9606.ENSP00000313050,9606.ENSP00000313454,9606.ENSP00000313582,9606.ENSP00000313851,9606.ENSP00000314030,9606.ENSP00000314036,9606.ENSP00000315371,9606.ENSP00000315379,9606.ENSP00000315664,9606.ENSP00000315713,9606.ENSP00000315988,9606.ENSP00000316054,9606.ENSP00000316416,9606.ENSP00000317272,9606.ENSP00000317289,9606.ENSP00000317686,9606.ENSP00000317872,9606.ENSP00000318423,9606.ENSP00000319141,9606.ENSP00000320251,9606.ENSP00000320885,9606.ENSP00000321326,9606.ENSP00000321345,9606.ENSP00000321573,9606.ENSP00000321584,9606.ENSP00000322323,9606.ENSP00000322716,9606.ENSP00000322845,9606.ENSP00000323099,9606.ENSP00000323280,9606.ENSP00000323588,9606.ENSP00000323872,9606.ENSP00000324127,9606.ENSP00000324343,9606.ENSP00000324510,9606.ENSP00000325120,9606.ENSP00000325313,9606.ENSP00000325785,9606.ENSP00000326550,9606.ENSP00000326563,9606.ENSP00000326570,9606.ENSP00000326604,9606.ENSP00000327760,9606.ENSP00000327786,9606.ENSP00000327821,9606.ENSP00000327890,9606.ENSP00000328174,9606.ENSP00000328228,9606.ENSP00000328245,9606.ENSP00000328327,9606.ENSP00000329200,9606.ENSP00000330200,9606.ENSP00000330382,9606.ENSP00000330393,9606.ENSP00000331111,9606.ENSP00000331302,9606.ENSP00000331462,9606.ENSP00000332049,9606.ENSP00000332293,9606.ENSP00000333212,9606.ENSP00000333223,9606.ENSP00000333363,9606.ENSP00000334448,9606.ENSP00000334538,9606.ENSP00000335247,9606.ENSP00000335281,9606.ENSP00000337014,9606.ENSP00000337146,9606.ENSP00000337224,9606.ENSP00000337746,9606.ENSP00000338185,9606.ENSP00000338217,9606.ENSP00000339208,9606.ENSP00000339484,9606.ENSP00000339532,9606.ENSP00000339577,9606.ENSP00000339720,9606.ENSP00000339804,9606.ENSP00000340292,9606.ENSP00000340434,9606.ENSP00000340648,9606.ENSP00000340896,9606.ENSP00000341324,9606.ENSP00000341382,9606.ENSP00000341489,9606.ENSP00000341610,9606.ENSP00000341637,9606.ENSP00000342023,9606.ENSP00000342278,9606.ENSP00000342499,9606.ENSP00000342699,9606.ENSP00000342840,9606.ENSP00000342850,9606.ENSP00000343172,9606.ENSP00000343535,9606.ENSP00000343629,9606.ENSP00000343657,9606.ENSP00000343746,9606.ENSP00000343885,9606.ENSP00000343957,9606.ENSP00000344220,9606.ENSP00000344392,9606.ENSP00000344458,9606.ENSP00000344937,9606.ENSP00000345681,9606.ENSP00000345848,9606.ENSP00000345853,9606.ENSP00000346175,9606.ENSP00000346603,9606.ENSP00000347532,9606.ENSP00000347719,9606.ENSP00000347821,9606.ENSP00000347852,9606.ENSP00000348349,9606.ENSP00000348381,9606.ENSP00000348527,9606.ENSP00000348573,9606.ENSP00000348645,9606.ENSP00000348708,9606.ENSP00000348775,9606.ENSP00000348931,9606.ENSP00000349204,9606.ENSP00000349205,9606.ENSP00000349291,9606.ENSP00000349439,9606.ENSP00000349568,9606.ENSP00000349708,9606.ENSP00000349877,9606.ENSP00000349967,9606.ENSP00000350249,9606.ENSP00000350266,9606.ENSP00000350310,9606.ENSP00000350386,9606.ENSP00000350541,9606.ENSP00000351008,9606.ENSP00000351059,9606.ENSP00000351075,9606.ENSP00000351250,9606.ENSP00000351407,9606.ENSP00000351446,9606.ENSP00000351575,9606.ENSP00000351619,9606.ENSP00000352288,9606.ENSP00000352516,9606.ENSP00000352544,9606.ENSP00000352941,9606.ENSP00000353013,9606.ENSP00000353408,9606.ENSP00000353538,9606.ENSP00000353874,9606.ENSP00000354003,9606.ENSP00000354152,9606.ENSP00000354314,9606.ENSP00000354511,9606.ENSP00000354560,9606.ENSP00000354607,9606.ENSP00000354633,9606.ENSP00000354878,9606.ENSP00000354919,9606.ENSP00000355022,9606.ENSP00000355237,9606.ENSP00000355385,9606.ENSP00000355465,9606.ENSP00000355467,9606.ENSP00000355470,9606.ENSP00000355492,9606.ENSP00000355500,9606.ENSP00000355631,9606.ENSP00000355632,9606.ENSP00000355652,9606.ENSP00000355927,9606.ENSP00000355929,9606.ENSP00000356024,9606.ENSP00000356104,9606.ENSP00000356150,9606.ENSP00000356169,9606.ENSP00000356357,9606.ENSP00000356448,9606.ENSP00000356579,9606.ENSP00000356607,9606.ENSP00000356634,9606.ENSP00000356641,9606.ENSP00000356671,9606.ENSP00000356713,9606.ENSP00000356723,9606.ENSP00000356825,9606.ENSP00000356840,9606.ENSP00000356864,9606.ENSP00000357012,9606.ENSP00000357022,9606.ENSP00000357036,9606.ENSP00000357288,9606.ENSP00000357470,9606.ENSP00000357474,9606.ENSP00000357838,9606.ENSP00000357873,9606.ENSP00000357914,9606.ENSP00000358060,9606.ENSP00000358064,9606.ENSP00000358120,9606.ENSP00000358142,9606.ENSP00000358421,9606.ENSP00000358490,9606.ENSP00000358501,9606.ENSP00000358548,9606.ENSP00000358727,9606.ENSP00000358778,9606.ENSP00000358794,9606.ENSP00000358854,9606.ENSP00000358903,9606.ENSP00000358925,9606.ENSP00000359042,9606.ENSP00000359049,9606.ENSP00000359114,9606.ENSP00000359222,9606.ENSP00000359224,9606.ENSP00000359345,9606.ENSP00000359380,9606.ENSP00000359557,9606.ENSP00000359892,9606.ENSP00000359976,9606.ENSP00000360020,9606.ENSP00000360116,9606.ENSP00000360162,9606.ENSP00000360250,9606.ENSP00000361107,9606.ENSP00000361383,9606.ENSP00000361666,9606.ENSP00000361990,9606.ENSP00000362058,9606.ENSP00000362171,9606.ENSP00000362298,9606.ENSP00000362299,9606.ENSP00000362372,9606.ENSP00000362441,9606.ENSP00000362563,9606.ENSP00000362674,9606.ENSP00000362748,9606.ENSP00000362751,9606.ENSP00000362763,9606.ENSP00000362795,9606.ENSP00000362931,9606.ENSP00000363089,9606.ENSP00000363524,9606.ENSP00000363591,9606.ENSP00000363640,9606.ENSP00000363773,9606.ENSP00000363891,9606.ENSP00000364018,9606.ENSP00000364037,9606.ENSP00000364289,9606.ENSP00000364324,9606.ENSP00000364389,9606.ENSP00000364403,9606.ENSP00000364591,9606.ENSP00000364737,9606.ENSP00000364782,9606.ENSP00000364794,9606.ENSP00000364870,9606.ENSP00000364949,9606.ENSP00000365063,9606.ENSP00000365441,9606.ENSP00000365505,9606.ENSP00000365550,9606.ENSP00000365643,9606.ENSP00000365692,9606.ENSP00000365858,9606.ENSP00000366307,9606.ENSP00000366404,9606.ENSP00000366475,9606.ENSP00000366798,9606.ENSP00000366898,9606.ENSP00000367024,9606.ENSP00000367173,9606.ENSP00000367406,9606.ENSP00000367817,9606.ENSP00000367880,9606.ENSP00000368318,9606.ENSP00000368538,9606.ENSP00000369014,9606.ENSP00000369238,9606.ENSP00000369251,9606.ENSP00000369411,9606.ENSP00000369442,9606.ENSP00000369581,9606.ENSP00000369666,9606.ENSP00000369871,9606.ENSP00000369887,9606.ENSP00000369899,9606.ENSP00000370483,9606.ENSP00000370517,9606.ENSP00000370698,9606.ENSP00000370718,9606.ENSP00000370842,9606.ENSP00000371067,9606.ENSP00000371180,9606.ENSP00000371347,9606.ENSP00000371425,9606.ENSP00000372201,9606.ENSP00000372274,9606.ENSP00000372445,9606.ENSP00000373304,9606.ENSP00000373979,9606.ENSP00000375063,9606.ENSP00000375086,9606.ENSP00000375836,9606.ENSP00000376097,9606.ENSP00000376135,9606.ENSP00000376197,9606.ENSP00000376268,9606.ENSP00000376352,9606.ENSP00000376753,9606.ENSP00000376899,9606.ENSP00000376992,9606.ENSP00000377055,9606.ENSP00000377176,9606.ENSP00000377245,9606.ENSP00000377411,9606.ENSP00000377504,9606.ENSP00000377681,9606.ENSP00000377801,9606.ENSP00000378058,9606.ENSP00000378131,9606.ENSP00000378312,9606.ENSP00000378356,9606.ENSP00000378367,9606.ENSP00000378416,9606.ENSP00000378426,9606.ENSP00000378485,9606.ENSP00000378784,9606.ENSP00000378888,9606.ENSP00000378920,9606.ENSP00000378935,9606.ENSP00000378974,9606.ENSP00000379047,9606.ENSP00000379078,9606.ENSP00000379111,9606.ENSP00000379330,9606.ENSP00000379387,9606.ENSP00000379390,9606.ENSP00000379621,9606.ENSP00000379654,9606.ENSP00000379773,9606.ENSP00000379808,9606.ENSP00000379911,9606.ENSP00000379946,9606.ENSP00000380071,9606.ENSP00000380087,9606.ENSP00000380256,9606.ENSP00000380450,9606.ENSP00000380514,9606.ENSP00000380679,9606.ENSP00000380746,9606.ENSP00000380759,9606.ENSP00000380876,9606.ENSP00000380878,9606.ENSP00000381003,9606.ENSP00000381823,9606.ENSP00000382382,9606.ENSP00000382423,9606.ENSP00000382953,9606.ENSP00000383295,9606.ENSP00000384015,9606.ENSP00000384183,9606.ENSP00000384524,9606.ENSP00000384527,9606.ENSP00000384582,9606.ENSP00000384899,9606.ENSP00000384957,9606.ENSP00000384996,9606.ENSP00000385000,9606.ENSP00000385721,9606.ENSP00000385927,9606.ENSP00000386499,9606.ENSP00000386520,9606.ENSP00000386559,9606.ENSP00000386787,9606.ENSP00000386962,9606.ENSP00000386992,9606.ENSP00000387185,9606.ENSP00000387471,9606.ENSP00000387699,9606.ENSP00000390204,9606.ENSP00000390423,9606.ENSP00000390637,9606.ENSP00000391167,9606.ENSP00000391311,9606.ENSP00000392511,9606.ENSP00000392660,9606.ENSP00000393183,9606.ENSP00000393198,9606.ENSP00000393313,9606.ENSP00000393557,9606.ENSP00000393847,9606.ENSP00000394227,9606.ENSP00000394560,9606.ENSP00000395723,9606.ENSP00000395929,9606.ENSP00000396345,9606.ENSP00000396445,9606.ENSP00000397261,9606.ENSP00000397563,9606.ENSP00000398211,9606.ENSP00000398698,9606.ENSP00000399851,9606.ENSP00000399862,9606.ENSP00000400157,9606.ENSP00000400175,9606.ENSP00000402060,9606.ENSP00000402257,9606.ENSP00000403077,9606.ENSP00000403104,9606.ENSP00000403226,9606.ENSP00000403495,9606.ENSP00000405004,9606.ENSP00000405514,9606.ENSP00000406027,9606.ENSP00000406549,9606.ENSP00000406674,9606.ENSP00000407545,9606.ENSP00000408005,9606.ENSP00000409126,9606.ENSP00000409906,9606.ENSP00000410186,9606.ENSP00000410216,9606.ENSP00000410452,9606.ENSP00000410798,9606.ENSP00000411848,9606.ENSP00000412209,9606.ENSP00000413017,9606.ENSP00000413100,9606.ENSP00000413625,9606.ENSP00000413720,9606.ENSP00000414150,9606.ENSP00000415283,9606.ENSP00000415464,9606.ENSP00000416387,9606.ENSP00000416534,9606.ENSP00000416750,9606.ENSP00000417335,9606.ENSP00000417573,9606.ENSP00000417601,9606.ENSP00000417710,9606.ENSP00000417748,9606.ENSP00000417769,9606.ENSP00000417960,9606.ENSP00000417980,9606.ENSP00000418735,9606.ENSP00000418767,9606.ENSP00000418944,9606.ENSP00000419371,9606.ENSP00000419879,9606.ENSP00000420040,9606.ENSP00000420525,9606.ENSP00000420588,9606.ENSP00000421339,9606.ENSP00000421592,9606.ENSP00000421801,9606.ENSP00000422591,9606.ENSP00000423067,9606.ENSP00000423276,9606.ENSP00000423820,9606.ENSP00000424571,9606.ENSP00000424737,9606.ENSP00000426354,9606.ENSP00000426528,9606.ENSP00000426809,9606.ENSP00000427550,9606.ENSP00000427552,9606.ENSP00000427793,9606.ENSP00000428646,9606.ENSP00000428657,9606.ENSP00000430620,9606.ENSP00000430656,9606.ENSP00000432511,9606.ENSP00000432660,9606.ENSP00000433681,9606.ENSP00000433761,9606.ENSP00000434830,9606.ENSP00000435954,9606.ENSP00000436607,9606.ENSP00000437532,9606.ENSP00000438406,9606.ENSP00000438483,9606.ENSP00000439768,9606.ENSP00000441158,9606.ENSP00000441600,9606.ENSP00000441641,9606.ENSP00000441954,9606.ENSP00000443291,9606.ENSP00000444810,9606.ENSP00000444889,9606.ENSP00000449381,9606.ENSP00000450337,9606.ENSP00000450480,9606.ENSP00000450969,9606.ENSP00000451172,9606.ENSP00000451406,9606.ENSP00000451506,9606.ENSP00000451583,9606.ENSP00000452522,9606.ENSP00000452877,9606.ENSP00000453562,9606.ENSP00000453801,9606.ENSP00000453854,9606.ENSP00000454545,9606.ENSP00000454973,9606.ENSP00000455026,9606.ENSP00000455064,9606.ENSP00000456340,9606.ENSP00000457421,9606.ENSP00000457810,9606.ENSP00000458585,9606.ENSP00000462154,9606.ENSP00000462729,9606.ENSP00000463051,9606.ENSP00000463978,9606.ENSP00000465075,9606.ENSP00000465260,9606.ENSP00000465589,9606.ENSP00000466542,9606.ENSP00000466664,9606.ENSP00000468086,9606.ENSP00000468785,9606.ENSP00000469142,9606.ENSP00000469158,9606.ENSP00000469534,9606.ENSP00000469696,9606.ENSP00000470142,9606.ENSP00000470788,9606.ENSP00000471457,9606.ENSP00000471683,9606.ENSP00000471700,9606.ENSP00000471896,9606.ENSP00000472802,9606.ENSP00000472914,9606.ENSP00000473665,9606.ENSP00000478257,9606.ENSP00000478458,9606.ENSP00000478699,9606.ENSP00000479207,9606.ENSP00000479370,9606.ENSP00000479617,9606.ENSP00000479667,9606.ENSP00000479860,9606.ENSP00000480091,9606.ENSP00000481625,9606.ENSP00000481850,9606.ENSP00000481859,9606.ENSP00000481893,9606.ENSP00000482032,9606.ENSP00000482232,9606.ENSP00000482732,9606.ENSP00000482760,9606.ENSP00000483059,9606.ENSP00000483228,9606.ENSP00000483570,9606.ENSP00000483667,9606.ENSP00000483946,9606.ENSP00000484060,9606.ENSP00000484176,9606.ENSP00000484810,9606.ENSP00000484862,9606.ENSP00000485276,9606.ENSP00000486725,9606.ENSP00000489225,9606.ENSP00000489597,9606.ENSP00000489747,9606.ENSP00000490842,9606.ENSP00000492233,9606.ENSP00000493536,9606.ENSP00000495240,9606.ENSP00000496396,9606.ENSP00000496625,9606.ENSP00000496870,9606.ENSP00000496876,9606.ENSP00000497069,9606.ENSP00000497274,9606.ENSP00000497294,9606.ENSP00000497569,9606.ENSP00000497594,9606.ENSP00000497916,9606.ENSP00000498019,9606.ENSP00000498622,9606.ENSP00000498711,9606.ENSP00000498791,9606.ENSP00000499037,9606.ENSP00000499069,9606.ENSP00000499371,9606.ENSP00000499569	CYP51A1,CREB3L3,KDM4B,KIF22,MRPS34,NDUFB4,HSD17B2,UQCRC1,GMIP,CMTM6,ADH1A,KLHL20,SF3A1,SNRPD3,ARSA,CBX7,PMM1,HDAC10,DHRS7,AURKA,UBOX5,RNF125,PSMD10,F9,USP11,GLA,ZNF263,ZNF500,DECR2,MEFV,MGA,DECR1,SNAPC2,FIZ1,EPHX3,DBP,EPOR,SLC5A5,ST6GALNAC2,AFM,SULT1E1,APOC3,ARPC3,IFNG,HINT3,ACOT13,EXOC2,LNPEP,RARS1,EHHADH,GNAT1,HEATR5B,TFPI,ACADL,KISS1R,APOA1,ELF1,TBX2,GJA3,GHSR,TNFSF10,AKR1D1,SRGN,ZC3H13,TNFAIP6,PLA2G12A,SNAI1,SLC17A1,TREM1,IRF1,C3,SYMPK,CDC25B,SUGP1,ABHD8,TICAM1,GNGT1,DNAJB9,CDO1,LMAN1,DOCK7,DTWD1,TMCO6,SAFB2,NCAN,USHBP1,GDF15,HAUS8,RBSN,GFPT2,RAMP2,FLYWCH1,CHSY1,SMARCC1,ILKAP,RAMP1,AP3B1,KMT5C,PI4KA,IPO8,SLCO1B1,TUT4,TMEM60,PRPH,CDK4,MDM2,TMEM231,DYNC1LI2,FBXL8,TACO1,NDUFAF1,LRPPRC,TOPBP1,DNAJC13,SLC40A1,OSBPL8,CDK17,HEXB,MAN2A1,HERC2,SCARB1,UTP6,SPG11,HACD3,APH1B,FLT4,MARS1,MEOX2,CDH19,LMF1,NUBP2,AXIN1,UBN1,ITGA2B,INVS,SRCAP,CCNE1,ELL,MAST3,PHYH,KIF18A,SYP,BRD4,NOTCH3,FAM20B,WDR76,CD80,RBBP5,PDE8B,ACAD11,ARRDC3,SIL1,ANKRD7,RBM27,TNPO3,NBN,EXOSC7,SCAP,FBXO3,ADAM2,GET4,RBM6,DOCK3,FBXO7,TMEM19,LGR5,CPSF6,SLC6A15,SNRPF,FANCM,TRIP11,SORD,COMMD4,BCL2A1,CYP11A1,RHCG,MFGE8,IQGAP1,ZNF174,NDUFB10,FN3KRP,ZNF750,AKAP8,RCN3,NUF2,POGZ,GOLPH3L,WDPCP,MRPS5,CENPC,OSMR,LIX1,GFRA3,CHST7,UHRF2,PPRC1,SPINT4,HIRIP3,DIP2C,ZNF385D,TNFSF4,EPG5,MARS2,ITGA1,WASHC2A,SCN3A,UBP1,NRGN,ABCA6,TRIM11,PPP1R3A,CCSAP,OLA1,CA2,KLF10,AGPAT5,NUP205,CXCL13,FANCD2,APPL1,MRPL17,CACHD1,ELMO2,AMFR,PSKH1,CILP2,RNF126,HK3,PGLYRP2,YDJC,WDR90,WDR24,SLX4,ADCY9,RHCE,AGL,MAIP1,ZNF514,HELQ,TRAT1,WDFY3,IFT122,EMCN,ANKRA2,CYTH3,DNAAF2,ZNF22,SEC61A2,HPRT1,KIAA1191,LRRK2,VPS35,AMN,MS4A7,TPX2,FN3K,KLHL26,CACNB3,CHAF1A,MFSD3,CD320,SOAT2,CYP7A1,ENTPD3,SOX7,LGI3,TPST1,LRG1,HSPA4,ACOT12,PDS5A,LUZP1,RAC3,SNX7,ANKS3,FASN,MSANTD4,IL13,S1PR1,GPRIN1,SYNPO2,MMGT1,MRPL13,SLC9C1,MYOZ2,KLF11,DONSON,LAMB2,TADA2B,PCSK1,F2,CATSPER1,GMPPB,B4GAT1,USP48,PSMD1,MAP3K11,MIS18BP1,CD34,CYP7B1,FANCI,UGT8,SRP68,MOBP,NIPSNAP2,UBA6,ZNF436,PDS5B,DNAJA2,AGPAT4,ANO5,PRPF3,ZNF18,SSH1,DPY19L2,DVL3,CSH1,MET,FAM220A,ZFP42,RBBP6,LINS1,CYBRD1,NEPRO,SPAST,F2R,IL23R,DCBLD2,IMPDH2,FAM20C,GLYR1,ZMYM3,ATRIP,CD6,SOX2,P2RY11,PSD3,UPB1,BAIAP3,PGR,MAP1S,SPECC1L,TACC3,KDM3B,FKRP,LMBR1,CLASP2,IZUMO1,XPOT,IL3RA,PIF1,CDCA2,ZNF71,ASB7,STAC3,BTNL9,PDGFB,LEPR,ZNRD1,ELOA2,ZNF704,CD86,ASCL2,CYP2U1,ZNF470,DNAH8,GNG2,SREK1,STARD10,DEFB105B,HJV,ENOX2,LRAT,ISYNA1,PLCB1,ZNF532,DPP8,ZFAND4,THUMPD3,RHD,NDUFA4,TSLP,DLK1,RTL6,HUWE1,ASH2L,SRFBP1,SMC4,SYDE1,C15orf48,NCR3LG1,FBXO38,OAS2,TSTD2,CFAP36,LYSMD4,SERPINA6,PRR27,USP7,PRRC2C,MCCC2,CORO2A,PPA2,IFNAR2,PDPK1,CLUAP1,PROZ,DPY19L3,GATA2,ANP32B,DUSP9,SETDB2,ZBTB45,SHTN1,TBCD,MORC4,SORBS2,MYO9A,ADD3,CENPL,AKAP9,PXDNL,UPF2,ACOX3,FABP7,CRB3,PIK3R4,TBC1D9B,TXNDC11,CFAP43,ZMYM6,ATP13A1,CCRL2,POT1,DENND2D,ATP2B4,CHM,LVRN,LCA5L,CX3CR1,SUSD2,TRIM33,ARNT,WDR5,BDP1,PBLD,PLXNB2,DNMT1,CPLX2,KCTD18,CLEC14A,MSN,LRRCC1,TLR9,GYPA,MTHFSD,HAO2,COMT,KIFAP3,FZD5,TAF11,KIF21A,VEPH1,TEDC2,CDC42BPB,R3HDM4,AHCTF1,SCCPDH,CNST,CATSPERE,CEP170,OTX1,GALNT2,RHOU,RPS6KC1,ANGEL2,CR2,PM20D1,MDM4,ETNK2,LHX9,TPR,CEP350,RALGPS2,PAPPA2,COP1,SERPINC1,IFNGR1,FMO4,ADCY10,POU2F1,MGST3,CD244,SLAMF7,SLAMF6,LAMTOR2,IL6R,CEP85L,OAT,ACADSB,GABPB2,TARS2,RPRD2,PLEKHO1,SV2A,HSD3B1,CD2,CD58,NRAS,GSTO1,LRIF1,SLC16A4,TAF5,CYP17A1,PSRC1,PRPF38B,HENMT1,COL11A1,TLCD4,ALG14,RPL5,SCD,LDOC1,SLC44A5,CTH,DIRAS3,UBE2U,SMARCA1,ENTPD1,BMPR1A,AIF1L,SLC22A7,UBR2,NDUFS5,NAP1L3,SGPL1,ENG,BRWD3,ATRX,ZBTB43,HDAC8,TET1,RABGAP1,ZBTB6,CXCR3,SRPK1,TLR4,KIF4A,BAK1,PHF1,C1QA,SLC38A10,SPIN4,TEX10,NCBP1,FAM120C,CDC14B,UBR4,TSPYL2,CENPP,NEU1,IARS1,HSPB7,DDAH2,ABHD13,CACNA1F,PLP2,GKAP1,DOCK9,PIM2,GATA1,THBD,TRIM27,ATG2A,HMGN4,HIF3A,NAA40,RNF207,TAF2,PODXL,PIGO,PUSL1,TNFRSF4,NDNF,ADAM32,MAB21L1,RFC3,KL,IFNB1,FBXL19,HAUS6,SLTM,RRAGA,NLGN4X,PFKP,IL6ST,ASMTL,IL33,JAK2,CATSPER2,ANGPT4,IFNGR2,TMEM128,FBXO25,METTL17,CCDC174,TRAPPC9,NLRP5,CCL25,HDLBP,URI1,ZNF605,TFRC,SEC14L1,PDK1,GIPC1,PTGFRN,BCL2L15,PRCP,SPATA7,KEAP1,NDUFA4L2,ZNF414,G3BP1,RCCD1,EFEMP1,CFI,EFCAB5,KIF20A,NRG4,ALAS1,VKORC1,MATK,PHF20L1,EGFL8,SLC26A6,PPHLN1,MAPK8,CCDC51,EHMT2,IL4R,NFATC2,ZNF445,HERPUD2,SNX16,MARF1,ZC3H7A,ATF7IP2,CENPK,BICRA,TIGD7,ZNF213,CCNF,NOXO1,HAGH,CCDC40,FBXL16,PRMT2,RGS11,PPP3CC,TTC28,SEC24A,USP47,MAP3K1,GABRA5,NBEA,SUN1,CASTOR1,ETV2,ZBTB40,ADGRV1,GATAD2A,F11,TBC1D10A,KIF2A,GGT2,RMDN1,PRR35,RAD54L2,CD8A,TMEM131L,CATSPERG,IPO11,PGGHG,CIAO2B,CREB1,HEPACAM2,CATSPER4,SLC14A1,DENND4A,SEPTIN5,PRRT3,ARHGAP28,DCAF1,HES4,EPS15L1,SLC4A4,PLA2G10,CSF2RA,MAPK9,ZNF200,NSD1,CHD9,OSGIN2,SELENBP1,TENT2,TTC21A,TNF,POLG,CNOT10,B3GNT9,RHOA,PVR,RUNX1T1,VKORC1L1,SIGIRR,BHLHB9,LTA,ACVR1,PPP1R9A,EPM2AIP1,TAF1,MOGAT1,ZBTB22,SLC9A3R2,ANO6,USP53,AK9,POC5,STMN1,FCGRT,MARCHF8,IL5RA,CCDC28B,C16orf91,FNBP1,CDKN1C,ERG,ICAM2,LARP4,FBLIM1,DDX46,STK33,ROBO2,YIPF6,FBXL2,DPPA2,DDI2,IQUB,CCDC39,EHMT1,ADAMTS9,TREML2,PEG10,AZI2,CDS2,KCNIP2,TFR2,TFAM,SLCO6A1,ALYREF,HGFAC,SLIT2,WDR36,ZCCHC10,ZFP62,FBN2,ZGRF1,TMEM161B,AMER2,PROM1,CEP192,DDR1,WWP1,FBXO41,NAIP,HEPH,CA1,JAK3,CFL1,NCAPD3,MS4A14,NRK,KCNV1,ADM,CCDC189,SLAMF1,KPNA2,TMEM50B,CLTCL1,CCR3,PRR14,SMAD5,FAR2,FKBP5,DENND5B,MAPKAPK5,PPFIA2,ATP10A,ZBTB33,SERPINA4,HSD17B6,TCL1A,DMAC2L,SOCS4,ZNF592,BCL2L10,WDR61,SECISBP2L,RBM15B,SCAPER,RPUSD1,SLC7A6,DET1,PECAM1,CENPT,MMP12,BAHCC1,OTUD7B,GDF2,SLC16A3,SPC24,CBARP,ACSBG2,TLE2,SLC44A2,MC5R,MBD1,NPAS1,SPHK2,WIZ,PDE4C,UPF1,IL12RB1,MYO9B,SLC38A5,FKBP8,IRF3,ZNF446,SUGP2,SBNO1,CCNI2,PLCL2,TNFRSF9,GALNTL5,GUCD1,UHRF1,RPS6KA5,CIB1,NMRK2,SLC6A6,JADE3,PAN2,CNOT6,IP6K1,CGA,PTPN9,PCSK6,NR2C2,PPP4R3B,BTK,CHD1,PHF19,PACSIN1,CLEC18A,ZNF274,ADAM29,SCARF2,PPIL2,CSMD1,PTPN11,C20orf204,ZNF654,PIGN,SAMHD1,CHD8,AVPR2,CYP21A2,LRP2,ZMYM1,IGF1R,ABCC2,LHB,DARS2,UBE3A,NDN,RPS17,MIP,RDH8,MED19,CBLB,FAM219A,ERCC6L2,SCN11A	7.008773924307505	aquatic_slow_enrichment	False	False	False
TISSUES	BTO:0000042	Animal	892	15148	0.04	0.56	9.8e-08	9606.ENSP00000003100,9606.ENSP00000078445,9606.ENSP00000159111,9606.ENSP00000160827,9606.ENSP00000177742,9606.ENSP00000184266,9606.ENSP00000199936,9606.ENSP00000203407,9606.ENSP00000203556,9606.ENSP00000205636,9606.ENSP00000209668,9606.ENSP00000209884,9606.ENSP00000215793,9606.ENSP00000215829,9606.ENSP00000216124,9606.ENSP00000216133,9606.ENSP00000216259,9606.ENSP00000216271,9606.ENSP00000216500,9606.ENSP00000216911,9606.ENSP00000217173,9606.ENSP00000217740,9606.ENSP00000217958,9606.ENSP00000218099,9606.ENSP00000218348,9606.ENSP00000218516,9606.ENSP00000219069,9606.ENSP00000219478,9606.ENSP00000219481,9606.ENSP00000219596,9606.ENSP00000219905,9606.ENSP00000220764,9606.ENSP00000221573,9606.ENSP00000221665,9606.ENSP00000221730,9606.ENSP00000222122,9606.ENSP00000222139,9606.ENSP00000222248,9606.ENSP00000225276,9606.ENSP00000226355,9606.ENSP00000226444,9606.ENSP00000227667,9606.ENSP00000228825,9606.ENSP00000229135,9606.ENSP00000229633,9606.ENSP00000230048,9606.ENSP00000230449,9606.ENSP00000231368,9606.ENSP00000231572,9606.ENSP00000231887,9606.ENSP00000232461,9606.ENSP00000233099,9606.ENSP00000233156,9606.ENSP00000233710,9606.ENSP00000234371,9606.ENSP00000236850,9606.ENSP00000239882,9606.ENSP00000240328,9606.ENSP00000241125,9606.ENSP00000241256,9606.ENSP00000241261,9606.ENSP00000242375,9606.ENSP00000242465,9606.ENSP00000242848,9606.ENSP00000243347,9606.ENSP00000243501,9606.ENSP00000244050,9606.ENSP00000244527,9606.ENSP00000244709,9606.ENSP00000245414,9606.ENSP00000245907,9606.ENSP00000245934,9606.ENSP00000245960,9606.ENSP00000247001,9606.ENSP00000247706,9606.ENSP00000248244,9606.ENSP00000248572,9606.ENSP00000249356,9606.ENSP00000250535,9606.ENSP00000251047,9606.ENSP00000251157,9606.ENSP00000251250,9606.ENSP00000252100,9606.ENSP00000252542,9606.ENSP00000252575,9606.ENSP00000252597,9606.ENSP00000252809,9606.ENSP00000253669,9606.ENSP00000253699,9606.ENSP00000253778,9606.ENSP00000253796,9606.ENSP00000253928,9606.ENSP00000254190,9606.ENSP00000254480,9606.ENSP00000254654,9606.ENSP00000254661,9606.ENSP00000255194,9606.ENSP00000255613,9606.ENSP00000255882,9606.ENSP00000256079,9606.ENSP00000256958,9606.ENSP00000257177,9606.ENSP00000257663,9606.ENSP00000257860,9606.ENSP00000257904,9606.ENSP00000258149,9606.ENSP00000258173,9606.ENSP00000258198,9606.ENSP00000258200,9606.ENSP00000258975,9606.ENSP00000260361,9606.ENSP00000260665,9606.ENSP00000260810,9606.ENSP00000260818,9606.ENSP00000261024,9606.ENSP00000261183,9606.ENSP00000261211,9606.ENSP00000261416,9606.ENSP00000261483,9606.ENSP00000261609,9606.ENSP00000261693,9606.ENSP00000261708,9606.ENSP00000261866,9606.ENSP00000261875,9606.ENSP00000261879,9606.ENSP00000261937,9606.ENSP00000262027,9606.ENSP00000262041,9606.ENSP00000262150,9606.ENSP00000262301,9606.ENSP00000262302,9606.ENSP00000262320,9606.ENSP00000262376,9606.ENSP00000262407,9606.ENSP00000262457,9606.ENSP00000262518,9606.ENSP00000262643,9606.ENSP00000262809,9606.ENSP00000262811,9606.ENSP00000263038,9606.ENSP00000263181,9606.ENSP00000263233,9606.ENSP00000263377,9606.ENSP00000263388,9606.ENSP00000263733,9606.ENSP00000263795,9606.ENSP00000264246,9606.ENSP00000264515,9606.ENSP00000264917,9606.ENSP00000264990,9606.ENSP00000265138,9606.ENSP00000265195,9606.ENSP00000265224,9606.ENSP00000265271,9606.ENSP00000265388,9606.ENSP00000265433,9606.ENSP00000265564,9606.ENSP00000265565,9606.ENSP00000265651,9606.ENSP00000265708,9606.ENSP00000265857,9606.ENSP00000266022,9606.ENSP00000266037,9606.ENSP00000266087,9606.ENSP00000266673,9606.ENSP00000266674,9606.ENSP00000266679,9606.ENSP00000266682,9606.ENSP00000266735,9606.ENSP00000267430,9606.ENSP00000267622,9606.ENSP00000267814,9606.ENSP00000267935,9606.ENSP00000267953,9606.ENSP00000268053,9606.ENSP00000268122,9606.ENSP00000268150,9606.ENSP00000268182,9606.ENSP00000268655,9606.ENSP00000268668,9606.ENSP00000269373,9606.ENSP00000269394,9606.ENSP00000269701,9606.ENSP00000270645,9606.ENSP00000271452,9606.ENSP00000271715,9606.ENSP00000271732,9606.ENSP00000272321,9606.ENSP00000272418,9606.ENSP00000273853,9606.ENSP00000274276,9606.ENSP00000274382,9606.ENSP00000274721,9606.ENSP00000276055,9606.ENSP00000276893,9606.ENSP00000278070,9606.ENSP00000279058,9606.ENSP00000279392,9606.ENSP00000280886,9606.ENSP00000281523,9606.ENSP00000281834,9606.ENSP00000282041,9606.ENSP00000282276,9606.ENSP00000282588,9606.ENSP00000282633,9606.ENSP00000283254,9606.ENSP00000283629,9606.ENSP00000284292,9606.ENSP00000284425,9606.ENSP00000284551,9606.ENSP00000284601,9606.ENSP00000284617,9606.ENSP00000284719,9606.ENSP00000285379,9606.ENSP00000285407,9606.ENSP00000285518,9606.ENSP00000285968,9606.ENSP00000286758,9606.ENSP00000287647,9606.ENSP00000288266,9606.ENSP00000288937,9606.ENSP00000290039,9606.ENSP00000290246,9606.ENSP00000290649,9606.ENSP00000291041,9606.ENSP00000291495,9606.ENSP00000292363,9606.ENSP00000292432,9606.ENSP00000292609,9606.ENSP00000292778,9606.ENSP00000293879,9606.ENSP00000293883,9606.ENSP00000294008,9606.ENSP00000294016,9606.ENSP00000294413,9606.ENSP00000294724,9606.ENSP00000295079,9606.ENSP00000295208,9606.ENSP00000295488,9606.ENSP00000295756,9606.ENSP00000295888,9606.ENSP00000296266,9606.ENSP00000296420,9606.ENSP00000296785,9606.ENSP00000297044,9606.ENSP00000298292,9606.ENSP00000298299,9606.ENSP00000298428,9606.ENSP00000298556,9606.ENSP00000298569,9606.ENSP00000298910,9606.ENSP00000299138,9606.ENSP00000299155,9606.ENSP00000300184,9606.ENSP00000300403,9606.ENSP00000300784,9606.ENSP00000300976,9606.ENSP00000301050,9606.ENSP00000301280,9606.ENSP00000301327,9606.ENSP00000301458,9606.ENSP00000301466,9606.ENSP00000301645,9606.ENSP00000301825,9606.ENSP00000301921,9606.ENSP00000302297,9606.ENSP00000302413,9606.ENSP00000302621,9606.ENSP00000302961,9606.ENSP00000303246,9606.ENSP00000303427,9606.ENSP00000303758,9606.ENSP00000304283,9606.ENSP00000304429,9606.ENSP00000304586,9606.ENSP00000304592,9606.ENSP00000304713,9606.ENSP00000304915,9606.ENSP00000305416,9606.ENSP00000305839,9606.ENSP00000306015,9606.ENSP00000306220,9606.ENSP00000306548,9606.ENSP00000306627,9606.ENSP00000306997,9606.ENSP00000307023,9606.ENSP00000307143,9606.ENSP00000307156,9606.ENSP00000308022,9606.ENSP00000308024,9606.ENSP00000308541,9606.ENSP00000309052,9606.ENSP00000309092,9606.ENSP00000309096,9606.ENSP00000309262,9606.ENSP00000309474,9606.ENSP00000309597,9606.ENSP00000309790,9606.ENSP00000310036,9606.ENSP00000310721,9606.ENSP00000310842,9606.ENSP00000311648,9606.ENSP00000312066,9606.ENSP00000312293,9606.ENSP00000313050,9606.ENSP00000313454,9606.ENSP00000313582,9606.ENSP00000313851,9606.ENSP00000314030,9606.ENSP00000314036,9606.ENSP00000315371,9606.ENSP00000315379,9606.ENSP00000315664,9606.ENSP00000315713,9606.ENSP00000315988,9606.ENSP00000316054,9606.ENSP00000316416,9606.ENSP00000317272,9606.ENSP00000317289,9606.ENSP00000317686,9606.ENSP00000317872,9606.ENSP00000319141,9606.ENSP00000320251,9606.ENSP00000320885,9606.ENSP00000321326,9606.ENSP00000321345,9606.ENSP00000321573,9606.ENSP00000321584,9606.ENSP00000322323,9606.ENSP00000322716,9606.ENSP00000322845,9606.ENSP00000323099,9606.ENSP00000323280,9606.ENSP00000323588,9606.ENSP00000323872,9606.ENSP00000324127,9606.ENSP00000324343,9606.ENSP00000324510,9606.ENSP00000325120,9606.ENSP00000325313,9606.ENSP00000325785,9606.ENSP00000326550,9606.ENSP00000326563,9606.ENSP00000326570,9606.ENSP00000326604,9606.ENSP00000327760,9606.ENSP00000327786,9606.ENSP00000327821,9606.ENSP00000327890,9606.ENSP00000328174,9606.ENSP00000328228,9606.ENSP00000328245,9606.ENSP00000328327,9606.ENSP00000329200,9606.ENSP00000330200,9606.ENSP00000330382,9606.ENSP00000330393,9606.ENSP00000331111,9606.ENSP00000331302,9606.ENSP00000331462,9606.ENSP00000332049,9606.ENSP00000332293,9606.ENSP00000333212,9606.ENSP00000333223,9606.ENSP00000333363,9606.ENSP00000334448,9606.ENSP00000334538,9606.ENSP00000335247,9606.ENSP00000335281,9606.ENSP00000337014,9606.ENSP00000337146,9606.ENSP00000337224,9606.ENSP00000337746,9606.ENSP00000338185,9606.ENSP00000338217,9606.ENSP00000339208,9606.ENSP00000339484,9606.ENSP00000339532,9606.ENSP00000339577,9606.ENSP00000339720,9606.ENSP00000339804,9606.ENSP00000340292,9606.ENSP00000340434,9606.ENSP00000340648,9606.ENSP00000340896,9606.ENSP00000341324,9606.ENSP00000341382,9606.ENSP00000341489,9606.ENSP00000341610,9606.ENSP00000341637,9606.ENSP00000342023,9606.ENSP00000342278,9606.ENSP00000342499,9606.ENSP00000342699,9606.ENSP00000342840,9606.ENSP00000342850,9606.ENSP00000343172,9606.ENSP00000343535,9606.ENSP00000343629,9606.ENSP00000343657,9606.ENSP00000343746,9606.ENSP00000343885,9606.ENSP00000343957,9606.ENSP00000344220,9606.ENSP00000344392,9606.ENSP00000344458,9606.ENSP00000344937,9606.ENSP00000345681,9606.ENSP00000345848,9606.ENSP00000345853,9606.ENSP00000346175,9606.ENSP00000346603,9606.ENSP00000347532,9606.ENSP00000347719,9606.ENSP00000347821,9606.ENSP00000347852,9606.ENSP00000348349,9606.ENSP00000348381,9606.ENSP00000348527,9606.ENSP00000348573,9606.ENSP00000348645,9606.ENSP00000348708,9606.ENSP00000348775,9606.ENSP00000348931,9606.ENSP00000349204,9606.ENSP00000349205,9606.ENSP00000349291,9606.ENSP00000349439,9606.ENSP00000349568,9606.ENSP00000349708,9606.ENSP00000349877,9606.ENSP00000349967,9606.ENSP00000350249,9606.ENSP00000350266,9606.ENSP00000350310,9606.ENSP00000350386,9606.ENSP00000350541,9606.ENSP00000351008,9606.ENSP00000351059,9606.ENSP00000351075,9606.ENSP00000351250,9606.ENSP00000351407,9606.ENSP00000351446,9606.ENSP00000351575,9606.ENSP00000351619,9606.ENSP00000352288,9606.ENSP00000352516,9606.ENSP00000352544,9606.ENSP00000352941,9606.ENSP00000353013,9606.ENSP00000353408,9606.ENSP00000353538,9606.ENSP00000353874,9606.ENSP00000354003,9606.ENSP00000354152,9606.ENSP00000354314,9606.ENSP00000354511,9606.ENSP00000354560,9606.ENSP00000354607,9606.ENSP00000354633,9606.ENSP00000354878,9606.ENSP00000354919,9606.ENSP00000355022,9606.ENSP00000355237,9606.ENSP00000355385,9606.ENSP00000355465,9606.ENSP00000355467,9606.ENSP00000355470,9606.ENSP00000355492,9606.ENSP00000355500,9606.ENSP00000355631,9606.ENSP00000355632,9606.ENSP00000355652,9606.ENSP00000355927,9606.ENSP00000355929,9606.ENSP00000356024,9606.ENSP00000356104,9606.ENSP00000356150,9606.ENSP00000356169,9606.ENSP00000356357,9606.ENSP00000356448,9606.ENSP00000356579,9606.ENSP00000356607,9606.ENSP00000356634,9606.ENSP00000356641,9606.ENSP00000356671,9606.ENSP00000356713,9606.ENSP00000356723,9606.ENSP00000356825,9606.ENSP00000356840,9606.ENSP00000356864,9606.ENSP00000357012,9606.ENSP00000357022,9606.ENSP00000357036,9606.ENSP00000357288,9606.ENSP00000357470,9606.ENSP00000357474,9606.ENSP00000357838,9606.ENSP00000357873,9606.ENSP00000357914,9606.ENSP00000358060,9606.ENSP00000358064,9606.ENSP00000358120,9606.ENSP00000358142,9606.ENSP00000358421,9606.ENSP00000358490,9606.ENSP00000358501,9606.ENSP00000358548,9606.ENSP00000358727,9606.ENSP00000358778,9606.ENSP00000358794,9606.ENSP00000358854,9606.ENSP00000358903,9606.ENSP00000358925,9606.ENSP00000359042,9606.ENSP00000359049,9606.ENSP00000359114,9606.ENSP00000359222,9606.ENSP00000359224,9606.ENSP00000359345,9606.ENSP00000359380,9606.ENSP00000359557,9606.ENSP00000359892,9606.ENSP00000359976,9606.ENSP00000360020,9606.ENSP00000360116,9606.ENSP00000360162,9606.ENSP00000360250,9606.ENSP00000361107,9606.ENSP00000361383,9606.ENSP00000361666,9606.ENSP00000361990,9606.ENSP00000362058,9606.ENSP00000362171,9606.ENSP00000362298,9606.ENSP00000362299,9606.ENSP00000362372,9606.ENSP00000362441,9606.ENSP00000362563,9606.ENSP00000362674,9606.ENSP00000362748,9606.ENSP00000362751,9606.ENSP00000362763,9606.ENSP00000362795,9606.ENSP00000362931,9606.ENSP00000363089,9606.ENSP00000363524,9606.ENSP00000363591,9606.ENSP00000363640,9606.ENSP00000363773,9606.ENSP00000363891,9606.ENSP00000364018,9606.ENSP00000364037,9606.ENSP00000364289,9606.ENSP00000364324,9606.ENSP00000364389,9606.ENSP00000364403,9606.ENSP00000364591,9606.ENSP00000364737,9606.ENSP00000364782,9606.ENSP00000364794,9606.ENSP00000364870,9606.ENSP00000364949,9606.ENSP00000365063,9606.ENSP00000365441,9606.ENSP00000365505,9606.ENSP00000365550,9606.ENSP00000365643,9606.ENSP00000365692,9606.ENSP00000365858,9606.ENSP00000366307,9606.ENSP00000366404,9606.ENSP00000366475,9606.ENSP00000366798,9606.ENSP00000366898,9606.ENSP00000367024,9606.ENSP00000367173,9606.ENSP00000367406,9606.ENSP00000367817,9606.ENSP00000367880,9606.ENSP00000368318,9606.ENSP00000368538,9606.ENSP00000369014,9606.ENSP00000369238,9606.ENSP00000369251,9606.ENSP00000369411,9606.ENSP00000369442,9606.ENSP00000369581,9606.ENSP00000369666,9606.ENSP00000369871,9606.ENSP00000369887,9606.ENSP00000369899,9606.ENSP00000370483,9606.ENSP00000370517,9606.ENSP00000370698,9606.ENSP00000370718,9606.ENSP00000370842,9606.ENSP00000371067,9606.ENSP00000371180,9606.ENSP00000371347,9606.ENSP00000371425,9606.ENSP00000372201,9606.ENSP00000372274,9606.ENSP00000372445,9606.ENSP00000373304,9606.ENSP00000373979,9606.ENSP00000375063,9606.ENSP00000375086,9606.ENSP00000375836,9606.ENSP00000376097,9606.ENSP00000376135,9606.ENSP00000376197,9606.ENSP00000376268,9606.ENSP00000376352,9606.ENSP00000376753,9606.ENSP00000376899,9606.ENSP00000376992,9606.ENSP00000377055,9606.ENSP00000377176,9606.ENSP00000377245,9606.ENSP00000377411,9606.ENSP00000377504,9606.ENSP00000377681,9606.ENSP00000377801,9606.ENSP00000378058,9606.ENSP00000378131,9606.ENSP00000378312,9606.ENSP00000378356,9606.ENSP00000378367,9606.ENSP00000378416,9606.ENSP00000378426,9606.ENSP00000378485,9606.ENSP00000378784,9606.ENSP00000378888,9606.ENSP00000378920,9606.ENSP00000378935,9606.ENSP00000378974,9606.ENSP00000379047,9606.ENSP00000379078,9606.ENSP00000379111,9606.ENSP00000379330,9606.ENSP00000379387,9606.ENSP00000379390,9606.ENSP00000379621,9606.ENSP00000379654,9606.ENSP00000379773,9606.ENSP00000379808,9606.ENSP00000379911,9606.ENSP00000379946,9606.ENSP00000380071,9606.ENSP00000380087,9606.ENSP00000380256,9606.ENSP00000380450,9606.ENSP00000380514,9606.ENSP00000380679,9606.ENSP00000380746,9606.ENSP00000380759,9606.ENSP00000380876,9606.ENSP00000380878,9606.ENSP00000381003,9606.ENSP00000381823,9606.ENSP00000382382,9606.ENSP00000382423,9606.ENSP00000382953,9606.ENSP00000383295,9606.ENSP00000384015,9606.ENSP00000384183,9606.ENSP00000384524,9606.ENSP00000384527,9606.ENSP00000384582,9606.ENSP00000384899,9606.ENSP00000384957,9606.ENSP00000384996,9606.ENSP00000385000,9606.ENSP00000385721,9606.ENSP00000385927,9606.ENSP00000386499,9606.ENSP00000386520,9606.ENSP00000386559,9606.ENSP00000386787,9606.ENSP00000386962,9606.ENSP00000386992,9606.ENSP00000387185,9606.ENSP00000387471,9606.ENSP00000387699,9606.ENSP00000390204,9606.ENSP00000390423,9606.ENSP00000390637,9606.ENSP00000391167,9606.ENSP00000391311,9606.ENSP00000392511,9606.ENSP00000392660,9606.ENSP00000393183,9606.ENSP00000393198,9606.ENSP00000393313,9606.ENSP00000393557,9606.ENSP00000393847,9606.ENSP00000394227,9606.ENSP00000394560,9606.ENSP00000395723,9606.ENSP00000395929,9606.ENSP00000396345,9606.ENSP00000396445,9606.ENSP00000397261,9606.ENSP00000397563,9606.ENSP00000398211,9606.ENSP00000398698,9606.ENSP00000399851,9606.ENSP00000399862,9606.ENSP00000400157,9606.ENSP00000400175,9606.ENSP00000402060,9606.ENSP00000402257,9606.ENSP00000403077,9606.ENSP00000403104,9606.ENSP00000403226,9606.ENSP00000403495,9606.ENSP00000405004,9606.ENSP00000405514,9606.ENSP00000406027,9606.ENSP00000406549,9606.ENSP00000406674,9606.ENSP00000407545,9606.ENSP00000408005,9606.ENSP00000409126,9606.ENSP00000409906,9606.ENSP00000410186,9606.ENSP00000410216,9606.ENSP00000410452,9606.ENSP00000410798,9606.ENSP00000411848,9606.ENSP00000412209,9606.ENSP00000413017,9606.ENSP00000413100,9606.ENSP00000413625,9606.ENSP00000413720,9606.ENSP00000414150,9606.ENSP00000415283,9606.ENSP00000415464,9606.ENSP00000416387,9606.ENSP00000416534,9606.ENSP00000416750,9606.ENSP00000417335,9606.ENSP00000417573,9606.ENSP00000417601,9606.ENSP00000417710,9606.ENSP00000417748,9606.ENSP00000417769,9606.ENSP00000417960,9606.ENSP00000417980,9606.ENSP00000418735,9606.ENSP00000418767,9606.ENSP00000418944,9606.ENSP00000419371,9606.ENSP00000419879,9606.ENSP00000420040,9606.ENSP00000420525,9606.ENSP00000420588,9606.ENSP00000421339,9606.ENSP00000421592,9606.ENSP00000421801,9606.ENSP00000422591,9606.ENSP00000423067,9606.ENSP00000423276,9606.ENSP00000423820,9606.ENSP00000424571,9606.ENSP00000424737,9606.ENSP00000426354,9606.ENSP00000426528,9606.ENSP00000426809,9606.ENSP00000427550,9606.ENSP00000427552,9606.ENSP00000427793,9606.ENSP00000428646,9606.ENSP00000428657,9606.ENSP00000430620,9606.ENSP00000430656,9606.ENSP00000432511,9606.ENSP00000432660,9606.ENSP00000433681,9606.ENSP00000433761,9606.ENSP00000434830,9606.ENSP00000435954,9606.ENSP00000436607,9606.ENSP00000437532,9606.ENSP00000438406,9606.ENSP00000438483,9606.ENSP00000439768,9606.ENSP00000441158,9606.ENSP00000441600,9606.ENSP00000441641,9606.ENSP00000441954,9606.ENSP00000443291,9606.ENSP00000444810,9606.ENSP00000444889,9606.ENSP00000449381,9606.ENSP00000450337,9606.ENSP00000450480,9606.ENSP00000450969,9606.ENSP00000451172,9606.ENSP00000451406,9606.ENSP00000451506,9606.ENSP00000451583,9606.ENSP00000452522,9606.ENSP00000452877,9606.ENSP00000453562,9606.ENSP00000453801,9606.ENSP00000453854,9606.ENSP00000454545,9606.ENSP00000454973,9606.ENSP00000455026,9606.ENSP00000455064,9606.ENSP00000456340,9606.ENSP00000457421,9606.ENSP00000457810,9606.ENSP00000458585,9606.ENSP00000462154,9606.ENSP00000462729,9606.ENSP00000463051,9606.ENSP00000463978,9606.ENSP00000465075,9606.ENSP00000465589,9606.ENSP00000466542,9606.ENSP00000466664,9606.ENSP00000468086,9606.ENSP00000468785,9606.ENSP00000469142,9606.ENSP00000469158,9606.ENSP00000469534,9606.ENSP00000469696,9606.ENSP00000470142,9606.ENSP00000470788,9606.ENSP00000471457,9606.ENSP00000471683,9606.ENSP00000471700,9606.ENSP00000471896,9606.ENSP00000472802,9606.ENSP00000472914,9606.ENSP00000473665,9606.ENSP00000478257,9606.ENSP00000478458,9606.ENSP00000478699,9606.ENSP00000479207,9606.ENSP00000479370,9606.ENSP00000479617,9606.ENSP00000479667,9606.ENSP00000479860,9606.ENSP00000480091,9606.ENSP00000481625,9606.ENSP00000481850,9606.ENSP00000481859,9606.ENSP00000481893,9606.ENSP00000482032,9606.ENSP00000482232,9606.ENSP00000482732,9606.ENSP00000482760,9606.ENSP00000483059,9606.ENSP00000483228,9606.ENSP00000483570,9606.ENSP00000483667,9606.ENSP00000483946,9606.ENSP00000484060,9606.ENSP00000484176,9606.ENSP00000484810,9606.ENSP00000484862,9606.ENSP00000485276,9606.ENSP00000486725,9606.ENSP00000489225,9606.ENSP00000489597,9606.ENSP00000489747,9606.ENSP00000490842,9606.ENSP00000492233,9606.ENSP00000493536,9606.ENSP00000495240,9606.ENSP00000496396,9606.ENSP00000496625,9606.ENSP00000496870,9606.ENSP00000496876,9606.ENSP00000497069,9606.ENSP00000497274,9606.ENSP00000497294,9606.ENSP00000497569,9606.ENSP00000497594,9606.ENSP00000497916,9606.ENSP00000498019,9606.ENSP00000498622,9606.ENSP00000498711,9606.ENSP00000498791,9606.ENSP00000499037,9606.ENSP00000499069,9606.ENSP00000499371,9606.ENSP00000499569	CYP51A1,CREB3L3,KDM4B,KIF22,MRPS34,NDUFB4,HSD17B2,UQCRC1,GMIP,CMTM6,ADH1A,KLHL20,SF3A1,SNRPD3,ARSA,CBX7,PMM1,HDAC10,DHRS7,AURKA,UBOX5,RNF125,PSMD10,F9,USP11,GLA,ZNF263,ZNF500,DECR2,MEFV,MGA,DECR1,SNAPC2,FIZ1,EPHX3,DBP,EPOR,SLC5A5,ST6GALNAC2,AFM,SULT1E1,APOC3,ARPC3,IFNG,HINT3,ACOT13,EXOC2,LNPEP,RARS1,EHHADH,GNAT1,HEATR5B,TFPI,ACADL,KISS1R,APOA1,ELF1,TBX2,GJA3,GHSR,TNFSF10,AKR1D1,SRGN,ZC3H13,TNFAIP6,PLA2G12A,SNAI1,SLC17A1,TREM1,IRF1,C3,SYMPK,CDC25B,SUGP1,ABHD8,TICAM1,GNGT1,DNAJB9,CDO1,LMAN1,DOCK7,DTWD1,TMCO6,SAFB2,NCAN,USHBP1,GDF15,HAUS8,RBSN,GFPT2,RAMP2,FLYWCH1,CHSY1,SMARCC1,ILKAP,RAMP1,AP3B1,KMT5C,PI4KA,IPO8,SLCO1B1,TUT4,TMEM60,PRPH,CDK4,MDM2,TMEM231,DYNC1LI2,FBXL8,TACO1,NDUFAF1,LRPPRC,TOPBP1,DNAJC13,SLC40A1,OSBPL8,CDK17,HEXB,MAN2A1,HERC2,SCARB1,UTP6,SPG11,HACD3,APH1B,FLT4,MARS1,MEOX2,CDH19,LMF1,NUBP2,AXIN1,UBN1,ITGA2B,INVS,SRCAP,CCNE1,ELL,MAST3,PHYH,KIF18A,SYP,BRD4,NOTCH3,FAM20B,WDR76,CD80,RBBP5,PDE8B,ACAD11,ARRDC3,SIL1,ANKRD7,RBM27,TNPO3,NBN,EXOSC7,SCAP,FBXO3,ADAM2,GET4,RBM6,DOCK3,FBXO7,TMEM19,LGR5,CPSF6,SLC6A15,SNRPF,FANCM,TRIP11,SORD,COMMD4,BCL2A1,CYP11A1,RHCG,MFGE8,IQGAP1,ZNF174,NDUFB10,FN3KRP,ZNF750,AKAP8,RCN3,NUF2,POGZ,GOLPH3L,WDPCP,MRPS5,CENPC,OSMR,LIX1,GFRA3,CHST7,UHRF2,PPRC1,SPINT4,HIRIP3,DIP2C,ZNF385D,TNFSF4,EPG5,MARS2,ITGA1,WASHC2A,SCN3A,UBP1,NRGN,ABCA6,TRIM11,PPP1R3A,CCSAP,OLA1,CA2,KLF10,AGPAT5,NUP205,CXCL13,FANCD2,APPL1,MRPL17,CACHD1,ELMO2,AMFR,PSKH1,CILP2,RNF126,HK3,PGLYRP2,YDJC,WDR90,WDR24,SLX4,ADCY9,RHCE,AGL,MAIP1,ZNF514,HELQ,TRAT1,WDFY3,IFT122,EMCN,ANKRA2,CYTH3,DNAAF2,ZNF22,SEC61A2,HPRT1,KIAA1191,LRRK2,VPS35,AMN,MS4A7,TPX2,FN3K,KLHL26,CACNB3,CHAF1A,MFSD3,CD320,SOAT2,CYP7A1,ENTPD3,SOX7,LGI3,TPST1,LRG1,HSPA4,ACOT12,PDS5A,LUZP1,RAC3,SNX7,ANKS3,FASN,MSANTD4,IL13,S1PR1,GPRIN1,SYNPO2,MMGT1,MRPL13,SLC9C1,MYOZ2,KLF11,DONSON,LAMB2,TADA2B,PCSK1,F2,CATSPER1,GMPPB,B4GAT1,USP48,PSMD1,MAP3K11,MIS18BP1,CD34,CYP7B1,FANCI,UGT8,SRP68,MOBP,NIPSNAP2,UBA6,ZNF436,PDS5B,DNAJA2,AGPAT4,ANO5,PRPF3,ZNF18,SSH1,DPY19L2,DVL3,CSH1,MET,FAM220A,ZFP42,RBBP6,CYBRD1,NEPRO,SPAST,F2R,IL23R,DCBLD2,IMPDH2,FAM20C,GLYR1,ZMYM3,ATRIP,CD6,SOX2,P2RY11,PSD3,UPB1,BAIAP3,PGR,MAP1S,SPECC1L,TACC3,KDM3B,FKRP,LMBR1,CLASP2,IZUMO1,XPOT,IL3RA,PIF1,CDCA2,ZNF71,ASB7,STAC3,BTNL9,PDGFB,LEPR,ZNRD1,ELOA2,ZNF704,CD86,ASCL2,CYP2U1,ZNF470,DNAH8,GNG2,SREK1,STARD10,DEFB105B,HJV,ENOX2,LRAT,ISYNA1,PLCB1,ZNF532,DPP8,ZFAND4,THUMPD3,RHD,NDUFA4,TSLP,DLK1,RTL6,HUWE1,ASH2L,SRFBP1,SMC4,SYDE1,C15orf48,NCR3LG1,FBXO38,OAS2,TSTD2,CFAP36,LYSMD4,SERPINA6,PRR27,USP7,PRRC2C,MCCC2,CORO2A,PPA2,IFNAR2,PDPK1,CLUAP1,PROZ,DPY19L3,GATA2,ANP32B,DUSP9,SETDB2,ZBTB45,SHTN1,TBCD,MORC4,SORBS2,MYO9A,ADD3,CENPL,AKAP9,PXDNL,UPF2,ACOX3,FABP7,CRB3,PIK3R4,TBC1D9B,TXNDC11,CFAP43,ZMYM6,ATP13A1,CCRL2,POT1,DENND2D,ATP2B4,CHM,LVRN,LCA5L,CX3CR1,SUSD2,TRIM33,ARNT,WDR5,BDP1,PBLD,PLXNB2,DNMT1,CPLX2,KCTD18,CLEC14A,MSN,LRRCC1,TLR9,GYPA,MTHFSD,HAO2,COMT,KIFAP3,FZD5,TAF11,KIF21A,VEPH1,TEDC2,CDC42BPB,R3HDM4,AHCTF1,SCCPDH,CNST,CATSPERE,CEP170,OTX1,GALNT2,RHOU,RPS6KC1,ANGEL2,CR2,PM20D1,MDM4,ETNK2,LHX9,TPR,CEP350,RALGPS2,PAPPA2,COP1,SERPINC1,IFNGR1,FMO4,ADCY10,POU2F1,MGST3,CD244,SLAMF7,SLAMF6,LAMTOR2,IL6R,CEP85L,OAT,ACADSB,GABPB2,TARS2,RPRD2,PLEKHO1,SV2A,HSD3B1,CD2,CD58,NRAS,GSTO1,LRIF1,SLC16A4,TAF5,CYP17A1,PSRC1,PRPF38B,HENMT1,COL11A1,TLCD4,ALG14,RPL5,SCD,LDOC1,SLC44A5,CTH,DIRAS3,UBE2U,SMARCA1,ENTPD1,BMPR1A,AIF1L,SLC22A7,UBR2,NDUFS5,NAP1L3,SGPL1,ENG,BRWD3,ATRX,ZBTB43,HDAC8,TET1,RABGAP1,ZBTB6,CXCR3,SRPK1,TLR4,KIF4A,BAK1,PHF1,C1QA,SLC38A10,SPIN4,TEX10,NCBP1,FAM120C,CDC14B,UBR4,TSPYL2,CENPP,NEU1,IARS1,HSPB7,DDAH2,ABHD13,CACNA1F,PLP2,GKAP1,DOCK9,PIM2,GATA1,THBD,TRIM27,ATG2A,HMGN4,HIF3A,NAA40,RNF207,TAF2,PODXL,PIGO,PUSL1,TNFRSF4,NDNF,ADAM32,MAB21L1,RFC3,KL,IFNB1,FBXL19,HAUS6,SLTM,RRAGA,NLGN4X,PFKP,IL6ST,ASMTL,IL33,JAK2,CATSPER2,ANGPT4,IFNGR2,TMEM128,FBXO25,METTL17,CCDC174,TRAPPC9,NLRP5,CCL25,HDLBP,URI1,ZNF605,TFRC,SEC14L1,PDK1,GIPC1,PTGFRN,BCL2L15,PRCP,SPATA7,KEAP1,NDUFA4L2,ZNF414,G3BP1,RCCD1,EFEMP1,CFI,EFCAB5,KIF20A,NRG4,ALAS1,VKORC1,MATK,PHF20L1,EGFL8,SLC26A6,PPHLN1,MAPK8,CCDC51,EHMT2,IL4R,NFATC2,ZNF445,HERPUD2,SNX16,MARF1,ZC3H7A,ATF7IP2,CENPK,BICRA,TIGD7,ZNF213,CCNF,NOXO1,HAGH,CCDC40,FBXL16,PRMT2,RGS11,PPP3CC,TTC28,SEC24A,USP47,MAP3K1,GABRA5,NBEA,SUN1,CASTOR1,ETV2,ZBTB40,ADGRV1,GATAD2A,F11,TBC1D10A,KIF2A,GGT2,RMDN1,PRR35,RAD54L2,CD8A,TMEM131L,CATSPERG,IPO11,PGGHG,CIAO2B,CREB1,HEPACAM2,CATSPER4,SLC14A1,DENND4A,SEPTIN5,PRRT3,ARHGAP28,DCAF1,HES4,EPS15L1,SLC4A4,PLA2G10,CSF2RA,MAPK9,ZNF200,NSD1,CHD9,OSGIN2,SELENBP1,TENT2,TTC21A,TNF,POLG,CNOT10,B3GNT9,RHOA,PVR,RUNX1T1,VKORC1L1,SIGIRR,BHLHB9,LTA,ACVR1,PPP1R9A,EPM2AIP1,TAF1,MOGAT1,ZBTB22,SLC9A3R2,ANO6,USP53,AK9,POC5,STMN1,FCGRT,MARCHF8,IL5RA,CCDC28B,C16orf91,FNBP1,CDKN1C,ERG,ICAM2,LARP4,FBLIM1,DDX46,STK33,ROBO2,YIPF6,FBXL2,DPPA2,DDI2,IQUB,CCDC39,EHMT1,ADAMTS9,TREML2,PEG10,AZI2,CDS2,KCNIP2,TFR2,TFAM,SLCO6A1,ALYREF,HGFAC,SLIT2,WDR36,ZCCHC10,ZFP62,FBN2,ZGRF1,TMEM161B,AMER2,PROM1,CEP192,DDR1,WWP1,FBXO41,NAIP,HEPH,CA1,JAK3,CFL1,NCAPD3,MS4A14,NRK,KCNV1,ADM,CCDC189,SLAMF1,KPNA2,TMEM50B,CLTCL1,CCR3,PRR14,SMAD5,FAR2,FKBP5,DENND5B,MAPKAPK5,PPFIA2,ATP10A,ZBTB33,SERPINA4,HSD17B6,TCL1A,DMAC2L,SOCS4,ZNF592,BCL2L10,WDR61,SECISBP2L,RBM15B,SCAPER,RPUSD1,SLC7A6,DET1,PECAM1,CENPT,MMP12,BAHCC1,OTUD7B,GDF2,SLC16A3,SPC24,ACSBG2,TLE2,SLC44A2,MC5R,MBD1,NPAS1,SPHK2,WIZ,PDE4C,UPF1,IL12RB1,MYO9B,SLC38A5,FKBP8,IRF3,ZNF446,SUGP2,SBNO1,CCNI2,PLCL2,TNFRSF9,GALNTL5,GUCD1,UHRF1,RPS6KA5,CIB1,NMRK2,SLC6A6,JADE3,PAN2,CNOT6,IP6K1,CGA,PTPN9,PCSK6,NR2C2,PPP4R3B,BTK,CHD1,PHF19,PACSIN1,CLEC18A,ZNF274,ADAM29,SCARF2,PPIL2,CSMD1,PTPN11,C20orf204,ZNF654,PIGN,SAMHD1,CHD8,AVPR2,CYP21A2,LRP2,ZMYM1,IGF1R,ABCC2,LHB,DARS2,UBE3A,NDN,RPS17,MIP,RDH8,MED19,CBLB,FAM219A,ERCC6L2,SCN11A	7.008773924307505	aquatic_slow_enrichment	False	False	False
TISSUES	BTO:0000522	Gland	477	7004	0.11	0.62	9.8e-08	9606.ENSP00000003100,9606.ENSP00000078445,9606.ENSP00000159111,9606.ENSP00000160827,9606.ENSP00000199936,9606.ENSP00000203407,9606.ENSP00000205636,9606.ENSP00000209668,9606.ENSP00000215793,9606.ENSP00000216124,9606.ENSP00000216259,9606.ENSP00000216271,9606.ENSP00000216500,9606.ENSP00000216911,9606.ENSP00000217958,9606.ENSP00000218099,9606.ENSP00000218348,9606.ENSP00000218516,9606.ENSP00000219481,9606.ENSP00000219905,9606.ENSP00000220764,9606.ENSP00000222248,9606.ENSP00000225276,9606.ENSP00000226355,9606.ENSP00000226444,9606.ENSP00000227667,9606.ENSP00000228825,9606.ENSP00000229135,9606.ENSP00000230048,9606.ENSP00000230449,9606.ENSP00000231572,9606.ENSP00000231887,9606.ENSP00000233156,9606.ENSP00000233710,9606.ENSP00000234371,9606.ENSP00000236850,9606.ENSP00000241256,9606.ENSP00000242375,9606.ENSP00000242848,9606.ENSP00000243347,9606.ENSP00000244050,9606.ENSP00000244527,9606.ENSP00000245414,9606.ENSP00000245907,9606.ENSP00000245934,9606.ENSP00000245960,9606.ENSP00000247001,9606.ENSP00000248572,9606.ENSP00000249356,9606.ENSP00000250535,9606.ENSP00000251047,9606.ENSP00000251157,9606.ENSP00000251250,9606.ENSP00000252809,9606.ENSP00000253778,9606.ENSP00000254480,9606.ENSP00000255882,9606.ENSP00000256079,9606.ENSP00000256958,9606.ENSP00000257663,9606.ENSP00000257904,9606.ENSP00000258149,9606.ENSP00000258173,9606.ENSP00000258198,9606.ENSP00000260665,9606.ENSP00000260810,9606.ENSP00000261024,9606.ENSP00000261183,9606.ENSP00000261211,9606.ENSP00000261416,9606.ENSP00000261483,9606.ENSP00000261693,9606.ENSP00000261866,9606.ENSP00000261875,9606.ENSP00000262027,9606.ENSP00000262301,9606.ENSP00000262302,9606.ENSP00000262320,9606.ENSP00000262376,9606.ENSP00000262457,9606.ENSP00000262518,9606.ENSP00000263038,9606.ENSP00000263233,9606.ENSP00000263377,9606.ENSP00000264246,9606.ENSP00000264917,9606.ENSP00000264990,9606.ENSP00000265195,9606.ENSP00000265224,9606.ENSP00000265388,9606.ENSP00000265565,9606.ENSP00000265651,9606.ENSP00000265708,9606.ENSP00000265857,9606.ENSP00000266022,9606.ENSP00000266087,9606.ENSP00000266674,9606.ENSP00000266679,9606.ENSP00000267430,9606.ENSP00000267622,9606.ENSP00000267814,9606.ENSP00000267935,9606.ENSP00000267953,9606.ENSP00000268053,9606.ENSP00000268122,9606.ENSP00000268150,9606.ENSP00000268182,9606.ENSP00000268668,9606.ENSP00000269394,9606.ENSP00000270645,9606.ENSP00000271452,9606.ENSP00000271715,9606.ENSP00000271732,9606.ENSP00000272418,9606.ENSP00000273853,9606.ENSP00000276893,9606.ENSP00000281523,9606.ENSP00000281834,9606.ENSP00000282588,9606.ENSP00000283254,9606.ENSP00000284425,9606.ENSP00000284551,9606.ENSP00000284719,9606.ENSP00000285379,9606.ENSP00000285968,9606.ENSP00000286758,9606.ENSP00000288266,9606.ENSP00000288937,9606.ENSP00000290246,9606.ENSP00000290649,9606.ENSP00000292609,9606.ENSP00000293883,9606.ENSP00000294724,9606.ENSP00000295488,9606.ENSP00000295888,9606.ENSP00000296266,9606.ENSP00000298428,9606.ENSP00000298556,9606.ENSP00000298569,9606.ENSP00000299138,9606.ENSP00000299155,9606.ENSP00000300184,9606.ENSP00000300403,9606.ENSP00000300784,9606.ENSP00000301458,9606.ENSP00000301645,9606.ENSP00000302621,9606.ENSP00000302961,9606.ENSP00000303246,9606.ENSP00000303427,9606.ENSP00000304592,9606.ENSP00000304713,9606.ENSP00000304915,9606.ENSP00000306015,9606.ENSP00000306548,9606.ENSP00000306627,9606.ENSP00000307023,9606.ENSP00000307156,9606.ENSP00000308541,9606.ENSP00000309052,9606.ENSP00000309262,9606.ENSP00000309474,9606.ENSP00000309597,9606.ENSP00000310721,9606.ENSP00000312066,9606.ENSP00000313582,9606.ENSP00000313851,9606.ENSP00000314030,9606.ENSP00000315379,9606.ENSP00000315988,9606.ENSP00000316054,9606.ENSP00000317272,9606.ENSP00000317289,9606.ENSP00000317872,9606.ENSP00000321584,9606.ENSP00000322716,9606.ENSP00000322845,9606.ENSP00000323099,9606.ENSP00000324127,9606.ENSP00000324343,9606.ENSP00000324510,9606.ENSP00000325120,9606.ENSP00000325313,9606.ENSP00000325785,9606.ENSP00000327786,9606.ENSP00000327890,9606.ENSP00000328228,9606.ENSP00000330382,9606.ENSP00000330393,9606.ENSP00000331302,9606.ENSP00000332049,9606.ENSP00000333212,9606.ENSP00000334448,9606.ENSP00000335247,9606.ENSP00000337014,9606.ENSP00000337224,9606.ENSP00000337746,9606.ENSP00000338217,9606.ENSP00000339208,9606.ENSP00000339484,9606.ENSP00000339532,9606.ENSP00000339720,9606.ENSP00000339804,9606.ENSP00000340292,9606.ENSP00000340648,9606.ENSP00000341382,9606.ENSP00000341610,9606.ENSP00000342278,9606.ENSP00000342850,9606.ENSP00000343172,9606.ENSP00000343535,9606.ENSP00000343629,9606.ENSP00000343657,9606.ENSP00000343885,9606.ENSP00000344220,9606.ENSP00000344392,9606.ENSP00000344458,9606.ENSP00000345848,9606.ENSP00000347532,9606.ENSP00000347719,9606.ENSP00000347852,9606.ENSP00000348381,9606.ENSP00000348573,9606.ENSP00000348645,9606.ENSP00000348708,9606.ENSP00000348775,9606.ENSP00000348931,9606.ENSP00000349204,9606.ENSP00000349291,9606.ENSP00000349568,9606.ENSP00000349877,9606.ENSP00000349967,9606.ENSP00000350249,9606.ENSP00000350310,9606.ENSP00000351008,9606.ENSP00000351250,9606.ENSP00000351407,9606.ENSP00000351575,9606.ENSP00000351619,9606.ENSP00000352288,9606.ENSP00000352516,9606.ENSP00000353408,9606.ENSP00000353874,9606.ENSP00000354003,9606.ENSP00000354152,9606.ENSP00000354314,9606.ENSP00000354511,9606.ENSP00000354560,9606.ENSP00000354878,9606.ENSP00000355237,9606.ENSP00000355465,9606.ENSP00000355467,9606.ENSP00000355470,9606.ENSP00000355492,9606.ENSP00000355500,9606.ENSP00000355632,9606.ENSP00000355927,9606.ENSP00000356024,9606.ENSP00000356104,9606.ENSP00000356150,9606.ENSP00000356169,9606.ENSP00000356448,9606.ENSP00000356579,9606.ENSP00000356607,9606.ENSP00000356641,9606.ENSP00000356671,9606.ENSP00000356713,9606.ENSP00000356723,9606.ENSP00000356825,9606.ENSP00000356840,9606.ENSP00000356864,9606.ENSP00000357022,9606.ENSP00000357036,9606.ENSP00000357288,9606.ENSP00000357470,9606.ENSP00000357474,9606.ENSP00000357838,9606.ENSP00000357873,9606.ENSP00000358060,9606.ENSP00000358064,9606.ENSP00000358120,9606.ENSP00000358142,9606.ENSP00000358421,9606.ENSP00000358490,9606.ENSP00000358548,9606.ENSP00000358727,9606.ENSP00000358794,9606.ENSP00000358854,9606.ENSP00000358903,9606.ENSP00000359049,9606.ENSP00000359345,9606.ENSP00000359380,9606.ENSP00000359976,9606.ENSP00000360162,9606.ENSP00000360250,9606.ENSP00000361107,9606.ENSP00000361383,9606.ENSP00000361666,9606.ENSP00000361990,9606.ENSP00000362058,9606.ENSP00000362298,9606.ENSP00000362299,9606.ENSP00000362441,9606.ENSP00000362674,9606.ENSP00000362751,9606.ENSP00000362795,9606.ENSP00000362931,9606.ENSP00000363089,9606.ENSP00000363640,9606.ENSP00000363773,9606.ENSP00000363891,9606.ENSP00000364037,9606.ENSP00000364289,9606.ENSP00000364403,9606.ENSP00000364591,9606.ENSP00000364737,9606.ENSP00000364782,9606.ENSP00000364794,9606.ENSP00000364870,9606.ENSP00000364949,9606.ENSP00000365505,9606.ENSP00000365550,9606.ENSP00000365643,9606.ENSP00000365692,9606.ENSP00000366404,9606.ENSP00000366898,9606.ENSP00000367024,9606.ENSP00000367173,9606.ENSP00000367817,9606.ENSP00000369014,9606.ENSP00000369238,9606.ENSP00000369442,9606.ENSP00000369581,9606.ENSP00000369871,9606.ENSP00000370517,9606.ENSP00000370698,9606.ENSP00000370718,9606.ENSP00000370842,9606.ENSP00000371180,9606.ENSP00000375063,9606.ENSP00000375086,9606.ENSP00000375836,9606.ENSP00000376097,9606.ENSP00000376197,9606.ENSP00000376268,9606.ENSP00000376352,9606.ENSP00000376753,9606.ENSP00000377055,9606.ENSP00000377176,9606.ENSP00000377411,9606.ENSP00000377681,9606.ENSP00000377801,9606.ENSP00000378058,9606.ENSP00000378131,9606.ENSP00000378312,9606.ENSP00000378416,9606.ENSP00000378426,9606.ENSP00000378485,9606.ENSP00000378920,9606.ENSP00000378935,9606.ENSP00000379078,9606.ENSP00000379111,9606.ENSP00000379330,9606.ENSP00000379390,9606.ENSP00000380450,9606.ENSP00000380514,9606.ENSP00000380679,9606.ENSP00000380759,9606.ENSP00000380878,9606.ENSP00000381003,9606.ENSP00000381823,9606.ENSP00000382382,9606.ENSP00000384015,9606.ENSP00000384899,9606.ENSP00000384957,9606.ENSP00000384996,9606.ENSP00000385000,9606.ENSP00000385721,9606.ENSP00000386559,9606.ENSP00000386962,9606.ENSP00000386992,9606.ENSP00000387471,9606.ENSP00000387699,9606.ENSP00000393183,9606.ENSP00000393557,9606.ENSP00000395723,9606.ENSP00000396345,9606.ENSP00000397261,9606.ENSP00000397563,9606.ENSP00000398211,9606.ENSP00000398698,9606.ENSP00000399862,9606.ENSP00000400175,9606.ENSP00000402060,9606.ENSP00000403077,9606.ENSP00000403104,9606.ENSP00000406549,9606.ENSP00000408005,9606.ENSP00000409126,9606.ENSP00000410186,9606.ENSP00000410216,9606.ENSP00000410452,9606.ENSP00000410798,9606.ENSP00000411848,9606.ENSP00000414150,9606.ENSP00000416534,9606.ENSP00000416750,9606.ENSP00000417335,9606.ENSP00000417769,9606.ENSP00000417960,9606.ENSP00000417980,9606.ENSP00000418944,9606.ENSP00000419371,9606.ENSP00000419879,9606.ENSP00000420525,9606.ENSP00000421339,9606.ENSP00000421592,9606.ENSP00000421801,9606.ENSP00000423820,9606.ENSP00000427552,9606.ENSP00000427793,9606.ENSP00000430656,9606.ENSP00000432660,9606.ENSP00000433761,9606.ENSP00000434830,9606.ENSP00000436607,9606.ENSP00000438406,9606.ENSP00000438483,9606.ENSP00000441158,9606.ENSP00000444810,9606.ENSP00000449381,9606.ENSP00000451406,9606.ENSP00000452877,9606.ENSP00000453562,9606.ENSP00000453801,9606.ENSP00000453854,9606.ENSP00000455064,9606.ENSP00000457421,9606.ENSP00000457810,9606.ENSP00000462729,9606.ENSP00000463051,9606.ENSP00000465589,9606.ENSP00000466664,9606.ENSP00000468086,9606.ENSP00000468785,9606.ENSP00000469158,9606.ENSP00000470142,9606.ENSP00000471700,9606.ENSP00000471896,9606.ENSP00000472914,9606.ENSP00000478257,9606.ENSP00000478458,9606.ENSP00000478699,9606.ENSP00000479207,9606.ENSP00000479617,9606.ENSP00000481625,9606.ENSP00000481859,9606.ENSP00000482232,9606.ENSP00000482760,9606.ENSP00000483059,9606.ENSP00000483946,9606.ENSP00000484810,9606.ENSP00000484862,9606.ENSP00000486725,9606.ENSP00000489597,9606.ENSP00000492233,9606.ENSP00000493536,9606.ENSP00000495240,9606.ENSP00000496396,9606.ENSP00000496625,9606.ENSP00000496870,9606.ENSP00000497274,9606.ENSP00000497294,9606.ENSP00000497569,9606.ENSP00000497594,9606.ENSP00000497916,9606.ENSP00000498019	CYP51A1,CREB3L3,KDM4B,KIF22,HSD17B2,UQCRC1,CMTM6,ADH1A,SF3A1,ARSA,PMM1,HDAC10,DHRS7,AURKA,PSMD10,F9,USP11,GLA,DECR2,MGA,DECR1,SLC5A5,ST6GALNAC2,AFM,SULT1E1,APOC3,ARPC3,IFNG,ACOT13,EXOC2,RARS1,EHHADH,TFPI,ACADL,KISS1R,APOA1,GHSR,AKR1D1,ZC3H13,TNFAIP6,SNAI1,SLC17A1,IRF1,C3,SYMPK,CDC25B,SUGP1,GNGT1,DNAJB9,CDO1,LMAN1,DOCK7,DTWD1,GDF15,GFPT2,SMARCC1,PI4KA,IPO8,SLCO1B1,TMEM60,CDK4,MDM2,TMEM231,DYNC1LI2,LRPPRC,TOPBP1,SLC40A1,OSBPL8,CDK17,HEXB,MAN2A1,SCARB1,SPG11,HACD3,MARS1,LMF1,NUBP2,AXIN1,UBN1,INVS,SRCAP,PHYH,SYP,BRD4,CD80,PDE8B,ACAD11,SIL1,ANKRD7,TNPO3,SCAP,FBXO3,ADAM2,GET4,RBM6,FBXO7,LGR5,CPSF6,FANCM,TRIP11,SORD,COMMD4,BCL2A1,CYP11A1,RHCG,MFGE8,IQGAP1,NDUFB10,ZNF750,RCN3,NUF2,POGZ,GOLPH3L,MRPS5,CENPC,UHRF2,ZNF385D,TNFSF4,ITGA1,SCN3A,ABCA6,TRIM11,OLA1,CA2,NUP205,CXCL13,APPL1,MRPL17,ELMO2,AMFR,PGLYRP2,WDR24,AGL,HELQ,WDFY3,IFT122,SEC61A2,HPRT1,KIAA1191,VPS35,AMN,MS4A7,TPX2,FN3K,CD320,CYP7A1,LRG1,HSPA4,ACOT12,PDS5A,FASN,MSANTD4,IL13,SYNPO2,MRPL13,SLC9C1,KLF11,LAMB2,F2,CATSPER1,USP48,PSMD1,MAP3K11,CYP7B1,SRP68,ZNF436,PDS5B,DNAJA2,PRPF3,DPY19L2,DVL3,MET,FAM220A,RBBP6,IMPDH2,GLYR1,ZMYM3,ATRIP,PSD3,UPB1,BAIAP3,PGR,MAP1S,SPECC1L,IZUMO1,IL3RA,CDCA2,PDGFB,LEPR,ELOA2,CD86,CYP2U1,GNG2,STARD10,HJV,LRAT,ISYNA1,ZNF532,DPP8,ZFAND4,THUMPD3,NDUFA4,TSLP,DLK1,HUWE1,SMC4,C15orf48,OAS2,SERPINA6,PRR27,USP7,PRRC2C,MCCC2,PPA2,PDPK1,CLUAP1,PROZ,ANP32B,SHTN1,TBCD,SORBS2,ADD3,AKAP9,PXDNL,UPF2,ACOX3,FABP7,CRB3,TBC1D9B,CFAP43,ATP13A1,CCRL2,POT1,ATP2B4,LCA5L,TRIM33,ARNT,BDP1,PBLD,PLXNB2,DNMT1,MSN,TLR9,GYPA,MTHFSD,HAO2,COMT,KIFAP3,KIF21A,CDC42BPB,AHCTF1,SCCPDH,CNST,CATSPERE,CEP170,GALNT2,RPS6KC1,CR2,PM20D1,MDM4,ETNK2,TPR,CEP350,RALGPS2,COP1,SERPINC1,IFNGR1,FMO4,ADCY10,POU2F1,MGST3,SLAMF7,SLAMF6,LAMTOR2,IL6R,CEP85L,OAT,ACADSB,TARS2,RPRD2,PLEKHO1,SV2A,HSD3B1,CD2,NRAS,GSTO1,SLC16A4,TAF5,CYP17A1,HENMT1,RPL5,SCD,CTH,SMARCA1,ENTPD1,BMPR1A,AIF1L,SLC22A7,UBR2,NDUFS5,SGPL1,ENG,ATRX,HDAC8,RABGAP1,CXCR3,SRPK1,TLR4,PHF1,C1QA,SLC38A10,TEX10,NCBP1,UBR4,TSPYL2,CENPP,NEU1,IARS1,HSPB7,DDAH2,PLP2,GKAP1,DOCK9,PIM2,TRIM27,HIF3A,NAA40,RNF207,PODXL,NDNF,ADAM32,KL,IFNB1,HAUS6,PFKP,IL6ST,ASMTL,IL33,CATSPER2,NLRP5,CCL25,HDLBP,URI1,TFRC,SEC14L1,PDK1,GIPC1,PRCP,SPATA7,NDUFA4L2,G3BP1,RCCD1,EFEMP1,CFI,EFCAB5,ALAS1,VKORC1,MATK,SLC26A6,PPHLN1,EHMT2,IL4R,NFATC2,HERPUD2,NOXO1,HAGH,CCDC40,PRMT2,PPP3CC,TTC28,SEC24A,USP47,SUN1,GATAD2A,F11,TBC1D10A,KIF2A,GGT2,CD8A,CATSPERG,IPO11,CIAO2B,CREB1,DCAF1,SLC4A4,ZNF200,CHD9,SELENBP1,TENT2,TTC21A,TNF,CNOT10,RHOA,PVR,VKORC1L1,SIGIRR,TAF1,SLC9A3R2,ANO6,AK9,POC5,STMN1,FCGRT,MARCHF8,ERG,DDX46,STK33,ROBO2,IQUB,CCDC39,EHMT1,PEG10,AZI2,CDS2,TFR2,SLCO6A1,ALYREF,HGFAC,ZFP62,DDR1,WWP1,CA1,CFL1,MS4A14,NRK,ADM,SLAMF1,KPNA2,CLTCL1,FKBP5,MAPKAPK5,HSD17B6,ZNF592,BCL2L10,WDR61,SECISBP2L,SLC7A6,PECAM1,CENPT,OTUD7B,GDF2,ACSBG2,SLC44A2,MC5R,MBD1,SPHK2,UPF1,FKBP8,IRF3,SUGP2,CCNI2,PLCL2,TNFRSF9,GALNTL5,UHRF1,SLC6A6,PAN2,CGA,PCSK6,NR2C2,PHF19,ZNF274,ADAM29,PPIL2,PTPN11,PIGN,SAMHD1,CHD8,AVPR2,CYP21A2,LRP2,ABCC2,LHB,DARS2,UBE3A,NDN,RPS17	7.008773924307505	aquatic_slow_enrichment	False	False	False
TISSUES	BTO:0000081	Reproductive system	433	6444	0.1	0.56	4.69e-06	9606.ENSP00000003100,9606.ENSP00000159111,9606.ENSP00000160827,9606.ENSP00000184266,9606.ENSP00000199936,9606.ENSP00000203407,9606.ENSP00000205636,9606.ENSP00000215793,9606.ENSP00000216124,9606.ENSP00000216911,9606.ENSP00000217958,9606.ENSP00000218348,9606.ENSP00000218516,9606.ENSP00000219478,9606.ENSP00000219481,9606.ENSP00000219905,9606.ENSP00000222139,9606.ENSP00000225276,9606.ENSP00000230048,9606.ENSP00000230449,9606.ENSP00000231368,9606.ENSP00000231572,9606.ENSP00000231887,9606.ENSP00000233156,9606.ENSP00000236850,9606.ENSP00000241261,9606.ENSP00000242375,9606.ENSP00000242848,9606.ENSP00000243347,9606.ENSP00000243501,9606.ENSP00000244050,9606.ENSP00000245414,9606.ENSP00000245907,9606.ENSP00000245934,9606.ENSP00000245960,9606.ENSP00000247001,9606.ENSP00000248572,9606.ENSP00000251047,9606.ENSP00000251157,9606.ENSP00000252809,9606.ENSP00000253699,9606.ENSP00000254480,9606.ENSP00000255194,9606.ENSP00000255613,9606.ENSP00000255882,9606.ENSP00000256079,9606.ENSP00000256958,9606.ENSP00000257904,9606.ENSP00000258149,9606.ENSP00000258173,9606.ENSP00000258198,9606.ENSP00000260665,9606.ENSP00000260810,9606.ENSP00000260818,9606.ENSP00000261024,9606.ENSP00000261183,9606.ENSP00000261211,9606.ENSP00000261416,9606.ENSP00000261693,9606.ENSP00000261866,9606.ENSP00000261875,9606.ENSP00000261879,9606.ENSP00000261937,9606.ENSP00000262027,9606.ENSP00000262301,9606.ENSP00000262302,9606.ENSP00000262376,9606.ENSP00000262518,9606.ENSP00000262643,9606.ENSP00000263181,9606.ENSP00000263377,9606.ENSP00000264990,9606.ENSP00000265138,9606.ENSP00000265195,9606.ENSP00000265224,9606.ENSP00000265271,9606.ENSP00000265388,9606.ENSP00000265433,9606.ENSP00000265565,9606.ENSP00000265651,9606.ENSP00000265708,9606.ENSP00000265857,9606.ENSP00000266022,9606.ENSP00000266087,9606.ENSP00000266674,9606.ENSP00000266679,9606.ENSP00000267430,9606.ENSP00000267814,9606.ENSP00000267935,9606.ENSP00000267953,9606.ENSP00000268053,9606.ENSP00000268122,9606.ENSP00000268150,9606.ENSP00000268182,9606.ENSP00000268668,9606.ENSP00000269373,9606.ENSP00000269701,9606.ENSP00000271452,9606.ENSP00000271715,9606.ENSP00000271732,9606.ENSP00000272418,9606.ENSP00000273853,9606.ENSP00000274276,9606.ENSP00000276893,9606.ENSP00000278070,9606.ENSP00000279058,9606.ENSP00000281834,9606.ENSP00000283629,9606.ENSP00000284292,9606.ENSP00000284551,9606.ENSP00000284617,9606.ENSP00000284719,9606.ENSP00000285379,9606.ENSP00000285407,9606.ENSP00000285518,9606.ENSP00000288937,9606.ENSP00000290246,9606.ENSP00000290649,9606.ENSP00000292363,9606.ENSP00000292609,9606.ENSP00000293883,9606.ENSP00000295888,9606.ENSP00000296266,9606.ENSP00000296420,9606.ENSP00000297044,9606.ENSP00000298292,9606.ENSP00000298299,9606.ENSP00000298428,9606.ENSP00000298569,9606.ENSP00000299138,9606.ENSP00000300184,9606.ENSP00000300403,9606.ENSP00000301458,9606.ENSP00000302961,9606.ENSP00000304429,9606.ENSP00000304592,9606.ENSP00000305416,9606.ENSP00000306548,9606.ENSP00000306627,9606.ENSP00000307023,9606.ENSP00000307143,9606.ENSP00000307156,9606.ENSP00000308541,9606.ENSP00000309052,9606.ENSP00000309092,9606.ENSP00000309262,9606.ENSP00000309474,9606.ENSP00000309790,9606.ENSP00000310036,9606.ENSP00000312066,9606.ENSP00000313582,9606.ENSP00000314030,9606.ENSP00000315988,9606.ENSP00000316054,9606.ENSP00000316416,9606.ENSP00000317289,9606.ENSP00000317686,9606.ENSP00000317872,9606.ENSP00000319141,9606.ENSP00000320251,9606.ENSP00000321584,9606.ENSP00000322716,9606.ENSP00000323099,9606.ENSP00000323872,9606.ENSP00000324127,9606.ENSP00000325120,9606.ENSP00000325313,9606.ENSP00000327760,9606.ENSP00000327786,9606.ENSP00000327821,9606.ENSP00000328228,9606.ENSP00000328245,9606.ENSP00000330382,9606.ENSP00000332049,9606.ENSP00000332293,9606.ENSP00000333212,9606.ENSP00000333363,9606.ENSP00000334538,9606.ENSP00000335247,9606.ENSP00000335281,9606.ENSP00000337224,9606.ENSP00000337746,9606.ENSP00000338217,9606.ENSP00000339208,9606.ENSP00000339484,9606.ENSP00000339532,9606.ENSP00000340292,9606.ENSP00000340648,9606.ENSP00000341382,9606.ENSP00000341489,9606.ENSP00000341610,9606.ENSP00000341637,9606.ENSP00000342023,9606.ENSP00000342278,9606.ENSP00000343535,9606.ENSP00000343629,9606.ENSP00000343657,9606.ENSP00000343885,9606.ENSP00000344220,9606.ENSP00000344392,9606.ENSP00000345681,9606.ENSP00000345848,9606.ENSP00000345853,9606.ENSP00000346175,9606.ENSP00000347532,9606.ENSP00000347719,9606.ENSP00000347821,9606.ENSP00000348349,9606.ENSP00000348381,9606.ENSP00000348645,9606.ENSP00000348708,9606.ENSP00000348775,9606.ENSP00000348931,9606.ENSP00000349291,9606.ENSP00000349439,9606.ENSP00000349568,9606.ENSP00000350249,9606.ENSP00000350266,9606.ENSP00000350310,9606.ENSP00000350541,9606.ENSP00000351008,9606.ENSP00000351059,9606.ENSP00000351250,9606.ENSP00000351407,9606.ENSP00000351446,9606.ENSP00000351575,9606.ENSP00000352288,9606.ENSP00000352516,9606.ENSP00000352941,9606.ENSP00000353408,9606.ENSP00000353874,9606.ENSP00000354511,9606.ENSP00000354560,9606.ENSP00000354633,9606.ENSP00000355465,9606.ENSP00000355467,9606.ENSP00000355470,9606.ENSP00000355492,9606.ENSP00000355500,9606.ENSP00000355927,9606.ENSP00000356150,9606.ENSP00000356169,9606.ENSP00000356357,9606.ENSP00000356607,9606.ENSP00000356634,9606.ENSP00000356641,9606.ENSP00000356713,9606.ENSP00000356825,9606.ENSP00000357474,9606.ENSP00000357838,9606.ENSP00000357873,9606.ENSP00000358064,9606.ENSP00000358142,9606.ENSP00000358421,9606.ENSP00000358727,9606.ENSP00000358778,9606.ENSP00000358794,9606.ENSP00000358854,9606.ENSP00000358903,9606.ENSP00000359042,9606.ENSP00000359049,9606.ENSP00000359345,9606.ENSP00000359380,9606.ENSP00000360250,9606.ENSP00000361107,9606.ENSP00000361383,9606.ENSP00000361990,9606.ENSP00000362298,9606.ENSP00000362299,9606.ENSP00000362674,9606.ENSP00000362748,9606.ENSP00000362751,9606.ENSP00000362931,9606.ENSP00000363089,9606.ENSP00000363524,9606.ENSP00000363640,9606.ENSP00000364037,9606.ENSP00000364289,9606.ENSP00000364389,9606.ENSP00000364403,9606.ENSP00000364591,9606.ENSP00000364737,9606.ENSP00000364782,9606.ENSP00000364794,9606.ENSP00000364870,9606.ENSP00000364949,9606.ENSP00000365550,9606.ENSP00000365643,9606.ENSP00000365692,9606.ENSP00000366307,9606.ENSP00000366404,9606.ENSP00000366475,9606.ENSP00000366798,9606.ENSP00000366898,9606.ENSP00000367024,9606.ENSP00000367406,9606.ENSP00000367817,9606.ENSP00000369014,9606.ENSP00000369238,9606.ENSP00000369411,9606.ENSP00000369581,9606.ENSP00000369871,9606.ENSP00000369887,9606.ENSP00000370517,9606.ENSP00000370698,9606.ENSP00000370718,9606.ENSP00000371180,9606.ENSP00000372274,9606.ENSP00000373979,9606.ENSP00000375063,9606.ENSP00000375836,9606.ENSP00000376097,9606.ENSP00000376197,9606.ENSP00000376268,9606.ENSP00000377055,9606.ENSP00000377176,9606.ENSP00000377245,9606.ENSP00000377681,9606.ENSP00000378058,9606.ENSP00000378312,9606.ENSP00000378356,9606.ENSP00000378485,9606.ENSP00000378784,9606.ENSP00000378935,9606.ENSP00000379078,9606.ENSP00000379111,9606.ENSP00000379390,9606.ENSP00000379654,9606.ENSP00000380450,9606.ENSP00000380514,9606.ENSP00000380679,9606.ENSP00000380878,9606.ENSP00000381003,9606.ENSP00000381823,9606.ENSP00000382382,9606.ENSP00000384015,9606.ENSP00000384183,9606.ENSP00000384899,9606.ENSP00000384996,9606.ENSP00000385000,9606.ENSP00000386962,9606.ENSP00000386992,9606.ENSP00000387471,9606.ENSP00000387699,9606.ENSP00000390423,9606.ENSP00000393183,9606.ENSP00000393557,9606.ENSP00000394227,9606.ENSP00000397261,9606.ENSP00000397563,9606.ENSP00000398211,9606.ENSP00000399851,9606.ENSP00000399862,9606.ENSP00000400175,9606.ENSP00000402060,9606.ENSP00000405004,9606.ENSP00000406027,9606.ENSP00000408005,9606.ENSP00000409126,9606.ENSP00000410216,9606.ENSP00000410452,9606.ENSP00000410798,9606.ENSP00000411848,9606.ENSP00000413625,9606.ENSP00000413720,9606.ENSP00000414150,9606.ENSP00000415464,9606.ENSP00000416387,9606.ENSP00000416750,9606.ENSP00000417335,9606.ENSP00000417769,9606.ENSP00000417960,9606.ENSP00000417980,9606.ENSP00000418767,9606.ENSP00000418944,9606.ENSP00000420040,9606.ENSP00000421339,9606.ENSP00000424571,9606.ENSP00000427552,9606.ENSP00000427793,9606.ENSP00000432660,9606.ENSP00000433681,9606.ENSP00000433761,9606.ENSP00000434830,9606.ENSP00000436607,9606.ENSP00000438483,9606.ENSP00000441158,9606.ENSP00000441954,9606.ENSP00000443291,9606.ENSP00000444810,9606.ENSP00000449381,9606.ENSP00000450969,9606.ENSP00000451406,9606.ENSP00000453562,9606.ENSP00000453801,9606.ENSP00000453854,9606.ENSP00000457810,9606.ENSP00000462729,9606.ENSP00000463978,9606.ENSP00000465589,9606.ENSP00000466664,9606.ENSP00000468086,9606.ENSP00000468785,9606.ENSP00000469158,9606.ENSP00000470142,9606.ENSP00000471457,9606.ENSP00000471700,9606.ENSP00000472914,9606.ENSP00000473665,9606.ENSP00000478257,9606.ENSP00000478458,9606.ENSP00000479207,9606.ENSP00000479860,9606.ENSP00000481625,9606.ENSP00000481859,9606.ENSP00000482232,9606.ENSP00000482732,9606.ENSP00000482760,9606.ENSP00000483059,9606.ENSP00000483228,9606.ENSP00000483946,9606.ENSP00000484862,9606.ENSP00000485276,9606.ENSP00000489597,9606.ENSP00000492233,9606.ENSP00000493536,9606.ENSP00000495240,9606.ENSP00000497069,9606.ENSP00000497569,9606.ENSP00000497594,9606.ENSP00000497916,9606.ENSP00000498019,9606.ENSP00000499037	CYP51A1,KDM4B,KIF22,NDUFB4,HSD17B2,UQCRC1,CMTM6,SF3A1,ARSA,AURKA,PSMD10,USP11,GLA,ZNF500,DECR2,MGA,EPOR,ST6GALNAC2,ACOT13,EXOC2,LNPEP,RARS1,EHHADH,TFPI,APOA1,TNFSF10,AKR1D1,ZC3H13,TNFAIP6,PLA2G12A,SNAI1,IRF1,C3,SYMPK,CDC25B,SUGP1,GNGT1,LMAN1,DOCK7,GDF15,RBSN,SMARCC1,AP3B1,KMT5C,PI4KA,IPO8,SLCO1B1,CDK4,MDM2,TMEM231,DYNC1LI2,LRPPRC,TOPBP1,DNAJC13,SLC40A1,OSBPL8,CDK17,HEXB,SCARB1,SPG11,HACD3,APH1B,FLT4,MARS1,LMF1,NUBP2,UBN1,SRCAP,CCNE1,KIF18A,BRD4,ACAD11,ARRDC3,SIL1,ANKRD7,RBM27,TNPO3,NBN,SCAP,FBXO3,ADAM2,GET4,RBM6,FBXO7,LGR5,CPSF6,FANCM,SORD,COMMD4,BCL2A1,CYP11A1,RHCG,MFGE8,IQGAP1,NDUFB10,FN3KRP,AKAP8,NUF2,POGZ,GOLPH3L,MRPS5,CENPC,OSMR,UHRF2,PPRC1,SPINT4,TNFSF4,UBP1,NRGN,TRIM11,CCSAP,OLA1,CA2,KLF10,AGPAT5,MRPL17,ELMO2,AMFR,RNF126,PGLYRP2,WDR24,WDFY3,IFT122,EMCN,CYTH3,DNAAF2,ZNF22,SEC61A2,KIAA1191,VPS35,MS4A7,TPX2,CD320,HSPA4,SNX7,FASN,S1PR1,MRPL13,SLC9C1,KLF11,DONSON,LAMB2,F2,CATSPER1,GMPPB,USP48,PSMD1,MIS18BP1,CD34,SRP68,ZNF436,DNAJA2,DPY19L2,DVL3,CSH1,FAM220A,ZFP42,RBBP6,CYBRD1,NEPRO,IMPDH2,GLYR1,ATRIP,P2RY11,PSD3,PGR,MAP1S,CLASP2,IZUMO1,XPOT,CDCA2,ZNF71,PDGFB,CD86,ASCL2,CYP2U1,DNAH8,SREK1,STARD10,DEFB105B,LRAT,ISYNA1,ZNF532,DPP8,ZFAND4,THUMPD3,DLK1,HUWE1,SMC4,SYDE1,C15orf48,NCR3LG1,FBXO38,OAS2,USP7,PRRC2C,MCCC2,PPA2,PDPK1,CLUAP1,GATA2,ANP32B,DUSP9,SETDB2,SHTN1,TBCD,MORC4,MYO9A,ADD3,PXDNL,UPF2,ACOX3,FABP7,TBC1D9B,TXNDC11,CFAP43,POT1,DENND2D,ATP2B4,LVRN,LCA5L,CX3CR1,TRIM33,ARNT,WDR5,BDP1,PLXNB2,DNMT1,KCTD18,MSN,TLR9,COMT,KIFAP3,TAF11,AHCTF1,SCCPDH,CNST,CATSPERE,CEP170,RPS6KC1,MDM4,ETNK2,LHX9,RALGPS2,PAPPA2,COP1,IFNGR1,ADCY10,CEP85L,OAT,ACADSB,RPRD2,SV2A,HSD3B1,GSTO1,LRIF1,SLC16A4,TAF5,CYP17A1,PRPF38B,HENMT1,RPL5,SCD,ENTPD1,BMPR1A,AIF1L,UBR2,SGPL1,ENG,HDAC8,TET1,RABGAP1,SRPK1,TLR4,KIF4A,PHF1,TEX10,NCBP1,CDC14B,UBR4,TSPYL2,CENPP,NEU1,IARS1,HSPB7,DDAH2,GKAP1,DOCK9,PIM2,THBD,TRIM27,ATG2A,HMGN4,HIF3A,NAA40,TAF2,PODXL,NDNF,ADAM32,RFC3,IFNB1,HAUS6,SLTM,PFKP,IL6ST,ASMTL,CATSPER2,FBXO25,TRAPPC9,NLRP5,HDLBP,URI1,TFRC,SEC14L1,PRCP,SPATA7,KEAP1,G3BP1,EFEMP1,EFCAB5,KIF20A,MATK,PHF20L1,PPHLN1,EHMT2,IL4R,HERPUD2,MARF1,NOXO1,HAGH,CCDC40,PPP3CC,TTC28,SEC24A,USP47,SUN1,CASTOR1,GATAD2A,TBC1D10A,KIF2A,CATSPERG,IPO11,CIAO2B,CREB1,CATSPER4,DCAF1,SLC4A4,CSF2RA,SELENBP1,TENT2,TTC21A,POLG,CNOT10,RHOA,PVR,ACVR1,EPM2AIP1,SLC9A3R2,ANO6,POC5,STMN1,FCGRT,MARCHF8,FNBP1,CDKN1C,ERG,LARP4,FBLIM1,STK33,ROBO2,IQUB,CCDC39,EHMT1,TREML2,PEG10,KCNIP2,SLCO6A1,FBN2,DDR1,WWP1,CFL1,NCAPD3,MS4A14,NRK,ADM,KPNA2,CLTCL1,SMAD5,FAR2,FKBP5,MAPKAPK5,ZBTB33,HSD17B6,BCL2L10,WDR61,SECISBP2L,CENPT,OTUD7B,SLC16A3,ACSBG2,SLC44A2,MC5R,MBD1,SPHK2,UPF1,MYO9B,FKBP8,SUGP2,SBNO1,CCNI2,PLCL2,GALNTL5,CIB1,SLC6A6,PAN2,CGA,PTPN9,PCSK6,NR2C2,PPP4R3B,PHF19,ADAM29,SCARF2,PTPN11,PIGN,SAMHD1,CHD8,IGF1R,DARS2,UBE3A,NDN,RPS17,CBLB	5.328827157284917	aquatic_slow_enrichment	False	False	False
TISSUES	BTO:0000083	Female reproductive system	414	6111	0.1	0.56	4.69e-06	9606.ENSP00000003100,9606.ENSP00000159111,9606.ENSP00000160827,9606.ENSP00000184266,9606.ENSP00000203407,9606.ENSP00000205636,9606.ENSP00000215793,9606.ENSP00000216124,9606.ENSP00000216911,9606.ENSP00000217958,9606.ENSP00000218348,9606.ENSP00000218516,9606.ENSP00000219478,9606.ENSP00000219481,9606.ENSP00000219905,9606.ENSP00000222139,9606.ENSP00000225276,9606.ENSP00000230048,9606.ENSP00000230449,9606.ENSP00000231368,9606.ENSP00000231572,9606.ENSP00000231887,9606.ENSP00000233156,9606.ENSP00000236850,9606.ENSP00000241261,9606.ENSP00000242375,9606.ENSP00000242848,9606.ENSP00000243347,9606.ENSP00000243501,9606.ENSP00000244050,9606.ENSP00000245414,9606.ENSP00000245907,9606.ENSP00000245934,9606.ENSP00000245960,9606.ENSP00000247001,9606.ENSP00000248572,9606.ENSP00000251047,9606.ENSP00000251157,9606.ENSP00000252809,9606.ENSP00000253699,9606.ENSP00000254480,9606.ENSP00000255194,9606.ENSP00000255613,9606.ENSP00000255882,9606.ENSP00000256079,9606.ENSP00000256958,9606.ENSP00000257904,9606.ENSP00000258149,9606.ENSP00000258173,9606.ENSP00000258198,9606.ENSP00000260665,9606.ENSP00000260810,9606.ENSP00000260818,9606.ENSP00000261024,9606.ENSP00000261183,9606.ENSP00000261211,9606.ENSP00000261416,9606.ENSP00000261693,9606.ENSP00000261866,9606.ENSP00000261875,9606.ENSP00000261879,9606.ENSP00000261937,9606.ENSP00000262027,9606.ENSP00000262301,9606.ENSP00000262302,9606.ENSP00000262376,9606.ENSP00000262518,9606.ENSP00000262643,9606.ENSP00000263181,9606.ENSP00000263377,9606.ENSP00000264990,9606.ENSP00000265138,9606.ENSP00000265195,9606.ENSP00000265224,9606.ENSP00000265271,9606.ENSP00000265388,9606.ENSP00000265433,9606.ENSP00000265565,9606.ENSP00000265651,9606.ENSP00000265708,9606.ENSP00000265857,9606.ENSP00000266022,9606.ENSP00000266087,9606.ENSP00000266674,9606.ENSP00000266679,9606.ENSP00000267430,9606.ENSP00000267935,9606.ENSP00000267953,9606.ENSP00000268053,9606.ENSP00000268122,9606.ENSP00000268150,9606.ENSP00000268182,9606.ENSP00000268668,9606.ENSP00000269373,9606.ENSP00000269701,9606.ENSP00000271452,9606.ENSP00000271715,9606.ENSP00000271732,9606.ENSP00000272418,9606.ENSP00000273853,9606.ENSP00000274276,9606.ENSP00000276893,9606.ENSP00000278070,9606.ENSP00000281834,9606.ENSP00000283629,9606.ENSP00000284292,9606.ENSP00000284551,9606.ENSP00000284617,9606.ENSP00000284719,9606.ENSP00000285379,9606.ENSP00000285407,9606.ENSP00000285518,9606.ENSP00000288937,9606.ENSP00000290246,9606.ENSP00000290649,9606.ENSP00000292363,9606.ENSP00000292609,9606.ENSP00000293883,9606.ENSP00000295888,9606.ENSP00000296266,9606.ENSP00000296420,9606.ENSP00000297044,9606.ENSP00000298299,9606.ENSP00000298428,9606.ENSP00000298569,9606.ENSP00000299138,9606.ENSP00000300184,9606.ENSP00000300403,9606.ENSP00000301458,9606.ENSP00000302961,9606.ENSP00000304429,9606.ENSP00000304592,9606.ENSP00000305416,9606.ENSP00000306548,9606.ENSP00000306627,9606.ENSP00000307023,9606.ENSP00000307143,9606.ENSP00000307156,9606.ENSP00000308541,9606.ENSP00000309052,9606.ENSP00000309092,9606.ENSP00000309262,9606.ENSP00000309474,9606.ENSP00000309790,9606.ENSP00000310036,9606.ENSP00000312066,9606.ENSP00000313582,9606.ENSP00000314030,9606.ENSP00000315988,9606.ENSP00000316054,9606.ENSP00000316416,9606.ENSP00000317289,9606.ENSP00000317686,9606.ENSP00000317872,9606.ENSP00000319141,9606.ENSP00000320251,9606.ENSP00000321584,9606.ENSP00000322716,9606.ENSP00000323099,9606.ENSP00000323872,9606.ENSP00000325120,9606.ENSP00000325313,9606.ENSP00000327760,9606.ENSP00000327786,9606.ENSP00000327821,9606.ENSP00000328228,9606.ENSP00000328245,9606.ENSP00000330382,9606.ENSP00000332293,9606.ENSP00000333212,9606.ENSP00000333363,9606.ENSP00000334538,9606.ENSP00000335247,9606.ENSP00000337224,9606.ENSP00000337746,9606.ENSP00000338217,9606.ENSP00000339208,9606.ENSP00000339484,9606.ENSP00000339532,9606.ENSP00000340292,9606.ENSP00000340648,9606.ENSP00000341382,9606.ENSP00000341489,9606.ENSP00000341610,9606.ENSP00000341637,9606.ENSP00000342023,9606.ENSP00000342278,9606.ENSP00000343535,9606.ENSP00000343629,9606.ENSP00000343885,9606.ENSP00000344220,9606.ENSP00000344392,9606.ENSP00000345681,9606.ENSP00000345848,9606.ENSP00000345853,9606.ENSP00000346175,9606.ENSP00000347532,9606.ENSP00000347719,9606.ENSP00000347821,9606.ENSP00000348349,9606.ENSP00000348381,9606.ENSP00000348645,9606.ENSP00000348708,9606.ENSP00000348775,9606.ENSP00000348931,9606.ENSP00000349291,9606.ENSP00000349439,9606.ENSP00000349568,9606.ENSP00000350249,9606.ENSP00000350266,9606.ENSP00000350310,9606.ENSP00000350541,9606.ENSP00000351008,9606.ENSP00000351059,9606.ENSP00000351250,9606.ENSP00000351407,9606.ENSP00000351446,9606.ENSP00000351575,9606.ENSP00000352288,9606.ENSP00000352516,9606.ENSP00000352941,9606.ENSP00000353408,9606.ENSP00000353874,9606.ENSP00000354511,9606.ENSP00000354560,9606.ENSP00000354633,9606.ENSP00000355465,9606.ENSP00000355467,9606.ENSP00000355470,9606.ENSP00000355492,9606.ENSP00000355500,9606.ENSP00000356150,9606.ENSP00000356169,9606.ENSP00000356357,9606.ENSP00000356607,9606.ENSP00000356634,9606.ENSP00000356641,9606.ENSP00000356825,9606.ENSP00000357474,9606.ENSP00000357838,9606.ENSP00000357873,9606.ENSP00000358064,9606.ENSP00000358142,9606.ENSP00000358421,9606.ENSP00000358727,9606.ENSP00000358778,9606.ENSP00000358794,9606.ENSP00000358854,9606.ENSP00000358903,9606.ENSP00000359042,9606.ENSP00000359049,9606.ENSP00000359345,9606.ENSP00000359380,9606.ENSP00000360250,9606.ENSP00000361107,9606.ENSP00000361383,9606.ENSP00000361990,9606.ENSP00000362298,9606.ENSP00000362299,9606.ENSP00000362674,9606.ENSP00000362748,9606.ENSP00000362751,9606.ENSP00000362931,9606.ENSP00000363089,9606.ENSP00000363524,9606.ENSP00000363640,9606.ENSP00000364037,9606.ENSP00000364289,9606.ENSP00000364389,9606.ENSP00000364403,9606.ENSP00000364591,9606.ENSP00000364782,9606.ENSP00000364794,9606.ENSP00000364870,9606.ENSP00000364949,9606.ENSP00000365550,9606.ENSP00000365643,9606.ENSP00000365692,9606.ENSP00000366307,9606.ENSP00000366404,9606.ENSP00000366475,9606.ENSP00000366798,9606.ENSP00000366898,9606.ENSP00000367024,9606.ENSP00000367406,9606.ENSP00000367817,9606.ENSP00000369014,9606.ENSP00000369238,9606.ENSP00000369411,9606.ENSP00000369581,9606.ENSP00000369871,9606.ENSP00000369887,9606.ENSP00000370517,9606.ENSP00000370698,9606.ENSP00000370718,9606.ENSP00000371180,9606.ENSP00000372274,9606.ENSP00000373979,9606.ENSP00000375063,9606.ENSP00000375836,9606.ENSP00000376097,9606.ENSP00000376197,9606.ENSP00000376268,9606.ENSP00000377055,9606.ENSP00000377176,9606.ENSP00000377245,9606.ENSP00000377681,9606.ENSP00000378058,9606.ENSP00000378312,9606.ENSP00000378356,9606.ENSP00000378485,9606.ENSP00000378784,9606.ENSP00000378935,9606.ENSP00000379078,9606.ENSP00000379111,9606.ENSP00000379390,9606.ENSP00000379654,9606.ENSP00000380450,9606.ENSP00000380514,9606.ENSP00000380679,9606.ENSP00000380878,9606.ENSP00000381003,9606.ENSP00000381823,9606.ENSP00000382382,9606.ENSP00000384015,9606.ENSP00000384183,9606.ENSP00000384899,9606.ENSP00000384996,9606.ENSP00000385000,9606.ENSP00000386962,9606.ENSP00000386992,9606.ENSP00000387471,9606.ENSP00000387699,9606.ENSP00000393183,9606.ENSP00000394227,9606.ENSP00000397261,9606.ENSP00000397563,9606.ENSP00000398211,9606.ENSP00000399851,9606.ENSP00000399862,9606.ENSP00000400175,9606.ENSP00000402060,9606.ENSP00000405004,9606.ENSP00000406027,9606.ENSP00000408005,9606.ENSP00000409126,9606.ENSP00000410452,9606.ENSP00000410798,9606.ENSP00000411848,9606.ENSP00000413625,9606.ENSP00000413720,9606.ENSP00000415464,9606.ENSP00000416387,9606.ENSP00000416750,9606.ENSP00000417335,9606.ENSP00000417769,9606.ENSP00000417960,9606.ENSP00000417980,9606.ENSP00000418767,9606.ENSP00000418944,9606.ENSP00000420040,9606.ENSP00000421339,9606.ENSP00000424571,9606.ENSP00000427552,9606.ENSP00000427793,9606.ENSP00000432660,9606.ENSP00000433681,9606.ENSP00000433761,9606.ENSP00000434830,9606.ENSP00000436607,9606.ENSP00000438483,9606.ENSP00000441158,9606.ENSP00000441954,9606.ENSP00000443291,9606.ENSP00000444810,9606.ENSP00000449381,9606.ENSP00000450969,9606.ENSP00000453562,9606.ENSP00000453801,9606.ENSP00000453854,9606.ENSP00000457810,9606.ENSP00000462729,9606.ENSP00000463978,9606.ENSP00000465589,9606.ENSP00000466664,9606.ENSP00000468785,9606.ENSP00000469158,9606.ENSP00000470142,9606.ENSP00000471457,9606.ENSP00000471700,9606.ENSP00000472914,9606.ENSP00000473665,9606.ENSP00000478257,9606.ENSP00000479207,9606.ENSP00000479860,9606.ENSP00000481625,9606.ENSP00000481859,9606.ENSP00000482232,9606.ENSP00000482732,9606.ENSP00000482760,9606.ENSP00000483059,9606.ENSP00000483228,9606.ENSP00000484862,9606.ENSP00000485276,9606.ENSP00000489597,9606.ENSP00000492233,9606.ENSP00000493536,9606.ENSP00000495240,9606.ENSP00000497069,9606.ENSP00000497569,9606.ENSP00000497594,9606.ENSP00000497916,9606.ENSP00000498019,9606.ENSP00000499037	CYP51A1,KDM4B,KIF22,NDUFB4,UQCRC1,CMTM6,SF3A1,ARSA,AURKA,PSMD10,USP11,GLA,ZNF500,DECR2,MGA,EPOR,ST6GALNAC2,ACOT13,EXOC2,LNPEP,RARS1,EHHADH,TFPI,APOA1,TNFSF10,AKR1D1,ZC3H13,TNFAIP6,PLA2G12A,SNAI1,IRF1,C3,SYMPK,CDC25B,SUGP1,GNGT1,LMAN1,DOCK7,GDF15,RBSN,SMARCC1,AP3B1,KMT5C,PI4KA,IPO8,SLCO1B1,CDK4,MDM2,TMEM231,DYNC1LI2,LRPPRC,TOPBP1,DNAJC13,SLC40A1,OSBPL8,CDK17,HEXB,SCARB1,SPG11,HACD3,APH1B,FLT4,MARS1,LMF1,NUBP2,UBN1,SRCAP,CCNE1,KIF18A,BRD4,ACAD11,ARRDC3,SIL1,ANKRD7,RBM27,TNPO3,NBN,SCAP,FBXO3,ADAM2,GET4,RBM6,FBXO7,LGR5,CPSF6,FANCM,COMMD4,BCL2A1,CYP11A1,RHCG,MFGE8,IQGAP1,NDUFB10,FN3KRP,AKAP8,NUF2,POGZ,GOLPH3L,MRPS5,CENPC,OSMR,UHRF2,PPRC1,TNFSF4,UBP1,NRGN,TRIM11,CCSAP,OLA1,CA2,KLF10,AGPAT5,MRPL17,ELMO2,AMFR,RNF126,PGLYRP2,WDR24,WDFY3,IFT122,EMCN,CYTH3,ZNF22,SEC61A2,KIAA1191,VPS35,MS4A7,TPX2,CD320,HSPA4,SNX7,FASN,S1PR1,MRPL13,SLC9C1,KLF11,DONSON,LAMB2,F2,CATSPER1,GMPPB,USP48,PSMD1,MIS18BP1,CD34,SRP68,ZNF436,DNAJA2,DPY19L2,DVL3,CSH1,FAM220A,ZFP42,RBBP6,CYBRD1,NEPRO,IMPDH2,GLYR1,ATRIP,P2RY11,PGR,MAP1S,CLASP2,IZUMO1,XPOT,CDCA2,ZNF71,PDGFB,ASCL2,CYP2U1,DNAH8,SREK1,STARD10,LRAT,ISYNA1,ZNF532,DPP8,ZFAND4,THUMPD3,DLK1,HUWE1,SMC4,SYDE1,C15orf48,NCR3LG1,FBXO38,OAS2,USP7,PRRC2C,PPA2,PDPK1,CLUAP1,GATA2,ANP32B,DUSP9,SETDB2,SHTN1,TBCD,MORC4,MYO9A,ADD3,PXDNL,UPF2,ACOX3,FABP7,TBC1D9B,TXNDC11,CFAP43,POT1,DENND2D,ATP2B4,LVRN,LCA5L,CX3CR1,TRIM33,ARNT,WDR5,BDP1,PLXNB2,DNMT1,KCTD18,MSN,TLR9,COMT,KIFAP3,TAF11,AHCTF1,SCCPDH,CNST,CATSPERE,CEP170,MDM4,ETNK2,LHX9,RALGPS2,PAPPA2,COP1,ADCY10,CEP85L,OAT,ACADSB,RPRD2,SV2A,HSD3B1,GSTO1,LRIF1,SLC16A4,TAF5,CYP17A1,PRPF38B,HENMT1,RPL5,SCD,ENTPD1,BMPR1A,AIF1L,UBR2,SGPL1,ENG,HDAC8,TET1,RABGAP1,SRPK1,TLR4,KIF4A,PHF1,TEX10,NCBP1,CDC14B,UBR4,TSPYL2,NEU1,IARS1,HSPB7,DDAH2,GKAP1,DOCK9,PIM2,THBD,TRIM27,ATG2A,HMGN4,HIF3A,NAA40,TAF2,PODXL,NDNF,ADAM32,RFC3,IFNB1,HAUS6,SLTM,PFKP,IL6ST,ASMTL,CATSPER2,FBXO25,TRAPPC9,NLRP5,HDLBP,URI1,TFRC,SEC14L1,PRCP,SPATA7,KEAP1,G3BP1,EFEMP1,EFCAB5,KIF20A,MATK,PHF20L1,PPHLN1,EHMT2,IL4R,HERPUD2,MARF1,NOXO1,HAGH,CCDC40,PPP3CC,TTC28,SEC24A,USP47,SUN1,CASTOR1,GATAD2A,TBC1D10A,KIF2A,CATSPERG,IPO11,CIAO2B,CREB1,DCAF1,CSF2RA,SELENBP1,TENT2,TTC21A,POLG,CNOT10,RHOA,PVR,ACVR1,EPM2AIP1,SLC9A3R2,ANO6,STMN1,FCGRT,MARCHF8,FNBP1,CDKN1C,LARP4,FBLIM1,STK33,ROBO2,IQUB,CCDC39,EHMT1,TREML2,PEG10,KCNIP2,SLCO6A1,FBN2,DDR1,WWP1,CFL1,NCAPD3,MS4A14,NRK,ADM,KPNA2,CLTCL1,SMAD5,FAR2,FKBP5,MAPKAPK5,ZBTB33,BCL2L10,WDR61,SECISBP2L,CENPT,OTUD7B,SLC16A3,ACSBG2,SLC44A2,MBD1,SPHK2,UPF1,MYO9B,FKBP8,SUGP2,SBNO1,CCNI2,GALNTL5,CIB1,SLC6A6,PAN2,CGA,PTPN9,PCSK6,NR2C2,PPP4R3B,ADAM29,SCARF2,PTPN11,PIGN,SAMHD1,CHD8,IGF1R,DARS2,UBE3A,NDN,RPS17,CBLB	5.328827157284917	aquatic_slow_enrichment	False	False	False
TISSUES	BTO:0003091	Urogenital system	469	7090	0.09	0.55	4.69e-06	9606.ENSP00000003100,9606.ENSP00000159111,9606.ENSP00000160827,9606.ENSP00000184266,9606.ENSP00000199936,9606.ENSP00000203407,9606.ENSP00000205636,9606.ENSP00000215793,9606.ENSP00000216124,9606.ENSP00000216911,9606.ENSP00000217958,9606.ENSP00000218348,9606.ENSP00000218516,9606.ENSP00000219478,9606.ENSP00000219481,9606.ENSP00000219905,9606.ENSP00000222139,9606.ENSP00000225276,9606.ENSP00000230048,9606.ENSP00000230449,9606.ENSP00000231368,9606.ENSP00000231572,9606.ENSP00000231887,9606.ENSP00000233156,9606.ENSP00000236850,9606.ENSP00000241261,9606.ENSP00000242375,9606.ENSP00000242848,9606.ENSP00000243347,9606.ENSP00000243501,9606.ENSP00000244050,9606.ENSP00000244527,9606.ENSP00000245414,9606.ENSP00000245907,9606.ENSP00000245934,9606.ENSP00000245960,9606.ENSP00000247001,9606.ENSP00000248572,9606.ENSP00000251047,9606.ENSP00000251157,9606.ENSP00000252809,9606.ENSP00000253699,9606.ENSP00000253778,9606.ENSP00000254480,9606.ENSP00000255194,9606.ENSP00000255613,9606.ENSP00000255882,9606.ENSP00000256079,9606.ENSP00000256958,9606.ENSP00000257904,9606.ENSP00000258149,9606.ENSP00000258173,9606.ENSP00000258198,9606.ENSP00000260665,9606.ENSP00000260810,9606.ENSP00000260818,9606.ENSP00000261024,9606.ENSP00000261183,9606.ENSP00000261211,9606.ENSP00000261416,9606.ENSP00000261693,9606.ENSP00000261866,9606.ENSP00000261875,9606.ENSP00000261879,9606.ENSP00000261937,9606.ENSP00000262027,9606.ENSP00000262301,9606.ENSP00000262302,9606.ENSP00000262376,9606.ENSP00000262457,9606.ENSP00000262518,9606.ENSP00000262643,9606.ENSP00000263181,9606.ENSP00000263377,9606.ENSP00000264990,9606.ENSP00000265138,9606.ENSP00000265195,9606.ENSP00000265224,9606.ENSP00000265271,9606.ENSP00000265388,9606.ENSP00000265433,9606.ENSP00000265565,9606.ENSP00000265651,9606.ENSP00000265708,9606.ENSP00000265857,9606.ENSP00000266022,9606.ENSP00000266087,9606.ENSP00000266674,9606.ENSP00000266679,9606.ENSP00000267430,9606.ENSP00000267814,9606.ENSP00000267935,9606.ENSP00000267953,9606.ENSP00000268053,9606.ENSP00000268122,9606.ENSP00000268150,9606.ENSP00000268182,9606.ENSP00000268668,9606.ENSP00000269373,9606.ENSP00000269701,9606.ENSP00000271452,9606.ENSP00000271715,9606.ENSP00000271732,9606.ENSP00000272418,9606.ENSP00000273853,9606.ENSP00000274276,9606.ENSP00000276893,9606.ENSP00000278070,9606.ENSP00000279058,9606.ENSP00000281523,9606.ENSP00000281834,9606.ENSP00000283254,9606.ENSP00000283629,9606.ENSP00000284292,9606.ENSP00000284551,9606.ENSP00000284617,9606.ENSP00000284719,9606.ENSP00000285379,9606.ENSP00000285407,9606.ENSP00000285518,9606.ENSP00000288937,9606.ENSP00000290246,9606.ENSP00000290649,9606.ENSP00000292363,9606.ENSP00000292609,9606.ENSP00000293883,9606.ENSP00000295888,9606.ENSP00000296266,9606.ENSP00000296420,9606.ENSP00000297044,9606.ENSP00000298292,9606.ENSP00000298299,9606.ENSP00000298428,9606.ENSP00000298569,9606.ENSP00000299138,9606.ENSP00000299155,9606.ENSP00000300184,9606.ENSP00000300403,9606.ENSP00000300784,9606.ENSP00000301458,9606.ENSP00000302621,9606.ENSP00000302961,9606.ENSP00000304429,9606.ENSP00000304592,9606.ENSP00000305416,9606.ENSP00000306548,9606.ENSP00000306627,9606.ENSP00000307023,9606.ENSP00000307143,9606.ENSP00000307156,9606.ENSP00000308541,9606.ENSP00000309052,9606.ENSP00000309092,9606.ENSP00000309262,9606.ENSP00000309474,9606.ENSP00000309790,9606.ENSP00000310036,9606.ENSP00000312066,9606.ENSP00000313582,9606.ENSP00000314030,9606.ENSP00000315988,9606.ENSP00000316054,9606.ENSP00000316416,9606.ENSP00000317289,9606.ENSP00000317686,9606.ENSP00000317872,9606.ENSP00000319141,9606.ENSP00000320251,9606.ENSP00000321584,9606.ENSP00000322716,9606.ENSP00000323099,9606.ENSP00000323872,9606.ENSP00000324127,9606.ENSP00000325120,9606.ENSP00000325313,9606.ENSP00000327760,9606.ENSP00000327786,9606.ENSP00000327821,9606.ENSP00000328228,9606.ENSP00000328245,9606.ENSP00000330382,9606.ENSP00000332049,9606.ENSP00000332293,9606.ENSP00000333212,9606.ENSP00000333363,9606.ENSP00000334538,9606.ENSP00000335247,9606.ENSP00000335281,9606.ENSP00000337224,9606.ENSP00000337746,9606.ENSP00000338217,9606.ENSP00000339208,9606.ENSP00000339484,9606.ENSP00000339532,9606.ENSP00000340292,9606.ENSP00000340648,9606.ENSP00000341382,9606.ENSP00000341489,9606.ENSP00000341610,9606.ENSP00000341637,9606.ENSP00000342023,9606.ENSP00000342278,9606.ENSP00000343535,9606.ENSP00000343629,9606.ENSP00000343657,9606.ENSP00000343885,9606.ENSP00000344220,9606.ENSP00000344392,9606.ENSP00000345681,9606.ENSP00000345848,9606.ENSP00000345853,9606.ENSP00000346175,9606.ENSP00000347532,9606.ENSP00000347719,9606.ENSP00000347821,9606.ENSP00000347852,9606.ENSP00000348349,9606.ENSP00000348381,9606.ENSP00000348645,9606.ENSP00000348708,9606.ENSP00000348775,9606.ENSP00000348931,9606.ENSP00000349291,9606.ENSP00000349439,9606.ENSP00000349568,9606.ENSP00000349877,9606.ENSP00000350249,9606.ENSP00000350266,9606.ENSP00000350310,9606.ENSP00000350541,9606.ENSP00000351008,9606.ENSP00000351059,9606.ENSP00000351250,9606.ENSP00000351407,9606.ENSP00000351446,9606.ENSP00000351575,9606.ENSP00000351619,9606.ENSP00000352288,9606.ENSP00000352516,9606.ENSP00000352941,9606.ENSP00000353408,9606.ENSP00000353874,9606.ENSP00000354003,9606.ENSP00000354314,9606.ENSP00000354511,9606.ENSP00000354560,9606.ENSP00000354633,9606.ENSP00000355465,9606.ENSP00000355467,9606.ENSP00000355470,9606.ENSP00000355492,9606.ENSP00000355500,9606.ENSP00000355927,9606.ENSP00000356150,9606.ENSP00000356169,9606.ENSP00000356357,9606.ENSP00000356607,9606.ENSP00000356634,9606.ENSP00000356641,9606.ENSP00000356713,9606.ENSP00000356825,9606.ENSP00000356864,9606.ENSP00000357470,9606.ENSP00000357474,9606.ENSP00000357838,9606.ENSP00000357873,9606.ENSP00000358064,9606.ENSP00000358120,9606.ENSP00000358142,9606.ENSP00000358421,9606.ENSP00000358548,9606.ENSP00000358727,9606.ENSP00000358778,9606.ENSP00000358794,9606.ENSP00000358854,9606.ENSP00000358903,9606.ENSP00000359042,9606.ENSP00000359049,9606.ENSP00000359345,9606.ENSP00000359380,9606.ENSP00000359976,9606.ENSP00000360162,9606.ENSP00000360250,9606.ENSP00000361107,9606.ENSP00000361383,9606.ENSP00000361666,9606.ENSP00000361990,9606.ENSP00000362058,9606.ENSP00000362298,9606.ENSP00000362299,9606.ENSP00000362674,9606.ENSP00000362748,9606.ENSP00000362751,9606.ENSP00000362931,9606.ENSP00000363089,9606.ENSP00000363524,9606.ENSP00000363640,9606.ENSP00000364037,9606.ENSP00000364289,9606.ENSP00000364389,9606.ENSP00000364403,9606.ENSP00000364591,9606.ENSP00000364737,9606.ENSP00000364782,9606.ENSP00000364794,9606.ENSP00000364870,9606.ENSP00000364949,9606.ENSP00000365550,9606.ENSP00000365643,9606.ENSP00000365692,9606.ENSP00000366307,9606.ENSP00000366404,9606.ENSP00000366475,9606.ENSP00000366798,9606.ENSP00000366898,9606.ENSP00000367024,9606.ENSP00000367406,9606.ENSP00000367817,9606.ENSP00000369014,9606.ENSP00000369238,9606.ENSP00000369411,9606.ENSP00000369442,9606.ENSP00000369581,9606.ENSP00000369871,9606.ENSP00000369887,9606.ENSP00000370517,9606.ENSP00000370698,9606.ENSP00000370718,9606.ENSP00000371180,9606.ENSP00000372274,9606.ENSP00000373979,9606.ENSP00000375063,9606.ENSP00000375836,9606.ENSP00000376097,9606.ENSP00000376197,9606.ENSP00000376268,9606.ENSP00000376992,9606.ENSP00000377055,9606.ENSP00000377176,9606.ENSP00000377245,9606.ENSP00000377681,9606.ENSP00000377801,9606.ENSP00000378058,9606.ENSP00000378312,9606.ENSP00000378356,9606.ENSP00000378426,9606.ENSP00000378485,9606.ENSP00000378784,9606.ENSP00000378920,9606.ENSP00000378935,9606.ENSP00000379078,9606.ENSP00000379111,9606.ENSP00000379390,9606.ENSP00000379654,9606.ENSP00000380450,9606.ENSP00000380514,9606.ENSP00000380679,9606.ENSP00000380759,9606.ENSP00000380878,9606.ENSP00000381003,9606.ENSP00000381823,9606.ENSP00000382382,9606.ENSP00000384015,9606.ENSP00000384183,9606.ENSP00000384899,9606.ENSP00000384996,9606.ENSP00000385000,9606.ENSP00000386962,9606.ENSP00000386992,9606.ENSP00000387471,9606.ENSP00000387699,9606.ENSP00000390423,9606.ENSP00000393183,9606.ENSP00000393557,9606.ENSP00000394227,9606.ENSP00000397261,9606.ENSP00000397563,9606.ENSP00000398211,9606.ENSP00000399851,9606.ENSP00000399862,9606.ENSP00000400175,9606.ENSP00000402060,9606.ENSP00000403077,9606.ENSP00000405004,9606.ENSP00000406027,9606.ENSP00000406549,9606.ENSP00000408005,9606.ENSP00000409126,9606.ENSP00000410216,9606.ENSP00000410452,9606.ENSP00000410798,9606.ENSP00000411848,9606.ENSP00000413625,9606.ENSP00000413720,9606.ENSP00000414150,9606.ENSP00000415464,9606.ENSP00000416387,9606.ENSP00000416750,9606.ENSP00000417335,9606.ENSP00000417769,9606.ENSP00000417960,9606.ENSP00000417980,9606.ENSP00000418767,9606.ENSP00000418944,9606.ENSP00000420040,9606.ENSP00000421339,9606.ENSP00000424571,9606.ENSP00000424737,9606.ENSP00000427552,9606.ENSP00000427793,9606.ENSP00000432660,9606.ENSP00000433681,9606.ENSP00000433761,9606.ENSP00000434830,9606.ENSP00000436607,9606.ENSP00000438483,9606.ENSP00000441158,9606.ENSP00000441954,9606.ENSP00000443291,9606.ENSP00000444810,9606.ENSP00000449381,9606.ENSP00000450969,9606.ENSP00000451406,9606.ENSP00000453562,9606.ENSP00000453801,9606.ENSP00000453854,9606.ENSP00000457810,9606.ENSP00000462729,9606.ENSP00000463978,9606.ENSP00000465589,9606.ENSP00000466542,9606.ENSP00000466664,9606.ENSP00000468086,9606.ENSP00000468785,9606.ENSP00000469158,9606.ENSP00000470142,9606.ENSP00000471457,9606.ENSP00000471700,9606.ENSP00000471896,9606.ENSP00000472914,9606.ENSP00000473665,9606.ENSP00000478257,9606.ENSP00000478458,9606.ENSP00000478699,9606.ENSP00000479207,9606.ENSP00000479860,9606.ENSP00000481625,9606.ENSP00000481859,9606.ENSP00000482232,9606.ENSP00000482732,9606.ENSP00000482760,9606.ENSP00000483059,9606.ENSP00000483228,9606.ENSP00000483946,9606.ENSP00000484862,9606.ENSP00000485276,9606.ENSP00000486725,9606.ENSP00000489597,9606.ENSP00000492233,9606.ENSP00000493536,9606.ENSP00000495240,9606.ENSP00000496396,9606.ENSP00000496870,9606.ENSP00000497069,9606.ENSP00000497569,9606.ENSP00000497594,9606.ENSP00000497916,9606.ENSP00000498019,9606.ENSP00000499037	CYP51A1,KDM4B,KIF22,NDUFB4,HSD17B2,UQCRC1,CMTM6,SF3A1,ARSA,AURKA,PSMD10,USP11,GLA,ZNF500,DECR2,MGA,EPOR,ST6GALNAC2,ACOT13,EXOC2,LNPEP,RARS1,EHHADH,TFPI,APOA1,TNFSF10,AKR1D1,ZC3H13,TNFAIP6,PLA2G12A,SNAI1,SLC17A1,IRF1,C3,SYMPK,CDC25B,SUGP1,GNGT1,LMAN1,DOCK7,GDF15,RBSN,GFPT2,SMARCC1,AP3B1,KMT5C,PI4KA,IPO8,SLCO1B1,CDK4,MDM2,TMEM231,DYNC1LI2,LRPPRC,TOPBP1,DNAJC13,SLC40A1,OSBPL8,CDK17,HEXB,SCARB1,SPG11,HACD3,APH1B,FLT4,MARS1,LMF1,NUBP2,UBN1,INVS,SRCAP,CCNE1,KIF18A,BRD4,ACAD11,ARRDC3,SIL1,ANKRD7,RBM27,TNPO3,NBN,SCAP,FBXO3,ADAM2,GET4,RBM6,FBXO7,LGR5,CPSF6,FANCM,SORD,COMMD4,BCL2A1,CYP11A1,RHCG,MFGE8,IQGAP1,NDUFB10,FN3KRP,AKAP8,NUF2,POGZ,GOLPH3L,MRPS5,CENPC,OSMR,UHRF2,PPRC1,SPINT4,ZNF385D,TNFSF4,SCN3A,UBP1,NRGN,TRIM11,CCSAP,OLA1,CA2,KLF10,AGPAT5,MRPL17,ELMO2,AMFR,RNF126,PGLYRP2,WDR24,WDFY3,IFT122,EMCN,CYTH3,DNAAF2,ZNF22,SEC61A2,KIAA1191,VPS35,AMN,MS4A7,TPX2,FN3K,CD320,LRG1,HSPA4,SNX7,FASN,S1PR1,MRPL13,SLC9C1,KLF11,DONSON,LAMB2,F2,CATSPER1,GMPPB,USP48,PSMD1,MIS18BP1,CD34,SRP68,ZNF436,DNAJA2,DPY19L2,DVL3,CSH1,FAM220A,ZFP42,RBBP6,CYBRD1,NEPRO,IMPDH2,GLYR1,ATRIP,P2RY11,PSD3,PGR,MAP1S,CLASP2,IZUMO1,XPOT,CDCA2,ZNF71,PDGFB,CD86,ASCL2,CYP2U1,DNAH8,SREK1,STARD10,DEFB105B,LRAT,ISYNA1,ZNF532,DPP8,ZFAND4,THUMPD3,DLK1,HUWE1,SMC4,SYDE1,C15orf48,NCR3LG1,FBXO38,OAS2,USP7,PRRC2C,MCCC2,PPA2,PDPK1,CLUAP1,GATA2,ANP32B,DUSP9,SETDB2,SHTN1,TBCD,MORC4,SORBS2,MYO9A,ADD3,PXDNL,UPF2,ACOX3,FABP7,TBC1D9B,TXNDC11,CFAP43,ATP13A1,POT1,DENND2D,ATP2B4,LVRN,LCA5L,CX3CR1,TRIM33,ARNT,WDR5,BDP1,PBLD,PLXNB2,DNMT1,KCTD18,MSN,TLR9,GYPA,HAO2,COMT,KIFAP3,TAF11,AHCTF1,SCCPDH,CNST,CATSPERE,CEP170,RPS6KC1,MDM4,ETNK2,LHX9,RALGPS2,PAPPA2,COP1,IFNGR1,ADCY10,MGST3,IL6R,CEP85L,OAT,ACADSB,RPRD2,PLEKHO1,SV2A,HSD3B1,NRAS,GSTO1,LRIF1,SLC16A4,TAF5,CYP17A1,PRPF38B,HENMT1,RPL5,SCD,CTH,SMARCA1,ENTPD1,BMPR1A,AIF1L,SLC22A7,UBR2,NDUFS5,SGPL1,ENG,HDAC8,TET1,RABGAP1,SRPK1,TLR4,KIF4A,PHF1,TEX10,NCBP1,CDC14B,UBR4,TSPYL2,CENPP,NEU1,IARS1,HSPB7,DDAH2,GKAP1,DOCK9,PIM2,THBD,TRIM27,ATG2A,HMGN4,HIF3A,NAA40,TAF2,PODXL,NDNF,ADAM32,RFC3,KL,IFNB1,HAUS6,SLTM,PFKP,IL6ST,ASMTL,CATSPER2,FBXO25,TRAPPC9,NLRP5,HDLBP,URI1,TFRC,SEC14L1,BCL2L15,PRCP,SPATA7,KEAP1,G3BP1,RCCD1,EFEMP1,EFCAB5,KIF20A,VKORC1,MATK,PHF20L1,SLC26A6,PPHLN1,EHMT2,IL4R,HERPUD2,MARF1,NOXO1,HAGH,CCDC40,PRMT2,PPP3CC,TTC28,SEC24A,USP47,SUN1,CASTOR1,GATAD2A,TBC1D10A,KIF2A,CATSPERG,IPO11,CIAO2B,CREB1,CATSPER4,DCAF1,SLC4A4,CSF2RA,SELENBP1,TENT2,TTC21A,POLG,CNOT10,RHOA,PVR,VKORC1L1,ACVR1,EPM2AIP1,TAF1,SLC9A3R2,ANO6,POC5,STMN1,FCGRT,MARCHF8,FNBP1,CDKN1C,ERG,LARP4,FBLIM1,STK33,ROBO2,IQUB,CCDC39,EHMT1,TREML2,PEG10,KCNIP2,SLCO6A1,FBN2,ZGRF1,DDR1,WWP1,CFL1,NCAPD3,MS4A14,NRK,ADM,KPNA2,CLTCL1,SMAD5,FAR2,FKBP5,MAPKAPK5,ZBTB33,HSD17B6,BCL2L10,WDR61,SECISBP2L,CENPT,OTUD7B,SLC16A3,ACSBG2,TLE2,SLC44A2,MC5R,MBD1,SPHK2,UPF1,MYO9B,FKBP8,IRF3,SUGP2,SBNO1,CCNI2,PLCL2,TNFRSF9,GALNTL5,CIB1,SLC6A6,PAN2,CGA,PTPN9,PCSK6,NR2C2,PPP4R3B,PHF19,ADAM29,SCARF2,PPIL2,PTPN11,PIGN,SAMHD1,CHD8,AVPR2,LRP2,IGF1R,DARS2,UBE3A,NDN,RPS17,CBLB	5.328827157284917	aquatic_slow_enrichment	False	False	False
TISSUES	BTO:0001489	Whole body	779	13099	0.05	0.49	1.99e-05	9606.ENSP00000003100,9606.ENSP00000078445,9606.ENSP00000159111,9606.ENSP00000160827,9606.ENSP00000184266,9606.ENSP00000199936,9606.ENSP00000203407,9606.ENSP00000203556,9606.ENSP00000205636,9606.ENSP00000209668,9606.ENSP00000209884,9606.ENSP00000215793,9606.ENSP00000215829,9606.ENSP00000216124,9606.ENSP00000216133,9606.ENSP00000216259,9606.ENSP00000216271,9606.ENSP00000216500,9606.ENSP00000216911,9606.ENSP00000217958,9606.ENSP00000218099,9606.ENSP00000218348,9606.ENSP00000218516,9606.ENSP00000219069,9606.ENSP00000219478,9606.ENSP00000219481,9606.ENSP00000219596,9606.ENSP00000219905,9606.ENSP00000220764,9606.ENSP00000221730,9606.ENSP00000222122,9606.ENSP00000222139,9606.ENSP00000222248,9606.ENSP00000225276,9606.ENSP00000226355,9606.ENSP00000226444,9606.ENSP00000227667,9606.ENSP00000228825,9606.ENSP00000229135,9606.ENSP00000230048,9606.ENSP00000230449,9606.ENSP00000231368,9606.ENSP00000231572,9606.ENSP00000231887,9606.ENSP00000232461,9606.ENSP00000233099,9606.ENSP00000233156,9606.ENSP00000233710,9606.ENSP00000234371,9606.ENSP00000236850,9606.ENSP00000239882,9606.ENSP00000240328,9606.ENSP00000241125,9606.ENSP00000241256,9606.ENSP00000241261,9606.ENSP00000242375,9606.ENSP00000242465,9606.ENSP00000242848,9606.ENSP00000243347,9606.ENSP00000243501,9606.ENSP00000244050,9606.ENSP00000244527,9606.ENSP00000244709,9606.ENSP00000245414,9606.ENSP00000245907,9606.ENSP00000245934,9606.ENSP00000245960,9606.ENSP00000247001,9606.ENSP00000247706,9606.ENSP00000248244,9606.ENSP00000248572,9606.ENSP00000249356,9606.ENSP00000250535,9606.ENSP00000251047,9606.ENSP00000251157,9606.ENSP00000251250,9606.ENSP00000252542,9606.ENSP00000252575,9606.ENSP00000252809,9606.ENSP00000253669,9606.ENSP00000253699,9606.ENSP00000253778,9606.ENSP00000253796,9606.ENSP00000253928,9606.ENSP00000254480,9606.ENSP00000254661,9606.ENSP00000255194,9606.ENSP00000255613,9606.ENSP00000255882,9606.ENSP00000256079,9606.ENSP00000256958,9606.ENSP00000257177,9606.ENSP00000257663,9606.ENSP00000257860,9606.ENSP00000257904,9606.ENSP00000258149,9606.ENSP00000258173,9606.ENSP00000258198,9606.ENSP00000260665,9606.ENSP00000260810,9606.ENSP00000260818,9606.ENSP00000261024,9606.ENSP00000261183,9606.ENSP00000261211,9606.ENSP00000261416,9606.ENSP00000261483,9606.ENSP00000261609,9606.ENSP00000261693,9606.ENSP00000261866,9606.ENSP00000261875,9606.ENSP00000261879,9606.ENSP00000261937,9606.ENSP00000262027,9606.ENSP00000262041,9606.ENSP00000262301,9606.ENSP00000262302,9606.ENSP00000262320,9606.ENSP00000262376,9606.ENSP00000262407,9606.ENSP00000262457,9606.ENSP00000262518,9606.ENSP00000262643,9606.ENSP00000262809,9606.ENSP00000262811,9606.ENSP00000263038,9606.ENSP00000263181,9606.ENSP00000263233,9606.ENSP00000263377,9606.ENSP00000264246,9606.ENSP00000264515,9606.ENSP00000264917,9606.ENSP00000264990,9606.ENSP00000265138,9606.ENSP00000265195,9606.ENSP00000265224,9606.ENSP00000265271,9606.ENSP00000265388,9606.ENSP00000265433,9606.ENSP00000265565,9606.ENSP00000265651,9606.ENSP00000265708,9606.ENSP00000265857,9606.ENSP00000266022,9606.ENSP00000266037,9606.ENSP00000266087,9606.ENSP00000266674,9606.ENSP00000266679,9606.ENSP00000266682,9606.ENSP00000266735,9606.ENSP00000267430,9606.ENSP00000267622,9606.ENSP00000267814,9606.ENSP00000267935,9606.ENSP00000267953,9606.ENSP00000268053,9606.ENSP00000268122,9606.ENSP00000268150,9606.ENSP00000268182,9606.ENSP00000268668,9606.ENSP00000269373,9606.ENSP00000269394,9606.ENSP00000269701,9606.ENSP00000270645,9606.ENSP00000271452,9606.ENSP00000271715,9606.ENSP00000271732,9606.ENSP00000272418,9606.ENSP00000273853,9606.ENSP00000274276,9606.ENSP00000274382,9606.ENSP00000274721,9606.ENSP00000276893,9606.ENSP00000278070,9606.ENSP00000279058,9606.ENSP00000281523,9606.ENSP00000281834,9606.ENSP00000282588,9606.ENSP00000283254,9606.ENSP00000283629,9606.ENSP00000284292,9606.ENSP00000284425,9606.ENSP00000284551,9606.ENSP00000284601,9606.ENSP00000284617,9606.ENSP00000284719,9606.ENSP00000285379,9606.ENSP00000285407,9606.ENSP00000285518,9606.ENSP00000285968,9606.ENSP00000286758,9606.ENSP00000287647,9606.ENSP00000288266,9606.ENSP00000288937,9606.ENSP00000290246,9606.ENSP00000290649,9606.ENSP00000291495,9606.ENSP00000292363,9606.ENSP00000292432,9606.ENSP00000292609,9606.ENSP00000293879,9606.ENSP00000293883,9606.ENSP00000294016,9606.ENSP00000294413,9606.ENSP00000294724,9606.ENSP00000295488,9606.ENSP00000295756,9606.ENSP00000295888,9606.ENSP00000296266,9606.ENSP00000296420,9606.ENSP00000297044,9606.ENSP00000298292,9606.ENSP00000298299,9606.ENSP00000298428,9606.ENSP00000298556,9606.ENSP00000298569,9606.ENSP00000298910,9606.ENSP00000299138,9606.ENSP00000299155,9606.ENSP00000300184,9606.ENSP00000300403,9606.ENSP00000300784,9606.ENSP00000301050,9606.ENSP00000301458,9606.ENSP00000301466,9606.ENSP00000301645,9606.ENSP00000301825,9606.ENSP00000301921,9606.ENSP00000302297,9606.ENSP00000302413,9606.ENSP00000302621,9606.ENSP00000302961,9606.ENSP00000303246,9606.ENSP00000303427,9606.ENSP00000304429,9606.ENSP00000304586,9606.ENSP00000304592,9606.ENSP00000304713,9606.ENSP00000304915,9606.ENSP00000305416,9606.ENSP00000305839,9606.ENSP00000306015,9606.ENSP00000306220,9606.ENSP00000306548,9606.ENSP00000306627,9606.ENSP00000306997,9606.ENSP00000307023,9606.ENSP00000307143,9606.ENSP00000307156,9606.ENSP00000308024,9606.ENSP00000308541,9606.ENSP00000309052,9606.ENSP00000309092,9606.ENSP00000309096,9606.ENSP00000309262,9606.ENSP00000309474,9606.ENSP00000309597,9606.ENSP00000309790,9606.ENSP00000310036,9606.ENSP00000310721,9606.ENSP00000310842,9606.ENSP00000311648,9606.ENSP00000312066,9606.ENSP00000312293,9606.ENSP00000313050,9606.ENSP00000313454,9606.ENSP00000313582,9606.ENSP00000313851,9606.ENSP00000314030,9606.ENSP00000314036,9606.ENSP00000315371,9606.ENSP00000315379,9606.ENSP00000315713,9606.ENSP00000315988,9606.ENSP00000316054,9606.ENSP00000316416,9606.ENSP00000317272,9606.ENSP00000317289,9606.ENSP00000317686,9606.ENSP00000317872,9606.ENSP00000319141,9606.ENSP00000320251,9606.ENSP00000320885,9606.ENSP00000321326,9606.ENSP00000321345,9606.ENSP00000321573,9606.ENSP00000321584,9606.ENSP00000322323,9606.ENSP00000322716,9606.ENSP00000322845,9606.ENSP00000323099,9606.ENSP00000323280,9606.ENSP00000323588,9606.ENSP00000323872,9606.ENSP00000324127,9606.ENSP00000324343,9606.ENSP00000324510,9606.ENSP00000325120,9606.ENSP00000325313,9606.ENSP00000325785,9606.ENSP00000326550,9606.ENSP00000326563,9606.ENSP00000326570,9606.ENSP00000326604,9606.ENSP00000327760,9606.ENSP00000327786,9606.ENSP00000327821,9606.ENSP00000327890,9606.ENSP00000328228,9606.ENSP00000328245,9606.ENSP00000329200,9606.ENSP00000330200,9606.ENSP00000330382,9606.ENSP00000330393,9606.ENSP00000331302,9606.ENSP00000331462,9606.ENSP00000332049,9606.ENSP00000332293,9606.ENSP00000333212,9606.ENSP00000333223,9606.ENSP00000333363,9606.ENSP00000334448,9606.ENSP00000334538,9606.ENSP00000335247,9606.ENSP00000335281,9606.ENSP00000337014,9606.ENSP00000337146,9606.ENSP00000337224,9606.ENSP00000337746,9606.ENSP00000338185,9606.ENSP00000338217,9606.ENSP00000339208,9606.ENSP00000339484,9606.ENSP00000339532,9606.ENSP00000339577,9606.ENSP00000339720,9606.ENSP00000339804,9606.ENSP00000340292,9606.ENSP00000340648,9606.ENSP00000340896,9606.ENSP00000341382,9606.ENSP00000341489,9606.ENSP00000341610,9606.ENSP00000341637,9606.ENSP00000342023,9606.ENSP00000342278,9606.ENSP00000342840,9606.ENSP00000342850,9606.ENSP00000343172,9606.ENSP00000343535,9606.ENSP00000343629,9606.ENSP00000343657,9606.ENSP00000343746,9606.ENSP00000343885,9606.ENSP00000343957,9606.ENSP00000344220,9606.ENSP00000344392,9606.ENSP00000344458,9606.ENSP00000344937,9606.ENSP00000345681,9606.ENSP00000345848,9606.ENSP00000345853,9606.ENSP00000346175,9606.ENSP00000346603,9606.ENSP00000347532,9606.ENSP00000347719,9606.ENSP00000347821,9606.ENSP00000347852,9606.ENSP00000348349,9606.ENSP00000348381,9606.ENSP00000348527,9606.ENSP00000348573,9606.ENSP00000348645,9606.ENSP00000348708,9606.ENSP00000348775,9606.ENSP00000348931,9606.ENSP00000349204,9606.ENSP00000349291,9606.ENSP00000349439,9606.ENSP00000349568,9606.ENSP00000349877,9606.ENSP00000349967,9606.ENSP00000350249,9606.ENSP00000350266,9606.ENSP00000350310,9606.ENSP00000350386,9606.ENSP00000350541,9606.ENSP00000351008,9606.ENSP00000351059,9606.ENSP00000351075,9606.ENSP00000351250,9606.ENSP00000351407,9606.ENSP00000351446,9606.ENSP00000351575,9606.ENSP00000351619,9606.ENSP00000352288,9606.ENSP00000352516,9606.ENSP00000352544,9606.ENSP00000352941,9606.ENSP00000353408,9606.ENSP00000353538,9606.ENSP00000353874,9606.ENSP00000354003,9606.ENSP00000354152,9606.ENSP00000354314,9606.ENSP00000354511,9606.ENSP00000354560,9606.ENSP00000354607,9606.ENSP00000354633,9606.ENSP00000354878,9606.ENSP00000355237,9606.ENSP00000355385,9606.ENSP00000355465,9606.ENSP00000355467,9606.ENSP00000355470,9606.ENSP00000355492,9606.ENSP00000355500,9606.ENSP00000355631,9606.ENSP00000355632,9606.ENSP00000355652,9606.ENSP00000355927,9606.ENSP00000355929,9606.ENSP00000356024,9606.ENSP00000356104,9606.ENSP00000356150,9606.ENSP00000356169,9606.ENSP00000356357,9606.ENSP00000356448,9606.ENSP00000356579,9606.ENSP00000356607,9606.ENSP00000356634,9606.ENSP00000356641,9606.ENSP00000356671,9606.ENSP00000356713,9606.ENSP00000356723,9606.ENSP00000356825,9606.ENSP00000356840,9606.ENSP00000356864,9606.ENSP00000357012,9606.ENSP00000357022,9606.ENSP00000357036,9606.ENSP00000357288,9606.ENSP00000357470,9606.ENSP00000357474,9606.ENSP00000357838,9606.ENSP00000357873,9606.ENSP00000358060,9606.ENSP00000358064,9606.ENSP00000358120,9606.ENSP00000358142,9606.ENSP00000358421,9606.ENSP00000358490,9606.ENSP00000358501,9606.ENSP00000358548,9606.ENSP00000358727,9606.ENSP00000358778,9606.ENSP00000358794,9606.ENSP00000358854,9606.ENSP00000358903,9606.ENSP00000358925,9606.ENSP00000359042,9606.ENSP00000359049,9606.ENSP00000359345,9606.ENSP00000359380,9606.ENSP00000359557,9606.ENSP00000359976,9606.ENSP00000360020,9606.ENSP00000360162,9606.ENSP00000360250,9606.ENSP00000361107,9606.ENSP00000361383,9606.ENSP00000361666,9606.ENSP00000361990,9606.ENSP00000362058,9606.ENSP00000362171,9606.ENSP00000362298,9606.ENSP00000362299,9606.ENSP00000362441,9606.ENSP00000362674,9606.ENSP00000362748,9606.ENSP00000362751,9606.ENSP00000362763,9606.ENSP00000362795,9606.ENSP00000362931,9606.ENSP00000363089,9606.ENSP00000363524,9606.ENSP00000363591,9606.ENSP00000363640,9606.ENSP00000363773,9606.ENSP00000363891,9606.ENSP00000364037,9606.ENSP00000364289,9606.ENSP00000364389,9606.ENSP00000364403,9606.ENSP00000364591,9606.ENSP00000364737,9606.ENSP00000364782,9606.ENSP00000364794,9606.ENSP00000364870,9606.ENSP00000364949,9606.ENSP00000365441,9606.ENSP00000365505,9606.ENSP00000365550,9606.ENSP00000365643,9606.ENSP00000365692,9606.ENSP00000365858,9606.ENSP00000366307,9606.ENSP00000366404,9606.ENSP00000366475,9606.ENSP00000366798,9606.ENSP00000366898,9606.ENSP00000367024,9606.ENSP00000367173,9606.ENSP00000367406,9606.ENSP00000367817,9606.ENSP00000367880,9606.ENSP00000369014,9606.ENSP00000369238,9606.ENSP00000369251,9606.ENSP00000369411,9606.ENSP00000369442,9606.ENSP00000369581,9606.ENSP00000369666,9606.ENSP00000369871,9606.ENSP00000369887,9606.ENSP00000369899,9606.ENSP00000370483,9606.ENSP00000370517,9606.ENSP00000370698,9606.ENSP00000370718,9606.ENSP00000370842,9606.ENSP00000371067,9606.ENSP00000371180,9606.ENSP00000371347,9606.ENSP00000371425,9606.ENSP00000372201,9606.ENSP00000372274,9606.ENSP00000372445,9606.ENSP00000373979,9606.ENSP00000375063,9606.ENSP00000375086,9606.ENSP00000375836,9606.ENSP00000376097,9606.ENSP00000376197,9606.ENSP00000376268,9606.ENSP00000376352,9606.ENSP00000376753,9606.ENSP00000376899,9606.ENSP00000376992,9606.ENSP00000377055,9606.ENSP00000377176,9606.ENSP00000377245,9606.ENSP00000377411,9606.ENSP00000377681,9606.ENSP00000377801,9606.ENSP00000378058,9606.ENSP00000378131,9606.ENSP00000378312,9606.ENSP00000378356,9606.ENSP00000378367,9606.ENSP00000378416,9606.ENSP00000378426,9606.ENSP00000378485,9606.ENSP00000378784,9606.ENSP00000378888,9606.ENSP00000378920,9606.ENSP00000378935,9606.ENSP00000378974,9606.ENSP00000379078,9606.ENSP00000379111,9606.ENSP00000379330,9606.ENSP00000379390,9606.ENSP00000379621,9606.ENSP00000379654,9606.ENSP00000379808,9606.ENSP00000379911,9606.ENSP00000380450,9606.ENSP00000380514,9606.ENSP00000380679,9606.ENSP00000380746,9606.ENSP00000380759,9606.ENSP00000380876,9606.ENSP00000380878,9606.ENSP00000381003,9606.ENSP00000381823,9606.ENSP00000382382,9606.ENSP00000382423,9606.ENSP00000382953,9606.ENSP00000383295,9606.ENSP00000384015,9606.ENSP00000384183,9606.ENSP00000384524,9606.ENSP00000384582,9606.ENSP00000384899,9606.ENSP00000384957,9606.ENSP00000384996,9606.ENSP00000385000,9606.ENSP00000385721,9606.ENSP00000386559,9606.ENSP00000386962,9606.ENSP00000386992,9606.ENSP00000387185,9606.ENSP00000387471,9606.ENSP00000387699,9606.ENSP00000390423,9606.ENSP00000390637,9606.ENSP00000391167,9606.ENSP00000391311,9606.ENSP00000392660,9606.ENSP00000393183,9606.ENSP00000393313,9606.ENSP00000393557,9606.ENSP00000393847,9606.ENSP00000394227,9606.ENSP00000394560,9606.ENSP00000395723,9606.ENSP00000396345,9606.ENSP00000397261,9606.ENSP00000397563,9606.ENSP00000398211,9606.ENSP00000398698,9606.ENSP00000399851,9606.ENSP00000399862,9606.ENSP00000400175,9606.ENSP00000402060,9606.ENSP00000402257,9606.ENSP00000403077,9606.ENSP00000403104,9606.ENSP00000403226,9606.ENSP00000403495,9606.ENSP00000405004,9606.ENSP00000405514,9606.ENSP00000406027,9606.ENSP00000406549,9606.ENSP00000406674,9606.ENSP00000407545,9606.ENSP00000408005,9606.ENSP00000409126,9606.ENSP00000409906,9606.ENSP00000410186,9606.ENSP00000410216,9606.ENSP00000410452,9606.ENSP00000410798,9606.ENSP00000411848,9606.ENSP00000412209,9606.ENSP00000413625,9606.ENSP00000413720,9606.ENSP00000414150,9606.ENSP00000415283,9606.ENSP00000415464,9606.ENSP00000416387,9606.ENSP00000416534,9606.ENSP00000416750,9606.ENSP00000417335,9606.ENSP00000417601,9606.ENSP00000417769,9606.ENSP00000417960,9606.ENSP00000417980,9606.ENSP00000418735,9606.ENSP00000418767,9606.ENSP00000418944,9606.ENSP00000419371,9606.ENSP00000419879,9606.ENSP00000420040,9606.ENSP00000420525,9606.ENSP00000420588,9606.ENSP00000421339,9606.ENSP00000421592,9606.ENSP00000421801,9606.ENSP00000422591,9606.ENSP00000423067,9606.ENSP00000423820,9606.ENSP00000424571,9606.ENSP00000424737,9606.ENSP00000426528,9606.ENSP00000426809,9606.ENSP00000427552,9606.ENSP00000427793,9606.ENSP00000428646,9606.ENSP00000428657,9606.ENSP00000430620,9606.ENSP00000430656,9606.ENSP00000432511,9606.ENSP00000432660,9606.ENSP00000433681,9606.ENSP00000433761,9606.ENSP00000434830,9606.ENSP00000435954,9606.ENSP00000436607,9606.ENSP00000438406,9606.ENSP00000438483,9606.ENSP00000439768,9606.ENSP00000441158,9606.ENSP00000441600,9606.ENSP00000441641,9606.ENSP00000441954,9606.ENSP00000443291,9606.ENSP00000444810,9606.ENSP00000444889,9606.ENSP00000449381,9606.ENSP00000450337,9606.ENSP00000450480,9606.ENSP00000450969,9606.ENSP00000451172,9606.ENSP00000451406,9606.ENSP00000451506,9606.ENSP00000452877,9606.ENSP00000453562,9606.ENSP00000453801,9606.ENSP00000453854,9606.ENSP00000454545,9606.ENSP00000454973,9606.ENSP00000455064,9606.ENSP00000457421,9606.ENSP00000457810,9606.ENSP00000458585,9606.ENSP00000462729,9606.ENSP00000463051,9606.ENSP00000463978,9606.ENSP00000465589,9606.ENSP00000466542,9606.ENSP00000466664,9606.ENSP00000468086,9606.ENSP00000468785,9606.ENSP00000469158,9606.ENSP00000469534,9606.ENSP00000469696,9606.ENSP00000470142,9606.ENSP00000470788,9606.ENSP00000471457,9606.ENSP00000471700,9606.ENSP00000471896,9606.ENSP00000472914,9606.ENSP00000473665,9606.ENSP00000478257,9606.ENSP00000478458,9606.ENSP00000478699,9606.ENSP00000479207,9606.ENSP00000479617,9606.ENSP00000479667,9606.ENSP00000479860,9606.ENSP00000480091,9606.ENSP00000481625,9606.ENSP00000481859,9606.ENSP00000481893,9606.ENSP00000482032,9606.ENSP00000482232,9606.ENSP00000482732,9606.ENSP00000482760,9606.ENSP00000483059,9606.ENSP00000483228,9606.ENSP00000483570,9606.ENSP00000483667,9606.ENSP00000483946,9606.ENSP00000484060,9606.ENSP00000484176,9606.ENSP00000484810,9606.ENSP00000484862,9606.ENSP00000485276,9606.ENSP00000486725,9606.ENSP00000489225,9606.ENSP00000489597,9606.ENSP00000489747,9606.ENSP00000492233,9606.ENSP00000493536,9606.ENSP00000495240,9606.ENSP00000496396,9606.ENSP00000496625,9606.ENSP00000496870,9606.ENSP00000497069,9606.ENSP00000497274,9606.ENSP00000497294,9606.ENSP00000497569,9606.ENSP00000497594,9606.ENSP00000497916,9606.ENSP00000498019,9606.ENSP00000498622,9606.ENSP00000498711,9606.ENSP00000499037,9606.ENSP00000499569	CYP51A1,CREB3L3,KDM4B,KIF22,NDUFB4,HSD17B2,UQCRC1,GMIP,CMTM6,ADH1A,KLHL20,SF3A1,SNRPD3,ARSA,CBX7,PMM1,HDAC10,DHRS7,AURKA,PSMD10,F9,USP11,GLA,ZNF263,ZNF500,DECR2,MEFV,MGA,DECR1,EPHX3,DBP,EPOR,SLC5A5,ST6GALNAC2,AFM,SULT1E1,APOC3,ARPC3,IFNG,ACOT13,EXOC2,LNPEP,RARS1,EHHADH,GNAT1,HEATR5B,TFPI,ACADL,KISS1R,APOA1,ELF1,TBX2,GJA3,GHSR,TNFSF10,AKR1D1,SRGN,ZC3H13,TNFAIP6,PLA2G12A,SNAI1,SLC17A1,TREM1,IRF1,C3,SYMPK,CDC25B,SUGP1,ABHD8,TICAM1,GNGT1,DNAJB9,CDO1,LMAN1,DOCK7,DTWD1,SAFB2,NCAN,GDF15,HAUS8,RBSN,GFPT2,RAMP2,FLYWCH1,SMARCC1,RAMP1,AP3B1,KMT5C,PI4KA,IPO8,SLCO1B1,TUT4,TMEM60,PRPH,CDK4,MDM2,TMEM231,DYNC1LI2,LRPPRC,TOPBP1,DNAJC13,SLC40A1,OSBPL8,CDK17,HEXB,MAN2A1,HERC2,SCARB1,SPG11,HACD3,APH1B,FLT4,MARS1,MEOX2,LMF1,NUBP2,AXIN1,UBN1,ITGA2B,INVS,SRCAP,CCNE1,ELL,MAST3,PHYH,KIF18A,SYP,BRD4,CD80,RBBP5,PDE8B,ACAD11,ARRDC3,SIL1,ANKRD7,RBM27,TNPO3,NBN,SCAP,FBXO3,ADAM2,GET4,RBM6,DOCK3,FBXO7,LGR5,CPSF6,SLC6A15,SNRPF,FANCM,TRIP11,SORD,COMMD4,BCL2A1,CYP11A1,RHCG,MFGE8,IQGAP1,NDUFB10,FN3KRP,ZNF750,AKAP8,RCN3,NUF2,POGZ,GOLPH3L,MRPS5,CENPC,OSMR,LIX1,GFRA3,UHRF2,PPRC1,SPINT4,ZNF385D,TNFSF4,ITGA1,SCN3A,UBP1,NRGN,ABCA6,TRIM11,PPP1R3A,CCSAP,OLA1,CA2,KLF10,AGPAT5,NUP205,CXCL13,FANCD2,APPL1,MRPL17,ELMO2,AMFR,CILP2,RNF126,HK3,PGLYRP2,WDR90,WDR24,ADCY9,RHCE,AGL,HELQ,TRAT1,WDFY3,IFT122,EMCN,CYTH3,DNAAF2,ZNF22,SEC61A2,HPRT1,KIAA1191,LRRK2,VPS35,AMN,MS4A7,TPX2,FN3K,CACNB3,CD320,SOAT2,CYP7A1,ENTPD3,SOX7,LGI3,TPST1,LRG1,HSPA4,ACOT12,PDS5A,SNX7,ANKS3,FASN,MSANTD4,IL13,S1PR1,GPRIN1,SYNPO2,MMGT1,MRPL13,SLC9C1,MYOZ2,KLF11,DONSON,LAMB2,PCSK1,F2,CATSPER1,GMPPB,B4GAT1,USP48,PSMD1,MAP3K11,MIS18BP1,CD34,CYP7B1,FANCI,UGT8,SRP68,MOBP,NIPSNAP2,UBA6,ZNF436,PDS5B,DNAJA2,AGPAT4,ANO5,PRPF3,SSH1,DPY19L2,DVL3,CSH1,MET,FAM220A,ZFP42,RBBP6,CYBRD1,NEPRO,SPAST,F2R,IL23R,DCBLD2,IMPDH2,FAM20C,GLYR1,ZMYM3,ATRIP,CD6,SOX2,P2RY11,PSD3,UPB1,BAIAP3,PGR,MAP1S,SPECC1L,TACC3,KDM3B,FKRP,LMBR1,CLASP2,IZUMO1,XPOT,IL3RA,CDCA2,ZNF71,STAC3,BTNL9,PDGFB,LEPR,ELOA2,ZNF704,CD86,ASCL2,CYP2U1,ZNF470,DNAH8,GNG2,SREK1,STARD10,DEFB105B,HJV,ENOX2,LRAT,ISYNA1,PLCB1,ZNF532,DPP8,ZFAND4,THUMPD3,RHD,NDUFA4,TSLP,DLK1,HUWE1,ASH2L,SMC4,SYDE1,C15orf48,NCR3LG1,FBXO38,OAS2,LYSMD4,SERPINA6,PRR27,USP7,PRRC2C,MCCC2,CORO2A,PPA2,IFNAR2,PDPK1,CLUAP1,PROZ,DPY19L3,GATA2,ANP32B,DUSP9,SETDB2,ZBTB45,SHTN1,TBCD,MORC4,SORBS2,MYO9A,ADD3,CENPL,AKAP9,PXDNL,UPF2,ACOX3,FABP7,CRB3,TBC1D9B,TXNDC11,CFAP43,ATP13A1,CCRL2,POT1,DENND2D,ATP2B4,CHM,LVRN,LCA5L,CX3CR1,SUSD2,TRIM33,ARNT,WDR5,BDP1,PBLD,PLXNB2,DNMT1,CPLX2,KCTD18,MSN,LRRCC1,TLR9,GYPA,MTHFSD,HAO2,COMT,KIFAP3,FZD5,TAF11,KIF21A,CDC42BPB,R3HDM4,AHCTF1,SCCPDH,CNST,CATSPERE,CEP170,OTX1,GALNT2,RHOU,RPS6KC1,ANGEL2,CR2,PM20D1,MDM4,ETNK2,LHX9,TPR,CEP350,RALGPS2,PAPPA2,COP1,SERPINC1,IFNGR1,FMO4,ADCY10,POU2F1,MGST3,CD244,SLAMF7,SLAMF6,LAMTOR2,IL6R,CEP85L,OAT,ACADSB,TARS2,RPRD2,PLEKHO1,SV2A,HSD3B1,CD2,CD58,NRAS,GSTO1,LRIF1,SLC16A4,TAF5,CYP17A1,PSRC1,PRPF38B,HENMT1,RPL5,SCD,LDOC1,CTH,DIRAS3,SMARCA1,ENTPD1,BMPR1A,AIF1L,SLC22A7,UBR2,NDUFS5,NAP1L3,SGPL1,ENG,ATRX,HDAC8,TET1,RABGAP1,ZBTB6,CXCR3,SRPK1,TLR4,KIF4A,BAK1,PHF1,C1QA,SLC38A10,TEX10,NCBP1,CDC14B,UBR4,TSPYL2,CENPP,NEU1,IARS1,HSPB7,DDAH2,CACNA1F,PLP2,GKAP1,DOCK9,PIM2,GATA1,THBD,TRIM27,ATG2A,HMGN4,HIF3A,NAA40,RNF207,TAF2,PODXL,PIGO,NDNF,ADAM32,MAB21L1,RFC3,KL,IFNB1,FBXL19,HAUS6,SLTM,RRAGA,NLGN4X,PFKP,IL6ST,ASMTL,IL33,JAK2,CATSPER2,ANGPT4,IFNGR2,TMEM128,FBXO25,METTL17,TRAPPC9,NLRP5,CCL25,HDLBP,URI1,TFRC,SEC14L1,PDK1,GIPC1,PTGFRN,BCL2L15,PRCP,SPATA7,KEAP1,NDUFA4L2,G3BP1,RCCD1,EFEMP1,CFI,EFCAB5,KIF20A,NRG4,ALAS1,VKORC1,MATK,PHF20L1,EGFL8,SLC26A6,PPHLN1,MAPK8,EHMT2,IL4R,NFATC2,HERPUD2,SNX16,MARF1,ATF7IP2,CENPK,NOXO1,HAGH,CCDC40,FBXL16,PRMT2,RGS11,PPP3CC,TTC28,SEC24A,USP47,MAP3K1,GABRA5,NBEA,SUN1,CASTOR1,ETV2,ADGRV1,GATAD2A,F11,TBC1D10A,KIF2A,GGT2,CD8A,CATSPERG,IPO11,PGGHG,CIAO2B,CREB1,CATSPER4,SLC14A1,DENND4A,SEPTIN5,ARHGAP28,DCAF1,EPS15L1,SLC4A4,PLA2G10,CSF2RA,MAPK9,ZNF200,CHD9,SELENBP1,TENT2,TTC21A,TNF,POLG,CNOT10,RHOA,PVR,RUNX1T1,VKORC1L1,SIGIRR,BHLHB9,LTA,ACVR1,PPP1R9A,EPM2AIP1,TAF1,MOGAT1,ZBTB22,SLC9A3R2,ANO6,USP53,AK9,POC5,STMN1,FCGRT,MARCHF8,IL5RA,FNBP1,CDKN1C,ERG,ICAM2,LARP4,FBLIM1,DDX46,STK33,ROBO2,FBXL2,IQUB,CCDC39,EHMT1,ADAMTS9,TREML2,PEG10,AZI2,CDS2,KCNIP2,TFR2,TFAM,SLCO6A1,ALYREF,HGFAC,SLIT2,WDR36,ZFP62,FBN2,ZGRF1,AMER2,PROM1,DDR1,WWP1,FBXO41,NAIP,HEPH,CA1,JAK3,CFL1,NCAPD3,MS4A14,NRK,KCNV1,ADM,SLAMF1,KPNA2,TMEM50B,CLTCL1,CCR3,PRR14,SMAD5,FAR2,FKBP5,DENND5B,MAPKAPK5,PPFIA2,ATP10A,ZBTB33,SERPINA4,HSD17B6,TCL1A,ZNF592,BCL2L10,WDR61,SECISBP2L,RBM15B,SCAPER,SLC7A6,PECAM1,CENPT,MMP12,OTUD7B,GDF2,SLC16A3,ACSBG2,TLE2,SLC44A2,MC5R,MBD1,SPHK2,WIZ,PDE4C,UPF1,IL12RB1,MYO9B,FKBP8,IRF3,SUGP2,SBNO1,CCNI2,PLCL2,TNFRSF9,GALNTL5,UHRF1,RPS6KA5,CIB1,NMRK2,SLC6A6,PAN2,CNOT6,IP6K1,CGA,PTPN9,PCSK6,NR2C2,PPP4R3B,BTK,CHD1,PHF19,PACSIN1,CLEC18A,ZNF274,ADAM29,SCARF2,PPIL2,CSMD1,PTPN11,C20orf204,PIGN,SAMHD1,CHD8,AVPR2,CYP21A2,LRP2,IGF1R,ABCC2,LHB,DARS2,UBE3A,NDN,RPS17,MIP,RDH8,CBLB,SCN11A	4.701146923590294	systemic_body_size	False	False	False
TISSUES	BTO:0000254	Female reproductive gland	212	3017	0.12	0.37	0.006	9606.ENSP00000003100,9606.ENSP00000159111,9606.ENSP00000160827,9606.ENSP00000215793,9606.ENSP00000216124,9606.ENSP00000216911,9606.ENSP00000218348,9606.ENSP00000219481,9606.ENSP00000219905,9606.ENSP00000225276,9606.ENSP00000230449,9606.ENSP00000236850,9606.ENSP00000242375,9606.ENSP00000242848,9606.ENSP00000243347,9606.ENSP00000244050,9606.ENSP00000245907,9606.ENSP00000245934,9606.ENSP00000245960,9606.ENSP00000247001,9606.ENSP00000251157,9606.ENSP00000254480,9606.ENSP00000256079,9606.ENSP00000256958,9606.ENSP00000257904,9606.ENSP00000258149,9606.ENSP00000258173,9606.ENSP00000258198,9606.ENSP00000260665,9606.ENSP00000260810,9606.ENSP00000261024,9606.ENSP00000261211,9606.ENSP00000261875,9606.ENSP00000262027,9606.ENSP00000262302,9606.ENSP00000262518,9606.ENSP00000263377,9606.ENSP00000265224,9606.ENSP00000265388,9606.ENSP00000265565,9606.ENSP00000265708,9606.ENSP00000265857,9606.ENSP00000266087,9606.ENSP00000267430,9606.ENSP00000267935,9606.ENSP00000268053,9606.ENSP00000268150,9606.ENSP00000268668,9606.ENSP00000271452,9606.ENSP00000271715,9606.ENSP00000271732,9606.ENSP00000273853,9606.ENSP00000276893,9606.ENSP00000281834,9606.ENSP00000284551,9606.ENSP00000284719,9606.ENSP00000285379,9606.ENSP00000288937,9606.ENSP00000290246,9606.ENSP00000290649,9606.ENSP00000292609,9606.ENSP00000293883,9606.ENSP00000295888,9606.ENSP00000296266,9606.ENSP00000298428,9606.ENSP00000298569,9606.ENSP00000299138,9606.ENSP00000300403,9606.ENSP00000301458,9606.ENSP00000306627,9606.ENSP00000308541,9606.ENSP00000309052,9606.ENSP00000309474,9606.ENSP00000312066,9606.ENSP00000313582,9606.ENSP00000315988,9606.ENSP00000317289,9606.ENSP00000321584,9606.ENSP00000322716,9606.ENSP00000323099,9606.ENSP00000325120,9606.ENSP00000325313,9606.ENSP00000327786,9606.ENSP00000328228,9606.ENSP00000333212,9606.ENSP00000337746,9606.ENSP00000338217,9606.ENSP00000339208,9606.ENSP00000339484,9606.ENSP00000339532,9606.ENSP00000340648,9606.ENSP00000341382,9606.ENSP00000341610,9606.ENSP00000343535,9606.ENSP00000343629,9606.ENSP00000343885,9606.ENSP00000344392,9606.ENSP00000345848,9606.ENSP00000347532,9606.ENSP00000347719,9606.ENSP00000348381,9606.ENSP00000348645,9606.ENSP00000348708,9606.ENSP00000348931,9606.ENSP00000349568,9606.ENSP00000350249,9606.ENSP00000351008,9606.ENSP00000351407,9606.ENSP00000351575,9606.ENSP00000352288,9606.ENSP00000354560,9606.ENSP00000355465,9606.ENSP00000355467,9606.ENSP00000355470,9606.ENSP00000355492,9606.ENSP00000355500,9606.ENSP00000356150,9606.ENSP00000356169,9606.ENSP00000356607,9606.ENSP00000356825,9606.ENSP00000357474,9606.ENSP00000357873,9606.ENSP00000358064,9606.ENSP00000358142,9606.ENSP00000358421,9606.ENSP00000358854,9606.ENSP00000358903,9606.ENSP00000359049,9606.ENSP00000359345,9606.ENSP00000359380,9606.ENSP00000361107,9606.ENSP00000361990,9606.ENSP00000362298,9606.ENSP00000362299,9606.ENSP00000364037,9606.ENSP00000364289,9606.ENSP00000364403,9606.ENSP00000364591,9606.ENSP00000364794,9606.ENSP00000365550,9606.ENSP00000365692,9606.ENSP00000366898,9606.ENSP00000369014,9606.ENSP00000369238,9606.ENSP00000369581,9606.ENSP00000369871,9606.ENSP00000370517,9606.ENSP00000370718,9606.ENSP00000371180,9606.ENSP00000375063,9606.ENSP00000375836,9606.ENSP00000376097,9606.ENSP00000376268,9606.ENSP00000377176,9606.ENSP00000378312,9606.ENSP00000378485,9606.ENSP00000379390,9606.ENSP00000380450,9606.ENSP00000380679,9606.ENSP00000380878,9606.ENSP00000381003,9606.ENSP00000382382,9606.ENSP00000384015,9606.ENSP00000384899,9606.ENSP00000384996,9606.ENSP00000385000,9606.ENSP00000386962,9606.ENSP00000386992,9606.ENSP00000387699,9606.ENSP00000393183,9606.ENSP00000397261,9606.ENSP00000397563,9606.ENSP00000398211,9606.ENSP00000399862,9606.ENSP00000400175,9606.ENSP00000408005,9606.ENSP00000409126,9606.ENSP00000410452,9606.ENSP00000410798,9606.ENSP00000411848,9606.ENSP00000416750,9606.ENSP00000417335,9606.ENSP00000417769,9606.ENSP00000417960,9606.ENSP00000417980,9606.ENSP00000418944,9606.ENSP00000421339,9606.ENSP00000427552,9606.ENSP00000427793,9606.ENSP00000432660,9606.ENSP00000433761,9606.ENSP00000434830,9606.ENSP00000438483,9606.ENSP00000441158,9606.ENSP00000444810,9606.ENSP00000453562,9606.ENSP00000457810,9606.ENSP00000465589,9606.ENSP00000466664,9606.ENSP00000468785,9606.ENSP00000471700,9606.ENSP00000472914,9606.ENSP00000478257,9606.ENSP00000479207,9606.ENSP00000481625,9606.ENSP00000481859,9606.ENSP00000483059,9606.ENSP00000484862,9606.ENSP00000492233,9606.ENSP00000497569,9606.ENSP00000497594,9606.ENSP00000497916	CYP51A1,KDM4B,KIF22,SF3A1,ARSA,AURKA,USP11,DECR2,MGA,ST6GALNAC2,EXOC2,APOA1,AKR1D1,ZC3H13,TNFAIP6,SNAI1,C3,SYMPK,CDC25B,SUGP1,DOCK7,SMARCC1,IPO8,SLCO1B1,CDK4,MDM2,TMEM231,DYNC1LI2,LRPPRC,TOPBP1,SLC40A1,CDK17,HACD3,MARS1,NUBP2,SRCAP,BRD4,ANKRD7,TNPO3,SCAP,ADAM2,GET4,FBXO7,FANCM,COMMD4,CYP11A1,MFGE8,NDUFB10,NUF2,POGZ,GOLPH3L,CENPC,UHRF2,TNFSF4,TRIM11,OLA1,CA2,MRPL17,ELMO2,AMFR,PGLYRP2,WDR24,WDFY3,IFT122,SEC61A2,KIAA1191,VPS35,TPX2,CD320,SLC9C1,F2,CATSPER1,PSMD1,SRP68,ZNF436,DPY19L2,FAM220A,IMPDH2,GLYR1,ATRIP,PGR,MAP1S,IZUMO1,CDCA2,CYP2U1,ISYNA1,ZNF532,DPP8,ZFAND4,THUMPD3,HUWE1,SMC4,C15orf48,USP7,PRRC2C,PPA2,CLUAP1,ANP32B,SHTN1,TBCD,ADD3,PXDNL,UPF2,FABP7,CFAP43,POT1,LCA5L,ARNT,BDP1,PLXNB2,KIFAP3,AHCTF1,SCCPDH,CNST,CATSPERE,CEP170,MDM4,ETNK2,RALGPS2,ADCY10,CEP85L,ACADSB,RPRD2,SV2A,HSD3B1,TAF5,CYP17A1,HENMT1,RPL5,SCD,BMPR1A,UBR2,SGPL1,ENG,TEX10,NCBP1,UBR4,TSPYL2,IARS1,GKAP1,PIM2,HIF3A,NDNF,ADAM32,IFNB1,HAUS6,PFKP,ASMTL,CATSPER2,NLRP5,HDLBP,URI1,SEC14L1,SPATA7,EFCAB5,MATK,HERPUD2,NOXO1,CCDC40,PPP3CC,TTC28,USP47,SUN1,GATAD2A,TBC1D10A,KIF2A,CATSPERG,IPO11,CREB1,DCAF1,SELENBP1,TENT2,TTC21A,CNOT10,RHOA,SLC9A3R2,ANO6,STMN1,FCGRT,MARCHF8,STK33,ROBO2,IQUB,CCDC39,EHMT1,PEG10,SLCO6A1,DDR1,WWP1,CFL1,MS4A14,NRK,KPNA2,CLTCL1,FKBP5,BCL2L10,CENPT,ACSBG2,SLC44A2,MBD1,FKBP8,SUGP2,CCNI2,GALNTL5,SLC6A6,PAN2,NR2C2,ADAM29,PIGN,DARS2,UBE3A,NDN	2.221848749616356	aquatic_slow_enrichment	False	False	False
TISSUES	BTO:0000534	Gonad	144	1923	0.15	0.35	0.0095	9606.ENSP00000003100,9606.ENSP00000159111,9606.ENSP00000160827,9606.ENSP00000216124,9606.ENSP00000218348,9606.ENSP00000219905,9606.ENSP00000236850,9606.ENSP00000242848,9606.ENSP00000244050,9606.ENSP00000245934,9606.ENSP00000245960,9606.ENSP00000247001,9606.ENSP00000254480,9606.ENSP00000256079,9606.ENSP00000258198,9606.ENSP00000260665,9606.ENSP00000260810,9606.ENSP00000261024,9606.ENSP00000261211,9606.ENSP00000261875,9606.ENSP00000262027,9606.ENSP00000262518,9606.ENSP00000263377,9606.ENSP00000265224,9606.ENSP00000265565,9606.ENSP00000265708,9606.ENSP00000265857,9606.ENSP00000266087,9606.ENSP00000267935,9606.ENSP00000268053,9606.ENSP00000271452,9606.ENSP00000273853,9606.ENSP00000281834,9606.ENSP00000284719,9606.ENSP00000290246,9606.ENSP00000292609,9606.ENSP00000296266,9606.ENSP00000298428,9606.ENSP00000299138,9606.ENSP00000300403,9606.ENSP00000306627,9606.ENSP00000309052,9606.ENSP00000309474,9606.ENSP00000315988,9606.ENSP00000322716,9606.ENSP00000325313,9606.ENSP00000327786,9606.ENSP00000328228,9606.ENSP00000337746,9606.ENSP00000338217,9606.ENSP00000339208,9606.ENSP00000339484,9606.ENSP00000339532,9606.ENSP00000340648,9606.ENSP00000341382,9606.ENSP00000341610,9606.ENSP00000343535,9606.ENSP00000345848,9606.ENSP00000347532,9606.ENSP00000347719,9606.ENSP00000348381,9606.ENSP00000348645,9606.ENSP00000348708,9606.ENSP00000349568,9606.ENSP00000351008,9606.ENSP00000351407,9606.ENSP00000354560,9606.ENSP00000355465,9606.ENSP00000355467,9606.ENSP00000355470,9606.ENSP00000355492,9606.ENSP00000355500,9606.ENSP00000356169,9606.ENSP00000356607,9606.ENSP00000356825,9606.ENSP00000358064,9606.ENSP00000358421,9606.ENSP00000358854,9606.ENSP00000358903,9606.ENSP00000359049,9606.ENSP00000359345,9606.ENSP00000359380,9606.ENSP00000361107,9606.ENSP00000361990,9606.ENSP00000362299,9606.ENSP00000364037,9606.ENSP00000364289,9606.ENSP00000364403,9606.ENSP00000364591,9606.ENSP00000365550,9606.ENSP00000365692,9606.ENSP00000369238,9606.ENSP00000369581,9606.ENSP00000370517,9606.ENSP00000371180,9606.ENSP00000375836,9606.ENSP00000376097,9606.ENSP00000376268,9606.ENSP00000377176,9606.ENSP00000378312,9606.ENSP00000379390,9606.ENSP00000380450,9606.ENSP00000380679,9606.ENSP00000380878,9606.ENSP00000382382,9606.ENSP00000384015,9606.ENSP00000385000,9606.ENSP00000386962,9606.ENSP00000386992,9606.ENSP00000387699,9606.ENSP00000393183,9606.ENSP00000397261,9606.ENSP00000397563,9606.ENSP00000398211,9606.ENSP00000399862,9606.ENSP00000400175,9606.ENSP00000408005,9606.ENSP00000409126,9606.ENSP00000410452,9606.ENSP00000411848,9606.ENSP00000416750,9606.ENSP00000417769,9606.ENSP00000417960,9606.ENSP00000417980,9606.ENSP00000418944,9606.ENSP00000421339,9606.ENSP00000427552,9606.ENSP00000427793,9606.ENSP00000432660,9606.ENSP00000433761,9606.ENSP00000438483,9606.ENSP00000441158,9606.ENSP00000444810,9606.ENSP00000465589,9606.ENSP00000466664,9606.ENSP00000468785,9606.ENSP00000472914,9606.ENSP00000479207,9606.ENSP00000481859,9606.ENSP00000483059,9606.ENSP00000484862,9606.ENSP00000492233,9606.ENSP00000497594,9606.ENSP00000497916	CYP51A1,KDM4B,KIF22,ARSA,USP11,MGA,APOA1,ZC3H13,SNAI1,SYMPK,CDC25B,SUGP1,SMARCC1,IPO8,DYNC1LI2,LRPPRC,TOPBP1,SLC40A1,CDK17,HACD3,MARS1,SRCAP,BRD4,ANKRD7,SCAP,ADAM2,GET4,FBXO7,COMMD4,CYP11A1,NUF2,CENPC,TNFSF4,OLA1,ELMO2,PGLYRP2,IFT122,SEC61A2,VPS35,TPX2,SLC9C1,CATSPER1,PSMD1,DPY19L2,GLYR1,MAP1S,IZUMO1,CDCA2,ISYNA1,ZNF532,DPP8,ZFAND4,THUMPD3,HUWE1,SMC4,C15orf48,USP7,ANP32B,SHTN1,TBCD,ADD3,PXDNL,UPF2,CFAP43,LCA5L,ARNT,KIFAP3,AHCTF1,SCCPDH,CNST,CATSPERE,CEP170,ETNK2,RALGPS2,ADCY10,RPRD2,HSD3B1,TAF5,CYP17A1,HENMT1,RPL5,SCD,BMPR1A,UBR2,ENG,TEX10,NCBP1,UBR4,TSPYL2,GKAP1,PIM2,ADAM32,IFNB1,PFKP,CATSPER2,HDLBP,URI1,SEC14L1,SPATA7,EFCAB5,HERPUD2,NOXO1,CCDC40,PPP3CC,USP47,SUN1,KIF2A,CATSPERG,IPO11,CREB1,DCAF1,SELENBP1,TENT2,TTC21A,CNOT10,RHOA,SLC9A3R2,ANO6,STMN1,MARCHF8,STK33,IQUB,CCDC39,EHMT1,PEG10,SLCO6A1,DDR1,WWP1,CFL1,MS4A14,KPNA2,CLTCL1,FKBP5,ACSBG2,SLC44A2,MBD1,SUGP2,GALNTL5,PAN2,NR2C2,ADAM29,PIGN,UBE3A,NDN	2.0222763947111524	aquatic_slow_enrichment	False	False	False
TISSUES	BTO:0000759	Liver	155	2125	0.14	0.33	0.0146	9606.ENSP00000003100,9606.ENSP00000078445,9606.ENSP00000199936,9606.ENSP00000203407,9606.ENSP00000209668,9606.ENSP00000215793,9606.ENSP00000216124,9606.ENSP00000216271,9606.ENSP00000217958,9606.ENSP00000218099,9606.ENSP00000218348,9606.ENSP00000220764,9606.ENSP00000226355,9606.ENSP00000226444,9606.ENSP00000227667,9606.ENSP00000228825,9606.ENSP00000230048,9606.ENSP00000231572,9606.ENSP00000231887,9606.ENSP00000233710,9606.ENSP00000236850,9606.ENSP00000242375,9606.ENSP00000242848,9606.ENSP00000245907,9606.ENSP00000249356,9606.ENSP00000250535,9606.ENSP00000251047,9606.ENSP00000254480,9606.ENSP00000255882,9606.ENSP00000256958,9606.ENSP00000260665,9606.ENSP00000261183,9606.ENSP00000261483,9606.ENSP00000261693,9606.ENSP00000261875,9606.ENSP00000262027,9606.ENSP00000262320,9606.ENSP00000263038,9606.ENSP00000263377,9606.ENSP00000264990,9606.ENSP00000265565,9606.ENSP00000267814,9606.ENSP00000267953,9606.ENSP00000268182,9606.ENSP00000268668,9606.ENSP00000282588,9606.ENSP00000284425,9606.ENSP00000285379,9606.ENSP00000288266,9606.ENSP00000290649,9606.ENSP00000292609,9606.ENSP00000294724,9606.ENSP00000295888,9606.ENSP00000298556,9606.ENSP00000299138,9606.ENSP00000300403,9606.ENSP00000301645,9606.ENSP00000302621,9606.ENSP00000302961,9606.ENSP00000303246,9606.ENSP00000304592,9606.ENSP00000308541,9606.ENSP00000309474,9606.ENSP00000309597,9606.ENSP00000310721,9606.ENSP00000314030,9606.ENSP00000317272,9606.ENSP00000321584,9606.ENSP00000324343,9606.ENSP00000325313,9606.ENSP00000330393,9606.ENSP00000335247,9606.ENSP00000337014,9606.ENSP00000337224,9606.ENSP00000339720,9606.ENSP00000340648,9606.ENSP00000342278,9606.ENSP00000342850,9606.ENSP00000343535,9606.ENSP00000343629,9606.ENSP00000343657,9606.ENSP00000343885,9606.ENSP00000344458,9606.ENSP00000345848,9606.ENSP00000347852,9606.ENSP00000348573,9606.ENSP00000348775,9606.ENSP00000351407,9606.ENSP00000351619,9606.ENSP00000352516,9606.ENSP00000353408,9606.ENSP00000354003,9606.ENSP00000354314,9606.ENSP00000354511,9606.ENSP00000355467,9606.ENSP00000355632,9606.ENSP00000356448,9606.ENSP00000356671,9606.ENSP00000356723,9606.ENSP00000356864,9606.ENSP00000357288,9606.ENSP00000357838,9606.ENSP00000357873,9606.ENSP00000358727,9606.ENSP00000359345,9606.ENSP00000359380,9606.ENSP00000359976,9606.ENSP00000360162,9606.ENSP00000360250,9606.ENSP00000361666,9606.ENSP00000362058,9606.ENSP00000362299,9606.ENSP00000362441,9606.ENSP00000363089,9606.ENSP00000363773,9606.ENSP00000364403,9606.ENSP00000364794,9606.ENSP00000364949,9606.ENSP00000370698,9606.ENSP00000375836,9606.ENSP00000376097,9606.ENSP00000376197,9606.ENSP00000377055,9606.ENSP00000377681,9606.ENSP00000378131,9606.ENSP00000378416,9606.ENSP00000380514,9606.ENSP00000384957,9606.ENSP00000385721,9606.ENSP00000387699,9606.ENSP00000397261,9606.ENSP00000398698,9606.ENSP00000402060,9606.ENSP00000403104,9606.ENSP00000406549,9606.ENSP00000408005,9606.ENSP00000410452,9606.ENSP00000410798,9606.ENSP00000416534,9606.ENSP00000420525,9606.ENSP00000421592,9606.ENSP00000421801,9606.ENSP00000432660,9606.ENSP00000436607,9606.ENSP00000444810,9606.ENSP00000451406,9606.ENSP00000457421,9606.ENSP00000463051,9606.ENSP00000470142,9606.ENSP00000471700,9606.ENSP00000471896,9606.ENSP00000489597,9606.ENSP00000493536,9606.ENSP00000497274,9606.ENSP00000498019	CYP51A1,CREB3L3,HSD17B2,UQCRC1,ADH1A,SF3A1,ARSA,HDAC10,PSMD10,F9,USP11,DECR1,AFM,SULT1E1,APOC3,ARPC3,ACOT13,RARS1,EHHADH,ACADL,APOA1,AKR1D1,ZC3H13,C3,DNAJB9,CDO1,LMAN1,SMARCC1,PI4KA,SLCO1B1,LRPPRC,OSBPL8,MAN2A1,SCARB1,HACD3,MARS1,AXIN1,PHYH,BRD4,ACAD11,SCAP,SORD,BCL2A1,IQGAP1,NDUFB10,ITGA1,ABCA6,CA2,APPL1,AMFR,PGLYRP2,AGL,WDFY3,HPRT1,VPS35,TPX2,CYP7A1,LRG1,HSPA4,ACOT12,FASN,F2,PSMD1,MAP3K11,CYP7B1,DNAJA2,MET,IMPDH2,UPB1,MAP1S,LEPR,STARD10,HJV,LRAT,NDUFA4,HUWE1,OAS2,SERPINA6,USP7,PRRC2C,MCCC2,PPA2,PROZ,ANP32B,SORBS2,AKAP9,ACOX3,ARNT,PBLD,DNMT1,MSN,GYPA,HAO2,COMT,SCCPDH,GALNT2,TPR,SERPINC1,FMO4,MGST3,LAMTOR2,OAT,ACADSB,GSTO1,RPL5,SCD,CTH,SMARCA1,ENTPD1,SLC22A7,NDUFS5,ENG,ATRX,TLR4,C1QA,UBR4,IARS1,DDAH2,IL6ST,HDLBP,URI1,TFRC,PRCP,G3BP1,CFI,ALAS1,HAGH,F11,GGT2,CREB1,SELENBP1,TNF,PVR,SIGIRR,TAF1,SLC9A3R2,STMN1,FCGRT,DDX46,TFR2,ALYREF,HGFAC,CFL1,ADM,FKBP5,HSD17B6,PECAM1,GDF2,UPF1,FKBP8,IRF3,PTPN11,SAMHD1,ABCC2,RPS17	1.8356471442155629	aquatic_slow_enrichment	False	False	False
TISSUES	BTO:0001363	Testis	139	1868	0.15	0.33	0.0146	9606.ENSP00000159111,9606.ENSP00000160827,9606.ENSP00000216124,9606.ENSP00000218348,9606.ENSP00000219905,9606.ENSP00000236850,9606.ENSP00000242848,9606.ENSP00000244050,9606.ENSP00000245934,9606.ENSP00000245960,9606.ENSP00000247001,9606.ENSP00000254480,9606.ENSP00000256079,9606.ENSP00000258198,9606.ENSP00000260665,9606.ENSP00000260810,9606.ENSP00000261024,9606.ENSP00000261211,9606.ENSP00000261875,9606.ENSP00000262027,9606.ENSP00000262518,9606.ENSP00000263377,9606.ENSP00000265224,9606.ENSP00000265565,9606.ENSP00000265708,9606.ENSP00000265857,9606.ENSP00000266087,9606.ENSP00000267935,9606.ENSP00000268053,9606.ENSP00000271452,9606.ENSP00000281834,9606.ENSP00000284719,9606.ENSP00000290246,9606.ENSP00000292609,9606.ENSP00000296266,9606.ENSP00000298428,9606.ENSP00000299138,9606.ENSP00000300403,9606.ENSP00000306627,9606.ENSP00000309052,9606.ENSP00000309474,9606.ENSP00000315988,9606.ENSP00000322716,9606.ENSP00000325313,9606.ENSP00000327786,9606.ENSP00000328228,9606.ENSP00000337746,9606.ENSP00000338217,9606.ENSP00000339208,9606.ENSP00000339484,9606.ENSP00000339532,9606.ENSP00000340648,9606.ENSP00000341382,9606.ENSP00000341610,9606.ENSP00000343535,9606.ENSP00000345848,9606.ENSP00000347532,9606.ENSP00000347719,9606.ENSP00000348381,9606.ENSP00000348645,9606.ENSP00000348708,9606.ENSP00000349568,9606.ENSP00000351008,9606.ENSP00000351407,9606.ENSP00000354560,9606.ENSP00000355465,9606.ENSP00000355467,9606.ENSP00000355492,9606.ENSP00000355500,9606.ENSP00000356169,9606.ENSP00000356607,9606.ENSP00000356825,9606.ENSP00000358064,9606.ENSP00000358421,9606.ENSP00000358903,9606.ENSP00000359049,9606.ENSP00000359345,9606.ENSP00000359380,9606.ENSP00000361107,9606.ENSP00000361990,9606.ENSP00000362299,9606.ENSP00000364037,9606.ENSP00000364289,9606.ENSP00000364403,9606.ENSP00000364591,9606.ENSP00000365550,9606.ENSP00000365692,9606.ENSP00000369238,9606.ENSP00000369581,9606.ENSP00000370517,9606.ENSP00000371180,9606.ENSP00000375836,9606.ENSP00000376097,9606.ENSP00000376268,9606.ENSP00000377176,9606.ENSP00000378312,9606.ENSP00000379390,9606.ENSP00000380450,9606.ENSP00000380679,9606.ENSP00000380878,9606.ENSP00000382382,9606.ENSP00000384015,9606.ENSP00000385000,9606.ENSP00000386962,9606.ENSP00000386992,9606.ENSP00000387699,9606.ENSP00000393183,9606.ENSP00000397261,9606.ENSP00000398211,9606.ENSP00000399862,9606.ENSP00000400175,9606.ENSP00000408005,9606.ENSP00000409126,9606.ENSP00000410452,9606.ENSP00000411848,9606.ENSP00000416750,9606.ENSP00000417769,9606.ENSP00000417960,9606.ENSP00000417980,9606.ENSP00000418944,9606.ENSP00000421339,9606.ENSP00000427552,9606.ENSP00000427793,9606.ENSP00000432660,9606.ENSP00000433761,9606.ENSP00000438483,9606.ENSP00000441158,9606.ENSP00000444810,9606.ENSP00000465589,9606.ENSP00000466664,9606.ENSP00000468785,9606.ENSP00000472914,9606.ENSP00000479207,9606.ENSP00000481859,9606.ENSP00000483059,9606.ENSP00000484862,9606.ENSP00000492233,9606.ENSP00000497594,9606.ENSP00000497916	KDM4B,KIF22,ARSA,USP11,MGA,APOA1,ZC3H13,SNAI1,SYMPK,CDC25B,SUGP1,SMARCC1,IPO8,DYNC1LI2,LRPPRC,TOPBP1,SLC40A1,CDK17,HACD3,MARS1,SRCAP,BRD4,ANKRD7,SCAP,ADAM2,GET4,FBXO7,COMMD4,CYP11A1,NUF2,TNFSF4,OLA1,ELMO2,PGLYRP2,IFT122,SEC61A2,VPS35,TPX2,SLC9C1,CATSPER1,PSMD1,DPY19L2,GLYR1,MAP1S,IZUMO1,CDCA2,ISYNA1,ZNF532,DPP8,ZFAND4,THUMPD3,HUWE1,SMC4,C15orf48,USP7,ANP32B,SHTN1,TBCD,ADD3,PXDNL,UPF2,CFAP43,LCA5L,ARNT,KIFAP3,AHCTF1,SCCPDH,CATSPERE,CEP170,ETNK2,RALGPS2,ADCY10,RPRD2,HSD3B1,CYP17A1,HENMT1,RPL5,SCD,BMPR1A,UBR2,ENG,TEX10,NCBP1,UBR4,TSPYL2,GKAP1,PIM2,ADAM32,IFNB1,PFKP,CATSPER2,HDLBP,URI1,SEC14L1,SPATA7,EFCAB5,HERPUD2,NOXO1,CCDC40,PPP3CC,USP47,SUN1,KIF2A,CATSPERG,IPO11,CREB1,DCAF1,SELENBP1,TTC21A,CNOT10,RHOA,SLC9A3R2,ANO6,STMN1,MARCHF8,STK33,IQUB,CCDC39,EHMT1,PEG10,SLCO6A1,DDR1,WWP1,CFL1,MS4A14,KPNA2,CLTCL1,FKBP5,ACSBG2,SLC44A2,MBD1,SUGP2,GALNTL5,PAN2,NR2C2,ADAM29,PIGN,UBE3A,NDN	1.8356471442155629	aquatic_slow_enrichment	False	False	False
TISSUES	BTO:0000080	Male reproductive gland	185	2658	0.12	0.29	0.0255	9606.ENSP00000003100,9606.ENSP00000159111,9606.ENSP00000160827,9606.ENSP00000199936,9606.ENSP00000205636,9606.ENSP00000215793,9606.ENSP00000216124,9606.ENSP00000218348,9606.ENSP00000219905,9606.ENSP00000230048,9606.ENSP00000236850,9606.ENSP00000242848,9606.ENSP00000244050,9606.ENSP00000245934,9606.ENSP00000245960,9606.ENSP00000247001,9606.ENSP00000254480,9606.ENSP00000256079,9606.ENSP00000258149,9606.ENSP00000258198,9606.ENSP00000260665,9606.ENSP00000260810,9606.ENSP00000261024,9606.ENSP00000261211,9606.ENSP00000261693,9606.ENSP00000261866,9606.ENSP00000261875,9606.ENSP00000262027,9606.ENSP00000262518,9606.ENSP00000263377,9606.ENSP00000265224,9606.ENSP00000265565,9606.ENSP00000265708,9606.ENSP00000265857,9606.ENSP00000266087,9606.ENSP00000267430,9606.ENSP00000267814,9606.ENSP00000267935,9606.ENSP00000268053,9606.ENSP00000271452,9606.ENSP00000271715,9606.ENSP00000272418,9606.ENSP00000273853,9606.ENSP00000276893,9606.ENSP00000281834,9606.ENSP00000284719,9606.ENSP00000290246,9606.ENSP00000292609,9606.ENSP00000296266,9606.ENSP00000298428,9606.ENSP00000299138,9606.ENSP00000300403,9606.ENSP00000304592,9606.ENSP00000306627,9606.ENSP00000309052,9606.ENSP00000309474,9606.ENSP00000315988,9606.ENSP00000322716,9606.ENSP00000323099,9606.ENSP00000325313,9606.ENSP00000327786,9606.ENSP00000328228,9606.ENSP00000337746,9606.ENSP00000338217,9606.ENSP00000339208,9606.ENSP00000339484,9606.ENSP00000339532,9606.ENSP00000340648,9606.ENSP00000341382,9606.ENSP00000341610,9606.ENSP00000343535,9606.ENSP00000343629,9606.ENSP00000343657,9606.ENSP00000345848,9606.ENSP00000347532,9606.ENSP00000347719,9606.ENSP00000348381,9606.ENSP00000348645,9606.ENSP00000348708,9606.ENSP00000349568,9606.ENSP00000351008,9606.ENSP00000351407,9606.ENSP00000354560,9606.ENSP00000355465,9606.ENSP00000355467,9606.ENSP00000355470,9606.ENSP00000355492,9606.ENSP00000355500,9606.ENSP00000355927,9606.ENSP00000356150,9606.ENSP00000356169,9606.ENSP00000356607,9606.ENSP00000356641,9606.ENSP00000356713,9606.ENSP00000356825,9606.ENSP00000358064,9606.ENSP00000358421,9606.ENSP00000358854,9606.ENSP00000358903,9606.ENSP00000359049,9606.ENSP00000359345,9606.ENSP00000359380,9606.ENSP00000361107,9606.ENSP00000361990,9606.ENSP00000362299,9606.ENSP00000364037,9606.ENSP00000364289,9606.ENSP00000364403,9606.ENSP00000364591,9606.ENSP00000364737,9606.ENSP00000364794,9606.ENSP00000364870,9606.ENSP00000365550,9606.ENSP00000365643,9606.ENSP00000365692,9606.ENSP00000366404,9606.ENSP00000369238,9606.ENSP00000369581,9606.ENSP00000369871,9606.ENSP00000370517,9606.ENSP00000370718,9606.ENSP00000371180,9606.ENSP00000375836,9606.ENSP00000376097,9606.ENSP00000376268,9606.ENSP00000377176,9606.ENSP00000377681,9606.ENSP00000378312,9606.ENSP00000379390,9606.ENSP00000380450,9606.ENSP00000380679,9606.ENSP00000380878,9606.ENSP00000381003,9606.ENSP00000382382,9606.ENSP00000384015,9606.ENSP00000385000,9606.ENSP00000386962,9606.ENSP00000386992,9606.ENSP00000387699,9606.ENSP00000393183,9606.ENSP00000393557,9606.ENSP00000397261,9606.ENSP00000397563,9606.ENSP00000398211,9606.ENSP00000399862,9606.ENSP00000400175,9606.ENSP00000408005,9606.ENSP00000409126,9606.ENSP00000410216,9606.ENSP00000410452,9606.ENSP00000411848,9606.ENSP00000414150,9606.ENSP00000416750,9606.ENSP00000417769,9606.ENSP00000417960,9606.ENSP00000417980,9606.ENSP00000418944,9606.ENSP00000421339,9606.ENSP00000427552,9606.ENSP00000427793,9606.ENSP00000432660,9606.ENSP00000433761,9606.ENSP00000438483,9606.ENSP00000441158,9606.ENSP00000444810,9606.ENSP00000451406,9606.ENSP00000462729,9606.ENSP00000465589,9606.ENSP00000466664,9606.ENSP00000468086,9606.ENSP00000468785,9606.ENSP00000469158,9606.ENSP00000471700,9606.ENSP00000472914,9606.ENSP00000478458,9606.ENSP00000479207,9606.ENSP00000481859,9606.ENSP00000483059,9606.ENSP00000483946,9606.ENSP00000484862,9606.ENSP00000492233,9606.ENSP00000497569,9606.ENSP00000497594,9606.ENSP00000497916,9606.ENSP00000498019	CYP51A1,KDM4B,KIF22,HSD17B2,CMTM6,SF3A1,ARSA,USP11,MGA,ACOT13,APOA1,ZC3H13,SNAI1,SYMPK,CDC25B,SUGP1,SMARCC1,IPO8,MDM2,DYNC1LI2,LRPPRC,TOPBP1,SLC40A1,CDK17,SCARB1,SPG11,HACD3,MARS1,SRCAP,BRD4,ANKRD7,SCAP,ADAM2,GET4,FBXO7,FANCM,SORD,COMMD4,CYP11A1,NUF2,POGZ,MRPS5,CENPC,UHRF2,TNFSF4,OLA1,ELMO2,PGLYRP2,IFT122,SEC61A2,VPS35,TPX2,FASN,SLC9C1,CATSPER1,PSMD1,DPY19L2,GLYR1,ATRIP,MAP1S,IZUMO1,CDCA2,ISYNA1,ZNF532,DPP8,ZFAND4,THUMPD3,HUWE1,SMC4,C15orf48,USP7,PRRC2C,MCCC2,ANP32B,SHTN1,TBCD,ADD3,PXDNL,UPF2,CFAP43,LCA5L,ARNT,KIFAP3,AHCTF1,SCCPDH,CNST,CATSPERE,CEP170,RPS6KC1,MDM4,ETNK2,RALGPS2,COP1,IFNGR1,ADCY10,RPRD2,HSD3B1,TAF5,CYP17A1,HENMT1,RPL5,SCD,BMPR1A,UBR2,ENG,TEX10,NCBP1,UBR4,TSPYL2,CENPP,IARS1,HSPB7,GKAP1,DOCK9,PIM2,TRIM27,ADAM32,IFNB1,HAUS6,PFKP,ASMTL,CATSPER2,HDLBP,URI1,SEC14L1,SPATA7,G3BP1,EFCAB5,HERPUD2,NOXO1,CCDC40,PPP3CC,TTC28,USP47,SUN1,KIF2A,CATSPERG,IPO11,CREB1,DCAF1,SLC4A4,SELENBP1,TENT2,TTC21A,CNOT10,RHOA,SLC9A3R2,ANO6,POC5,STMN1,MARCHF8,ERG,STK33,IQUB,CCDC39,EHMT1,PEG10,SLCO6A1,DDR1,WWP1,CFL1,MS4A14,KPNA2,CLTCL1,FKBP5,HSD17B6,OTUD7B,ACSBG2,SLC44A2,MC5R,MBD1,SPHK2,FKBP8,SUGP2,PLCL2,GALNTL5,PAN2,NR2C2,PHF19,ADAM29,PIGN,DARS2,UBE3A,NDN,RPS17	1.5934598195660448	aquatic_slow_enrichment	False	False	False
TISSUES	BTO:0003096	Internal male genital organ	168	2388	0.12	0.28	0.0311	9606.ENSP00000159111,9606.ENSP00000160827,9606.ENSP00000199936,9606.ENSP00000205636,9606.ENSP00000216124,9606.ENSP00000218348,9606.ENSP00000219905,9606.ENSP00000236850,9606.ENSP00000242848,9606.ENSP00000244050,9606.ENSP00000245934,9606.ENSP00000245960,9606.ENSP00000247001,9606.ENSP00000254480,9606.ENSP00000256079,9606.ENSP00000258149,9606.ENSP00000258198,9606.ENSP00000260665,9606.ENSP00000260810,9606.ENSP00000261024,9606.ENSP00000261211,9606.ENSP00000261693,9606.ENSP00000261875,9606.ENSP00000262027,9606.ENSP00000262518,9606.ENSP00000263377,9606.ENSP00000265224,9606.ENSP00000265565,9606.ENSP00000265708,9606.ENSP00000265857,9606.ENSP00000266087,9606.ENSP00000267430,9606.ENSP00000267814,9606.ENSP00000267935,9606.ENSP00000268053,9606.ENSP00000271452,9606.ENSP00000279058,9606.ENSP00000281834,9606.ENSP00000284719,9606.ENSP00000290246,9606.ENSP00000292609,9606.ENSP00000296266,9606.ENSP00000298428,9606.ENSP00000299138,9606.ENSP00000300403,9606.ENSP00000304592,9606.ENSP00000306627,9606.ENSP00000309052,9606.ENSP00000309474,9606.ENSP00000315988,9606.ENSP00000322716,9606.ENSP00000323099,9606.ENSP00000324127,9606.ENSP00000325313,9606.ENSP00000327786,9606.ENSP00000328228,9606.ENSP00000335281,9606.ENSP00000337746,9606.ENSP00000338217,9606.ENSP00000339208,9606.ENSP00000339484,9606.ENSP00000339532,9606.ENSP00000340648,9606.ENSP00000341382,9606.ENSP00000341610,9606.ENSP00000343535,9606.ENSP00000343657,9606.ENSP00000345848,9606.ENSP00000347532,9606.ENSP00000347719,9606.ENSP00000348381,9606.ENSP00000348645,9606.ENSP00000348708,9606.ENSP00000349568,9606.ENSP00000351008,9606.ENSP00000351407,9606.ENSP00000354560,9606.ENSP00000355465,9606.ENSP00000355467,9606.ENSP00000355492,9606.ENSP00000355500,9606.ENSP00000355927,9606.ENSP00000356150,9606.ENSP00000356169,9606.ENSP00000356607,9606.ENSP00000356713,9606.ENSP00000356825,9606.ENSP00000358064,9606.ENSP00000358421,9606.ENSP00000358854,9606.ENSP00000358903,9606.ENSP00000359049,9606.ENSP00000359345,9606.ENSP00000359380,9606.ENSP00000361107,9606.ENSP00000361990,9606.ENSP00000362299,9606.ENSP00000364037,9606.ENSP00000364289,9606.ENSP00000364403,9606.ENSP00000364591,9606.ENSP00000365550,9606.ENSP00000365643,9606.ENSP00000365692,9606.ENSP00000369238,9606.ENSP00000369581,9606.ENSP00000369871,9606.ENSP00000370517,9606.ENSP00000371180,9606.ENSP00000375836,9606.ENSP00000376097,9606.ENSP00000376268,9606.ENSP00000377176,9606.ENSP00000377681,9606.ENSP00000378312,9606.ENSP00000379390,9606.ENSP00000380450,9606.ENSP00000380679,9606.ENSP00000380878,9606.ENSP00000382382,9606.ENSP00000384015,9606.ENSP00000385000,9606.ENSP00000386962,9606.ENSP00000386992,9606.ENSP00000387699,9606.ENSP00000390423,9606.ENSP00000393183,9606.ENSP00000393557,9606.ENSP00000397261,9606.ENSP00000398211,9606.ENSP00000399862,9606.ENSP00000400175,9606.ENSP00000408005,9606.ENSP00000409126,9606.ENSP00000410216,9606.ENSP00000410452,9606.ENSP00000411848,9606.ENSP00000414150,9606.ENSP00000416750,9606.ENSP00000417769,9606.ENSP00000417960,9606.ENSP00000417980,9606.ENSP00000418944,9606.ENSP00000421339,9606.ENSP00000427552,9606.ENSP00000427793,9606.ENSP00000432660,9606.ENSP00000433761,9606.ENSP00000438483,9606.ENSP00000441158,9606.ENSP00000444810,9606.ENSP00000451406,9606.ENSP00000462729,9606.ENSP00000465589,9606.ENSP00000466664,9606.ENSP00000468785,9606.ENSP00000469158,9606.ENSP00000472914,9606.ENSP00000478458,9606.ENSP00000479207,9606.ENSP00000481859,9606.ENSP00000483059,9606.ENSP00000483946,9606.ENSP00000484862,9606.ENSP00000492233,9606.ENSP00000497594,9606.ENSP00000497916,9606.ENSP00000498019	KDM4B,KIF22,HSD17B2,CMTM6,ARSA,USP11,MGA,APOA1,ZC3H13,SNAI1,SYMPK,CDC25B,SUGP1,SMARCC1,IPO8,MDM2,DYNC1LI2,LRPPRC,TOPBP1,SLC40A1,CDK17,SCARB1,HACD3,MARS1,SRCAP,BRD4,ANKRD7,SCAP,ADAM2,GET4,FBXO7,FANCM,SORD,COMMD4,CYP11A1,NUF2,SPINT4,TNFSF4,OLA1,ELMO2,PGLYRP2,IFT122,SEC61A2,VPS35,TPX2,FASN,SLC9C1,CATSPER1,PSMD1,DPY19L2,GLYR1,ATRIP,PSD3,MAP1S,IZUMO1,CDCA2,DEFB105B,ISYNA1,ZNF532,DPP8,ZFAND4,THUMPD3,HUWE1,SMC4,C15orf48,USP7,MCCC2,ANP32B,SHTN1,TBCD,ADD3,PXDNL,UPF2,CFAP43,LCA5L,ARNT,KIFAP3,AHCTF1,SCCPDH,CATSPERE,CEP170,RPS6KC1,MDM4,ETNK2,RALGPS2,IFNGR1,ADCY10,RPRD2,HSD3B1,TAF5,CYP17A1,HENMT1,RPL5,SCD,BMPR1A,UBR2,ENG,TEX10,NCBP1,UBR4,TSPYL2,GKAP1,DOCK9,PIM2,ADAM32,IFNB1,HAUS6,PFKP,CATSPER2,HDLBP,URI1,SEC14L1,SPATA7,G3BP1,EFCAB5,HERPUD2,NOXO1,CCDC40,PPP3CC,USP47,SUN1,KIF2A,CATSPERG,IPO11,CREB1,CATSPER4,DCAF1,SLC4A4,SELENBP1,TTC21A,CNOT10,RHOA,SLC9A3R2,ANO6,POC5,STMN1,MARCHF8,ERG,STK33,IQUB,CCDC39,EHMT1,PEG10,SLCO6A1,DDR1,WWP1,CFL1,MS4A14,KPNA2,CLTCL1,FKBP5,HSD17B6,OTUD7B,ACSBG2,SLC44A2,MBD1,SPHK2,SUGP2,PLCL2,GALNTL5,PAN2,NR2C2,PHF19,ADAM29,PIGN,UBE3A,NDN,RPS17	1.5072396109731625	aquatic_slow_enrichment	False	False	False
TISSUES	BTO:0000594	Liver cancer cell	21	157	0.4	0.3	0.0435	9606.ENSP00000216271,9606.ENSP00000248923,9606.ENSP00000262301,9606.ENSP00000265565,9606.ENSP00000300403,9606.ENSP00000307023,9606.ENSP00000309262,9606.ENSP00000317272,9606.ENSP00000317872,9606.ENSP00000324127,9606.ENSP00000339208,9606.ENSP00000347852,9606.ENSP00000356169,9606.ENSP00000356448,9606.ENSP00000356641,9606.ENSP00000364037,9606.ENSP00000376097,9606.ENSP00000382382,9606.ENSP00000420588,9606.ENSP00000438483,9606.ENSP00000471683	HDAC10,GGT1,LMF1,SCAP,TPX2,KLF11,USP48,MET,RBBP6,PSD3,DPP8,SORBS2,ETNK2,TPR,COP1,TEX10,URI1,USP47,TFAM,KPNA2,SLC38A5	1.3615107430453628	aquatic_slow_enrichment	False	False	False
TISSUES	BTO:0000082	Male reproductive system	193	2838	0.11	0.26	0.0466	9606.ENSP00000003100,9606.ENSP00000159111,9606.ENSP00000160827,9606.ENSP00000199936,9606.ENSP00000205636,9606.ENSP00000215793,9606.ENSP00000216124,9606.ENSP00000218348,9606.ENSP00000219481,9606.ENSP00000219905,9606.ENSP00000230048,9606.ENSP00000236850,9606.ENSP00000242848,9606.ENSP00000244050,9606.ENSP00000245934,9606.ENSP00000245960,9606.ENSP00000247001,9606.ENSP00000254480,9606.ENSP00000256079,9606.ENSP00000258149,9606.ENSP00000258198,9606.ENSP00000260665,9606.ENSP00000260810,9606.ENSP00000261024,9606.ENSP00000261211,9606.ENSP00000261693,9606.ENSP00000261866,9606.ENSP00000261875,9606.ENSP00000262027,9606.ENSP00000262301,9606.ENSP00000262518,9606.ENSP00000263377,9606.ENSP00000265224,9606.ENSP00000265565,9606.ENSP00000265708,9606.ENSP00000265857,9606.ENSP00000266087,9606.ENSP00000267430,9606.ENSP00000267814,9606.ENSP00000267935,9606.ENSP00000268053,9606.ENSP00000271452,9606.ENSP00000271715,9606.ENSP00000272418,9606.ENSP00000273853,9606.ENSP00000276893,9606.ENSP00000279058,9606.ENSP00000281834,9606.ENSP00000284719,9606.ENSP00000290246,9606.ENSP00000292609,9606.ENSP00000296266,9606.ENSP00000298428,9606.ENSP00000299138,9606.ENSP00000300403,9606.ENSP00000304592,9606.ENSP00000306627,9606.ENSP00000309052,9606.ENSP00000309474,9606.ENSP00000315988,9606.ENSP00000322716,9606.ENSP00000323099,9606.ENSP00000324127,9606.ENSP00000325313,9606.ENSP00000327786,9606.ENSP00000328228,9606.ENSP00000332049,9606.ENSP00000335281,9606.ENSP00000337746,9606.ENSP00000338217,9606.ENSP00000339208,9606.ENSP00000339484,9606.ENSP00000339532,9606.ENSP00000340648,9606.ENSP00000341382,9606.ENSP00000341610,9606.ENSP00000343535,9606.ENSP00000343629,9606.ENSP00000343657,9606.ENSP00000345848,9606.ENSP00000347532,9606.ENSP00000347719,9606.ENSP00000348381,9606.ENSP00000348645,9606.ENSP00000348708,9606.ENSP00000349568,9606.ENSP00000351008,9606.ENSP00000351407,9606.ENSP00000354560,9606.ENSP00000355465,9606.ENSP00000355467,9606.ENSP00000355470,9606.ENSP00000355492,9606.ENSP00000355500,9606.ENSP00000355927,9606.ENSP00000356150,9606.ENSP00000356169,9606.ENSP00000356607,9606.ENSP00000356641,9606.ENSP00000356713,9606.ENSP00000356825,9606.ENSP00000358064,9606.ENSP00000358421,9606.ENSP00000358854,9606.ENSP00000358903,9606.ENSP00000359049,9606.ENSP00000359345,9606.ENSP00000359380,9606.ENSP00000361107,9606.ENSP00000361990,9606.ENSP00000362299,9606.ENSP00000364037,9606.ENSP00000364289,9606.ENSP00000364403,9606.ENSP00000364591,9606.ENSP00000364737,9606.ENSP00000364794,9606.ENSP00000364870,9606.ENSP00000365550,9606.ENSP00000365643,9606.ENSP00000365692,9606.ENSP00000366404,9606.ENSP00000369238,9606.ENSP00000369581,9606.ENSP00000369871,9606.ENSP00000370517,9606.ENSP00000370718,9606.ENSP00000371180,9606.ENSP00000375836,9606.ENSP00000376097,9606.ENSP00000376268,9606.ENSP00000377176,9606.ENSP00000377681,9606.ENSP00000378312,9606.ENSP00000379390,9606.ENSP00000380450,9606.ENSP00000380679,9606.ENSP00000380878,9606.ENSP00000381003,9606.ENSP00000382382,9606.ENSP00000384015,9606.ENSP00000385000,9606.ENSP00000386962,9606.ENSP00000386992,9606.ENSP00000387699,9606.ENSP00000390423,9606.ENSP00000393183,9606.ENSP00000393557,9606.ENSP00000397261,9606.ENSP00000397563,9606.ENSP00000398211,9606.ENSP00000399862,9606.ENSP00000400175,9606.ENSP00000408005,9606.ENSP00000409126,9606.ENSP00000410216,9606.ENSP00000410452,9606.ENSP00000411848,9606.ENSP00000414150,9606.ENSP00000416750,9606.ENSP00000417769,9606.ENSP00000417960,9606.ENSP00000417980,9606.ENSP00000418944,9606.ENSP00000421339,9606.ENSP00000427552,9606.ENSP00000427793,9606.ENSP00000432660,9606.ENSP00000433761,9606.ENSP00000438483,9606.ENSP00000441158,9606.ENSP00000444810,9606.ENSP00000451406,9606.ENSP00000457810,9606.ENSP00000462729,9606.ENSP00000465589,9606.ENSP00000466664,9606.ENSP00000468086,9606.ENSP00000468785,9606.ENSP00000469158,9606.ENSP00000471700,9606.ENSP00000472914,9606.ENSP00000478458,9606.ENSP00000479207,9606.ENSP00000481859,9606.ENSP00000483059,9606.ENSP00000483946,9606.ENSP00000484862,9606.ENSP00000492233,9606.ENSP00000497569,9606.ENSP00000497594,9606.ENSP00000497916,9606.ENSP00000498019	CYP51A1,KDM4B,KIF22,HSD17B2,CMTM6,SF3A1,ARSA,USP11,DECR2,MGA,ACOT13,APOA1,ZC3H13,SNAI1,SYMPK,CDC25B,SUGP1,SMARCC1,IPO8,MDM2,DYNC1LI2,LRPPRC,TOPBP1,SLC40A1,CDK17,SCARB1,SPG11,HACD3,MARS1,LMF1,SRCAP,BRD4,ANKRD7,SCAP,ADAM2,GET4,FBXO7,FANCM,SORD,COMMD4,CYP11A1,NUF2,POGZ,MRPS5,CENPC,UHRF2,SPINT4,TNFSF4,OLA1,ELMO2,PGLYRP2,IFT122,SEC61A2,VPS35,TPX2,FASN,SLC9C1,CATSPER1,PSMD1,DPY19L2,GLYR1,ATRIP,PSD3,MAP1S,IZUMO1,CDCA2,CD86,DEFB105B,ISYNA1,ZNF532,DPP8,ZFAND4,THUMPD3,HUWE1,SMC4,C15orf48,USP7,PRRC2C,MCCC2,ANP32B,SHTN1,TBCD,ADD3,PXDNL,UPF2,CFAP43,LCA5L,ARNT,KIFAP3,AHCTF1,SCCPDH,CNST,CATSPERE,CEP170,RPS6KC1,MDM4,ETNK2,RALGPS2,COP1,IFNGR1,ADCY10,RPRD2,HSD3B1,TAF5,CYP17A1,HENMT1,RPL5,SCD,BMPR1A,UBR2,ENG,TEX10,NCBP1,UBR4,TSPYL2,CENPP,IARS1,HSPB7,GKAP1,DOCK9,PIM2,TRIM27,ADAM32,IFNB1,HAUS6,PFKP,ASMTL,CATSPER2,HDLBP,URI1,SEC14L1,SPATA7,G3BP1,EFCAB5,HERPUD2,NOXO1,CCDC40,PPP3CC,TTC28,USP47,SUN1,KIF2A,CATSPERG,IPO11,CREB1,CATSPER4,DCAF1,SLC4A4,SELENBP1,TENT2,TTC21A,CNOT10,RHOA,SLC9A3R2,ANO6,POC5,STMN1,MARCHF8,ERG,STK33,IQUB,CCDC39,EHMT1,PEG10,SLCO6A1,DDR1,WWP1,CFL1,MS4A14,KPNA2,CLTCL1,FKBP5,HSD17B6,CENPT,OTUD7B,ACSBG2,SLC44A2,MC5R,MBD1,SPHK2,FKBP8,SUGP2,PLCL2,GALNTL5,PAN2,NR2C2,PHF19,ADAM29,PIGN,DARS2,UBE3A,NDN,RPS17	1.33161408331	aquatic_slow_enrichment	False	False	False
COMPARTMENTS	GOCC:0036128	CatSper complex	8	13	1.06	0.55	0.006	9606.ENSP00000256343,9606.ENSP00000309052,9606.ENSP00000355492,9606.ENSP00000371037,9606.ENSP00000371180,9606.ENSP00000386962,9606.ENSP00000390423,9606.ENSP00000491717	CATSPERB,CATSPER1,CATSPERE,CATSPERD,CATSPER2,CATSPERG,CATSPER4,CATSPERZ	2.221848749616356	aquatic_slow_enrichment	False	False	False
COMPARTMENTS	GOCC:0110165	Cellular anatomical entity	816	14060	0.04	0.34	0.006	9606.ENSP00000003100,9606.ENSP00000061240,9606.ENSP00000078445,9606.ENSP00000159111,9606.ENSP00000160827,9606.ENSP00000177742,9606.ENSP00000184266,9606.ENSP00000199936,9606.ENSP00000203407,9606.ENSP00000203556,9606.ENSP00000205636,9606.ENSP00000209668,9606.ENSP00000209884,9606.ENSP00000215793,9606.ENSP00000215829,9606.ENSP00000216124,9606.ENSP00000216133,9606.ENSP00000216259,9606.ENSP00000216271,9606.ENSP00000216500,9606.ENSP00000216862,9606.ENSP00000216911,9606.ENSP00000217173,9606.ENSP00000217740,9606.ENSP00000217958,9606.ENSP00000218099,9606.ENSP00000218348,9606.ENSP00000218516,9606.ENSP00000219069,9606.ENSP00000219478,9606.ENSP00000219481,9606.ENSP00000219596,9606.ENSP00000219905,9606.ENSP00000220764,9606.ENSP00000221573,9606.ENSP00000221730,9606.ENSP00000222122,9606.ENSP00000222139,9606.ENSP00000222248,9606.ENSP00000225276,9606.ENSP00000226355,9606.ENSP00000226444,9606.ENSP00000227667,9606.ENSP00000228825,9606.ENSP00000229135,9606.ENSP00000230048,9606.ENSP00000230449,9606.ENSP00000231368,9606.ENSP00000231572,9606.ENSP00000231887,9606.ENSP00000232461,9606.ENSP00000233099,9606.ENSP00000233156,9606.ENSP00000233710,9606.ENSP00000234371,9606.ENSP00000236850,9606.ENSP00000239882,9606.ENSP00000240328,9606.ENSP00000241125,9606.ENSP00000241256,9606.ENSP00000241261,9606.ENSP00000242375,9606.ENSP00000242465,9606.ENSP00000242848,9606.ENSP00000243347,9606.ENSP00000243501,9606.ENSP00000244050,9606.ENSP00000244527,9606.ENSP00000245414,9606.ENSP00000245457,9606.ENSP00000245907,9606.ENSP00000245934,9606.ENSP00000245960,9606.ENSP00000247001,9606.ENSP00000248244,9606.ENSP00000248572,9606.ENSP00000248923,9606.ENSP00000249356,9606.ENSP00000249887,9606.ENSP00000250535,9606.ENSP00000251047,9606.ENSP00000251157,9606.ENSP00000251250,9606.ENSP00000252542,9606.ENSP00000252575,9606.ENSP00000252809,9606.ENSP00000253669,9606.ENSP00000253699,9606.ENSP00000253796,9606.ENSP00000253928,9606.ENSP00000254190,9606.ENSP00000254480,9606.ENSP00000254654,9606.ENSP00000254661,9606.ENSP00000255194,9606.ENSP00000255613,9606.ENSP00000255882,9606.ENSP00000256079,9606.ENSP00000256343,9606.ENSP00000256958,9606.ENSP00000257177,9606.ENSP00000257860,9606.ENSP00000257904,9606.ENSP00000258149,9606.ENSP00000258173,9606.ENSP00000258198,9606.ENSP00000258975,9606.ENSP00000260361,9606.ENSP00000260665,9606.ENSP00000260810,9606.ENSP00000260818,9606.ENSP00000261024,9606.ENSP00000261183,9606.ENSP00000261416,9606.ENSP00000261483,9606.ENSP00000261609,9606.ENSP00000261693,9606.ENSP00000261708,9606.ENSP00000261866,9606.ENSP00000261875,9606.ENSP00000261879,9606.ENSP00000261937,9606.ENSP00000262027,9606.ENSP00000262041,9606.ENSP00000262150,9606.ENSP00000262320,9606.ENSP00000262376,9606.ENSP00000262407,9606.ENSP00000262518,9606.ENSP00000262643,9606.ENSP00000262809,9606.ENSP00000263038,9606.ENSP00000263181,9606.ENSP00000263208,9606.ENSP00000263233,9606.ENSP00000263377,9606.ENSP00000263388,9606.ENSP00000263733,9606.ENSP00000263795,9606.ENSP00000264162,9606.ENSP00000264246,9606.ENSP00000264515,9606.ENSP00000264917,9606.ENSP00000264990,9606.ENSP00000265138,9606.ENSP00000265195,9606.ENSP00000265271,9606.ENSP00000265388,9606.ENSP00000265433,9606.ENSP00000265564,9606.ENSP00000265565,9606.ENSP00000265651,9606.ENSP00000265708,9606.ENSP00000265857,9606.ENSP00000266022,9606.ENSP00000266037,9606.ENSP00000266087,9606.ENSP00000266505,9606.ENSP00000266674,9606.ENSP00000266679,9606.ENSP00000266682,9606.ENSP00000266735,9606.ENSP00000267430,9606.ENSP00000267622,9606.ENSP00000267814,9606.ENSP00000267953,9606.ENSP00000268053,9606.ENSP00000268122,9606.ENSP00000268150,9606.ENSP00000268182,9606.ENSP00000268655,9606.ENSP00000268668,9606.ENSP00000269394,9606.ENSP00000269701,9606.ENSP00000269881,9606.ENSP00000270645,9606.ENSP00000271417,9606.ENSP00000271452,9606.ENSP00000271588,9606.ENSP00000271715,9606.ENSP00000271732,9606.ENSP00000272164,9606.ENSP00000272321,9606.ENSP00000272418,9606.ENSP00000273853,9606.ENSP00000274054,9606.ENSP00000274276,9606.ENSP00000274721,9606.ENSP00000275461,9606.ENSP00000276055,9606.ENSP00000276893,9606.ENSP00000278070,9606.ENSP00000279392,9606.ENSP00000281834,9606.ENSP00000282041,9606.ENSP00000282276,9606.ENSP00000282588,9606.ENSP00000282633,9606.ENSP00000283254,9606.ENSP00000283629,9606.ENSP00000284425,9606.ENSP00000284551,9606.ENSP00000284617,9606.ENSP00000284719,9606.ENSP00000285379,9606.ENSP00000285407,9606.ENSP00000285518,9606.ENSP00000285968,9606.ENSP00000286758,9606.ENSP00000287647,9606.ENSP00000288266,9606.ENSP00000288937,9606.ENSP00000290246,9606.ENSP00000290649,9606.ENSP00000291041,9606.ENSP00000291495,9606.ENSP00000292363,9606.ENSP00000292432,9606.ENSP00000292609,9606.ENSP00000293879,9606.ENSP00000293883,9606.ENSP00000294008,9606.ENSP00000294016,9606.ENSP00000294413,9606.ENSP00000294724,9606.ENSP00000295079,9606.ENSP00000295488,9606.ENSP00000295756,9606.ENSP00000295888,9606.ENSP00000296266,9606.ENSP00000296420,9606.ENSP00000296785,9606.ENSP00000297044,9606.ENSP00000297145,9606.ENSP00000298292,9606.ENSP00000298299,9606.ENSP00000298428,9606.ENSP00000298556,9606.ENSP00000298910,9606.ENSP00000299138,9606.ENSP00000299155,9606.ENSP00000299798,9606.ENSP00000300184,9606.ENSP00000300190,9606.ENSP00000300403,9606.ENSP00000301050,9606.ENSP00000301280,9606.ENSP00000301458,9606.ENSP00000301466,9606.ENSP00000301645,9606.ENSP00000301921,9606.ENSP00000302413,9606.ENSP00000302621,9606.ENSP00000302961,9606.ENSP00000303246,9606.ENSP00000303427,9606.ENSP00000303758,9606.ENSP00000304283,9606.ENSP00000304429,9606.ENSP00000304553,9606.ENSP00000304586,9606.ENSP00000304592,9606.ENSP00000304915,9606.ENSP00000305416,9606.ENSP00000306015,9606.ENSP00000306220,9606.ENSP00000306548,9606.ENSP00000306997,9606.ENSP00000307023,9606.ENSP00000307143,9606.ENSP00000307156,9606.ENSP00000308022,9606.ENSP00000308024,9606.ENSP00000308541,9606.ENSP00000309052,9606.ENSP00000309092,9606.ENSP00000309096,9606.ENSP00000309262,9606.ENSP00000309474,9606.ENSP00000309504,9606.ENSP00000309597,9606.ENSP00000309741,9606.ENSP00000309790,9606.ENSP00000310036,9606.ENSP00000310405,9606.ENSP00000310721,9606.ENSP00000310842,9606.ENSP00000311648,9606.ENSP00000312066,9606.ENSP00000312293,9606.ENSP00000313050,9606.ENSP00000313582,9606.ENSP00000313851,9606.ENSP00000314030,9606.ENSP00000314036,9606.ENSP00000315371,9606.ENSP00000315379,9606.ENSP00000315713,9606.ENSP00000315988,9606.ENSP00000316054,9606.ENSP00000316416,9606.ENSP00000317272,9606.ENSP00000317686,9606.ENSP00000317872,9606.ENSP00000318029,9606.ENSP00000319141,9606.ENSP00000320885,9606.ENSP00000321326,9606.ENSP00000321345,9606.ENSP00000321348,9606.ENSP00000321573,9606.ENSP00000321584,9606.ENSP00000322323,9606.ENSP00000322716,9606.ENSP00000322845,9606.ENSP00000323099,9606.ENSP00000323280,9606.ENSP00000323588,9606.ENSP00000323635,9606.ENSP00000323872,9606.ENSP00000324127,9606.ENSP00000324343,9606.ENSP00000324510,9606.ENSP00000325120,9606.ENSP00000325313,9606.ENSP00000325785,9606.ENSP00000326519,9606.ENSP00000326550,9606.ENSP00000326563,9606.ENSP00000326570,9606.ENSP00000327760,9606.ENSP00000327786,9606.ENSP00000327821,9606.ENSP00000327890,9606.ENSP00000328174,9606.ENSP00000328228,9606.ENSP00000328327,9606.ENSP00000328347,9606.ENSP00000329200,9606.ENSP00000330200,9606.ENSP00000330382,9606.ENSP00000330878,9606.ENSP00000331111,9606.ENSP00000331302,9606.ENSP00000332049,9606.ENSP00000332293,9606.ENSP00000333212,9606.ENSP00000333223,9606.ENSP00000333363,9606.ENSP00000333539,9606.ENSP00000334374,9606.ENSP00000334448,9606.ENSP00000334538,9606.ENSP00000335247,9606.ENSP00000335281,9606.ENSP00000337014,9606.ENSP00000337146,9606.ENSP00000337224,9606.ENSP00000337746,9606.ENSP00000337816,9606.ENSP00000338185,9606.ENSP00000338807,9606.ENSP00000339208,9606.ENSP00000339532,9606.ENSP00000339720,9606.ENSP00000339804,9606.ENSP00000340292,9606.ENSP00000340648,9606.ENSP00000340896,9606.ENSP00000341051,9606.ENSP00000341324,9606.ENSP00000341382,9606.ENSP00000341610,9606.ENSP00000341637,9606.ENSP00000342023,9606.ENSP00000342278,9606.ENSP00000342699,9606.ENSP00000342850,9606.ENSP00000343331,9606.ENSP00000343493,9606.ENSP00000343535,9606.ENSP00000343629,9606.ENSP00000343657,9606.ENSP00000343885,9606.ENSP00000343957,9606.ENSP00000344220,9606.ENSP00000344392,9606.ENSP00000344458,9606.ENSP00000345681,9606.ENSP00000345848,9606.ENSP00000345853,9606.ENSP00000346175,9606.ENSP00000347409,9606.ENSP00000347532,9606.ENSP00000347719,9606.ENSP00000347778,9606.ENSP00000347821,9606.ENSP00000347852,9606.ENSP00000348169,9606.ENSP00000348349,9606.ENSP00000348381,9606.ENSP00000348573,9606.ENSP00000348645,9606.ENSP00000348708,9606.ENSP00000348775,9606.ENSP00000348931,9606.ENSP00000349204,9606.ENSP00000349205,9606.ENSP00000349568,9606.ENSP00000349967,9606.ENSP00000350249,9606.ENSP00000350266,9606.ENSP00000350310,9606.ENSP00000350386,9606.ENSP00000351059,9606.ENSP00000351075,9606.ENSP00000351250,9606.ENSP00000351407,9606.ENSP00000351446,9606.ENSP00000351575,9606.ENSP00000351619,9606.ENSP00000352288,9606.ENSP00000352516,9606.ENSP00000352544,9606.ENSP00000353013,9606.ENSP00000353408,9606.ENSP00000353538,9606.ENSP00000353874,9606.ENSP00000354003,9606.ENSP00000354314,9606.ENSP00000354511,9606.ENSP00000354560,9606.ENSP00000354607,9606.ENSP00000354633,9606.ENSP00000354878,9606.ENSP00000355022,9606.ENSP00000355237,9606.ENSP00000355465,9606.ENSP00000355467,9606.ENSP00000355470,9606.ENSP00000355492,9606.ENSP00000355500,9606.ENSP00000355517,9606.ENSP00000355631,9606.ENSP00000355632,9606.ENSP00000355652,9606.ENSP00000355927,9606.ENSP00000355929,9606.ENSP00000355968,9606.ENSP00000356024,9606.ENSP00000356150,9606.ENSP00000356169,9606.ENSP00000356448,9606.ENSP00000356579,9606.ENSP00000356634,9606.ENSP00000356641,9606.ENSP00000356658,9606.ENSP00000356671,9606.ENSP00000356687,9606.ENSP00000356713,9606.ENSP00000356825,9606.ENSP00000356840,9606.ENSP00000357012,9606.ENSP00000357022,9606.ENSP00000357036,9606.ENSP00000357288,9606.ENSP00000357470,9606.ENSP00000357474,9606.ENSP00000357838,9606.ENSP00000357873,9606.ENSP00000357914,9606.ENSP00000358060,9606.ENSP00000358064,9606.ENSP00000358120,9606.ENSP00000358142,9606.ENSP00000358421,9606.ENSP00000358490,9606.ENSP00000358501,9606.ENSP00000358548,9606.ENSP00000358727,9606.ENSP00000358778,9606.ENSP00000358794,9606.ENSP00000358854,9606.ENSP00000358903,9606.ENSP00000358925,9606.ENSP00000359049,9606.ENSP00000359114,9606.ENSP00000359224,9606.ENSP00000359345,9606.ENSP00000359380,9606.ENSP00000359557,9606.ENSP00000359682,9606.ENSP00000359892,9606.ENSP00000359976,9606.ENSP00000360162,9606.ENSP00000360250,9606.ENSP00000361107,9606.ENSP00000361383,9606.ENSP00000361666,9606.ENSP00000361990,9606.ENSP00000362018,9606.ENSP00000362058,9606.ENSP00000362298,9606.ENSP00000362299,9606.ENSP00000362441,9606.ENSP00000362674,9606.ENSP00000362746,9606.ENSP00000362748,9606.ENSP00000362751,9606.ENSP00000362763,9606.ENSP00000362795,9606.ENSP00000362931,9606.ENSP00000363089,9606.ENSP00000363524,9606.ENSP00000363591,9606.ENSP00000363640,9606.ENSP00000363773,9606.ENSP00000363891,9606.ENSP00000364037,9606.ENSP00000364166,9606.ENSP00000364289,9606.ENSP00000364389,9606.ENSP00000364403,9606.ENSP00000364591,9606.ENSP00000364782,9606.ENSP00000364794,9606.ENSP00000364870,9606.ENSP00000364949,9606.ENSP00000365441,9606.ENSP00000365505,9606.ENSP00000365550,9606.ENSP00000365643,9606.ENSP00000365692,9606.ENSP00000365858,9606.ENSP00000366307,9606.ENSP00000366404,9606.ENSP00000366475,9606.ENSP00000366898,9606.ENSP00000366945,9606.ENSP00000367024,9606.ENSP00000367406,9606.ENSP00000367817,9606.ENSP00000367880,9606.ENSP00000368127,9606.ENSP00000368318,9606.ENSP00000368538,9606.ENSP00000369014,9606.ENSP00000369411,9606.ENSP00000369442,9606.ENSP00000369581,9606.ENSP00000369871,9606.ENSP00000369887,9606.ENSP00000369899,9606.ENSP00000370483,9606.ENSP00000370517,9606.ENSP00000370698,9606.ENSP00000370718,9606.ENSP00000370842,9606.ENSP00000370990,9606.ENSP00000371037,9606.ENSP00000371067,9606.ENSP00000371180,9606.ENSP00000371347,9606.ENSP00000371425,9606.ENSP00000372390,9606.ENSP00000372445,9606.ENSP00000373304,9606.ENSP00000373600,9606.ENSP00000373979,9606.ENSP00000375063,9606.ENSP00000375086,9606.ENSP00000375836,9606.ENSP00000376097,9606.ENSP00000376197,9606.ENSP00000376268,9606.ENSP00000376352,9606.ENSP00000376753,9606.ENSP00000376899,9606.ENSP00000377055,9606.ENSP00000377176,9606.ENSP00000377245,9606.ENSP00000377411,9606.ENSP00000377681,9606.ENSP00000377801,9606.ENSP00000377971,9606.ENSP00000378058,9606.ENSP00000378131,9606.ENSP00000378356,9606.ENSP00000378416,9606.ENSP00000378426,9606.ENSP00000378485,9606.ENSP00000378784,9606.ENSP00000378920,9606.ENSP00000378935,9606.ENSP00000378974,9606.ENSP00000379047,9606.ENSP00000379078,9606.ENSP00000379111,9606.ENSP00000379330,9606.ENSP00000379387,9606.ENSP00000379621,9606.ENSP00000379654,9606.ENSP00000379808,9606.ENSP00000379911,9606.ENSP00000379946,9606.ENSP00000380256,9606.ENSP00000380450,9606.ENSP00000380514,9606.ENSP00000380679,9606.ENSP00000380759,9606.ENSP00000380878,9606.ENSP00000381003,9606.ENSP00000381823,9606.ENSP00000382382,9606.ENSP00000382423,9606.ENSP00000382953,9606.ENSP00000383295,9606.ENSP00000384015,9606.ENSP00000384183,9606.ENSP00000384524,9606.ENSP00000384527,9606.ENSP00000384582,9606.ENSP00000384899,9606.ENSP00000384957,9606.ENSP00000384996,9606.ENSP00000385000,9606.ENSP00000385721,9606.ENSP00000385927,9606.ENSP00000386559,9606.ENSP00000386787,9606.ENSP00000386962,9606.ENSP00000386992,9606.ENSP00000387185,9606.ENSP00000387471,9606.ENSP00000387699,9606.ENSP00000390204,9606.ENSP00000390423,9606.ENSP00000390613,9606.ENSP00000390637,9606.ENSP00000391101,9606.ENSP00000391311,9606.ENSP00000393183,9606.ENSP00000393313,9606.ENSP00000393557,9606.ENSP00000393847,9606.ENSP00000394227,9606.ENSP00000394560,9606.ENSP00000395232,9606.ENSP00000395929,9606.ENSP00000396345,9606.ENSP00000396755,9606.ENSP00000397261,9606.ENSP00000397563,9606.ENSP00000398698,9606.ENSP00000399851,9606.ENSP00000399862,9606.ENSP00000400175,9606.ENSP00000402060,9606.ENSP00000402257,9606.ENSP00000403077,9606.ENSP00000403104,9606.ENSP00000403226,9606.ENSP00000403495,9606.ENSP00000405004,9606.ENSP00000405926,9606.ENSP00000406549,9606.ENSP00000408005,9606.ENSP00000409126,9606.ENSP00000410186,9606.ENSP00000410216,9606.ENSP00000410452,9606.ENSP00000410552,9606.ENSP00000411848,9606.ENSP00000412209,9606.ENSP00000413017,9606.ENSP00000413625,9606.ENSP00000413720,9606.ENSP00000414150,9606.ENSP00000414378,9606.ENSP00000415283,9606.ENSP00000415464,9606.ENSP00000416387,9606.ENSP00000416534,9606.ENSP00000417335,9606.ENSP00000417573,9606.ENSP00000417601,9606.ENSP00000417710,9606.ENSP00000417748,9606.ENSP00000417960,9606.ENSP00000417980,9606.ENSP00000418735,9606.ENSP00000418767,9606.ENSP00000418944,9606.ENSP00000419879,9606.ENSP00000420040,9606.ENSP00000420525,9606.ENSP00000420588,9606.ENSP00000421339,9606.ENSP00000421592,9606.ENSP00000421801,9606.ENSP00000422591,9606.ENSP00000423067,9606.ENSP00000424571,9606.ENSP00000426528,9606.ENSP00000426809,9606.ENSP00000427550,9606.ENSP00000427552,9606.ENSP00000427793,9606.ENSP00000428657,9606.ENSP00000430620,9606.ENSP00000430656,9606.ENSP00000432511,9606.ENSP00000432660,9606.ENSP00000433681,9606.ENSP00000435954,9606.ENSP00000436607,9606.ENSP00000437532,9606.ENSP00000438406,9606.ENSP00000438483,9606.ENSP00000439768,9606.ENSP00000440915,9606.ENSP00000441158,9606.ENSP00000441600,9606.ENSP00000441641,9606.ENSP00000441954,9606.ENSP00000443021,9606.ENSP00000443291,9606.ENSP00000444810,9606.ENSP00000449381,9606.ENSP00000450337,9606.ENSP00000450480,9606.ENSP00000450969,9606.ENSP00000451172,9606.ENSP00000451583,9606.ENSP00000453562,9606.ENSP00000453801,9606.ENSP00000454545,9606.ENSP00000454973,9606.ENSP00000455064,9606.ENSP00000456340,9606.ENSP00000457421,9606.ENSP00000457810,9606.ENSP00000458585,9606.ENSP00000458879,9606.ENSP00000462729,9606.ENSP00000463051,9606.ENSP00000463254,9606.ENSP00000463978,9606.ENSP00000465075,9606.ENSP00000465589,9606.ENSP00000466542,9606.ENSP00000466664,9606.ENSP00000468086,9606.ENSP00000468785,9606.ENSP00000469158,9606.ENSP00000469534,9606.ENSP00000469696,9606.ENSP00000470142,9606.ENSP00000470788,9606.ENSP00000471457,9606.ENSP00000471683,9606.ENSP00000471700,9606.ENSP00000471896,9606.ENSP00000472914,9606.ENSP00000473665,9606.ENSP00000478458,9606.ENSP00000478699,9606.ENSP00000479617,9606.ENSP00000479667,9606.ENSP00000479860,9606.ENSP00000480524,9606.ENSP00000480680,9606.ENSP00000481625,9606.ENSP00000481850,9606.ENSP00000481859,9606.ENSP00000481893,9606.ENSP00000482032,9606.ENSP00000482232,9606.ENSP00000482732,9606.ENSP00000482760,9606.ENSP00000483059,9606.ENSP00000483228,9606.ENSP00000483397,9606.ENSP00000483570,9606.ENSP00000483667,9606.ENSP00000483946,9606.ENSP00000484060,9606.ENSP00000484176,9606.ENSP00000484810,9606.ENSP00000484862,9606.ENSP00000485010,9606.ENSP00000485513,9606.ENSP00000486725,9606.ENSP00000489597,9606.ENSP00000490829,9606.ENSP00000491717,9606.ENSP00000492233,9606.ENSP00000493536,9606.ENSP00000495240,9606.ENSP00000496396,9606.ENSP00000496625,9606.ENSP00000496870,9606.ENSP00000497069,9606.ENSP00000497274,9606.ENSP00000497294,9606.ENSP00000497569,9606.ENSP00000497594,9606.ENSP00000497916,9606.ENSP00000498019,9606.ENSP00000498241,9606.ENSP00000498512,9606.ENSP00000498622,9606.ENSP00000498791,9606.ENSP00000499037,9606.ENSP00000499371,9606.ENSP00000499569	CYP51A1,TLL1,CREB3L3,KDM4B,KIF22,MRPS34,NDUFB4,HSD17B2,UQCRC1,GMIP,CMTM6,ADH1A,KLHL20,SF3A1,SNRPD3,ARSA,CBX7,PMM1,HDAC10,DHRS7,CYP24A1,AURKA,UBOX5,RNF125,PSMD10,F9,USP11,GLA,ZNF263,ZNF500,DECR2,MEFV,MGA,DECR1,SNAPC2,EPHX3,DBP,EPOR,SLC5A5,ST6GALNAC2,AFM,SULT1E1,APOC3,ARPC3,IFNG,ACOT13,EXOC2,LNPEP,RARS1,EHHADH,GNAT1,HEATR5B,TFPI,ACADL,KISS1R,APOA1,ELF1,TBX2,GJA3,GHSR,TNFSF10,AKR1D1,SRGN,ZC3H13,TNFAIP6,PLA2G12A,SNAI1,SLC17A1,IRF1,PTGER2,C3,SYMPK,CDC25B,SUGP1,TICAM1,GNGT1,GGT1,DNAJB9,ACKR4,CDO1,LMAN1,DOCK7,DTWD1,SAFB2,NCAN,GDF15,HAUS8,RBSN,RAMP2,FLYWCH1,CHSY1,SMARCC1,ILKAP,RAMP1,AP3B1,KMT5C,PI4KA,IPO8,CATSPERB,SLCO1B1,TUT4,PRPH,CDK4,MDM2,TMEM231,DYNC1LI2,TACO1,NDUFAF1,LRPPRC,TOPBP1,DNAJC13,SLC40A1,OSBPL8,HEXB,MAN2A1,HERC2,SCARB1,UTP6,SPG11,HACD3,APH1B,FLT4,MARS1,MEOX2,CDH19,AXIN1,UBN1,ITGA2B,SRCAP,CCNE1,ELL,PHYH,KIF18A,HIRA,SYP,BRD4,NOTCH3,FAM20B,WDR76,LCT,CD80,RBBP5,PDE8B,ACAD11,ARRDC3,SIL1,RBM27,TNPO3,NBN,EXOSC7,SCAP,FBXO3,ADAM2,GET4,RBM6,DOCK3,FBXO7,PLCZ1,LGR5,CPSF6,SLC6A15,SNRPF,FANCM,TRIP11,SORD,BCL2A1,CYP11A1,RHCG,MFGE8,IQGAP1,ZNF174,NDUFB10,ZNF750,AKAP8,CALR3,RCN3,ILDR2,NUF2,HMCN1,POGZ,GOLPH3L,WNT9A,WDPCP,MRPS5,CENPC,NAF1,OSMR,GFRA3,FERD3L,CHST7,UHRF2,PPRC1,HIRIP3,TNFSF4,EPG5,MARS2,ITGA1,WASHC2A,SCN3A,UBP1,ABCA6,TRIM11,CCSAP,OLA1,CA2,KLF10,AGPAT5,NUP205,CXCL13,FANCD2,APPL1,MRPL17,ELMO2,AMFR,PSKH1,CILP2,RNF126,HK3,PGLYRP2,WDR90,WDR24,SLX4,ADCY9,RHCE,AGL,MAIP1,HELQ,TRAT1,WDFY3,IFT122,EMCN,ANKRA2,CYTH3,BMT2,DNAAF2,ZNF22,SEC61A2,HPRT1,LRRK2,VPS35,AMN,SLC9A5,MS4A7,MS4A5,TPX2,CACNB3,CHAF1A,CD320,SOAT2,CYP7A1,SOX7,TPST1,LRG1,HSPA4,ACOT12,PDS5A,LUZP1,RAC3,SNX7,MPLKIP,ANKS3,FASN,IL13,S1PR1,SYNPO2,MMGT1,MRPL13,MYOZ2,KLF11,DONSON,LAMB2,TADA2B,PCSK1,F2,CATSPER1,GMPPB,B4GAT1,USP48,PSMD1,SLC26A7,MAP3K11,SLCO4C1,MIS18BP1,CD34,XCR1,CYP7B1,FANCI,UGT8,SRP68,MOBP,NIPSNAP2,ZNF436,PDS5B,DNAJA2,AGPAT4,ANO5,PRPF3,SSH1,DPY19L2,DVL3,CSH1,MET,ZFP42,RBBP6,ODF3L2,CYBRD1,SPAST,F2R,IL23R,DIAPH2,DCBLD2,IMPDH2,FAM20C,GLYR1,ZMYM3,ATRIP,CD6,SOX2,FAM210A,P2RY11,PSD3,UPB1,BAIAP3,PGR,MAP1S,SPECC1L,PAGR1,TACC3,KDM3B,FKRP,CLASP2,IZUMO1,XPOT,IL3RA,PIF1,CDCA2,ASB7,FAM110C,STAC3,BTNL9,PDGFB,KPNA7,ZNRD1,ELOA2,CD86,ASCL2,CYP2U1,ZNF470,DNAH8,MIPOL1,SLITRK2,GNG2,SREK1,STARD10,DEFB105B,HJV,ENOX2,LRAT,ISYNA1,MMP25,PLCB1,ZBTB49,DPP8,THUMPD3,NDUFA4,TSLP,DLK1,HUWE1,ASH2L,CLEC18B,SRFBP1,SMC4,C15orf48,NCR3LG1,FBXO38,OAS2,CFAP36,SERPINA6,LIPI,C17orf99,USP7,PRRC2C,MCCC2,PPA2,IFNAR2,PDPK1,CLUAP1,PROZ,GATA2,ANP32B,DUSP9,SETDB2,KEL,SHTN1,TBCD,SLC26A8,MORC4,SORBS2,NLGN4Y,MYO9A,ADD3,AKAP9,PXDNL,UPF2,ACOX3,FABP7,CRB3,PIK3R4,CFAP43,CCRL2,POT1,DENND2D,ATP2B4,CHM,CX3CR1,SUSD2,TRIM33,ARNT,WDR5,BDP1,PBLD,PLXNB2,DNMT1,CPLX2,CLEC14A,MSN,LRRCC1,TLR9,GYPA,HAO2,COMT,KIFAP3,FZD5,TAF11,KIF21A,TEDC2,CDC42BPB,AHCTF1,SCCPDH,CNST,CATSPERE,CEP170,KMO,OTX1,GALNT2,RHOU,RPS6KC1,ANGEL2,SLC30A1,CR2,MDM4,ETNK2,TPR,CEP350,PAPPA2,COP1,GPR52,SERPINC1,SLC9C2,IFNGR1,ADCY10,POU2F1,CD244,SLAMF7,SLAMF6,LAMTOR2,IL6R,CEP85L,OAT,ACADSB,GABPB2,TARS2,RPRD2,PLEKHO1,SV2A,HSD3B1,CD2,CD58,NRAS,GSTO1,LRIF1,SLC16A4,TAF5,CYP17A1,PSRC1,HENMT1,COL11A1,ALG14,RPL5,SCD,LDOC1,BRS3,SLC44A5,CTH,SMARCA1,ENTPD1,BMPR1A,AIF1L,SLC22A7,UBR2,CENPI,NDUFS5,SGPL1,ENG,ATRX,HDAC8,GPR21,TET1,RABGAP1,ZBTB6,CXCR3,SRPK1,TLR4,KIF4A,BAK1,PHF1,C1QA,SLC38A10,TEX10,TMEM225,NCBP1,CDC14B,UBR4,TSPYL2,NEU1,IARS1,HSPB7,DDAH2,CACNA1F,PLP2,GKAP1,DOCK9,PIM2,GATA1,THBD,TRIM27,ATG2A,HIF3A,SLC25A51,NAA40,TAF2,PODXL,PIGO,C4orf47,PUSL1,TNFRSF4,NDNF,RFC3,KL,IFNB1,HAUS6,SLTM,RRAGA,NLGN4X,PFKP,IL6ST,ASMTL,IL33,SHOX,CATSPERD,JAK2,CATSPER2,ANGPT4,IFNGR2,SLC7A4,METTL17,CCDC174,LRRK1,TRAPPC9,NLRP5,CCL25,HDLBP,URI1,TFRC,SEC14L1,PDK1,GIPC1,PTGFRN,PRCP,SPATA7,KEAP1,NDUFA4L2,G3BP1,RCCD1,ANKLE1,EFEMP1,CFI,KIF20A,ALAS1,VKORC1,MATK,PHF20L1,SLC26A6,PPHLN1,MAPK8,CCDC51,EHMT2,IL4R,NFATC2,ZNF445,SNX16,MARF1,ATF7IP2,CENPK,BICRA,CCNF,NOXO1,HAGH,CCDC40,PRMT2,PPP3CC,TTC28,SEC24A,USP47,MAP3K1,GABRA5,NBEA,SUN1,CASTOR1,ETV2,ZBTB40,ADGRV1,GATAD2A,F11,TBC1D10A,KIF2A,GGT2,RMDN1,CD8A,TMEM131L,CATSPERG,IPO11,PGGHG,CIAO2B,CREB1,HEPACAM2,CATSPER4,BTNL2,SLC14A1,SLFN14,SEPTIN5,DCAF1,EPS15L1,SLC4A4,PLA2G10,CSF2RA,MAPK9,MTFR2,NSD1,CHD9,CNTD2,SELENBP1,TENT2,TNF,POLG,CNOT10,RHOA,PVR,RUNX1T1,VKORC1L1,SIGIRR,BHLHB9,LTA,ACVR1,TMED7,TAF1,SLC9A3R2,ANO6,AK9,POC5,STMN1,SIMC1,MARCHF8,IL5RA,CCDC28B,FNBP1,CDKN1C,ERG,EFNA4,ICAM2,LARP4,FBLIM1,DDX46,ROBO2,YIPF6,FBXL2,DPPA2,DDI2,CCDC39,EHMT1,ADAMTS9,TREML2,PEG10,CDS2,KCNIP2,TFR2,TFAM,SLCO6A1,ALYREF,HGFAC,SLIT2,WDR36,FBN2,AMER2,PROM1,CEP192,DDR1,WWP1,NAIP,HEPH,CA1,JAK3,CFL1,NCAPD3,KCNV1,ADM,CCDC189,SLAMF1,KPNA2,TMEM50B,PRORP,CLTCL1,CCR3,PRR14,SMAD5,RASSF3,FAR2,FKBP5,MAPKAPK5,PPFIA2,ATP10A,ZBTB33,SERPINA4,DMAC2L,BCL2L10,WDR61,RBM15B,SCAPER,SLC7A6,DET1,PECAM1,CENPT,MMP12,ZSCAN10,OTUD7B,GDF2,CCDC178,SLC16A3,SPC24,ACSBG2,TLE2,SLC44A2,MC5R,MBD1,SPHK2,WIZ,PDE4C,UPF1,IL12RB1,MYO9B,SLC38A5,FKBP8,IRF3,SUGP2,SBNO1,PLCL2,TNFRSF9,UHRF1,RPS6KA5,CIB1,GTF2IRD2B,SEMA3B,SLC6A6,JADE3,PAN2,CNOT6,IP6K1,CGA,PTPN9,PCSK6,NR2C2,PPP4R3B,FSBP,BTK,CHD1,PHF19,PACSIN1,CLEC18A,ZNF274,ADAM29,CIITA,WASHC2C,PPIL2,PTPN11,SPACA6,CATSPERZ,PIGN,SAMHD1,CHD8,AVPR2,CYP21A2,LRP2,IGF1R,ABCC2,LHB,DARS2,UBE3A,NDN,RPS17,INKA1,ADAM20,MIP,MED19,CBLB,ERCC6L2,SCN11A	2.221848749616356	aquatic_slow_enrichment	False	False	False
COMPARTMENTS	GOCC:0005622	Intracellular	679	11512	0.04	0.29	0.0206	9606.ENSP00000003100,9606.ENSP00000078445,9606.ENSP00000159111,9606.ENSP00000160827,9606.ENSP00000177742,9606.ENSP00000184266,9606.ENSP00000199936,9606.ENSP00000203407,9606.ENSP00000203556,9606.ENSP00000205636,9606.ENSP00000209668,9606.ENSP00000209884,9606.ENSP00000215793,9606.ENSP00000215829,9606.ENSP00000216124,9606.ENSP00000216133,9606.ENSP00000216259,9606.ENSP00000216271,9606.ENSP00000216500,9606.ENSP00000216862,9606.ENSP00000216911,9606.ENSP00000217173,9606.ENSP00000217740,9606.ENSP00000217958,9606.ENSP00000218099,9606.ENSP00000218348,9606.ENSP00000218516,9606.ENSP00000219069,9606.ENSP00000219478,9606.ENSP00000219481,9606.ENSP00000219596,9606.ENSP00000219905,9606.ENSP00000220764,9606.ENSP00000221573,9606.ENSP00000221665,9606.ENSP00000221730,9606.ENSP00000222122,9606.ENSP00000222248,9606.ENSP00000225276,9606.ENSP00000226444,9606.ENSP00000228825,9606.ENSP00000229135,9606.ENSP00000229633,9606.ENSP00000230048,9606.ENSP00000230449,9606.ENSP00000231368,9606.ENSP00000231572,9606.ENSP00000231887,9606.ENSP00000232461,9606.ENSP00000233156,9606.ENSP00000233710,9606.ENSP00000236850,9606.ENSP00000239882,9606.ENSP00000240328,9606.ENSP00000242375,9606.ENSP00000242465,9606.ENSP00000242848,9606.ENSP00000243347,9606.ENSP00000244050,9606.ENSP00000245414,9606.ENSP00000245907,9606.ENSP00000245934,9606.ENSP00000245960,9606.ENSP00000247001,9606.ENSP00000248244,9606.ENSP00000248572,9606.ENSP00000249356,9606.ENSP00000250535,9606.ENSP00000251047,9606.ENSP00000251250,9606.ENSP00000252542,9606.ENSP00000252575,9606.ENSP00000252809,9606.ENSP00000253669,9606.ENSP00000253699,9606.ENSP00000253778,9606.ENSP00000253796,9606.ENSP00000253928,9606.ENSP00000254190,9606.ENSP00000254480,9606.ENSP00000254654,9606.ENSP00000255194,9606.ENSP00000255613,9606.ENSP00000255882,9606.ENSP00000256079,9606.ENSP00000257177,9606.ENSP00000257860,9606.ENSP00000257904,9606.ENSP00000258149,9606.ENSP00000258198,9606.ENSP00000258975,9606.ENSP00000260361,9606.ENSP00000260665,9606.ENSP00000260810,9606.ENSP00000260818,9606.ENSP00000261183,9606.ENSP00000261416,9606.ENSP00000261483,9606.ENSP00000261609,9606.ENSP00000261693,9606.ENSP00000261708,9606.ENSP00000261866,9606.ENSP00000261875,9606.ENSP00000261879,9606.ENSP00000261937,9606.ENSP00000262027,9606.ENSP00000262041,9606.ENSP00000262320,9606.ENSP00000262376,9606.ENSP00000262407,9606.ENSP00000262457,9606.ENSP00000262518,9606.ENSP00000262643,9606.ENSP00000262809,9606.ENSP00000263038,9606.ENSP00000263181,9606.ENSP00000263208,9606.ENSP00000263233,9606.ENSP00000263377,9606.ENSP00000263388,9606.ENSP00000263733,9606.ENSP00000263795,9606.ENSP00000264515,9606.ENSP00000264917,9606.ENSP00000264990,9606.ENSP00000265138,9606.ENSP00000265195,9606.ENSP00000265271,9606.ENSP00000265388,9606.ENSP00000265433,9606.ENSP00000265564,9606.ENSP00000265565,9606.ENSP00000265651,9606.ENSP00000265857,9606.ENSP00000266022,9606.ENSP00000266037,9606.ENSP00000266087,9606.ENSP00000266505,9606.ENSP00000266674,9606.ENSP00000266679,9606.ENSP00000266735,9606.ENSP00000267430,9606.ENSP00000267622,9606.ENSP00000267814,9606.ENSP00000267953,9606.ENSP00000268053,9606.ENSP00000268150,9606.ENSP00000268182,9606.ENSP00000268655,9606.ENSP00000268668,9606.ENSP00000269373,9606.ENSP00000269394,9606.ENSP00000269701,9606.ENSP00000269881,9606.ENSP00000270645,9606.ENSP00000271452,9606.ENSP00000271715,9606.ENSP00000271732,9606.ENSP00000272321,9606.ENSP00000272418,9606.ENSP00000273853,9606.ENSP00000274054,9606.ENSP00000275461,9606.ENSP00000276055,9606.ENSP00000276893,9606.ENSP00000278070,9606.ENSP00000279392,9606.ENSP00000282041,9606.ENSP00000282276,9606.ENSP00000282633,9606.ENSP00000283629,9606.ENSP00000284292,9606.ENSP00000284425,9606.ENSP00000284551,9606.ENSP00000284617,9606.ENSP00000284719,9606.ENSP00000285379,9606.ENSP00000285407,9606.ENSP00000285518,9606.ENSP00000285968,9606.ENSP00000287647,9606.ENSP00000288266,9606.ENSP00000288937,9606.ENSP00000290246,9606.ENSP00000290649,9606.ENSP00000291041,9606.ENSP00000292363,9606.ENSP00000292432,9606.ENSP00000293879,9606.ENSP00000293883,9606.ENSP00000294008,9606.ENSP00000294724,9606.ENSP00000295079,9606.ENSP00000295488,9606.ENSP00000295756,9606.ENSP00000295888,9606.ENSP00000296266,9606.ENSP00000296785,9606.ENSP00000297044,9606.ENSP00000297145,9606.ENSP00000298292,9606.ENSP00000298299,9606.ENSP00000298428,9606.ENSP00000298556,9606.ENSP00000298569,9606.ENSP00000298910,9606.ENSP00000299138,9606.ENSP00000299155,9606.ENSP00000300403,9606.ENSP00000300784,9606.ENSP00000301050,9606.ENSP00000301280,9606.ENSP00000301466,9606.ENSP00000301645,9606.ENSP00000301921,9606.ENSP00000302413,9606.ENSP00000302621,9606.ENSP00000302961,9606.ENSP00000303246,9606.ENSP00000303427,9606.ENSP00000303758,9606.ENSP00000304283,9606.ENSP00000304429,9606.ENSP00000304553,9606.ENSP00000304586,9606.ENSP00000304592,9606.ENSP00000304713,9606.ENSP00000305416,9606.ENSP00000306015,9606.ENSP00000306220,9606.ENSP00000306548,9606.ENSP00000306997,9606.ENSP00000307023,9606.ENSP00000307143,9606.ENSP00000308022,9606.ENSP00000308024,9606.ENSP00000308541,9606.ENSP00000309092,9606.ENSP00000309096,9606.ENSP00000309262,9606.ENSP00000309474,9606.ENSP00000309504,9606.ENSP00000309597,9606.ENSP00000309741,9606.ENSP00000309790,9606.ENSP00000310036,9606.ENSP00000310721,9606.ENSP00000310842,9606.ENSP00000311648,9606.ENSP00000312066,9606.ENSP00000312293,9606.ENSP00000313050,9606.ENSP00000313454,9606.ENSP00000313582,9606.ENSP00000313851,9606.ENSP00000314030,9606.ENSP00000314036,9606.ENSP00000314484,9606.ENSP00000315379,9606.ENSP00000315713,9606.ENSP00000315988,9606.ENSP00000316054,9606.ENSP00000316416,9606.ENSP00000317686,9606.ENSP00000317872,9606.ENSP00000318029,9606.ENSP00000319179,9606.ENSP00000320251,9606.ENSP00000320885,9606.ENSP00000321326,9606.ENSP00000321348,9606.ENSP00000321584,9606.ENSP00000322323,9606.ENSP00000322716,9606.ENSP00000322845,9606.ENSP00000323099,9606.ENSP00000323588,9606.ENSP00000323635,9606.ENSP00000323816,9606.ENSP00000324343,9606.ENSP00000324510,9606.ENSP00000325120,9606.ENSP00000325313,9606.ENSP00000325785,9606.ENSP00000326519,9606.ENSP00000326550,9606.ENSP00000326563,9606.ENSP00000326570,9606.ENSP00000327760,9606.ENSP00000327786,9606.ENSP00000327821,9606.ENSP00000328174,9606.ENSP00000328228,9606.ENSP00000328327,9606.ENSP00000328347,9606.ENSP00000329200,9606.ENSP00000330382,9606.ENSP00000330878,9606.ENSP00000331111,9606.ENSP00000331302,9606.ENSP00000332049,9606.ENSP00000332293,9606.ENSP00000333223,9606.ENSP00000333363,9606.ENSP00000333539,9606.ENSP00000334448,9606.ENSP00000334538,9606.ENSP00000334675,9606.ENSP00000335247,9606.ENSP00000337146,9606.ENSP00000337224,9606.ENSP00000337746,9606.ENSP00000337816,9606.ENSP00000338185,9606.ENSP00000338807,9606.ENSP00000339208,9606.ENSP00000339532,9606.ENSP00000339720,9606.ENSP00000340648,9606.ENSP00000340896,9606.ENSP00000341051,9606.ENSP00000341324,9606.ENSP00000341382,9606.ENSP00000341610,9606.ENSP00000341637,9606.ENSP00000342023,9606.ENSP00000342278,9606.ENSP00000343535,9606.ENSP00000343629,9606.ENSP00000343657,9606.ENSP00000343885,9606.ENSP00000344220,9606.ENSP00000344392,9606.ENSP00000344458,9606.ENSP00000345681,9606.ENSP00000345848,9606.ENSP00000345853,9606.ENSP00000346175,9606.ENSP00000347532,9606.ENSP00000347719,9606.ENSP00000347821,9606.ENSP00000347852,9606.ENSP00000348349,9606.ENSP00000348381,9606.ENSP00000348527,9606.ENSP00000348573,9606.ENSP00000348645,9606.ENSP00000348708,9606.ENSP00000348775,9606.ENSP00000348931,9606.ENSP00000349205,9606.ENSP00000349439,9606.ENSP00000349568,9606.ENSP00000350249,9606.ENSP00000350266,9606.ENSP00000350310,9606.ENSP00000350386,9606.ENSP00000351250,9606.ENSP00000351407,9606.ENSP00000351446,9606.ENSP00000351575,9606.ENSP00000351619,9606.ENSP00000352516,9606.ENSP00000352544,9606.ENSP00000353408,9606.ENSP00000353538,9606.ENSP00000353874,9606.ENSP00000354003,9606.ENSP00000354314,9606.ENSP00000354511,9606.ENSP00000354560,9606.ENSP00000354607,9606.ENSP00000354633,9606.ENSP00000354878,9606.ENSP00000355022,9606.ENSP00000355237,9606.ENSP00000355465,9606.ENSP00000355467,9606.ENSP00000355470,9606.ENSP00000355500,9606.ENSP00000355517,9606.ENSP00000355631,9606.ENSP00000355632,9606.ENSP00000355652,9606.ENSP00000355927,9606.ENSP00000355929,9606.ENSP00000355968,9606.ENSP00000356150,9606.ENSP00000356169,9606.ENSP00000356448,9606.ENSP00000356579,9606.ENSP00000356641,9606.ENSP00000356825,9606.ENSP00000356840,9606.ENSP00000357288,9606.ENSP00000357474,9606.ENSP00000357838,9606.ENSP00000357873,9606.ENSP00000357914,9606.ENSP00000358060,9606.ENSP00000358064,9606.ENSP00000358142,9606.ENSP00000358421,9606.ENSP00000358490,9606.ENSP00000358501,9606.ENSP00000358548,9606.ENSP00000358727,9606.ENSP00000358778,9606.ENSP00000358854,9606.ENSP00000358903,9606.ENSP00000358925,9606.ENSP00000359049,9606.ENSP00000359114,9606.ENSP00000359224,9606.ENSP00000359345,9606.ENSP00000359380,9606.ENSP00000359557,9606.ENSP00000359976,9606.ENSP00000360116,9606.ENSP00000360162,9606.ENSP00000361383,9606.ENSP00000361990,9606.ENSP00000362018,9606.ENSP00000362058,9606.ENSP00000362298,9606.ENSP00000362299,9606.ENSP00000362441,9606.ENSP00000362674,9606.ENSP00000362748,9606.ENSP00000362751,9606.ENSP00000362763,9606.ENSP00000362931,9606.ENSP00000363089,9606.ENSP00000363524,9606.ENSP00000363591,9606.ENSP00000363640,9606.ENSP00000363891,9606.ENSP00000364037,9606.ENSP00000364166,9606.ENSP00000364289,9606.ENSP00000364389,9606.ENSP00000364403,9606.ENSP00000364591,9606.ENSP00000364737,9606.ENSP00000364782,9606.ENSP00000364794,9606.ENSP00000364870,9606.ENSP00000364949,9606.ENSP00000365441,9606.ENSP00000365550,9606.ENSP00000365643,9606.ENSP00000365692,9606.ENSP00000365858,9606.ENSP00000366404,9606.ENSP00000366475,9606.ENSP00000366898,9606.ENSP00000366945,9606.ENSP00000367024,9606.ENSP00000367406,9606.ENSP00000367817,9606.ENSP00000367880,9606.ENSP00000368127,9606.ENSP00000368318,9606.ENSP00000369411,9606.ENSP00000369581,9606.ENSP00000369666,9606.ENSP00000369871,9606.ENSP00000369887,9606.ENSP00000369899,9606.ENSP00000370517,9606.ENSP00000370718,9606.ENSP00000370842,9606.ENSP00000370990,9606.ENSP00000371067,9606.ENSP00000371425,9606.ENSP00000372274,9606.ENSP00000372445,9606.ENSP00000373304,9606.ENSP00000373600,9606.ENSP00000373979,9606.ENSP00000375063,9606.ENSP00000375836,9606.ENSP00000376097,9606.ENSP00000376197,9606.ENSP00000376268,9606.ENSP00000376352,9606.ENSP00000376753,9606.ENSP00000377055,9606.ENSP00000377176,9606.ENSP00000377245,9606.ENSP00000377411,9606.ENSP00000377681,9606.ENSP00000377801,9606.ENSP00000377971,9606.ENSP00000378356,9606.ENSP00000378416,9606.ENSP00000378426,9606.ENSP00000378485,9606.ENSP00000378784,9606.ENSP00000378935,9606.ENSP00000378974,9606.ENSP00000379047,9606.ENSP00000379078,9606.ENSP00000379111,9606.ENSP00000379330,9606.ENSP00000379387,9606.ENSP00000379621,9606.ENSP00000379654,9606.ENSP00000379808,9606.ENSP00000379911,9606.ENSP00000379946,9606.ENSP00000380256,9606.ENSP00000380514,9606.ENSP00000380679,9606.ENSP00000380759,9606.ENSP00000380878,9606.ENSP00000381823,9606.ENSP00000382382,9606.ENSP00000382423,9606.ENSP00000383295,9606.ENSP00000384015,9606.ENSP00000384183,9606.ENSP00000384524,9606.ENSP00000384527,9606.ENSP00000384582,9606.ENSP00000384899,9606.ENSP00000385000,9606.ENSP00000385721,9606.ENSP00000385927,9606.ENSP00000386559,9606.ENSP00000386787,9606.ENSP00000386992,9606.ENSP00000387185,9606.ENSP00000387471,9606.ENSP00000387699,9606.ENSP00000390204,9606.ENSP00000391101,9606.ENSP00000391167,9606.ENSP00000391311,9606.ENSP00000392660,9606.ENSP00000393183,9606.ENSP00000393313,9606.ENSP00000393847,9606.ENSP00000394560,9606.ENSP00000395232,9606.ENSP00000395929,9606.ENSP00000396345,9606.ENSP00000396755,9606.ENSP00000397261,9606.ENSP00000397563,9606.ENSP00000398698,9606.ENSP00000399851,9606.ENSP00000399862,9606.ENSP00000400175,9606.ENSP00000402257,9606.ENSP00000403077,9606.ENSP00000405926,9606.ENSP00000406549,9606.ENSP00000408005,9606.ENSP00000409126,9606.ENSP00000410186,9606.ENSP00000410216,9606.ENSP00000410452,9606.ENSP00000410552,9606.ENSP00000411848,9606.ENSP00000413017,9606.ENSP00000413625,9606.ENSP00000413720,9606.ENSP00000414150,9606.ENSP00000415464,9606.ENSP00000416387,9606.ENSP00000416534,9606.ENSP00000417573,9606.ENSP00000417601,9606.ENSP00000417710,9606.ENSP00000417748,9606.ENSP00000417960,9606.ENSP00000417980,9606.ENSP00000418944,9606.ENSP00000419879,9606.ENSP00000420040,9606.ENSP00000420588,9606.ENSP00000421592,9606.ENSP00000422591,9606.ENSP00000423067,9606.ENSP00000426809,9606.ENSP00000427550,9606.ENSP00000427793,9606.ENSP00000428657,9606.ENSP00000430620,9606.ENSP00000430656,9606.ENSP00000432511,9606.ENSP00000432660,9606.ENSP00000433681,9606.ENSP00000437532,9606.ENSP00000438483,9606.ENSP00000440915,9606.ENSP00000441158,9606.ENSP00000441641,9606.ENSP00000441954,9606.ENSP00000443021,9606.ENSP00000443291,9606.ENSP00000444810,9606.ENSP00000449381,9606.ENSP00000450337,9606.ENSP00000450480,9606.ENSP00000450969,9606.ENSP00000451172,9606.ENSP00000451506,9606.ENSP00000451583,9606.ENSP00000453562,9606.ENSP00000453801,9606.ENSP00000454545,9606.ENSP00000454973,9606.ENSP00000456340,9606.ENSP00000457421,9606.ENSP00000457810,9606.ENSP00000458879,9606.ENSP00000462729,9606.ENSP00000463254,9606.ENSP00000463978,9606.ENSP00000465075,9606.ENSP00000465589,9606.ENSP00000466542,9606.ENSP00000466664,9606.ENSP00000468785,9606.ENSP00000469158,9606.ENSP00000469534,9606.ENSP00000470142,9606.ENSP00000471457,9606.ENSP00000471700,9606.ENSP00000471896,9606.ENSP00000472914,9606.ENSP00000473665,9606.ENSP00000478458,9606.ENSP00000479617,9606.ENSP00000479667,9606.ENSP00000479860,9606.ENSP00000480524,9606.ENSP00000480680,9606.ENSP00000481850,9606.ENSP00000481859,9606.ENSP00000481893,9606.ENSP00000482032,9606.ENSP00000482232,9606.ENSP00000482732,9606.ENSP00000482760,9606.ENSP00000483059,9606.ENSP00000483228,9606.ENSP00000483397,9606.ENSP00000483537,9606.ENSP00000483570,9606.ENSP00000483667,9606.ENSP00000483946,9606.ENSP00000484060,9606.ENSP00000484176,9606.ENSP00000484810,9606.ENSP00000485010,9606.ENSP00000485513,9606.ENSP00000486725,9606.ENSP00000489597,9606.ENSP00000490829,9606.ENSP00000491717,9606.ENSP00000493536,9606.ENSP00000495240,9606.ENSP00000496396,9606.ENSP00000496625,9606.ENSP00000496870,9606.ENSP00000497069,9606.ENSP00000497294,9606.ENSP00000497569,9606.ENSP00000497594,9606.ENSP00000497916,9606.ENSP00000498019,9606.ENSP00000498241,9606.ENSP00000498622,9606.ENSP00000498791,9606.ENSP00000499037,9606.ENSP00000499371	CYP51A1,CREB3L3,KDM4B,KIF22,MRPS34,NDUFB4,HSD17B2,UQCRC1,GMIP,CMTM6,ADH1A,KLHL20,SF3A1,SNRPD3,ARSA,CBX7,PMM1,HDAC10,DHRS7,CYP24A1,AURKA,UBOX5,RNF125,PSMD10,F9,USP11,GLA,ZNF263,ZNF500,DECR2,MEFV,MGA,DECR1,SNAPC2,FIZ1,EPHX3,DBP,SLC5A5,ST6GALNAC2,SULT1E1,ARPC3,IFNG,HINT3,ACOT13,EXOC2,LNPEP,RARS1,EHHADH,GNAT1,TFPI,ACADL,APOA1,ELF1,TBX2,AKR1D1,SRGN,ZC3H13,TNFAIP6,SNAI1,IRF1,C3,SYMPK,CDC25B,SUGP1,TICAM1,GNGT1,DNAJB9,CDO1,LMAN1,DTWD1,SAFB2,NCAN,GDF15,HAUS8,RBSN,GFPT2,RAMP2,FLYWCH1,CHSY1,SMARCC1,ILKAP,AP3B1,KMT5C,PI4KA,IPO8,TUT4,PRPH,CDK4,MDM2,DYNC1LI2,TACO1,NDUFAF1,LRPPRC,TOPBP1,DNAJC13,OSBPL8,HEXB,MAN2A1,HERC2,SCARB1,UTP6,SPG11,HACD3,APH1B,FLT4,MARS1,MEOX2,AXIN1,UBN1,ITGA2B,INVS,SRCAP,CCNE1,ELL,PHYH,KIF18A,HIRA,SYP,BRD4,NOTCH3,FAM20B,WDR76,RBBP5,PDE8B,ACAD11,ARRDC3,SIL1,RBM27,TNPO3,NBN,EXOSC7,SCAP,FBXO3,GET4,RBM6,DOCK3,FBXO7,PLCZ1,LGR5,CPSF6,SNRPF,FANCM,TRIP11,SORD,BCL2A1,CYP11A1,MFGE8,IQGAP1,ZNF174,NDUFB10,FN3KRP,ZNF750,AKAP8,CALR3,RCN3,NUF2,POGZ,GOLPH3L,WDPCP,MRPS5,CENPC,NAF1,FERD3L,CHST7,UHRF2,PPRC1,HIRIP3,EPG5,MARS2,WASHC2A,UBP1,NRGN,ABCA6,TRIM11,CCSAP,OLA1,CA2,KLF10,AGPAT5,NUP205,FANCD2,APPL1,MRPL17,ELMO2,AMFR,PSKH1,RNF126,HK3,WDR90,WDR24,SLX4,AGL,MAIP1,HELQ,TRAT1,WDFY3,IFT122,ANKRA2,CYTH3,BMT2,DNAAF2,ZNF22,SEC61A2,HPRT1,KIAA1191,LRRK2,VPS35,AMN,TPX2,FN3K,CACNB3,CHAF1A,SOAT2,CYP7A1,SOX7,TPST1,LRG1,HSPA4,ACOT12,PDS5A,LUZP1,RAC3,SNX7,MPLKIP,ANKS3,FASN,MSANTD4,S1PR1,SYNPO2,MMGT1,MRPL13,MYOZ2,KLF11,DONSON,TADA2B,PCSK1,F2,GMPPB,B4GAT1,USP48,PSMD1,SLC26A7,MAP3K11,SLCO4C1,MIS18BP1,CD34,CYP7B1,FANCI,UGT8,SRP68,MOBP,NIPSNAP2,UBA6,ZNF436,PDS5B,DNAJA2,AGPAT4,MEIOB,PRPF3,SSH1,DPY19L2,DVL3,CSH1,ZFP42,RBBP6,ODF3L2,KDF1,NEPRO,SPAST,F2R,DIAPH2,IMPDH2,FAM20C,GLYR1,ZMYM3,ATRIP,SOX2,FAM210A,AHRR,UPB1,BAIAP3,PGR,MAP1S,SPECC1L,PAGR1,TACC3,KDM3B,FKRP,CLASP2,IZUMO1,XPOT,PIF1,CDCA2,ASB7,FAM110C,STAC3,PDGFB,KPNA7,ZNRD1,ELOA2,CD86,ASCL2,ZNF470,DNAH8,MIPOL1,GNG2,SREK1,ERCC6L,STARD10,ENOX2,LRAT,ISYNA1,MMP25,PLCB1,ZBTB49,DPP8,THUMPD3,NDUFA4,HUWE1,ASH2L,CLEC18B,SRFBP1,SMC4,C15orf48,NCR3LG1,FBXO38,OAS2,USP7,PRRC2C,MCCC2,PPA2,PDPK1,CLUAP1,PROZ,GATA2,ANP32B,DUSP9,SETDB2,SHTN1,TBCD,MORC4,SORBS2,MYO9A,ADD3,CENPL,AKAP9,PXDNL,UPF2,ACOX3,FABP7,PIK3R4,TXNDC11,CFAP43,POT1,DENND2D,ATP2B4,CHM,TRIM33,ARNT,WDR5,BDP1,PBLD,DNMT1,CPLX2,MSN,LRRCC1,TLR9,GYPA,HAO2,COMT,KIFAP3,FZD5,TAF11,KIF21A,TEDC2,CDC42BPB,AHCTF1,SCCPDH,CNST,CEP170,KMO,OTX1,GALNT2,RHOU,RPS6KC1,ANGEL2,SLC30A1,MDM4,ETNK2,TPR,CEP350,COP1,ADCY10,POU2F1,LAMTOR2,CEP85L,OAT,ACADSB,GABPB2,TARS2,RPRD2,SV2A,HSD3B1,CD2,CD58,NRAS,GSTO1,LRIF1,TAF5,CYP17A1,PSRC1,HENMT1,COL11A1,ALG14,RPL5,SCD,LDOC1,CTH,UBE2U,SMARCA1,AIF1L,UBR2,CENPI,NDUFS5,SGPL1,ENG,ATRX,HDAC8,TET1,RABGAP1,ZBTB6,SRPK1,TLR4,KIF4A,BAK1,PHF1,SLC38A10,TEX10,TMEM225,NCBP1,CDC14B,UBR4,TSPYL2,CENPP,NEU1,IARS1,HSPB7,DDAH2,CACNA1F,GKAP1,DOCK9,PIM2,GATA1,TRIM27,ATG2A,HIF3A,SLC25A51,NAA40,TAF2,PODXL,PIGO,C4orf47,PUSL1,RFC3,IFNB1,FBXL19,HAUS6,SLTM,RRAGA,PFKP,ASMTL,IL33,SHOX,JAK2,IFNGR2,FBXO25,METTL17,CCDC174,LRRK1,TRAPPC9,NLRP5,HDLBP,URI1,TFRC,SEC14L1,PDK1,GIPC1,PRCP,SPATA7,KEAP1,NDUFA4L2,G3BP1,RCCD1,ANKLE1,KIF20A,ALAS1,VKORC1,MATK,PHF20L1,PPHLN1,MAPK8,CCDC51,EHMT2,IL4R,NFATC2,ZNF445,SNX16,MARF1,ATF7IP2,CENPK,BICRA,CCNF,HAGH,CCDC40,PRMT2,PPP3CC,SEC24A,USP47,MAP3K1,NBEA,SUN1,CASTOR1,ETV2,ZBTB40,ADGRV1,GATAD2A,KIF2A,GGT2,RMDN1,CD8A,TMEM131L,IPO11,PGGHG,CIAO2B,CREB1,HEPACAM2,SLFN14,DENND4A,SEPTIN5,ARHGAP28,DCAF1,EPS15L1,PLA2G10,MAPK9,MTFR2,NSD1,CHD9,CNTD2,SELENBP1,TENT2,TNF,POLG,CNOT10,RHOA,RUNX1T1,VKORC1L1,TMED7,TAF1,SLC9A3R2,ANO6,AK9,POC5,STMN1,SIMC1,MARCHF8,CCDC28B,FNBP1,CDKN1C,ERG,LARP4,FBLIM1,DDX46,YIPF6,FBXL2,DPPA2,DDI2,CCDC39,EHMT1,PEG10,CDS2,KCNIP2,TFAM,ALYREF,SLIT2,WDR36,PROM1,CEP192,WWP1,NAIP,HEPH,CA1,JAK3,CFL1,NCAPD3,CCDC189,KPNA2,PRORP,CLTCL1,PRR14,SMAD5,RASSF3,FAR2,FKBP5,MAPKAPK5,PPFIA2,ATP10A,ZBTB33,SERPINA4,TCL1A,DMAC2L,BCL2L10,WDR61,RBM15B,SCAPER,DET1,PECAM1,CENPT,ZSCAN10,OTUD7B,CCDC178,SLC16A3,SPC24,ACSBG2,TLE2,SLC44A2,MBD1,SPHK2,WIZ,UPF1,MYO9B,FKBP8,IRF3,SUGP2,SBNO1,PLCL2,UHRF1,RPS6KA5,CIB1,GTF2IRD2B,SEMA3B,JADE3,PAN2,CNOT6,IP6K1,CGA,PTPN9,PCSK6,NR2C2,PPP4R3B,FSBP,C11orf65,BTK,CHD1,PHF19,PACSIN1,CLEC18A,ZNF274,CIITA,WASHC2C,PPIL2,PTPN11,SPACA6,CATSPERZ,SAMHD1,CHD8,AVPR2,CYP21A2,LRP2,IGF1R,LHB,DARS2,UBE3A,NDN,RPS17,INKA1,MIP,MED19,CBLB,ERCC6L2	1.6861327796308463	aquatic_slow_enrichment	False	False	False
COMPARTMENTS	GOCC:0043226	Organelle	606	10113	0.05	0.29	0.0206	9606.ENSP00000003100,9606.ENSP00000078445,9606.ENSP00000159111,9606.ENSP00000160827,9606.ENSP00000177742,9606.ENSP00000184266,9606.ENSP00000199936,9606.ENSP00000203407,9606.ENSP00000203556,9606.ENSP00000205636,9606.ENSP00000209884,9606.ENSP00000215793,9606.ENSP00000215829,9606.ENSP00000216124,9606.ENSP00000216133,9606.ENSP00000216271,9606.ENSP00000216500,9606.ENSP00000216862,9606.ENSP00000216911,9606.ENSP00000217173,9606.ENSP00000217740,9606.ENSP00000217958,9606.ENSP00000218099,9606.ENSP00000218348,9606.ENSP00000218516,9606.ENSP00000219069,9606.ENSP00000219478,9606.ENSP00000219481,9606.ENSP00000219596,9606.ENSP00000219905,9606.ENSP00000220764,9606.ENSP00000221573,9606.ENSP00000221730,9606.ENSP00000222122,9606.ENSP00000222248,9606.ENSP00000225276,9606.ENSP00000226355,9606.ENSP00000226444,9606.ENSP00000228825,9606.ENSP00000229135,9606.ENSP00000230048,9606.ENSP00000231368,9606.ENSP00000231572,9606.ENSP00000231887,9606.ENSP00000232461,9606.ENSP00000233156,9606.ENSP00000233710,9606.ENSP00000234371,9606.ENSP00000236850,9606.ENSP00000239882,9606.ENSP00000240328,9606.ENSP00000241261,9606.ENSP00000242465,9606.ENSP00000242848,9606.ENSP00000243347,9606.ENSP00000244050,9606.ENSP00000245414,9606.ENSP00000245907,9606.ENSP00000245934,9606.ENSP00000245960,9606.ENSP00000247001,9606.ENSP00000248244,9606.ENSP00000248572,9606.ENSP00000249356,9606.ENSP00000251047,9606.ENSP00000251250,9606.ENSP00000252542,9606.ENSP00000252575,9606.ENSP00000252809,9606.ENSP00000253669,9606.ENSP00000253699,9606.ENSP00000253928,9606.ENSP00000254190,9606.ENSP00000254480,9606.ENSP00000254654,9606.ENSP00000255194,9606.ENSP00000255613,9606.ENSP00000255882,9606.ENSP00000256079,9606.ENSP00000256343,9606.ENSP00000257177,9606.ENSP00000257860,9606.ENSP00000257904,9606.ENSP00000258149,9606.ENSP00000258173,9606.ENSP00000258198,9606.ENSP00000258975,9606.ENSP00000260361,9606.ENSP00000260665,9606.ENSP00000260810,9606.ENSP00000260818,9606.ENSP00000261183,9606.ENSP00000261416,9606.ENSP00000261483,9606.ENSP00000261609,9606.ENSP00000261693,9606.ENSP00000261708,9606.ENSP00000261866,9606.ENSP00000261875,9606.ENSP00000261879,9606.ENSP00000261937,9606.ENSP00000262041,9606.ENSP00000262320,9606.ENSP00000262376,9606.ENSP00000262407,9606.ENSP00000262518,9606.ENSP00000262643,9606.ENSP00000262809,9606.ENSP00000263038,9606.ENSP00000263181,9606.ENSP00000263208,9606.ENSP00000263233,9606.ENSP00000263377,9606.ENSP00000263388,9606.ENSP00000263733,9606.ENSP00000263795,9606.ENSP00000264515,9606.ENSP00000264990,9606.ENSP00000265138,9606.ENSP00000265195,9606.ENSP00000265271,9606.ENSP00000265388,9606.ENSP00000265433,9606.ENSP00000265564,9606.ENSP00000265565,9606.ENSP00000265651,9606.ENSP00000266022,9606.ENSP00000266087,9606.ENSP00000266505,9606.ENSP00000266674,9606.ENSP00000266679,9606.ENSP00000266735,9606.ENSP00000267430,9606.ENSP00000267622,9606.ENSP00000267814,9606.ENSP00000268053,9606.ENSP00000268150,9606.ENSP00000268182,9606.ENSP00000268655,9606.ENSP00000268668,9606.ENSP00000269394,9606.ENSP00000269701,9606.ENSP00000269881,9606.ENSP00000270645,9606.ENSP00000271452,9606.ENSP00000271715,9606.ENSP00000271732,9606.ENSP00000272321,9606.ENSP00000272418,9606.ENSP00000273853,9606.ENSP00000274054,9606.ENSP00000275461,9606.ENSP00000276055,9606.ENSP00000276893,9606.ENSP00000278070,9606.ENSP00000279392,9606.ENSP00000282041,9606.ENSP00000282276,9606.ENSP00000282588,9606.ENSP00000282633,9606.ENSP00000283629,9606.ENSP00000284425,9606.ENSP00000284551,9606.ENSP00000284617,9606.ENSP00000284719,9606.ENSP00000285407,9606.ENSP00000285518,9606.ENSP00000285968,9606.ENSP00000287647,9606.ENSP00000288266,9606.ENSP00000288937,9606.ENSP00000290649,9606.ENSP00000291041,9606.ENSP00000292363,9606.ENSP00000292432,9606.ENSP00000293879,9606.ENSP00000293883,9606.ENSP00000294008,9606.ENSP00000294724,9606.ENSP00000295079,9606.ENSP00000295488,9606.ENSP00000295756,9606.ENSP00000295888,9606.ENSP00000296266,9606.ENSP00000297044,9606.ENSP00000298292,9606.ENSP00000298299,9606.ENSP00000298428,9606.ENSP00000298556,9606.ENSP00000298910,9606.ENSP00000299138,9606.ENSP00000299155,9606.ENSP00000300403,9606.ENSP00000301280,9606.ENSP00000301466,9606.ENSP00000301645,9606.ENSP00000301921,9606.ENSP00000302413,9606.ENSP00000302621,9606.ENSP00000302961,9606.ENSP00000303427,9606.ENSP00000303758,9606.ENSP00000304283,9606.ENSP00000304429,9606.ENSP00000304553,9606.ENSP00000304592,9606.ENSP00000305416,9606.ENSP00000306015,9606.ENSP00000306220,9606.ENSP00000306548,9606.ENSP00000306997,9606.ENSP00000307023,9606.ENSP00000307143,9606.ENSP00000308022,9606.ENSP00000308024,9606.ENSP00000308541,9606.ENSP00000309052,9606.ENSP00000309096,9606.ENSP00000309262,9606.ENSP00000309474,9606.ENSP00000309504,9606.ENSP00000309597,9606.ENSP00000309741,9606.ENSP00000309790,9606.ENSP00000310036,9606.ENSP00000310721,9606.ENSP00000310842,9606.ENSP00000311648,9606.ENSP00000312066,9606.ENSP00000313050,9606.ENSP00000313582,9606.ENSP00000313851,9606.ENSP00000314036,9606.ENSP00000315379,9606.ENSP00000315713,9606.ENSP00000315988,9606.ENSP00000316054,9606.ENSP00000316416,9606.ENSP00000317686,9606.ENSP00000317872,9606.ENSP00000318029,9606.ENSP00000320885,9606.ENSP00000321326,9606.ENSP00000321348,9606.ENSP00000321584,9606.ENSP00000322323,9606.ENSP00000322716,9606.ENSP00000322845,9606.ENSP00000323099,9606.ENSP00000323588,9606.ENSP00000323635,9606.ENSP00000324510,9606.ENSP00000325120,9606.ENSP00000325313,9606.ENSP00000325785,9606.ENSP00000326519,9606.ENSP00000326550,9606.ENSP00000326563,9606.ENSP00000326570,9606.ENSP00000327760,9606.ENSP00000327786,9606.ENSP00000327821,9606.ENSP00000328174,9606.ENSP00000328228,9606.ENSP00000329200,9606.ENSP00000330382,9606.ENSP00000331111,9606.ENSP00000331302,9606.ENSP00000332049,9606.ENSP00000332293,9606.ENSP00000333223,9606.ENSP00000333363,9606.ENSP00000333539,9606.ENSP00000334448,9606.ENSP00000334538,9606.ENSP00000337224,9606.ENSP00000337816,9606.ENSP00000338185,9606.ENSP00000338807,9606.ENSP00000339532,9606.ENSP00000339720,9606.ENSP00000340648,9606.ENSP00000340896,9606.ENSP00000341051,9606.ENSP00000341324,9606.ENSP00000341382,9606.ENSP00000341610,9606.ENSP00000342023,9606.ENSP00000342278,9606.ENSP00000342699,9606.ENSP00000343535,9606.ENSP00000343657,9606.ENSP00000343885,9606.ENSP00000344220,9606.ENSP00000344392,9606.ENSP00000344458,9606.ENSP00000345681,9606.ENSP00000345848,9606.ENSP00000346175,9606.ENSP00000347532,9606.ENSP00000347719,9606.ENSP00000347821,9606.ENSP00000347852,9606.ENSP00000348349,9606.ENSP00000348381,9606.ENSP00000348573,9606.ENSP00000348645,9606.ENSP00000348708,9606.ENSP00000348775,9606.ENSP00000349205,9606.ENSP00000349568,9606.ENSP00000350249,9606.ENSP00000350310,9606.ENSP00000351250,9606.ENSP00000351407,9606.ENSP00000351446,9606.ENSP00000351575,9606.ENSP00000352516,9606.ENSP00000353408,9606.ENSP00000353538,9606.ENSP00000353874,9606.ENSP00000354003,9606.ENSP00000354314,9606.ENSP00000354511,9606.ENSP00000354560,9606.ENSP00000354607,9606.ENSP00000354633,9606.ENSP00000354878,9606.ENSP00000355022,9606.ENSP00000355237,9606.ENSP00000355465,9606.ENSP00000355467,9606.ENSP00000355470,9606.ENSP00000355492,9606.ENSP00000355500,9606.ENSP00000355517,9606.ENSP00000355631,9606.ENSP00000355632,9606.ENSP00000355652,9606.ENSP00000355927,9606.ENSP00000355929,9606.ENSP00000355968,9606.ENSP00000356024,9606.ENSP00000356150,9606.ENSP00000356448,9606.ENSP00000356579,9606.ENSP00000356641,9606.ENSP00000356671,9606.ENSP00000356825,9606.ENSP00000356840,9606.ENSP00000357288,9606.ENSP00000357474,9606.ENSP00000357838,9606.ENSP00000357873,9606.ENSP00000357914,9606.ENSP00000358064,9606.ENSP00000358142,9606.ENSP00000358421,9606.ENSP00000358490,9606.ENSP00000358501,9606.ENSP00000358548,9606.ENSP00000358778,9606.ENSP00000358854,9606.ENSP00000358903,9606.ENSP00000358925,9606.ENSP00000359049,9606.ENSP00000359114,9606.ENSP00000359224,9606.ENSP00000359345,9606.ENSP00000359380,9606.ENSP00000359557,9606.ENSP00000360162,9606.ENSP00000360250,9606.ENSP00000361383,9606.ENSP00000361990,9606.ENSP00000362018,9606.ENSP00000362058,9606.ENSP00000362298,9606.ENSP00000362299,9606.ENSP00000362441,9606.ENSP00000362674,9606.ENSP00000362748,9606.ENSP00000362751,9606.ENSP00000362763,9606.ENSP00000362931,9606.ENSP00000363089,9606.ENSP00000363524,9606.ENSP00000363591,9606.ENSP00000363640,9606.ENSP00000363891,9606.ENSP00000364037,9606.ENSP00000364166,9606.ENSP00000364289,9606.ENSP00000364389,9606.ENSP00000364403,9606.ENSP00000364591,9606.ENSP00000364782,9606.ENSP00000364794,9606.ENSP00000364870,9606.ENSP00000365441,9606.ENSP00000365550,9606.ENSP00000365858,9606.ENSP00000366404,9606.ENSP00000366475,9606.ENSP00000366898,9606.ENSP00000366945,9606.ENSP00000367024,9606.ENSP00000367406,9606.ENSP00000367817,9606.ENSP00000367880,9606.ENSP00000368127,9606.ENSP00000368318,9606.ENSP00000369411,9606.ENSP00000369442,9606.ENSP00000369581,9606.ENSP00000369871,9606.ENSP00000369887,9606.ENSP00000369899,9606.ENSP00000370483,9606.ENSP00000370698,9606.ENSP00000370842,9606.ENSP00000370990,9606.ENSP00000371037,9606.ENSP00000371067,9606.ENSP00000371425,9606.ENSP00000372445,9606.ENSP00000373304,9606.ENSP00000373600,9606.ENSP00000373979,9606.ENSP00000375063,9606.ENSP00000376097,9606.ENSP00000376197,9606.ENSP00000376352,9606.ENSP00000376753,9606.ENSP00000377055,9606.ENSP00000377176,9606.ENSP00000377245,9606.ENSP00000377411,9606.ENSP00000377681,9606.ENSP00000378058,9606.ENSP00000378356,9606.ENSP00000378416,9606.ENSP00000378426,9606.ENSP00000378485,9606.ENSP00000378784,9606.ENSP00000378920,9606.ENSP00000378935,9606.ENSP00000378974,9606.ENSP00000379047,9606.ENSP00000379078,9606.ENSP00000379111,9606.ENSP00000379330,9606.ENSP00000379387,9606.ENSP00000379621,9606.ENSP00000379654,9606.ENSP00000379808,9606.ENSP00000379911,9606.ENSP00000379946,9606.ENSP00000380256,9606.ENSP00000380514,9606.ENSP00000380679,9606.ENSP00000380759,9606.ENSP00000381823,9606.ENSP00000382382,9606.ENSP00000383295,9606.ENSP00000384015,9606.ENSP00000384524,9606.ENSP00000384527,9606.ENSP00000384582,9606.ENSP00000384899,9606.ENSP00000384957,9606.ENSP00000384996,9606.ENSP00000385000,9606.ENSP00000385721,9606.ENSP00000385927,9606.ENSP00000386559,9606.ENSP00000387471,9606.ENSP00000387699,9606.ENSP00000390204,9606.ENSP00000390423,9606.ENSP00000391101,9606.ENSP00000391311,9606.ENSP00000393183,9606.ENSP00000393313,9606.ENSP00000393847,9606.ENSP00000394560,9606.ENSP00000395232,9606.ENSP00000395929,9606.ENSP00000396345,9606.ENSP00000396755,9606.ENSP00000397261,9606.ENSP00000397563,9606.ENSP00000399851,9606.ENSP00000400175,9606.ENSP00000402257,9606.ENSP00000403077,9606.ENSP00000403226,9606.ENSP00000405926,9606.ENSP00000406549,9606.ENSP00000409126,9606.ENSP00000410186,9606.ENSP00000410216,9606.ENSP00000410452,9606.ENSP00000410552,9606.ENSP00000411848,9606.ENSP00000413017,9606.ENSP00000413625,9606.ENSP00000413720,9606.ENSP00000414150,9606.ENSP00000416387,9606.ENSP00000416534,9606.ENSP00000417573,9606.ENSP00000417710,9606.ENSP00000417748,9606.ENSP00000417960,9606.ENSP00000417980,9606.ENSP00000418944,9606.ENSP00000419879,9606.ENSP00000420588,9606.ENSP00000421592,9606.ENSP00000422591,9606.ENSP00000423067,9606.ENSP00000426809,9606.ENSP00000427550,9606.ENSP00000427793,9606.ENSP00000432511,9606.ENSP00000432660,9606.ENSP00000433681,9606.ENSP00000437532,9606.ENSP00000438483,9606.ENSP00000440915,9606.ENSP00000441158,9606.ENSP00000441641,9606.ENSP00000441954,9606.ENSP00000443291,9606.ENSP00000444810,9606.ENSP00000449381,9606.ENSP00000450480,9606.ENSP00000450969,9606.ENSP00000451172,9606.ENSP00000451583,9606.ENSP00000453562,9606.ENSP00000453801,9606.ENSP00000454545,9606.ENSP00000454973,9606.ENSP00000456340,9606.ENSP00000457421,9606.ENSP00000457810,9606.ENSP00000458879,9606.ENSP00000462729,9606.ENSP00000463051,9606.ENSP00000463254,9606.ENSP00000463978,9606.ENSP00000465075,9606.ENSP00000465589,9606.ENSP00000466542,9606.ENSP00000466664,9606.ENSP00000468785,9606.ENSP00000469158,9606.ENSP00000469534,9606.ENSP00000469696,9606.ENSP00000470142,9606.ENSP00000471457,9606.ENSP00000471700,9606.ENSP00000471896,9606.ENSP00000472914,9606.ENSP00000473665,9606.ENSP00000479617,9606.ENSP00000479667,9606.ENSP00000479860,9606.ENSP00000480524,9606.ENSP00000480680,9606.ENSP00000481850,9606.ENSP00000482032,9606.ENSP00000482232,9606.ENSP00000482732,9606.ENSP00000482760,9606.ENSP00000483059,9606.ENSP00000483228,9606.ENSP00000483397,9606.ENSP00000483570,9606.ENSP00000483667,9606.ENSP00000483946,9606.ENSP00000484176,9606.ENSP00000484810,9606.ENSP00000485010,9606.ENSP00000485513,9606.ENSP00000486725,9606.ENSP00000489597,9606.ENSP00000490829,9606.ENSP00000491717,9606.ENSP00000493536,9606.ENSP00000495240,9606.ENSP00000496396,9606.ENSP00000496625,9606.ENSP00000496870,9606.ENSP00000497069,9606.ENSP00000497294,9606.ENSP00000497569,9606.ENSP00000497916,9606.ENSP00000498019,9606.ENSP00000498241,9606.ENSP00000498622,9606.ENSP00000498791,9606.ENSP00000499037,9606.ENSP00000499371	CYP51A1,CREB3L3,KDM4B,KIF22,MRPS34,NDUFB4,HSD17B2,UQCRC1,GMIP,CMTM6,KLHL20,SF3A1,SNRPD3,ARSA,CBX7,HDAC10,DHRS7,CYP24A1,AURKA,UBOX5,RNF125,PSMD10,F9,USP11,GLA,ZNF263,ZNF500,DECR2,MEFV,MGA,DECR1,SNAPC2,EPHX3,DBP,SLC5A5,ST6GALNAC2,AFM,SULT1E1,ARPC3,IFNG,ACOT13,LNPEP,RARS1,EHHADH,GNAT1,TFPI,ACADL,KISS1R,APOA1,ELF1,TBX2,TNFSF10,SRGN,ZC3H13,TNFAIP6,SNAI1,IRF1,C3,SYMPK,CDC25B,SUGP1,TICAM1,GNGT1,DNAJB9,LMAN1,DTWD1,SAFB2,NCAN,GDF15,HAUS8,RBSN,FLYWCH1,CHSY1,SMARCC1,ILKAP,AP3B1,KMT5C,PI4KA,IPO8,CATSPERB,TUT4,PRPH,CDK4,MDM2,TMEM231,DYNC1LI2,TACO1,NDUFAF1,LRPPRC,TOPBP1,DNAJC13,OSBPL8,HEXB,MAN2A1,HERC2,SCARB1,UTP6,SPG11,HACD3,APH1B,FLT4,MEOX2,AXIN1,UBN1,ITGA2B,SRCAP,CCNE1,ELL,PHYH,KIF18A,HIRA,SYP,BRD4,NOTCH3,FAM20B,WDR76,RBBP5,ACAD11,ARRDC3,SIL1,RBM27,TNPO3,NBN,EXOSC7,SCAP,FBXO3,RBM6,FBXO7,PLCZ1,LGR5,CPSF6,SNRPF,FANCM,TRIP11,SORD,CYP11A1,MFGE8,IQGAP1,ZNF174,NDUFB10,ZNF750,AKAP8,CALR3,RCN3,NUF2,POGZ,GOLPH3L,WDPCP,MRPS5,CENPC,NAF1,FERD3L,CHST7,UHRF2,PPRC1,HIRIP3,EPG5,MARS2,ITGA1,WASHC2A,UBP1,ABCA6,TRIM11,CCSAP,OLA1,KLF10,AGPAT5,NUP205,FANCD2,APPL1,MRPL17,AMFR,PSKH1,RNF126,HK3,WDR90,WDR24,SLX4,AGL,MAIP1,HELQ,TRAT1,WDFY3,IFT122,CYTH3,DNAAF2,ZNF22,SEC61A2,HPRT1,LRRK2,VPS35,AMN,TPX2,CHAF1A,SOAT2,CYP7A1,SOX7,TPST1,LRG1,HSPA4,PDS5A,LUZP1,RAC3,SNX7,MPLKIP,FASN,S1PR1,SYNPO2,MMGT1,MRPL13,MYOZ2,KLF11,DONSON,TADA2B,PCSK1,F2,CATSPER1,B4GAT1,USP48,PSMD1,SLC26A7,MAP3K11,SLCO4C1,MIS18BP1,CD34,CYP7B1,FANCI,UGT8,SRP68,NIPSNAP2,ZNF436,PDS5B,AGPAT4,PRPF3,SSH1,DPY19L2,DVL3,CSH1,ZFP42,RBBP6,ODF3L2,SPAST,F2R,DIAPH2,IMPDH2,FAM20C,GLYR1,ZMYM3,ATRIP,SOX2,FAM210A,BAIAP3,PGR,MAP1S,SPECC1L,PAGR1,TACC3,KDM3B,FKRP,CLASP2,IZUMO1,XPOT,PIF1,CDCA2,STAC3,PDGFB,ZNRD1,ELOA2,CD86,ASCL2,ZNF470,DNAH8,MIPOL1,GNG2,SREK1,LRAT,MMP25,PLCB1,ZBTB49,THUMPD3,NDUFA4,HUWE1,ASH2L,CLEC18B,SRFBP1,SMC4,C15orf48,FBXO38,OAS2,CFAP36,USP7,MCCC2,PPA2,PDPK1,CLUAP1,PROZ,GATA2,ANP32B,SETDB2,SHTN1,TBCD,MORC4,SORBS2,MYO9A,ADD3,AKAP9,PXDNL,UPF2,ACOX3,PIK3R4,CFAP43,POT1,ATP2B4,TRIM33,ARNT,WDR5,BDP1,DNMT1,MSN,LRRCC1,TLR9,GYPA,HAO2,COMT,KIFAP3,FZD5,TAF11,KIF21A,TEDC2,CDC42BPB,AHCTF1,SCCPDH,CNST,CATSPERE,CEP170,KMO,OTX1,GALNT2,RHOU,RPS6KC1,ANGEL2,SLC30A1,CR2,MDM4,TPR,CEP350,COP1,SERPINC1,ADCY10,POU2F1,LAMTOR2,CEP85L,OAT,ACADSB,GABPB2,RPRD2,SV2A,HSD3B1,CD2,CD58,NRAS,LRIF1,TAF5,CYP17A1,PSRC1,HENMT1,COL11A1,ALG14,RPL5,SCD,LDOC1,SMARCA1,ENTPD1,AIF1L,UBR2,CENPI,NDUFS5,SGPL1,ENG,ATRX,HDAC8,TET1,RABGAP1,ZBTB6,SRPK1,TLR4,KIF4A,BAK1,PHF1,SLC38A10,TEX10,TMEM225,NCBP1,CDC14B,UBR4,TSPYL2,NEU1,IARS1,HSPB7,CACNA1F,GKAP1,GATA1,TRIM27,ATG2A,HIF3A,SLC25A51,NAA40,TAF2,PODXL,PIGO,C4orf47,PUSL1,RFC3,KL,IFNB1,HAUS6,SLTM,RRAGA,NLGN4X,IL6ST,IL33,SHOX,CATSPERD,JAK2,IFNGR2,METTL17,CCDC174,LRRK1,TRAPPC9,NLRP5,URI1,TFRC,PDK1,GIPC1,PRCP,SPATA7,KEAP1,NDUFA4L2,G3BP1,EFEMP1,KIF20A,ALAS1,VKORC1,MATK,PHF20L1,SLC26A6,PPHLN1,MAPK8,CCDC51,EHMT2,IL4R,NFATC2,ZNF445,SNX16,MARF1,ATF7IP2,CENPK,BICRA,CCNF,HAGH,CCDC40,PRMT2,SEC24A,USP47,NBEA,SUN1,ETV2,ZBTB40,ADGRV1,GATAD2A,F11,TBC1D10A,KIF2A,GGT2,RMDN1,CD8A,CIAO2B,CREB1,HEPACAM2,CATSPER4,SLFN14,SEPTIN5,DCAF1,EPS15L1,PLA2G10,MAPK9,MTFR2,NSD1,CHD9,CNTD2,SELENBP1,TENT2,POLG,RHOA,RUNX1T1,VKORC1L1,BHLHB9,TMED7,TAF1,ANO6,AK9,POC5,STMN1,SIMC1,MARCHF8,CCDC28B,FNBP1,CDKN1C,ERG,FBLIM1,DDX46,YIPF6,DPPA2,DDI2,CCDC39,EHMT1,PEG10,CDS2,TFAM,ALYREF,SLIT2,WDR36,PROM1,CEP192,WWP1,JAK3,CFL1,NCAPD3,CCDC189,KPNA2,PRORP,CLTCL1,PRR14,SMAD5,FAR2,FKBP5,MAPKAPK5,ATP10A,ZBTB33,SERPINA4,DMAC2L,BCL2L10,WDR61,RBM15B,SCAPER,DET1,PECAM1,CENPT,ZSCAN10,OTUD7B,GDF2,CCDC178,SLC16A3,SPC24,ACSBG2,TLE2,SLC44A2,MBD1,SPHK2,WIZ,PDE4C,UPF1,MYO9B,FKBP8,IRF3,SUGP2,SBNO1,UHRF1,RPS6KA5,CIB1,GTF2IRD2B,SEMA3B,JADE3,IP6K1,CGA,PTPN9,PCSK6,NR2C2,PPP4R3B,FSBP,BTK,CHD1,PHF19,CLEC18A,ZNF274,CIITA,WASHC2C,PPIL2,PTPN11,SPACA6,CATSPERZ,SAMHD1,CHD8,AVPR2,CYP21A2,LRP2,IGF1R,LHB,DARS2,NDN,RPS17,INKA1,MIP,MED19,CBLB,ERCC6L2	1.6861327796308463	aquatic_slow_enrichment	False	False	False
COMPARTMENTS	GOCC:0098802	Plasma membrane signaling receptor complex	31	255	0.36	0.34	0.0256	9606.ENSP00000229135,9606.ENSP00000253796,9606.ENSP00000254661,9606.ENSP00000262407,9606.ENSP00000274276,9606.ENSP00000282588,9606.ENSP00000295756,9606.ENSP00000304915,9606.ENSP00000321345,9606.ENSP00000327890,9606.ENSP00000337014,9606.ENSP00000343957,9606.ENSP00000356024,9606.ENSP00000357470,9606.ENSP00000361107,9606.ENSP00000363089,9606.ENSP00000369581,9606.ENSP00000370698,9606.ENSP00000371067,9606.ENSP00000375086,9606.ENSP00000376197,9606.ENSP00000379111,9606.ENSP00000386559,9606.ENSP00000394227,9606.ENSP00000405004,9606.ENSP00000412209,9606.ENSP00000420525,9606.ENSP00000436607,9606.ENSP00000470788,9606.ENSP00000483570,9606.ENSP00000497069	IFNG,RAMP2,RAMP1,ITGA2B,OSMR,ITGA1,TRAT1,IL13,IL23R,IL3RA,HJV,IFNAR2,CR2,IL6R,BMPR1A,TLR4,IFNB1,IL6ST,JAK2,CCL25,TFRC,IL4R,CD8A,CSF2RA,ACVR1,IL5RA,TFR2,ADM,IL12RB1,BTK,IGF1R	1.5917600346881504	aquatic_slow_enrichment	False	False	False
COMPARTMENTS	GOCC:0005634	Nucleus	311	4787	0.09	0.29	0.0265	9606.ENSP00000078445,9606.ENSP00000159111,9606.ENSP00000184266,9606.ENSP00000203556,9606.ENSP00000209884,9606.ENSP00000215793,9606.ENSP00000215829,9606.ENSP00000216133,9606.ENSP00000216271,9606.ENSP00000216911,9606.ENSP00000217173,9606.ENSP00000217958,9606.ENSP00000218348,9606.ENSP00000219069,9606.ENSP00000219478,9606.ENSP00000219596,9606.ENSP00000219905,9606.ENSP00000221573,9606.ENSP00000222122,9606.ENSP00000222248,9606.ENSP00000226444,9606.ENSP00000228825,9606.ENSP00000230048,9606.ENSP00000231572,9606.ENSP00000239882,9606.ENSP00000240328,9606.ENSP00000242848,9606.ENSP00000244050,9606.ENSP00000245414,9606.ENSP00000245934,9606.ENSP00000245960,9606.ENSP00000247001,9606.ENSP00000251250,9606.ENSP00000252542,9606.ENSP00000252809,9606.ENSP00000253669,9606.ENSP00000253928,9606.ENSP00000254480,9606.ENSP00000254654,9606.ENSP00000255613,9606.ENSP00000256079,9606.ENSP00000257177,9606.ENSP00000257904,9606.ENSP00000258149,9606.ENSP00000260665,9606.ENSP00000260810,9606.ENSP00000261609,9606.ENSP00000261708,9606.ENSP00000261866,9606.ENSP00000261937,9606.ENSP00000262041,9606.ENSP00000262320,9606.ENSP00000262376,9606.ENSP00000262518,9606.ENSP00000262643,9606.ENSP00000262809,9606.ENSP00000263181,9606.ENSP00000263208,9606.ENSP00000263377,9606.ENSP00000263388,9606.ENSP00000263795,9606.ENSP00000264515,9606.ENSP00000264990,9606.ENSP00000265271,9606.ENSP00000265388,9606.ENSP00000265433,9606.ENSP00000265564,9606.ENSP00000265651,9606.ENSP00000266022,9606.ENSP00000266505,9606.ENSP00000266674,9606.ENSP00000266679,9606.ENSP00000266735,9606.ENSP00000267430,9606.ENSP00000268182,9606.ENSP00000268655,9606.ENSP00000269394,9606.ENSP00000269701,9606.ENSP00000269881,9606.ENSP00000271452,9606.ENSP00000271715,9606.ENSP00000273853,9606.ENSP00000274054,9606.ENSP00000275461,9606.ENSP00000276893,9606.ENSP00000278070,9606.ENSP00000279392,9606.ENSP00000282633,9606.ENSP00000283629,9606.ENSP00000284551,9606.ENSP00000285407,9606.ENSP00000285518,9606.ENSP00000285968,9606.ENSP00000287647,9606.ENSP00000288266,9606.ENSP00000291041,9606.ENSP00000292363,9606.ENSP00000294008,9606.ENSP00000295488,9606.ENSP00000295888,9606.ENSP00000297044,9606.ENSP00000298299,9606.ENSP00000300403,9606.ENSP00000301921,9606.ENSP00000302961,9606.ENSP00000303427,9606.ENSP00000303758,9606.ENSP00000304553,9606.ENSP00000307023,9606.ENSP00000307143,9606.ENSP00000308022,9606.ENSP00000308541,9606.ENSP00000309262,9606.ENSP00000309474,9606.ENSP00000309790,9606.ENSP00000310842,9606.ENSP00000313582,9606.ENSP00000313851,9606.ENSP00000315379,9606.ENSP00000315988,9606.ENSP00000317686,9606.ENSP00000317872,9606.ENSP00000320885,9606.ENSP00000321348,9606.ENSP00000321584,9606.ENSP00000322716,9606.ENSP00000322845,9606.ENSP00000323099,9606.ENSP00000323588,9606.ENSP00000325120,9606.ENSP00000325313,9606.ENSP00000326519,9606.ENSP00000326563,9606.ENSP00000327821,9606.ENSP00000328174,9606.ENSP00000328228,9606.ENSP00000329200,9606.ENSP00000331111,9606.ENSP00000331302,9606.ENSP00000332293,9606.ENSP00000333223,9606.ENSP00000333539,9606.ENSP00000334538,9606.ENSP00000338185,9606.ENSP00000338807,9606.ENSP00000339532,9606.ENSP00000340648,9606.ENSP00000340896,9606.ENSP00000341324,9606.ENSP00000341382,9606.ENSP00000341610,9606.ENSP00000342023,9606.ENSP00000343535,9606.ENSP00000344220,9606.ENSP00000344392,9606.ENSP00000345681,9606.ENSP00000345848,9606.ENSP00000346175,9606.ENSP00000347821,9606.ENSP00000347852,9606.ENSP00000348708,9606.ENSP00000350249,9606.ENSP00000351250,9606.ENSP00000351407,9606.ENSP00000351446,9606.ENSP00000351575,9606.ENSP00000352516,9606.ENSP00000354003,9606.ENSP00000354560,9606.ENSP00000354633,9606.ENSP00000355465,9606.ENSP00000355631,9606.ENSP00000355929,9606.ENSP00000355968,9606.ENSP00000356150,9606.ENSP00000356448,9606.ENSP00000356641,9606.ENSP00000356825,9606.ENSP00000356840,9606.ENSP00000357914,9606.ENSP00000358064,9606.ENSP00000358490,9606.ENSP00000358778,9606.ENSP00000358854,9606.ENSP00000358925,9606.ENSP00000359345,9606.ENSP00000359380,9606.ENSP00000359557,9606.ENSP00000360162,9606.ENSP00000361990,9606.ENSP00000362018,9606.ENSP00000362299,9606.ENSP00000362441,9606.ENSP00000362674,9606.ENSP00000362748,9606.ENSP00000362763,9606.ENSP00000362931,9606.ENSP00000363524,9606.ENSP00000363640,9606.ENSP00000364037,9606.ENSP00000364289,9606.ENSP00000364389,9606.ENSP00000364403,9606.ENSP00000364591,9606.ENSP00000364870,9606.ENSP00000365858,9606.ENSP00000366404,9606.ENSP00000366898,9606.ENSP00000367406,9606.ENSP00000367817,9606.ENSP00000369411,9606.ENSP00000369887,9606.ENSP00000369899,9606.ENSP00000370842,9606.ENSP00000370990,9606.ENSP00000371067,9606.ENSP00000373304,9606.ENSP00000375063,9606.ENSP00000376097,9606.ENSP00000377176,9606.ENSP00000377245,9606.ENSP00000377681,9606.ENSP00000378356,9606.ENSP00000378416,9606.ENSP00000378784,9606.ENSP00000378935,9606.ENSP00000378974,9606.ENSP00000379078,9606.ENSP00000379330,9606.ENSP00000379387,9606.ENSP00000379808,9606.ENSP00000379911,9606.ENSP00000379946,9606.ENSP00000380256,9606.ENSP00000380759,9606.ENSP00000382382,9606.ENSP00000384015,9606.ENSP00000384524,9606.ENSP00000384527,9606.ENSP00000384899,9606.ENSP00000386559,9606.ENSP00000387471,9606.ENSP00000387699,9606.ENSP00000391101,9606.ENSP00000393183,9606.ENSP00000394560,9606.ENSP00000395929,9606.ENSP00000396345,9606.ENSP00000396755,9606.ENSP00000397261,9606.ENSP00000397563,9606.ENSP00000399851,9606.ENSP00000402257,9606.ENSP00000406549,9606.ENSP00000410186,9606.ENSP00000413720,9606.ENSP00000414150,9606.ENSP00000416387,9606.ENSP00000416534,9606.ENSP00000417710,9606.ENSP00000417980,9606.ENSP00000418944,9606.ENSP00000420588,9606.ENSP00000421592,9606.ENSP00000423067,9606.ENSP00000432660,9606.ENSP00000438483,9606.ENSP00000441641,9606.ENSP00000441954,9606.ENSP00000444810,9606.ENSP00000449381,9606.ENSP00000450969,9606.ENSP00000453801,9606.ENSP00000454545,9606.ENSP00000454973,9606.ENSP00000457810,9606.ENSP00000458879,9606.ENSP00000462729,9606.ENSP00000463978,9606.ENSP00000465075,9606.ENSP00000466542,9606.ENSP00000468785,9606.ENSP00000469158,9606.ENSP00000469534,9606.ENSP00000470142,9606.ENSP00000471896,9606.ENSP00000472914,9606.ENSP00000473665,9606.ENSP00000479617,9606.ENSP00000479667,9606.ENSP00000479860,9606.ENSP00000480524,9606.ENSP00000481850,9606.ENSP00000482032,9606.ENSP00000483059,9606.ENSP00000483228,9606.ENSP00000483397,9606.ENSP00000483570,9606.ENSP00000483667,9606.ENSP00000483946,9606.ENSP00000484810,9606.ENSP00000485010,9606.ENSP00000486725,9606.ENSP00000489597,9606.ENSP00000493536,9606.ENSP00000495240,9606.ENSP00000497916,9606.ENSP00000498241,9606.ENSP00000498791,9606.ENSP00000499037,9606.ENSP00000499371	CREB3L3,KDM4B,NDUFB4,GMIP,KLHL20,SF3A1,SNRPD3,CBX7,HDAC10,AURKA,UBOX5,PSMD10,USP11,ZNF263,ZNF500,MEFV,MGA,SNAPC2,DBP,SLC5A5,SULT1E1,ARPC3,ACOT13,RARS1,ELF1,TBX2,ZC3H13,SNAI1,IRF1,SYMPK,CDC25B,SUGP1,DTWD1,SAFB2,GDF15,HAUS8,FLYWCH1,SMARCC1,ILKAP,KMT5C,IPO8,TUT4,CDK4,MDM2,LRPPRC,TOPBP1,HERC2,UTP6,SPG11,FLT4,MEOX2,AXIN1,UBN1,SRCAP,CCNE1,ELL,KIF18A,HIRA,BRD4,NOTCH3,WDR76,RBBP5,ACAD11,RBM27,TNPO3,NBN,EXOSC7,FBXO3,RBM6,PLCZ1,LGR5,CPSF6,SNRPF,FANCM,IQGAP1,ZNF174,ZNF750,AKAP8,CALR3,NUF2,POGZ,CENPC,NAF1,FERD3L,UHRF2,PPRC1,HIRIP3,WASHC2A,UBP1,TRIM11,KLF10,AGPAT5,NUP205,FANCD2,APPL1,PSKH1,RNF126,SLX4,HELQ,WDFY3,CYTH3,ZNF22,TPX2,SOX7,HSPA4,PDS5A,LUZP1,MPLKIP,KLF11,DONSON,TADA2B,F2,USP48,PSMD1,MIS18BP1,FANCI,ZNF436,PDS5B,PRPF3,DPY19L2,ZFP42,RBBP6,SPAST,DIAPH2,IMPDH2,GLYR1,ZMYM3,ATRIP,SOX2,PGR,MAP1S,PAGR1,KDM3B,XPOT,PIF1,CDCA2,STAC3,ZNRD1,ELOA2,ASCL2,ZNF470,MIPOL1,SREK1,PLCB1,ZBTB49,THUMPD3,HUWE1,ASH2L,SRFBP1,SMC4,C15orf48,FBXO38,USP7,PDPK1,CLUAP1,GATA2,ANP32B,SETDB2,MORC4,SORBS2,UPF2,POT1,TRIM33,ARNT,WDR5,BDP1,DNMT1,GYPA,KIFAP3,TAF11,AHCTF1,OTX1,ANGEL2,SLC30A1,MDM4,TPR,COP1,ADCY10,POU2F1,GABPB2,RPRD2,CD2,LRIF1,TAF5,PSRC1,RPL5,SCD,LDOC1,SMARCA1,UBR2,CENPI,ENG,ATRX,HDAC8,TET1,ZBTB6,SRPK1,KIF4A,PHF1,TEX10,NCBP1,CDC14B,UBR4,TSPYL2,HSPB7,GATA1,TRIM27,HIF3A,TAF2,PODXL,RFC3,SLTM,RRAGA,IL33,SHOX,JAK2,CCDC174,NLRP5,URI1,SPATA7,KEAP1,G3BP1,KIF20A,ALAS1,PHF20L1,PPHLN1,MAPK8,EHMT2,NFATC2,ZNF445,ATF7IP2,CENPK,BICRA,CCNF,PRMT2,USP47,SUN1,ETV2,ZBTB40,GATAD2A,CD8A,CIAO2B,CREB1,SLFN14,DCAF1,MAPK9,NSD1,CHD9,CNTD2,SELENBP1,TENT2,POLG,RUNX1T1,TAF1,AK9,CDKN1C,ERG,FBLIM1,DDX46,DPPA2,EHMT1,PEG10,TFAM,ALYREF,WDR36,CFL1,KPNA2,PRR14,SMAD5,FKBP5,MAPKAPK5,ZBTB33,WDR61,RBM15B,SCAPER,CENPT,ZSCAN10,OTUD7B,SLC16A3,SPC24,TLE2,MBD1,SPHK2,WIZ,UPF1,IRF3,SUGP2,SBNO1,UHRF1,RPS6KA5,CIB1,GTF2IRD2B,JADE3,IP6K1,NR2C2,PPP4R3B,FSBP,BTK,CHD1,PHF19,ZNF274,CIITA,PPIL2,PTPN11,SAMHD1,CHD8,NDN,INKA1,MED19,CBLB,ERCC6L2	1.576754126063192	aquatic_slow_enrichment	False	False	False
COMPARTMENTS	GOCC:0005891	Voltage-gated calcium channel complex	11	47	0.64	0.33	0.0397	9606.ENSP00000256343,9606.ENSP00000301050,9606.ENSP00000309052,9606.ENSP00000329200,9606.ENSP00000355492,9606.ENSP00000365441,9606.ENSP00000371037,9606.ENSP00000371180,9606.ENSP00000386962,9606.ENSP00000390423,9606.ENSP00000491717	CATSPERB,CACNB3,CATSPER1,STAC3,CATSPERE,CACNA1F,CATSPERD,CATSPER2,CATSPERG,CATSPER4,CATSPERZ	1.401209493236885	aquatic_slow_enrichment	False	False	False
COMPARTMENTS	GOCC:0032991	Protein-containing complex	339	5325	0.08	0.26	0.0397	9606.ENSP00000003100,9606.ENSP00000160827,9606.ENSP00000177742,9606.ENSP00000184266,9606.ENSP00000203407,9606.ENSP00000209884,9606.ENSP00000215793,9606.ENSP00000215829,9606.ENSP00000216133,9606.ENSP00000216259,9606.ENSP00000216271,9606.ENSP00000216862,9606.ENSP00000216911,9606.ENSP00000217740,9606.ENSP00000217958,9606.ENSP00000218099,9606.ENSP00000219596,9606.ENSP00000219905,9606.ENSP00000220764,9606.ENSP00000227667,9606.ENSP00000228825,9606.ENSP00000229135,9606.ENSP00000230449,9606.ENSP00000231572,9606.ENSP00000236850,9606.ENSP00000241125,9606.ENSP00000242848,9606.ENSP00000245414,9606.ENSP00000245907,9606.ENSP00000245934,9606.ENSP00000247001,9606.ENSP00000248244,9606.ENSP00000248572,9606.ENSP00000253669,9606.ENSP00000253778,9606.ENSP00000253796,9606.ENSP00000254480,9606.ENSP00000254661,9606.ENSP00000255194,9606.ENSP00000256343,9606.ENSP00000257904,9606.ENSP00000258149,9606.ENSP00000258173,9606.ENSP00000258198,9606.ENSP00000260361,9606.ENSP00000260810,9606.ENSP00000261024,9606.ENSP00000261416,9606.ENSP00000261693,9606.ENSP00000261708,9606.ENSP00000261879,9606.ENSP00000261937,9606.ENSP00000262027,9606.ENSP00000262320,9606.ENSP00000262376,9606.ENSP00000262407,9606.ENSP00000262518,9606.ENSP00000262643,9606.ENSP00000262809,9606.ENSP00000263181,9606.ENSP00000263208,9606.ENSP00000263377,9606.ENSP00000263388,9606.ENSP00000264162,9606.ENSP00000264246,9606.ENSP00000264515,9606.ENSP00000265433,9606.ENSP00000265564,9606.ENSP00000265565,9606.ENSP00000265857,9606.ENSP00000266087,9606.ENSP00000266674,9606.ENSP00000266679,9606.ENSP00000266735,9606.ENSP00000267430,9606.ENSP00000268122,9606.ENSP00000268655,9606.ENSP00000268668,9606.ENSP00000271452,9606.ENSP00000272418,9606.ENSP00000273853,9606.ENSP00000274054,9606.ENSP00000274276,9606.ENSP00000282588,9606.ENSP00000282633,9606.ENSP00000283254,9606.ENSP00000285968,9606.ENSP00000286758,9606.ENSP00000287647,9606.ENSP00000288266,9606.ENSP00000288937,9606.ENSP00000290649,9606.ENSP00000293883,9606.ENSP00000294008,9606.ENSP00000294724,9606.ENSP00000295756,9606.ENSP00000296266,9606.ENSP00000296785,9606.ENSP00000297145,9606.ENSP00000298428,9606.ENSP00000298910,9606.ENSP00000299138,9606.ENSP00000301050,9606.ENSP00000301280,9606.ENSP00000303427,9606.ENSP00000304283,9606.ENSP00000304592,9606.ENSP00000304915,9606.ENSP00000306220,9606.ENSP00000306548,9606.ENSP00000307143,9606.ENSP00000307156,9606.ENSP00000308022,9606.ENSP00000308024,9606.ENSP00000308541,9606.ENSP00000309052,9606.ENSP00000309474,9606.ENSP00000309790,9606.ENSP00000310036,9606.ENSP00000310842,9606.ENSP00000312066,9606.ENSP00000315379,9606.ENSP00000317686,9606.ENSP00000317872,9606.ENSP00000319141,9606.ENSP00000320885,9606.ENSP00000321345,9606.ENSP00000321584,9606.ENSP00000322716,9606.ENSP00000323099,9606.ENSP00000323588,9606.ENSP00000323816,9606.ENSP00000326519,9606.ENSP00000327821,9606.ENSP00000327890,9606.ENSP00000329200,9606.ENSP00000330382,9606.ENSP00000330393,9606.ENSP00000330878,9606.ENSP00000331111,9606.ENSP00000331302,9606.ENSP00000332049,9606.ENSP00000333363,9606.ENSP00000334448,9606.ENSP00000337014,9606.ENSP00000339720,9606.ENSP00000339804,9606.ENSP00000340896,9606.ENSP00000341324,9606.ENSP00000341382,9606.ENSP00000341610,9606.ENSP00000341637,9606.ENSP00000342023,9606.ENSP00000343535,9606.ENSP00000343657,9606.ENSP00000343746,9606.ENSP00000343957,9606.ENSP00000344392,9606.ENSP00000347532,9606.ENSP00000347719,9606.ENSP00000348349,9606.ENSP00000348573,9606.ENSP00000348645,9606.ENSP00000348708,9606.ENSP00000349204,9606.ENSP00000349205,9606.ENSP00000350249,9606.ENSP00000350386,9606.ENSP00000351250,9606.ENSP00000351407,9606.ENSP00000351446,9606.ENSP00000351575,9606.ENSP00000352288,9606.ENSP00000352516,9606.ENSP00000352544,9606.ENSP00000354560,9606.ENSP00000354633,9606.ENSP00000354878,9606.ENSP00000355465,9606.ENSP00000355492,9606.ENSP00000355500,9606.ENSP00000356024,9606.ENSP00000356448,9606.ENSP00000356641,9606.ENSP00000356671,9606.ENSP00000357288,9606.ENSP00000357470,9606.ENSP00000358064,9606.ENSP00000358854,9606.ENSP00000359114,9606.ENSP00000359224,9606.ENSP00000359345,9606.ENSP00000359380,9606.ENSP00000360116,9606.ENSP00000360162,9606.ENSP00000361107,9606.ENSP00000362058,9606.ENSP00000362674,9606.ENSP00000362748,9606.ENSP00000362751,9606.ENSP00000363089,9606.ENSP00000363524,9606.ENSP00000363591,9606.ENSP00000363773,9606.ENSP00000364037,9606.ENSP00000364289,9606.ENSP00000364324,9606.ENSP00000364782,9606.ENSP00000364794,9606.ENSP00000365441,9606.ENSP00000365858,9606.ENSP00000366307,9606.ENSP00000367406,9606.ENSP00000368538,9606.ENSP00000369411,9606.ENSP00000369581,9606.ENSP00000369666,9606.ENSP00000369871,9606.ENSP00000369899,9606.ENSP00000370517,9606.ENSP00000370698,9606.ENSP00000370842,9606.ENSP00000371037,9606.ENSP00000371067,9606.ENSP00000371180,9606.ENSP00000372274,9606.ENSP00000373979,9606.ENSP00000375063,9606.ENSP00000375086,9606.ENSP00000375836,9606.ENSP00000376097,9606.ENSP00000376197,9606.ENSP00000376352,9606.ENSP00000376753,9606.ENSP00000377245,9606.ENSP00000377411,9606.ENSP00000378356,9606.ENSP00000378784,9606.ENSP00000378920,9606.ENSP00000379047,9606.ENSP00000379111,9606.ENSP00000379330,9606.ENSP00000379946,9606.ENSP00000380256,9606.ENSP00000380450,9606.ENSP00000380679,9606.ENSP00000380876,9606.ENSP00000380878,9606.ENSP00000381823,9606.ENSP00000382382,9606.ENSP00000382953,9606.ENSP00000384015,9606.ENSP00000384183,9606.ENSP00000384582,9606.ENSP00000384899,9606.ENSP00000384957,9606.ENSP00000385000,9606.ENSP00000386559,9606.ENSP00000386962,9606.ENSP00000387471,9606.ENSP00000387699,9606.ENSP00000390423,9606.ENSP00000391311,9606.ENSP00000393183,9606.ENSP00000393313,9606.ENSP00000394227,9606.ENSP00000396755,9606.ENSP00000397563,9606.ENSP00000398211,9606.ENSP00000398698,9606.ENSP00000399851,9606.ENSP00000399862,9606.ENSP00000400175,9606.ENSP00000403495,9606.ENSP00000405004,9606.ENSP00000405926,9606.ENSP00000406549,9606.ENSP00000409126,9606.ENSP00000412209,9606.ENSP00000414150,9606.ENSP00000416534,9606.ENSP00000417335,9606.ENSP00000417601,9606.ENSP00000417960,9606.ENSP00000420040,9606.ENSP00000420525,9606.ENSP00000420588,9606.ENSP00000421592,9606.ENSP00000422591,9606.ENSP00000423067,9606.ENSP00000426809,9606.ENSP00000427550,9606.ENSP00000427552,9606.ENSP00000427793,9606.ENSP00000428657,9606.ENSP00000430620,9606.ENSP00000432660,9606.ENSP00000433681,9606.ENSP00000436607,9606.ENSP00000438483,9606.ENSP00000440915,9606.ENSP00000441158,9606.ENSP00000441954,9606.ENSP00000450480,9606.ENSP00000453801,9606.ENSP00000454545,9606.ENSP00000456340,9606.ENSP00000457421,9606.ENSP00000457810,9606.ENSP00000465075,9606.ENSP00000469158,9606.ENSP00000470142,9606.ENSP00000470788,9606.ENSP00000471457,9606.ENSP00000471896,9606.ENSP00000478699,9606.ENSP00000481850,9606.ENSP00000481859,9606.ENSP00000481893,9606.ENSP00000482232,9606.ENSP00000483228,9606.ENSP00000483570,9606.ENSP00000483667,9606.ENSP00000483946,9606.ENSP00000485513,9606.ENSP00000489597,9606.ENSP00000491717,9606.ENSP00000493536,9606.ENSP00000495240,9606.ENSP00000496870,9606.ENSP00000497069,9606.ENSP00000497274,9606.ENSP00000497294,9606.ENSP00000497569,9606.ENSP00000497594,9606.ENSP00000498019,9606.ENSP00000498791,9606.ENSP00000499371,9606.ENSP00000499569	CYP51A1,KIF22,MRPS34,NDUFB4,UQCRC1,KLHL20,SF3A1,SNRPD3,CBX7,PMM1,HDAC10,CYP24A1,AURKA,RNF125,PSMD10,F9,MEFV,MGA,DECR1,APOC3,ARPC3,IFNG,EXOC2,RARS1,APOA1,GJA3,ZC3H13,IRF1,C3,SYMPK,SUGP1,TICAM1,GNGT1,HAUS8,GFPT2,RAMP2,SMARCC1,RAMP1,AP3B1,CATSPERB,CDK4,MDM2,TMEM231,DYNC1LI2,NDUFAF1,TOPBP1,SLC40A1,HEXB,SCARB1,UTP6,APH1B,FLT4,MARS1,AXIN1,UBN1,ITGA2B,SRCAP,CCNE1,ELL,KIF18A,HIRA,BRD4,NOTCH3,LCT,CD80,RBBP5,NBN,EXOSC7,SCAP,GET4,FBXO7,LGR5,CPSF6,SNRPF,FANCM,RHCG,ZNF174,NDUFB10,NUF2,MRPS5,CENPC,NAF1,OSMR,ITGA1,WASHC2A,SCN3A,NUP205,CXCL13,FANCD2,APPL1,MRPL17,AMFR,WDR24,SLX4,AGL,TRAT1,IFT122,ANKRA2,BMT2,SEC61A2,LRRK2,VPS35,CACNB3,CHAF1A,PDS5A,RAC3,FASN,IL13,MMGT1,MRPL13,DONSON,LAMB2,TADA2B,PCSK1,F2,CATSPER1,PSMD1,MIS18BP1,CD34,FANCI,SRP68,PRPF3,ZFP42,RBBP6,CYBRD1,SPAST,IL23R,IMPDH2,GLYR1,ATRIP,SOX2,AHRR,PAGR1,XPOT,IL3RA,STAC3,PDGFB,LEPR,KPNA7,ZNRD1,ELOA2,CD86,DNAH8,GNG2,HJV,NDUFA4,TSLP,ASH2L,SRFBP1,SMC4,C15orf48,NCR3LG1,FBXO38,USP7,MCCC2,CORO2A,IFNAR2,CLUAP1,SHTN1,TBCD,MYO9A,AKAP9,PXDNL,UPF2,CRB3,PIK3R4,POT1,CHM,TRIM33,ARNT,WDR5,BDP1,PLXNB2,DNMT1,CPLX2,KIFAP3,TAF11,KIF21A,AHCTF1,CATSPERE,CEP170,CR2,TPR,COP1,SERPINC1,LAMTOR2,IL6R,RPRD2,TAF5,COL11A1,ALG14,RPL5,SCD,UBE2U,SMARCA1,BMPR1A,NDUFS5,HDAC8,TET1,RABGAP1,TLR4,KIF4A,BAK1,C1QA,TEX10,NCBP1,FAM120C,NEU1,IARS1,CACNA1F,GATA1,THBD,TAF2,TNFRSF4,RFC3,IFNB1,FBXL19,HAUS6,RRAGA,PFKP,IL6ST,IL33,CATSPERD,JAK2,CATSPER2,FBXO25,TRAPPC9,NLRP5,CCL25,HDLBP,URI1,TFRC,PDK1,GIPC1,KEAP1,NDUFA4L2,KIF20A,PHF20L1,SLC26A6,CCDC51,IL4R,NFATC2,BICRA,CCNF,NOXO1,CCDC40,RGS11,PPP3CC,SEC24A,USP47,GABRA5,SUN1,CASTOR1,ADGRV1,GATAD2A,F11,KIF2A,CD8A,CATSPERG,CIAO2B,CREB1,CATSPER4,SEPTIN5,DCAF1,EPS15L1,CSF2RA,CNTD2,TENT2,TTC21A,TNF,POLG,CNOT10,RHOA,LTA,ACVR1,TMED7,TAF1,ANO6,IL5RA,ERG,DDX46,ROBO2,FBXL2,CCDC39,KCNIP2,TFR2,TFAM,ALYREF,SLIT2,WDR36,PROM1,CEP192,DDR1,WWP1,NAIP,HEPH,CFL1,NCAPD3,ADM,KPNA2,PRORP,CLTCL1,SMAD5,ATP10A,WDR61,RBM15B,DET1,PECAM1,CENPT,SPC24,SPHK2,UPF1,IL12RB1,MYO9B,IRF3,TNFRSF9,JADE3,PAN2,CNOT6,CGA,PPP4R3B,BTK,CHD1,PHF19,WASHC2C,PTPN11,CATSPERZ,SAMHD1,CHD8,LRP2,IGF1R,ABCC2,LHB,DARS2,UBE3A,RPS17,MED19,ERCC6L2,SCN11A	1.401209493236885	aquatic_slow_enrichment	False	False	False
COMPARTMENTS	GOCC:0043227	Membrane-bounded organelle	545	9083	0.05	0.26	0.0397	9606.ENSP00000003100,9606.ENSP00000078445,9606.ENSP00000159111,9606.ENSP00000160827,9606.ENSP00000177742,9606.ENSP00000184266,9606.ENSP00000199936,9606.ENSP00000203407,9606.ENSP00000203556,9606.ENSP00000205636,9606.ENSP00000209884,9606.ENSP00000215793,9606.ENSP00000215829,9606.ENSP00000216124,9606.ENSP00000216133,9606.ENSP00000216271,9606.ENSP00000216500,9606.ENSP00000216862,9606.ENSP00000216911,9606.ENSP00000217173,9606.ENSP00000217740,9606.ENSP00000217958,9606.ENSP00000218099,9606.ENSP00000218348,9606.ENSP00000218516,9606.ENSP00000219069,9606.ENSP00000219478,9606.ENSP00000219481,9606.ENSP00000219596,9606.ENSP00000219905,9606.ENSP00000220764,9606.ENSP00000221573,9606.ENSP00000221730,9606.ENSP00000222122,9606.ENSP00000222248,9606.ENSP00000225276,9606.ENSP00000226355,9606.ENSP00000226444,9606.ENSP00000228825,9606.ENSP00000229135,9606.ENSP00000230048,9606.ENSP00000231368,9606.ENSP00000231572,9606.ENSP00000231887,9606.ENSP00000232461,9606.ENSP00000233710,9606.ENSP00000234371,9606.ENSP00000236850,9606.ENSP00000239882,9606.ENSP00000240328,9606.ENSP00000241261,9606.ENSP00000242465,9606.ENSP00000242848,9606.ENSP00000243347,9606.ENSP00000244050,9606.ENSP00000245414,9606.ENSP00000245907,9606.ENSP00000245934,9606.ENSP00000245960,9606.ENSP00000247001,9606.ENSP00000248244,9606.ENSP00000249356,9606.ENSP00000251047,9606.ENSP00000251250,9606.ENSP00000252542,9606.ENSP00000252575,9606.ENSP00000252809,9606.ENSP00000253669,9606.ENSP00000253699,9606.ENSP00000253928,9606.ENSP00000254190,9606.ENSP00000254480,9606.ENSP00000254654,9606.ENSP00000255194,9606.ENSP00000255613,9606.ENSP00000255882,9606.ENSP00000256079,9606.ENSP00000257177,9606.ENSP00000257904,9606.ENSP00000258149,9606.ENSP00000258173,9606.ENSP00000258975,9606.ENSP00000260361,9606.ENSP00000260665,9606.ENSP00000260810,9606.ENSP00000260818,9606.ENSP00000261183,9606.ENSP00000261416,9606.ENSP00000261483,9606.ENSP00000261609,9606.ENSP00000261693,9606.ENSP00000261708,9606.ENSP00000261866,9606.ENSP00000261875,9606.ENSP00000261879,9606.ENSP00000261937,9606.ENSP00000262041,9606.ENSP00000262320,9606.ENSP00000262376,9606.ENSP00000262407,9606.ENSP00000262518,9606.ENSP00000262643,9606.ENSP00000262809,9606.ENSP00000263038,9606.ENSP00000263181,9606.ENSP00000263208,9606.ENSP00000263233,9606.ENSP00000263377,9606.ENSP00000263388,9606.ENSP00000263733,9606.ENSP00000263795,9606.ENSP00000264515,9606.ENSP00000264990,9606.ENSP00000265138,9606.ENSP00000265195,9606.ENSP00000265271,9606.ENSP00000265388,9606.ENSP00000265433,9606.ENSP00000265564,9606.ENSP00000265565,9606.ENSP00000265651,9606.ENSP00000266022,9606.ENSP00000266087,9606.ENSP00000266505,9606.ENSP00000266674,9606.ENSP00000266679,9606.ENSP00000266735,9606.ENSP00000267430,9606.ENSP00000267622,9606.ENSP00000267814,9606.ENSP00000268053,9606.ENSP00000268150,9606.ENSP00000268182,9606.ENSP00000268655,9606.ENSP00000268668,9606.ENSP00000269394,9606.ENSP00000269701,9606.ENSP00000269881,9606.ENSP00000270645,9606.ENSP00000271452,9606.ENSP00000271715,9606.ENSP00000271732,9606.ENSP00000272418,9606.ENSP00000273853,9606.ENSP00000274054,9606.ENSP00000275461,9606.ENSP00000276055,9606.ENSP00000276893,9606.ENSP00000278070,9606.ENSP00000279392,9606.ENSP00000282041,9606.ENSP00000282276,9606.ENSP00000282588,9606.ENSP00000282633,9606.ENSP00000283629,9606.ENSP00000284425,9606.ENSP00000284551,9606.ENSP00000284617,9606.ENSP00000284719,9606.ENSP00000285407,9606.ENSP00000285518,9606.ENSP00000285968,9606.ENSP00000287647,9606.ENSP00000288266,9606.ENSP00000288937,9606.ENSP00000290649,9606.ENSP00000291041,9606.ENSP00000292363,9606.ENSP00000292432,9606.ENSP00000293883,9606.ENSP00000294008,9606.ENSP00000294724,9606.ENSP00000295079,9606.ENSP00000295488,9606.ENSP00000295888,9606.ENSP00000296266,9606.ENSP00000297044,9606.ENSP00000298299,9606.ENSP00000298428,9606.ENSP00000298556,9606.ENSP00000298910,9606.ENSP00000299138,9606.ENSP00000299155,9606.ENSP00000300403,9606.ENSP00000301466,9606.ENSP00000301645,9606.ENSP00000301921,9606.ENSP00000302413,9606.ENSP00000302621,9606.ENSP00000302961,9606.ENSP00000303427,9606.ENSP00000303758,9606.ENSP00000304429,9606.ENSP00000304553,9606.ENSP00000304592,9606.ENSP00000305416,9606.ENSP00000306220,9606.ENSP00000306548,9606.ENSP00000307023,9606.ENSP00000307143,9606.ENSP00000308022,9606.ENSP00000308024,9606.ENSP00000308541,9606.ENSP00000309096,9606.ENSP00000309262,9606.ENSP00000309474,9606.ENSP00000309504,9606.ENSP00000309741,9606.ENSP00000309790,9606.ENSP00000310036,9606.ENSP00000310721,9606.ENSP00000310842,9606.ENSP00000311648,9606.ENSP00000313050,9606.ENSP00000313582,9606.ENSP00000313851,9606.ENSP00000314036,9606.ENSP00000315379,9606.ENSP00000315988,9606.ENSP00000316416,9606.ENSP00000317686,9606.ENSP00000317872,9606.ENSP00000320885,9606.ENSP00000321326,9606.ENSP00000321348,9606.ENSP00000321584,9606.ENSP00000322323,9606.ENSP00000322716,9606.ENSP00000322845,9606.ENSP00000323099,9606.ENSP00000323588,9606.ENSP00000323635,9606.ENSP00000324510,9606.ENSP00000325120,9606.ENSP00000325313,9606.ENSP00000326519,9606.ENSP00000326563,9606.ENSP00000326570,9606.ENSP00000327760,9606.ENSP00000327786,9606.ENSP00000327821,9606.ENSP00000328174,9606.ENSP00000328228,9606.ENSP00000329200,9606.ENSP00000330382,9606.ENSP00000331111,9606.ENSP00000331302,9606.ENSP00000332049,9606.ENSP00000332293,9606.ENSP00000333223,9606.ENSP00000333363,9606.ENSP00000333539,9606.ENSP00000334448,9606.ENSP00000334538,9606.ENSP00000337224,9606.ENSP00000337816,9606.ENSP00000338185,9606.ENSP00000338807,9606.ENSP00000339532,9606.ENSP00000339720,9606.ENSP00000340648,9606.ENSP00000340896,9606.ENSP00000341051,9606.ENSP00000341324,9606.ENSP00000341382,9606.ENSP00000341610,9606.ENSP00000342023,9606.ENSP00000342278,9606.ENSP00000342699,9606.ENSP00000343535,9606.ENSP00000343657,9606.ENSP00000343885,9606.ENSP00000344220,9606.ENSP00000344392,9606.ENSP00000344458,9606.ENSP00000345681,9606.ENSP00000345848,9606.ENSP00000346175,9606.ENSP00000347821,9606.ENSP00000347852,9606.ENSP00000348573,9606.ENSP00000348645,9606.ENSP00000348708,9606.ENSP00000348775,9606.ENSP00000349205,9606.ENSP00000350249,9606.ENSP00000351250,9606.ENSP00000351407,9606.ENSP00000351446,9606.ENSP00000351575,9606.ENSP00000352516,9606.ENSP00000353408,9606.ENSP00000353874,9606.ENSP00000354003,9606.ENSP00000354314,9606.ENSP00000354511,9606.ENSP00000354560,9606.ENSP00000354607,9606.ENSP00000354633,9606.ENSP00000355465,9606.ENSP00000355467,9606.ENSP00000355470,9606.ENSP00000355492,9606.ENSP00000355500,9606.ENSP00000355517,9606.ENSP00000355631,9606.ENSP00000355632,9606.ENSP00000355927,9606.ENSP00000355929,9606.ENSP00000355968,9606.ENSP00000356024,9606.ENSP00000356150,9606.ENSP00000356448,9606.ENSP00000356641,9606.ENSP00000356671,9606.ENSP00000356825,9606.ENSP00000356840,9606.ENSP00000357288,9606.ENSP00000357838,9606.ENSP00000357873,9606.ENSP00000357914,9606.ENSP00000358064,9606.ENSP00000358142,9606.ENSP00000358421,9606.ENSP00000358490,9606.ENSP00000358501,9606.ENSP00000358548,9606.ENSP00000358778,9606.ENSP00000358854,9606.ENSP00000358903,9606.ENSP00000358925,9606.ENSP00000359114,9606.ENSP00000359224,9606.ENSP00000359345,9606.ENSP00000359380,9606.ENSP00000359557,9606.ENSP00000360162,9606.ENSP00000360250,9606.ENSP00000361990,9606.ENSP00000362018,9606.ENSP00000362058,9606.ENSP00000362298,9606.ENSP00000362299,9606.ENSP00000362441,9606.ENSP00000362674,9606.ENSP00000362748,9606.ENSP00000362763,9606.ENSP00000362931,9606.ENSP00000363089,9606.ENSP00000363524,9606.ENSP00000363591,9606.ENSP00000363640,9606.ENSP00000363891,9606.ENSP00000364037,9606.ENSP00000364166,9606.ENSP00000364289,9606.ENSP00000364389,9606.ENSP00000364403,9606.ENSP00000364591,9606.ENSP00000364782,9606.ENSP00000364794,9606.ENSP00000364870,9606.ENSP00000365550,9606.ENSP00000365858,9606.ENSP00000366404,9606.ENSP00000366898,9606.ENSP00000366945,9606.ENSP00000367406,9606.ENSP00000367817,9606.ENSP00000367880,9606.ENSP00000368127,9606.ENSP00000368318,9606.ENSP00000369411,9606.ENSP00000369442,9606.ENSP00000369581,9606.ENSP00000369887,9606.ENSP00000369899,9606.ENSP00000370698,9606.ENSP00000370842,9606.ENSP00000370990,9606.ENSP00000371067,9606.ENSP00000371425,9606.ENSP00000372445,9606.ENSP00000373304,9606.ENSP00000373600,9606.ENSP00000373979,9606.ENSP00000375063,9606.ENSP00000376097,9606.ENSP00000376197,9606.ENSP00000376352,9606.ENSP00000376753,9606.ENSP00000377055,9606.ENSP00000377176,9606.ENSP00000377245,9606.ENSP00000377411,9606.ENSP00000377681,9606.ENSP00000378058,9606.ENSP00000378356,9606.ENSP00000378416,9606.ENSP00000378426,9606.ENSP00000378485,9606.ENSP00000378784,9606.ENSP00000378935,9606.ENSP00000378974,9606.ENSP00000379047,9606.ENSP00000379078,9606.ENSP00000379330,9606.ENSP00000379387,9606.ENSP00000379621,9606.ENSP00000379654,9606.ENSP00000379808,9606.ENSP00000379911,9606.ENSP00000379946,9606.ENSP00000380256,9606.ENSP00000380514,9606.ENSP00000380679,9606.ENSP00000380759,9606.ENSP00000381823,9606.ENSP00000382382,9606.ENSP00000383295,9606.ENSP00000384015,9606.ENSP00000384524,9606.ENSP00000384527,9606.ENSP00000384899,9606.ENSP00000384957,9606.ENSP00000384996,9606.ENSP00000385721,9606.ENSP00000386559,9606.ENSP00000387471,9606.ENSP00000387699,9606.ENSP00000390204,9606.ENSP00000391101,9606.ENSP00000391311,9606.ENSP00000393183,9606.ENSP00000393847,9606.ENSP00000394560,9606.ENSP00000395232,9606.ENSP00000395929,9606.ENSP00000396345,9606.ENSP00000396755,9606.ENSP00000397261,9606.ENSP00000397563,9606.ENSP00000399851,9606.ENSP00000400175,9606.ENSP00000402257,9606.ENSP00000403077,9606.ENSP00000405926,9606.ENSP00000406549,9606.ENSP00000409126,9606.ENSP00000410186,9606.ENSP00000410452,9606.ENSP00000411848,9606.ENSP00000413625,9606.ENSP00000413720,9606.ENSP00000414150,9606.ENSP00000416387,9606.ENSP00000416534,9606.ENSP00000417573,9606.ENSP00000417710,9606.ENSP00000417960,9606.ENSP00000417980,9606.ENSP00000418944,9606.ENSP00000419879,9606.ENSP00000420588,9606.ENSP00000421592,9606.ENSP00000422591,9606.ENSP00000423067,9606.ENSP00000426809,9606.ENSP00000427793,9606.ENSP00000432511,9606.ENSP00000432660,9606.ENSP00000437532,9606.ENSP00000438483,9606.ENSP00000440915,9606.ENSP00000441158,9606.ENSP00000441641,9606.ENSP00000441954,9606.ENSP00000443291,9606.ENSP00000444810,9606.ENSP00000449381,9606.ENSP00000450480,9606.ENSP00000450969,9606.ENSP00000451172,9606.ENSP00000451583,9606.ENSP00000453562,9606.ENSP00000453801,9606.ENSP00000454545,9606.ENSP00000454973,9606.ENSP00000456340,9606.ENSP00000457421,9606.ENSP00000457810,9606.ENSP00000458879,9606.ENSP00000462729,9606.ENSP00000463051,9606.ENSP00000463978,9606.ENSP00000465075,9606.ENSP00000465589,9606.ENSP00000466542,9606.ENSP00000466664,9606.ENSP00000468785,9606.ENSP00000469158,9606.ENSP00000469534,9606.ENSP00000470142,9606.ENSP00000471700,9606.ENSP00000471896,9606.ENSP00000472914,9606.ENSP00000473665,9606.ENSP00000479617,9606.ENSP00000479667,9606.ENSP00000479860,9606.ENSP00000480524,9606.ENSP00000480680,9606.ENSP00000481850,9606.ENSP00000482032,9606.ENSP00000482232,9606.ENSP00000482732,9606.ENSP00000482760,9606.ENSP00000483059,9606.ENSP00000483228,9606.ENSP00000483397,9606.ENSP00000483570,9606.ENSP00000483667,9606.ENSP00000483946,9606.ENSP00000484176,9606.ENSP00000484810,9606.ENSP00000485010,9606.ENSP00000485513,9606.ENSP00000486725,9606.ENSP00000489597,9606.ENSP00000490829,9606.ENSP00000491717,9606.ENSP00000493536,9606.ENSP00000495240,9606.ENSP00000496396,9606.ENSP00000496625,9606.ENSP00000496870,9606.ENSP00000497069,9606.ENSP00000497294,9606.ENSP00000497569,9606.ENSP00000497916,9606.ENSP00000498241,9606.ENSP00000498622,9606.ENSP00000498791,9606.ENSP00000499037,9606.ENSP00000499371	CYP51A1,CREB3L3,KDM4B,KIF22,MRPS34,NDUFB4,HSD17B2,UQCRC1,GMIP,CMTM6,KLHL20,SF3A1,SNRPD3,ARSA,CBX7,HDAC10,DHRS7,CYP24A1,AURKA,UBOX5,RNF125,PSMD10,F9,USP11,GLA,ZNF263,ZNF500,DECR2,MEFV,MGA,DECR1,SNAPC2,EPHX3,DBP,SLC5A5,ST6GALNAC2,AFM,SULT1E1,ARPC3,IFNG,ACOT13,LNPEP,RARS1,EHHADH,GNAT1,ACADL,KISS1R,APOA1,ELF1,TBX2,TNFSF10,SRGN,ZC3H13,TNFAIP6,SNAI1,IRF1,C3,SYMPK,CDC25B,SUGP1,TICAM1,DNAJB9,LMAN1,DTWD1,SAFB2,NCAN,GDF15,HAUS8,RBSN,FLYWCH1,CHSY1,SMARCC1,ILKAP,AP3B1,KMT5C,PI4KA,IPO8,TUT4,CDK4,MDM2,TMEM231,TACO1,NDUFAF1,LRPPRC,TOPBP1,DNAJC13,OSBPL8,HEXB,MAN2A1,HERC2,SCARB1,UTP6,SPG11,HACD3,APH1B,FLT4,MEOX2,AXIN1,UBN1,ITGA2B,SRCAP,CCNE1,ELL,PHYH,KIF18A,HIRA,SYP,BRD4,NOTCH3,FAM20B,WDR76,RBBP5,ACAD11,ARRDC3,SIL1,RBM27,TNPO3,NBN,EXOSC7,SCAP,FBXO3,RBM6,FBXO7,PLCZ1,LGR5,CPSF6,SNRPF,FANCM,TRIP11,SORD,CYP11A1,MFGE8,IQGAP1,ZNF174,NDUFB10,ZNF750,AKAP8,CALR3,RCN3,NUF2,POGZ,GOLPH3L,MRPS5,CENPC,NAF1,FERD3L,CHST7,UHRF2,PPRC1,HIRIP3,EPG5,MARS2,ITGA1,WASHC2A,UBP1,ABCA6,TRIM11,CCSAP,OLA1,KLF10,AGPAT5,NUP205,FANCD2,APPL1,MRPL17,AMFR,PSKH1,RNF126,HK3,WDR24,SLX4,AGL,MAIP1,HELQ,WDFY3,IFT122,CYTH3,ZNF22,SEC61A2,HPRT1,LRRK2,VPS35,AMN,TPX2,SOAT2,CYP7A1,SOX7,TPST1,LRG1,HSPA4,PDS5A,LUZP1,SNX7,MPLKIP,FASN,S1PR1,MMGT1,MRPL13,KLF11,DONSON,TADA2B,PCSK1,F2,B4GAT1,USP48,PSMD1,SLC26A7,SLCO4C1,MIS18BP1,CD34,CYP7B1,FANCI,UGT8,NIPSNAP2,ZNF436,PDS5B,AGPAT4,PRPF3,DPY19L2,CSH1,ZFP42,RBBP6,SPAST,F2R,DIAPH2,IMPDH2,FAM20C,GLYR1,ZMYM3,ATRIP,SOX2,FAM210A,BAIAP3,PGR,MAP1S,PAGR1,KDM3B,FKRP,CLASP2,IZUMO1,XPOT,PIF1,CDCA2,STAC3,PDGFB,ZNRD1,ELOA2,CD86,ASCL2,ZNF470,DNAH8,MIPOL1,GNG2,SREK1,LRAT,MMP25,PLCB1,ZBTB49,THUMPD3,NDUFA4,HUWE1,ASH2L,CLEC18B,SRFBP1,SMC4,C15orf48,FBXO38,OAS2,CFAP36,USP7,MCCC2,PPA2,PDPK1,CLUAP1,PROZ,GATA2,ANP32B,SETDB2,MORC4,SORBS2,AKAP9,PXDNL,UPF2,ACOX3,PIK3R4,POT1,TRIM33,ARNT,WDR5,BDP1,DNMT1,MSN,TLR9,GYPA,HAO2,COMT,KIFAP3,FZD5,TAF11,AHCTF1,SCCPDH,CNST,CATSPERE,CEP170,KMO,OTX1,GALNT2,RPS6KC1,ANGEL2,SLC30A1,CR2,MDM4,TPR,COP1,SERPINC1,ADCY10,POU2F1,LAMTOR2,OAT,ACADSB,GABPB2,RPRD2,SV2A,HSD3B1,CD2,CD58,NRAS,LRIF1,TAF5,CYP17A1,PSRC1,COL11A1,ALG14,RPL5,SCD,LDOC1,SMARCA1,ENTPD1,UBR2,CENPI,NDUFS5,SGPL1,ENG,ATRX,HDAC8,TET1,ZBTB6,SRPK1,TLR4,KIF4A,BAK1,PHF1,SLC38A10,TEX10,TMEM225,NCBP1,CDC14B,UBR4,TSPYL2,NEU1,IARS1,HSPB7,GKAP1,GATA1,TRIM27,HIF3A,SLC25A51,TAF2,PODXL,PIGO,C4orf47,PUSL1,RFC3,KL,IFNB1,SLTM,RRAGA,IL6ST,IL33,SHOX,JAK2,IFNGR2,METTL17,CCDC174,LRRK1,TRAPPC9,NLRP5,URI1,TFRC,PDK1,GIPC1,PRCP,SPATA7,KEAP1,NDUFA4L2,G3BP1,EFEMP1,KIF20A,ALAS1,VKORC1,MATK,PHF20L1,PPHLN1,MAPK8,CCDC51,EHMT2,NFATC2,ZNF445,SNX16,MARF1,ATF7IP2,CENPK,BICRA,CCNF,HAGH,CCDC40,PRMT2,SEC24A,USP47,NBEA,SUN1,ETV2,ZBTB40,GATAD2A,F11,TBC1D10A,GGT2,CD8A,CIAO2B,CREB1,HEPACAM2,SLFN14,SEPTIN5,DCAF1,PLA2G10,MAPK9,MTFR2,NSD1,CHD9,CNTD2,SELENBP1,TENT2,POLG,RHOA,RUNX1T1,VKORC1L1,TMED7,TAF1,ANO6,AK9,STMN1,MARCHF8,FNBP1,CDKN1C,ERG,FBLIM1,DDX46,YIPF6,DPPA2,CCDC39,EHMT1,PEG10,CDS2,TFAM,ALYREF,SLIT2,WDR36,PROM1,WWP1,JAK3,CFL1,CCDC189,KPNA2,PRORP,CLTCL1,PRR14,SMAD5,FAR2,FKBP5,MAPKAPK5,ATP10A,ZBTB33,SERPINA4,DMAC2L,BCL2L10,WDR61,RBM15B,SCAPER,DET1,PECAM1,CENPT,ZSCAN10,OTUD7B,GDF2,SLC16A3,SPC24,ACSBG2,TLE2,SLC44A2,MBD1,SPHK2,WIZ,UPF1,FKBP8,IRF3,SUGP2,SBNO1,UHRF1,RPS6KA5,CIB1,GTF2IRD2B,SEMA3B,JADE3,IP6K1,CGA,PTPN9,PCSK6,NR2C2,PPP4R3B,FSBP,BTK,CHD1,PHF19,CLEC18A,ZNF274,CIITA,WASHC2C,PPIL2,PTPN11,SPACA6,CATSPERZ,SAMHD1,CHD8,AVPR2,CYP21A2,LRP2,IGF1R,LHB,DARS2,NDN,INKA1,MIP,MED19,CBLB,ERCC6L2	1.401209493236885	aquatic_slow_enrichment	False	False	False
COMPARTMENTS	GOCC:0043235	Receptor complex	43	425	0.28	0.29	0.0397	9606.ENSP00000229135,9606.ENSP00000253796,9606.ENSP00000254661,9606.ENSP00000261937,9606.ENSP00000262407,9606.ENSP00000263388,9606.ENSP00000274276,9606.ENSP00000282588,9606.ENSP00000295756,9606.ENSP00000304915,9606.ENSP00000321345,9606.ENSP00000323816,9606.ENSP00000327890,9606.ENSP00000330393,9606.ENSP00000337014,9606.ENSP00000343957,9606.ENSP00000351407,9606.ENSP00000352288,9606.ENSP00000356024,9606.ENSP00000357470,9606.ENSP00000361107,9606.ENSP00000363089,9606.ENSP00000368538,9606.ENSP00000369581,9606.ENSP00000370698,9606.ENSP00000371067,9606.ENSP00000375086,9606.ENSP00000376197,9606.ENSP00000379111,9606.ENSP00000382953,9606.ENSP00000384582,9606.ENSP00000386559,9606.ENSP00000394227,9606.ENSP00000405004,9606.ENSP00000412209,9606.ENSP00000420525,9606.ENSP00000427552,9606.ENSP00000436607,9606.ENSP00000470788,9606.ENSP00000478699,9606.ENSP00000483570,9606.ENSP00000496870,9606.ENSP00000497069	IFNG,RAMP2,RAMP1,FLT4,ITGA2B,NOTCH3,OSMR,ITGA1,TRAT1,IL13,IL23R,AHRR,IL3RA,LEPR,HJV,IFNAR2,ARNT,PLXNB2,CR2,IL6R,BMPR1A,TLR4,TNFRSF4,IFNB1,IL6ST,JAK2,CCL25,TFRC,IL4R,GABRA5,ADGRV1,CD8A,CSF2RA,ACVR1,IL5RA,TFR2,DDR1,ADM,IL12RB1,TNFRSF9,BTK,LRP2,IGF1R	1.401209493236885	aquatic_slow_enrichment	False	False	False
COMPARTMENTS	GOCC:0009986	Cell surface	43	438	0.27	0.28	0.0461	9606.ENSP00000233156,9606.ENSP00000253796,9606.ENSP00000254661,9606.ENSP00000262407,9606.ENSP00000264162,9606.ENSP00000264246,9606.ENSP00000281834,9606.ENSP00000282588,9606.ENSP00000310036,9606.ENSP00000317272,9606.ENSP00000321326,9606.ENSP00000321573,9606.ENSP00000326570,9606.ENSP00000330382,9606.ENSP00000332049,9606.ENSP00000337146,9606.ENSP00000351059,9606.ENSP00000352288,9606.ENSP00000353013,9606.ENSP00000353408,9606.ENSP00000354607,9606.ENSP00000357012,9606.ENSP00000358490,9606.ENSP00000358501,9606.ENSP00000361107,9606.ENSP00000362299,9606.ENSP00000363089,9606.ENSP00000366307,9606.ENSP00000370483,9606.ENSP00000376197,9606.ENSP00000376899,9606.ENSP00000386559,9606.ENSP00000393557,9606.ENSP00000398698,9606.ENSP00000402060,9606.ENSP00000409126,9606.ENSP00000417335,9606.ENSP00000418767,9606.ENSP00000422591,9606.ENSP00000426809,9606.ENSP00000482760,9606.ENSP00000496870,9606.ENSP00000497274	TFPI,RAMP2,RAMP1,ITGA2B,LCT,CD80,TNFSF4,ITGA1,CD34,MET,F2R,DCBLD2,FKRP,PDGFB,CD86,ENOX2,CX3CR1,PLXNB2,CLEC14A,MSN,FZD5,CD244,CD2,CD58,BMPR1A,ENG,TLR4,THBD,NLGN4X,TFRC,PTGFRN,CD8A,SLC4A4,TNF,PVR,ANO6,ROBO2,TREML2,SLIT2,PROM1,PCSK6,LRP2,ABCC2	1.3362990746103518	aquatic_slow_enrichment	False	False	False
UniProt Keywords	KW-0025	Alternative splicing	651	10313	0.07	0.58	2.76e-07	9606.ENSP00000003100,9606.ENSP00000045083,9606.ENSP00000061240,9606.ENSP00000078445,9606.ENSP00000159111,9606.ENSP00000160827,9606.ENSP00000184266,9606.ENSP00000203556,9606.ENSP00000209884,9606.ENSP00000215793,9606.ENSP00000215829,9606.ENSP00000216124,9606.ENSP00000216271,9606.ENSP00000216500,9606.ENSP00000216862,9606.ENSP00000217173,9606.ENSP00000217958,9606.ENSP00000218099,9606.ENSP00000219478,9606.ENSP00000219481,9606.ENSP00000219596,9606.ENSP00000219905,9606.ENSP00000220764,9606.ENSP00000221671,9606.ENSP00000222139,9606.ENSP00000230048,9606.ENSP00000231368,9606.ENSP00000231887,9606.ENSP00000233099,9606.ENSP00000233156,9606.ENSP00000239882,9606.ENSP00000241256,9606.ENSP00000241261,9606.ENSP00000242375,9606.ENSP00000242848,9606.ENSP00000244527,9606.ENSP00000244709,9606.ENSP00000245934,9606.ENSP00000245960,9606.ENSP00000247001,9606.ENSP00000248923,9606.ENSP00000251157,9606.ENSP00000251250,9606.ENSP00000252100,9606.ENSP00000252542,9606.ENSP00000252597,9606.ENSP00000253669,9606.ENSP00000253699,9606.ENSP00000253796,9606.ENSP00000253928,9606.ENSP00000255194,9606.ENSP00000255613,9606.ENSP00000255882,9606.ENSP00000256079,9606.ENSP00000256343,9606.ENSP00000257177,9606.ENSP00000257860,9606.ENSP00000257904,9606.ENSP00000258149,9606.ENSP00000258173,9606.ENSP00000258198,9606.ENSP00000261183,9606.ENSP00000261211,9606.ENSP00000261693,9606.ENSP00000261866,9606.ENSP00000261875,9606.ENSP00000261879,9606.ENSP00000261937,9606.ENSP00000262027,9606.ENSP00000262150,9606.ENSP00000262301,9606.ENSP00000262320,9606.ENSP00000262376,9606.ENSP00000262407,9606.ENSP00000262457,9606.ENSP00000262518,9606.ENSP00000262643,9606.ENSP00000263038,9606.ENSP00000263208,9606.ENSP00000263233,9606.ENSP00000263377,9606.ENSP00000264246,9606.ENSP00000264515,9606.ENSP00000264917,9606.ENSP00000264990,9606.ENSP00000265224,9606.ENSP00000265388,9606.ENSP00000265565,9606.ENSP00000265651,9606.ENSP00000265708,9606.ENSP00000265857,9606.ENSP00000266022,9606.ENSP00000266087,9606.ENSP00000266505,9606.ENSP00000266673,9606.ENSP00000266674,9606.ENSP00000266679,9606.ENSP00000266682,9606.ENSP00000267430,9606.ENSP00000267622,9606.ENSP00000267814,9606.ENSP00000267935,9606.ENSP00000267953,9606.ENSP00000268053,9606.ENSP00000268130,9606.ENSP00000268150,9606.ENSP00000268655,9606.ENSP00000268668,9606.ENSP00000271588,9606.ENSP00000271715,9606.ENSP00000271732,9606.ENSP00000272321,9606.ENSP00000272418,9606.ENSP00000273853,9606.ENSP00000274054,9606.ENSP00000274276,9606.ENSP00000274721,9606.ENSP00000276893,9606.ENSP00000278070,9606.ENSP00000279392,9606.ENSP00000280886,9606.ENSP00000281834,9606.ENSP00000282041,9606.ENSP00000282633,9606.ENSP00000283254,9606.ENSP00000283629,9606.ENSP00000284425,9606.ENSP00000284551,9606.ENSP00000284601,9606.ENSP00000284617,9606.ENSP00000284719,9606.ENSP00000285407,9606.ENSP00000286031,9606.ENSP00000287647,9606.ENSP00000290039,9606.ENSP00000290246,9606.ENSP00000291971,9606.ENSP00000292609,9606.ENSP00000292778,9606.ENSP00000293604,9606.ENSP00000293879,9606.ENSP00000294008,9606.ENSP00000294413,9606.ENSP00000294724,9606.ENSP00000295488,9606.ENSP00000295888,9606.ENSP00000296266,9606.ENSP00000296420,9606.ENSP00000296438,9606.ENSP00000297044,9606.ENSP00000298292,9606.ENSP00000298428,9606.ENSP00000298569,9606.ENSP00000300184,9606.ENSP00000300403,9606.ENSP00000301050,9606.ENSP00000301280,9606.ENSP00000301458,9606.ENSP00000301466,9606.ENSP00000301825,9606.ENSP00000301921,9606.ENSP00000302297,9606.ENSP00000302961,9606.ENSP00000303246,9606.ENSP00000303427,9606.ENSP00000303758,9606.ENSP00000304429,9606.ENSP00000304586,9606.ENSP00000305839,9606.ENSP00000306015,9606.ENSP00000306220,9606.ENSP00000306627,9606.ENSP00000307023,9606.ENSP00000307143,9606.ENSP00000308022,9606.ENSP00000308024,9606.ENSP00000309092,9606.ENSP00000309262,9606.ENSP00000309474,9606.ENSP00000309504,9606.ENSP00000309597,9606.ENSP00000309790,9606.ENSP00000310036,9606.ENSP00000310842,9606.ENSP00000312066,9606.ENSP00000312293,9606.ENSP00000313050,9606.ENSP00000313454,9606.ENSP00000313851,9606.ENSP00000314036,9606.ENSP00000314484,9606.ENSP00000315379,9606.ENSP00000315664,9606.ENSP00000315713,9606.ENSP00000315988,9606.ENSP00000316054,9606.ENSP00000317272,9606.ENSP00000317671,9606.ENSP00000317872,9606.ENSP00000318029,9606.ENSP00000318423,9606.ENSP00000319141,9606.ENSP00000320251,9606.ENSP00000320885,9606.ENSP00000321345,9606.ENSP00000321348,9606.ENSP00000321573,9606.ENSP00000322323,9606.ENSP00000322716,9606.ENSP00000322845,9606.ENSP00000323099,9606.ENSP00000323280,9606.ENSP00000323816,9606.ENSP00000324127,9606.ENSP00000324510,9606.ENSP00000325120,9606.ENSP00000325313,9606.ENSP00000325785,9606.ENSP00000326563,9606.ENSP00000326604,9606.ENSP00000327760,9606.ENSP00000327786,9606.ENSP00000327890,9606.ENSP00000328174,9606.ENSP00000328228,9606.ENSP00000328327,9606.ENSP00000329200,9606.ENSP00000330200,9606.ENSP00000330393,9606.ENSP00000331376,9606.ENSP00000332049,9606.ENSP00000333212,9606.ENSP00000333223,9606.ENSP00000333363,9606.ENSP00000333539,9606.ENSP00000334374,9606.ENSP00000334538,9606.ENSP00000335040,9606.ENSP00000335325,9606.ENSP00000337014,9606.ENSP00000337146,9606.ENSP00000337466,9606.ENSP00000337746,9606.ENSP00000338164,9606.ENSP00000338185,9606.ENSP00000338807,9606.ENSP00000339208,9606.ENSP00000339804,9606.ENSP00000340292,9606.ENSP00000340648,9606.ENSP00000340896,9606.ENSP00000341051,9606.ENSP00000341382,9606.ENSP00000341489,9606.ENSP00000342023,9606.ENSP00000342278,9606.ENSP00000342499,9606.ENSP00000342699,9606.ENSP00000342840,9606.ENSP00000343331,9606.ENSP00000343398,9606.ENSP00000343535,9606.ENSP00000343629,9606.ENSP00000343657,9606.ENSP00000343885,9606.ENSP00000343957,9606.ENSP00000344220,9606.ENSP00000344392,9606.ENSP00000344458,9606.ENSP00000344937,9606.ENSP00000345681,9606.ENSP00000345848,9606.ENSP00000346175,9606.ENSP00000347193,9606.ENSP00000347532,9606.ENSP00000347719,9606.ENSP00000347778,9606.ENSP00000347821,9606.ENSP00000347852,9606.ENSP00000348129,9606.ENSP00000348169,9606.ENSP00000348349,9606.ENSP00000348381,9606.ENSP00000348527,9606.ENSP00000348573,9606.ENSP00000348645,9606.ENSP00000348775,9606.ENSP00000348931,9606.ENSP00000349204,9606.ENSP00000349291,9606.ENSP00000349439,9606.ENSP00000349568,9606.ENSP00000349708,9606.ENSP00000349768,9606.ENSP00000349877,9606.ENSP00000349967,9606.ENSP00000350249,9606.ENSP00000350266,9606.ENSP00000350310,9606.ENSP00000350386,9606.ENSP00000350541,9606.ENSP00000351059,9606.ENSP00000351207,9606.ENSP00000351250,9606.ENSP00000351407,9606.ENSP00000351575,9606.ENSP00000351619,9606.ENSP00000352516,9606.ENSP00000352941,9606.ENSP00000353377,9606.ENSP00000353538,9606.ENSP00000353874,9606.ENSP00000354003,9606.ENSP00000354152,9606.ENSP00000354314,9606.ENSP00000354560,9606.ENSP00000354633,9606.ENSP00000354878,9606.ENSP00000354919,9606.ENSP00000355022,9606.ENSP00000355465,9606.ENSP00000355470,9606.ENSP00000355492,9606.ENSP00000355500,9606.ENSP00000355517,9606.ENSP00000355632,9606.ENSP00000355652,9606.ENSP00000355927,9606.ENSP00000355929,9606.ENSP00000356024,9606.ENSP00000356104,9606.ENSP00000356150,9606.ENSP00000356169,9606.ENSP00000356357,9606.ENSP00000356448,9606.ENSP00000356590,9606.ENSP00000356607,9606.ENSP00000356634,9606.ENSP00000356641,9606.ENSP00000356674,9606.ENSP00000356713,9606.ENSP00000356733,9606.ENSP00000356825,9606.ENSP00000356840,9606.ENSP00000357012,9606.ENSP00000357022,9606.ENSP00000357036,9606.ENSP00000357288,9606.ENSP00000357470,9606.ENSP00000357474,9606.ENSP00000357838,9606.ENSP00000357873,9606.ENSP00000358060,9606.ENSP00000358064,9606.ENSP00000358120,9606.ENSP00000358142,9606.ENSP00000358501,9606.ENSP00000358727,9606.ENSP00000358778,9606.ENSP00000358794,9606.ENSP00000358854,9606.ENSP00000358925,9606.ENSP00000359042,9606.ENSP00000359114,9606.ENSP00000359892,9606.ENSP00000359976,9606.ENSP00000360116,9606.ENSP00000360162,9606.ENSP00000360250,9606.ENSP00000361383,9606.ENSP00000361666,9606.ENSP00000361990,9606.ENSP00000362018,9606.ENSP00000362299,9606.ENSP00000362372,9606.ENSP00000362441,9606.ENSP00000362674,9606.ENSP00000362751,9606.ENSP00000362795,9606.ENSP00000362931,9606.ENSP00000363089,9606.ENSP00000363524,9606.ENSP00000363591,9606.ENSP00000363640,9606.ENSP00000363891,9606.ENSP00000364037,9606.ENSP00000364324,9606.ENSP00000364389,9606.ENSP00000364403,9606.ENSP00000364737,9606.ENSP00000364870,9606.ENSP00000365441,9606.ENSP00000365505,9606.ENSP00000365550,9606.ENSP00000365643,9606.ENSP00000365858,9606.ENSP00000366404,9606.ENSP00000366475,9606.ENSP00000366898,9606.ENSP00000367024,9606.ENSP00000367173,9606.ENSP00000367817,9606.ENSP00000367880,9606.ENSP00000368318,9606.ENSP00000369009,9606.ENSP00000369411,9606.ENSP00000369442,9606.ENSP00000369604,9606.ENSP00000369666,9606.ENSP00000369871,9606.ENSP00000369887,9606.ENSP00000370483,9606.ENSP00000370517,9606.ENSP00000370698,9606.ENSP00000370718,9606.ENSP00000370842,9606.ENSP00000370990,9606.ENSP00000371037,9606.ENSP00000371180,9606.ENSP00000371347,9606.ENSP00000372201,9606.ENSP00000372274,9606.ENSP00000372445,9606.ENSP00000373600,9606.ENSP00000373702,9606.ENSP00000373979,9606.ENSP00000375086,9606.ENSP00000375836,9606.ENSP00000376097,9606.ENSP00000376135,9606.ENSP00000376268,9606.ENSP00000376352,9606.ENSP00000376753,9606.ENSP00000376910,9606.ENSP00000376992,9606.ENSP00000377055,9606.ENSP00000377176,9606.ENSP00000377504,9606.ENSP00000377681,9606.ENSP00000377971,9606.ENSP00000378058,9606.ENSP00000378312,9606.ENSP00000378356,9606.ENSP00000378416,9606.ENSP00000378426,9606.ENSP00000378485,9606.ENSP00000378784,9606.ENSP00000378920,9606.ENSP00000378935,9606.ENSP00000378974,9606.ENSP00000379047,9606.ENSP00000379078,9606.ENSP00000379111,9606.ENSP00000379330,9606.ENSP00000379621,9606.ENSP00000379654,9606.ENSP00000379773,9606.ENSP00000379808,9606.ENSP00000379946,9606.ENSP00000380071,9606.ENSP00000380087,9606.ENSP00000380450,9606.ENSP00000380514,9606.ENSP00000380679,9606.ENSP00000380746,9606.ENSP00000380759,9606.ENSP00000380876,9606.ENSP00000380878,9606.ENSP00000381823,9606.ENSP00000382382,9606.ENSP00000383295,9606.ENSP00000384015,9606.ENSP00000384524,9606.ENSP00000384527,9606.ENSP00000384582,9606.ENSP00000384899,9606.ENSP00000384957,9606.ENSP00000384996,9606.ENSP00000385000,9606.ENSP00000385721,9606.ENSP00000385927,9606.ENSP00000386559,9606.ENSP00000386787,9606.ENSP00000386992,9606.ENSP00000387185,9606.ENSP00000387699,9606.ENSP00000390204,9606.ENSP00000390423,9606.ENSP00000390613,9606.ENSP00000390637,9606.ENSP00000391101,9606.ENSP00000391167,9606.ENSP00000391311,9606.ENSP00000391409,9606.ENSP00000392511,9606.ENSP00000392660,9606.ENSP00000393183,9606.ENSP00000393313,9606.ENSP00000393557,9606.ENSP00000394227,9606.ENSP00000394560,9606.ENSP00000395232,9606.ENSP00000395723,9606.ENSP00000395929,9606.ENSP00000396345,9606.ENSP00000396445,9606.ENSP00000396615,9606.ENSP00000396755,9606.ENSP00000397261,9606.ENSP00000397563,9606.ENSP00000398211,9606.ENSP00000399862,9606.ENSP00000402060,9606.ENSP00000402257,9606.ENSP00000403077,9606.ENSP00000403104,9606.ENSP00000405514,9606.ENSP00000405926,9606.ENSP00000406549,9606.ENSP00000408005,9606.ENSP00000409126,9606.ENSP00000410186,9606.ENSP00000410216,9606.ENSP00000410452,9606.ENSP00000410552,9606.ENSP00000412209,9606.ENSP00000413017,9606.ENSP00000413625,9606.ENSP00000413720,9606.ENSP00000414150,9606.ENSP00000414378,9606.ENSP00000415464,9606.ENSP00000416387,9606.ENSP00000416750,9606.ENSP00000417335,9606.ENSP00000417573,9606.ENSP00000417601,9606.ENSP00000417748,9606.ENSP00000417769,9606.ENSP00000417960,9606.ENSP00000417980,9606.ENSP00000418735,9606.ENSP00000419162,9606.ENSP00000419371,9606.ENSP00000419879,9606.ENSP00000420040,9606.ENSP00000420525,9606.ENSP00000420588,9606.ENSP00000421339,9606.ENSP00000422581,9606.ENSP00000422591,9606.ENSP00000423276,9606.ENSP00000423820,9606.ENSP00000424571,9606.ENSP00000424737,9606.ENSP00000426033,9606.ENSP00000426354,9606.ENSP00000426528,9606.ENSP00000426809,9606.ENSP00000427550,9606.ENSP00000427552,9606.ENSP00000427793,9606.ENSP00000428657,9606.ENSP00000430620,9606.ENSP00000432511,9606.ENSP00000433761,9606.ENSP00000434676,9606.ENSP00000434830,9606.ENSP00000436604,9606.ENSP00000437532,9606.ENSP00000438406,9606.ENSP00000440915,9606.ENSP00000441158,9606.ENSP00000441600,9606.ENSP00000443021,9606.ENSP00000443291,9606.ENSP00000444810,9606.ENSP00000444889,9606.ENSP00000449381,9606.ENSP00000450337,9606.ENSP00000450480,9606.ENSP00000451583,9606.ENSP00000453854,9606.ENSP00000454545,9606.ENSP00000454973,9606.ENSP00000456340,9606.ENSP00000457421,9606.ENSP00000457810,9606.ENSP00000458879,9606.ENSP00000462729,9606.ENSP00000463254,9606.ENSP00000465075,9606.ENSP00000465260,9606.ENSP00000465589,9606.ENSP00000466542,9606.ENSP00000466664,9606.ENSP00000468785,9606.ENSP00000469142,9606.ENSP00000469158,9606.ENSP00000469534,9606.ENSP00000470142,9606.ENSP00000470788,9606.ENSP00000471299,9606.ENSP00000471457,9606.ENSP00000471683,9606.ENSP00000471700,9606.ENSP00000471896,9606.ENSP00000472802,9606.ENSP00000472914,9606.ENSP00000473665,9606.ENSP00000478257,9606.ENSP00000478458,9606.ENSP00000479207,9606.ENSP00000479370,9606.ENSP00000479617,9606.ENSP00000479667,9606.ENSP00000479860,9606.ENSP00000480091,9606.ENSP00000480524,9606.ENSP00000480680,9606.ENSP00000481625,9606.ENSP00000481859,9606.ENSP00000482032,9606.ENSP00000482760,9606.ENSP00000482801,9606.ENSP00000483059,9606.ENSP00000483228,9606.ENSP00000483537,9606.ENSP00000483667,9606.ENSP00000483946,9606.ENSP00000484176,9606.ENSP00000484810,9606.ENSP00000484862,9606.ENSP00000485010,9606.ENSP00000485276,9606.ENSP00000485513,9606.ENSP00000485532,9606.ENSP00000486725,9606.ENSP00000489225,9606.ENSP00000489597,9606.ENSP00000490829,9606.ENSP00000493536,9606.ENSP00000495240,9606.ENSP00000496396,9606.ENSP00000496625,9606.ENSP00000497594,9606.ENSP00000498791,9606.ENSP00000499037,9606.ENSP00000499069,9606.ENSP00000499371,9606.ENSP00000499569	CYP51A1,RIPOR3,TLL1,CREB3L3,KDM4B,KIF22,NDUFB4,GMIP,KLHL20,SF3A1,SNRPD3,ARSA,HDAC10,DHRS7,CYP24A1,UBOX5,PSMD10,F9,ZNF500,DECR2,MEFV,MGA,DECR1,C19orf44,EPOR,ACOT13,LNPEP,EHHADH,HEATR5B,TFPI,ELF1,GHSR,TNFSF10,AKR1D1,ZC3H13,SLC17A1,TREM1,SYMPK,CDC25B,SUGP1,GGT1,DOCK7,DTWD1,TMCO6,SAFB2,USHBP1,HAUS8,RBSN,RAMP2,FLYWCH1,AP3B1,KMT5C,PI4KA,IPO8,CATSPERB,TUT4,PRPH,CDK4,MDM2,TMEM231,DYNC1LI2,OSBPL8,CDK17,SCARB1,SPG11,HACD3,APH1B,FLT4,MARS1,CDH19,LMF1,AXIN1,UBN1,ITGA2B,INVS,SRCAP,CCNE1,PHYH,HIRA,SYP,BRD4,CD80,RBBP5,PDE8B,ACAD11,ANKRD7,TNPO3,SCAP,FBXO3,ADAM2,GET4,RBM6,FBXO7,PLCZ1,TMEM19,LGR5,CPSF6,SLC6A15,FANCM,TRIP11,SORD,COMMD4,BCL2A1,CYP11A1,WDR93,MFGE8,ZNF174,NDUFB10,HMCN1,POGZ,GOLPH3L,WDPCP,MRPS5,CENPC,NAF1,OSMR,GFRA3,UHRF2,PPRC1,HIRIP3,DIP2C,TNFSF4,EPG5,WASHC2A,SCN3A,UBP1,ABCA6,TRIM11,PPP1R3A,CCSAP,OLA1,KLF10,C1orf112,FANCD2,CACHD1,ELMO2,NLRP8,PGLYRP2,YDJC,C6orf136,WDR90,SLX4,RHCE,AGL,HELQ,WDFY3,IFT122,EMCN,FBXW12,CYTH3,DNAAF2,SEC61A2,KIAA1191,MS4A7,TPX2,CACNB3,CHAF1A,CD320,SOAT2,ENTPD3,SOX7,LGI3,HSPA4,ACOT12,PDS5A,LUZP1,SNX7,ANKS3,GPRIN1,SYNPO2,MMGT1,SLC9C1,KLF11,DONSON,TADA2B,PCSK1,GMPPB,USP48,PSMD1,SLC26A7,MAP3K11,MIS18BP1,CD34,FANCI,SRP68,MOBP,NIPSNAP2,UBA6,PDS5B,AGPAT4,MEIOB,PRPF3,ZNF18,SSH1,DPY19L2,DVL3,MET,C12orf40,RBBP6,ODF3L2,LINS1,CYBRD1,NEPRO,SPAST,IL23R,DIAPH2,DCBLD2,FAM20C,GLYR1,ZMYM3,ATRIP,CD6,AHRR,PSD3,BAIAP3,PGR,MAP1S,SPECC1L,KDM3B,LMBR1,CLASP2,IZUMO1,IL3RA,PIF1,CDCA2,ASB7,STAC3,BTNL9,LEPR,SERHL2,CD86,CYP2U1,ZNF470,DNAH8,MIPOL1,SLITRK2,SREK1,NIBAN3,CCDC73,HJV,ENOX2,WFDC10B,ISYNA1,TMEM217,PLCB1,ZBTB49,DPP8,TSLP,DLK1,HUWE1,ASH2L,CLEC18B,SMC4,SYDE1,FBXO38,OAS2,TSTD2,CFAP36,LYSMD4,LIPI,TMPPE,USP7,PRRC2C,MCCC2,PPA2,IFNAR2,PDPK1,CLUAP1,PROZ,DPY19L3,GATA2,ANP32B,SETDB2,KLHL28,SHTN1,TBCD,SLC26A8,MORC4,SORBS2,WDR88,NLGN4Y,MYO9A,ADD3,CENPL,AKAP9,PXDNL,ACOX3,FABP7,CRB3,TBC1D9B,TXNDC11,CFAP43,ZMYM6,DCHS2,ATP13A1,CCRL2,POT1,DENND2D,ATP2B4,CHM,LVRN,CX3CR1,KIAA1671,TRIM33,ARNT,BDP1,PBLD,DNMT1,KCTD18,CCDC102B,LRRCC1,TLR9,GYPA,MTHFSD,HAO2,KIFAP3,TAF11,KIF21A,VEPH1,TEDC2,AHCTF1,CNST,CATSPERE,CEP170,KMO,GALNT2,RHOU,RPS6KC1,ANGEL2,CR2,PM20D1,MDM4,ETNK2,LHX9,TPR,AXDND1,RALGPS2,PAPPA2,COP1,ZBTB37,IFNGR1,MROH9,ADCY10,POU2F1,CD244,SLAMF7,SLAMF6,LAMTOR2,IL6R,CEP85L,OAT,ACADSB,TARS2,RPRD2,PLEKHO1,SV2A,CD58,GSTO1,LRIF1,SLC16A4,TAF5,PSRC1,PRPF38B,COL11A1,SLC44A5,CTH,UBE2U,SMARCA1,ENTPD1,AIF1L,SLC22A7,UBR2,CENPI,ENG,BRWD3,ATRX,HDAC8,RABGAP1,CXCR3,SRPK1,TLR4,KIF4A,BAK1,PHF1,SLC38A10,TEX10,FAM120C,CDC14B,UBR4,CENPP,HSPB7,CACNA1F,PLP2,GKAP1,DOCK9,GATA1,TRIM27,ATG2A,HIF3A,NAA40,RNF207,PODXL,PIGO,PUSL1,BCLAF3,RFC3,KL,FBXO16,FBXL19,HAUS6,SLTM,NLGN4X,PFKP,IL6ST,ASMTL,IL33,SHOX,CATSPERD,CATSPER2,ANGPT4,TMEM128,FBXO25,METTL17,LRRK1,PP2D1,TRAPPC9,CCL25,HDLBP,URI1,ZNF605,SEC14L1,PDK1,GIPC1,LRRIQ1,BCL2L15,PRCP,SPATA7,ZNF414,G3BP1,ANKLE1,EFEMP1,EFCAB5,KIF20A,ALAS1,VKORC1,MATK,PHF20L1,SLC26A6,PPHLN1,MAPK8,CCDC51,EHMT2,IL4R,NFATC2,SNX16,MARF1,ZC3H7A,ATF7IP2,BICRA,TIGD7,ZNF213,NOXO1,HAGH,CCDC40,FBXL16,PRMT2,RGS11,PPP3CC,SEC24A,USP47,NBEA,SUN1,ETV2,ZBTB40,ADGRV1,GATAD2A,F11,TBC1D10A,KIF2A,GGT2,RMDN1,CD8A,TMEM131L,IPO11,PGGHG,CREB1,HEPACAM2,CATSPER4,BTNL2,SLC14A1,SLFN14,DENND4A,SEPTIN5,CDHR4,PRRT3,ARHGAP28,DCAF1,EPS15L1,SLC4A4,CSF2RA,MAPK9,MTFR2,ZNF200,NSD1,CHD9,OSGIN2,GLB1L3,CNTD2,SELENBP1,TENT2,TTC21A,CNOT10,PVR,RUNX1T1,VKORC1L1,SIGIRR,PPP1R9A,TMED7,TAF1,SLC9A3R2,ANO6,AK9,POC5,STMN1,SIMC1,IL5RA,CCDC28B,FNBP1,CDKN1C,ERG,EFNA4,LARP4,FBLIM1,STK33,ROBO2,YIPF6,FBXL2,DDI2,IQUB,CCDC39,EHMT1,ADAMTS9,WDR86,AZI2,CDS2,KCNIP2,TFR2,TFAM,SLCO6A1,TRIML2,SLIT2,ZCCHC10,ZFP62,FBN2,ZGRF1,HELT,TMEM161B,AMER2,PROM1,CEP192,DDR1,WWP1,NAIP,HEPH,JAK3,MS4A14,USP50,NRK,GALNT4,CCDC189,SLAMF1,PRORP,CLTCL1,CCR3,RASSF3,FAR2,FKBP5,DENND5B,MAPKAPK5,PPFIA2,ATP10A,DMAC2L,SECISBP2L,RBM15B,SCAPER,DET1,PECAM1,CENPT,ZSCAN10,OTUD7B,CCDC178,SPC24,CBARP,ACSBG2,TLE2,SLC44A2,MBD1,NPAS1,SPHK2,WIZ,UPF1,IL12RB1,MAGIX,MYO9B,SLC38A5,FKBP8,IRF3,ZNF446,SUGP2,SBNO1,CCNI2,PLCL2,GALNTL5,GUCD1,UHRF1,RPS6KA5,CIB1,NMRK2,GTF2IRD2B,SEMA3B,SLC6A6,PAN2,IP6K1,PCSK6,MILR1,NR2C2,PPP4R3B,C11orf65,CHD1,PHF19,CLEC18A,ZNF274,ADAM29,CIITA,SCARF2,WASHC2C,SERPINB11,PPIL2,CSMD1,PTPN11,SPACA6,SAMHD1,CHD8,AVPR2,CYP21A2,UBE3A,MED19,CBLB,FAM219A,ERCC6L2,SCN11A	6.559090917934783	aquatic_slow_enrichment	False	False	False
UniProt Keywords	KW-0597	Phosphoprotein	533	8122	0.09	0.59	2.76e-07	9606.ENSP00000045083,9606.ENSP00000078445,9606.ENSP00000159111,9606.ENSP00000160827,9606.ENSP00000184266,9606.ENSP00000203407,9606.ENSP00000203556,9606.ENSP00000205636,9606.ENSP00000209668,9606.ENSP00000215793,9606.ENSP00000216259,9606.ENSP00000216271,9606.ENSP00000216911,9606.ENSP00000218099,9606.ENSP00000218348,9606.ENSP00000219069,9606.ENSP00000219481,9606.ENSP00000219905,9606.ENSP00000220764,9606.ENSP00000221671,9606.ENSP00000222122,9606.ENSP00000222139,9606.ENSP00000222248,9606.ENSP00000228825,9606.ENSP00000230449,9606.ENSP00000231368,9606.ENSP00000231887,9606.ENSP00000232461,9606.ENSP00000233099,9606.ENSP00000233710,9606.ENSP00000236850,9606.ENSP00000239882,9606.ENSP00000240328,9606.ENSP00000241261,9606.ENSP00000242848,9606.ENSP00000244050,9606.ENSP00000245414,9606.ENSP00000245907,9606.ENSP00000245934,9606.ENSP00000245960,9606.ENSP00000247001,9606.ENSP00000248244,9606.ENSP00000249356,9606.ENSP00000249887,9606.ENSP00000251047,9606.ENSP00000251157,9606.ENSP00000252542,9606.ENSP00000253669,9606.ENSP00000253699,9606.ENSP00000253778,9606.ENSP00000253928,9606.ENSP00000254480,9606.ENSP00000254654,9606.ENSP00000255194,9606.ENSP00000255613,9606.ENSP00000255882,9606.ENSP00000256079,9606.ENSP00000256958,9606.ENSP00000257177,9606.ENSP00000257860,9606.ENSP00000257904,9606.ENSP00000258149,9606.ENSP00000258198,9606.ENSP00000260361,9606.ENSP00000260665,9606.ENSP00000260810,9606.ENSP00000261183,9606.ENSP00000261211,9606.ENSP00000261483,9606.ENSP00000261609,9606.ENSP00000261693,9606.ENSP00000261866,9606.ENSP00000261875,9606.ENSP00000261937,9606.ENSP00000262027,9606.ENSP00000262320,9606.ENSP00000262376,9606.ENSP00000262457,9606.ENSP00000262518,9606.ENSP00000262643,9606.ENSP00000262809,9606.ENSP00000262811,9606.ENSP00000263038,9606.ENSP00000263181,9606.ENSP00000263208,9606.ENSP00000263233,9606.ENSP00000263377,9606.ENSP00000263388,9606.ENSP00000264246,9606.ENSP00000264515,9606.ENSP00000264917,9606.ENSP00000264990,9606.ENSP00000265271,9606.ENSP00000265388,9606.ENSP00000265433,9606.ENSP00000265564,9606.ENSP00000265565,9606.ENSP00000265708,9606.ENSP00000265857,9606.ENSP00000266022,9606.ENSP00000266037,9606.ENSP00000266679,9606.ENSP00000266682,9606.ENSP00000267430,9606.ENSP00000267622,9606.ENSP00000267814,9606.ENSP00000268150,9606.ENSP00000268182,9606.ENSP00000268668,9606.ENSP00000269373,9606.ENSP00000269701,9606.ENSP00000271417,9606.ENSP00000271452,9606.ENSP00000271715,9606.ENSP00000271732,9606.ENSP00000273853,9606.ENSP00000274054,9606.ENSP00000274276,9606.ENSP00000276055,9606.ENSP00000276893,9606.ENSP00000278070,9606.ENSP00000279392,9606.ENSP00000280886,9606.ENSP00000282041,9606.ENSP00000282633,9606.ENSP00000283254,9606.ENSP00000283629,9606.ENSP00000284292,9606.ENSP00000284551,9606.ENSP00000284601,9606.ENSP00000285379,9606.ENSP00000285407,9606.ENSP00000285968,9606.ENSP00000286031,9606.ENSP00000287647,9606.ENSP00000288266,9606.ENSP00000290246,9606.ENSP00000290649,9606.ENSP00000291041,9606.ENSP00000292363,9606.ENSP00000292609,9606.ENSP00000293879,9606.ENSP00000293883,9606.ENSP00000294008,9606.ENSP00000294016,9606.ENSP00000294724,9606.ENSP00000295756,9606.ENSP00000295888,9606.ENSP00000296420,9606.ENSP00000298292,9606.ENSP00000298299,9606.ENSP00000298556,9606.ENSP00000298569,9606.ENSP00000298815,9606.ENSP00000298910,9606.ENSP00000299138,9606.ENSP00000299798,9606.ENSP00000300403,9606.ENSP00000301050,9606.ENSP00000301280,9606.ENSP00000302961,9606.ENSP00000303427,9606.ENSP00000303758,9606.ENSP00000304553,9606.ENSP00000304586,9606.ENSP00000304592,9606.ENSP00000304713,9606.ENSP00000305416,9606.ENSP00000305839,9606.ENSP00000306015,9606.ENSP00000306220,9606.ENSP00000306997,9606.ENSP00000307023,9606.ENSP00000307143,9606.ENSP00000307156,9606.ENSP00000309262,9606.ENSP00000309474,9606.ENSP00000309597,9606.ENSP00000309741,9606.ENSP00000309790,9606.ENSP00000310036,9606.ENSP00000310842,9606.ENSP00000312066,9606.ENSP00000312293,9606.ENSP00000313454,9606.ENSP00000313851,9606.ENSP00000314030,9606.ENSP00000315379,9606.ENSP00000315713,9606.ENSP00000316054,9606.ENSP00000317272,9606.ENSP00000317872,9606.ENSP00000318423,9606.ENSP00000319141,9606.ENSP00000319179,9606.ENSP00000320251,9606.ENSP00000320885,9606.ENSP00000321326,9606.ENSP00000321345,9606.ENSP00000321573,9606.ENSP00000321584,9606.ENSP00000322323,9606.ENSP00000322716,9606.ENSP00000322845,9606.ENSP00000323099,9606.ENSP00000323280,9606.ENSP00000323588,9606.ENSP00000324127,9606.ENSP00000324343,9606.ENSP00000325120,9606.ENSP00000325313,9606.ENSP00000325785,9606.ENSP00000326519,9606.ENSP00000326550,9606.ENSP00000326563,9606.ENSP00000327760,9606.ENSP00000327786,9606.ENSP00000328174,9606.ENSP00000328228,9606.ENSP00000328347,9606.ENSP00000330393,9606.ENSP00000331462,9606.ENSP00000333363,9606.ENSP00000334374,9606.ENSP00000334538,9606.ENSP00000334675,9606.ENSP00000335247,9606.ENSP00000337014,9606.ENSP00000338185,9606.ENSP00000338217,9606.ENSP00000339720,9606.ENSP00000340648,9606.ENSP00000340896,9606.ENSP00000341324,9606.ENSP00000341382,9606.ENSP00000341489,9606.ENSP00000342023,9606.ENSP00000342499,9606.ENSP00000342699,9606.ENSP00000343535,9606.ENSP00000343629,9606.ENSP00000343885,9606.ENSP00000343957,9606.ENSP00000344220,9606.ENSP00000344392,9606.ENSP00000345681,9606.ENSP00000345848,9606.ENSP00000345853,9606.ENSP00000347409,9606.ENSP00000347532,9606.ENSP00000347852,9606.ENSP00000348169,9606.ENSP00000348349,9606.ENSP00000348381,9606.ENSP00000348527,9606.ENSP00000348573,9606.ENSP00000348645,9606.ENSP00000348708,9606.ENSP00000348775,9606.ENSP00000349205,9606.ENSP00000349291,9606.ENSP00000349439,9606.ENSP00000349708,9606.ENSP00000349877,9606.ENSP00000350310,9606.ENSP00000351059,9606.ENSP00000351207,9606.ENSP00000351250,9606.ENSP00000351407,9606.ENSP00000351575,9606.ENSP00000352288,9606.ENSP00000352516,9606.ENSP00000352544,9606.ENSP00000353408,9606.ENSP00000354003,9606.ENSP00000354314,9606.ENSP00000354511,9606.ENSP00000354560,9606.ENSP00000354878,9606.ENSP00000355022,9606.ENSP00000355237,9606.ENSP00000355465,9606.ENSP00000355467,9606.ENSP00000355500,9606.ENSP00000355632,9606.ENSP00000355652,9606.ENSP00000355927,9606.ENSP00000355968,9606.ENSP00000356150,9606.ENSP00000356448,9606.ENSP00000356579,9606.ENSP00000356607,9606.ENSP00000356671,9606.ENSP00000356713,9606.ENSP00000356840,9606.ENSP00000357012,9606.ENSP00000357036,9606.ENSP00000357474,9606.ENSP00000357873,9606.ENSP00000357914,9606.ENSP00000358060,9606.ENSP00000358064,9606.ENSP00000358120,9606.ENSP00000358142,9606.ENSP00000358548,9606.ENSP00000358727,9606.ENSP00000358778,9606.ENSP00000358903,9606.ENSP00000358925,9606.ENSP00000359042,9606.ENSP00000359345,9606.ENSP00000359380,9606.ENSP00000360162,9606.ENSP00000361383,9606.ENSP00000362298,9606.ENSP00000362299,9606.ENSP00000362372,9606.ENSP00000362441,9606.ENSP00000362563,9606.ENSP00000362674,9606.ENSP00000362748,9606.ENSP00000362751,9606.ENSP00000362763,9606.ENSP00000362931,9606.ENSP00000363524,9606.ENSP00000363640,9606.ENSP00000363891,9606.ENSP00000364037,9606.ENSP00000364289,9606.ENSP00000364403,9606.ENSP00000364591,9606.ENSP00000364737,9606.ENSP00000364782,9606.ENSP00000364794,9606.ENSP00000365433,9606.ENSP00000365441,9606.ENSP00000365550,9606.ENSP00000365643,9606.ENSP00000365692,9606.ENSP00000365858,9606.ENSP00000366475,9606.ENSP00000366798,9606.ENSP00000367406,9606.ENSP00000367817,9606.ENSP00000368318,9606.ENSP00000369009,9606.ENSP00000369238,9606.ENSP00000369411,9606.ENSP00000369581,9606.ENSP00000369871,9606.ENSP00000369887,9606.ENSP00000369899,9606.ENSP00000370483,9606.ENSP00000370517,9606.ENSP00000370698,9606.ENSP00000370718,9606.ENSP00000371067,9606.ENSP00000372390,9606.ENSP00000373304,9606.ENSP00000373979,9606.ENSP00000375836,9606.ENSP00000376097,9606.ENSP00000376197,9606.ENSP00000376268,9606.ENSP00000376352,9606.ENSP00000376753,9606.ENSP00000376899,9606.ENSP00000377681,9606.ENSP00000378312,9606.ENSP00000378356,9606.ENSP00000378485,9606.ENSP00000378784,9606.ENSP00000378920,9606.ENSP00000378935,9606.ENSP00000378974,9606.ENSP00000379047,9606.ENSP00000379078,9606.ENSP00000379111,9606.ENSP00000379330,9606.ENSP00000379621,9606.ENSP00000379654,9606.ENSP00000379773,9606.ENSP00000379808,9606.ENSP00000379946,9606.ENSP00000380256,9606.ENSP00000380679,9606.ENSP00000380878,9606.ENSP00000381003,9606.ENSP00000382382,9606.ENSP00000382423,9606.ENSP00000383295,9606.ENSP00000384015,9606.ENSP00000384527,9606.ENSP00000384899,9606.ENSP00000384996,9606.ENSP00000385000,9606.ENSP00000386520,9606.ENSP00000386787,9606.ENSP00000386992,9606.ENSP00000387699,9606.ENSP00000391167,9606.ENSP00000391311,9606.ENSP00000392511,9606.ENSP00000392660,9606.ENSP00000393183,9606.ENSP00000393313,9606.ENSP00000393557,9606.ENSP00000394560,9606.ENSP00000395232,9606.ENSP00000395929,9606.ENSP00000396345,9606.ENSP00000397261,9606.ENSP00000397563,9606.ENSP00000398698,9606.ENSP00000400175,9606.ENSP00000402060,9606.ENSP00000402257,9606.ENSP00000403104,9606.ENSP00000405004,9606.ENSP00000405514,9606.ENSP00000406027,9606.ENSP00000406549,9606.ENSP00000407545,9606.ENSP00000408005,9606.ENSP00000410216,9606.ENSP00000410452,9606.ENSP00000410798,9606.ENSP00000413017,9606.ENSP00000413625,9606.ENSP00000413720,9606.ENSP00000414150,9606.ENSP00000415464,9606.ENSP00000416534,9606.ENSP00000416750,9606.ENSP00000417335,9606.ENSP00000417573,9606.ENSP00000417748,9606.ENSP00000417960,9606.ENSP00000417980,9606.ENSP00000418944,9606.ENSP00000419371,9606.ENSP00000419879,9606.ENSP00000420040,9606.ENSP00000420588,9606.ENSP00000421592,9606.ENSP00000423067,9606.ENSP00000424737,9606.ENSP00000426528,9606.ENSP00000426809,9606.ENSP00000427550,9606.ENSP00000427552,9606.ENSP00000428646,9606.ENSP00000430620,9606.ENSP00000432511,9606.ENSP00000432660,9606.ENSP00000433681,9606.ENSP00000434830,9606.ENSP00000437532,9606.ENSP00000438406,9606.ENSP00000438483,9606.ENSP00000440915,9606.ENSP00000441158,9606.ENSP00000441641,9606.ENSP00000441954,9606.ENSP00000444810,9606.ENSP00000444889,9606.ENSP00000449381,9606.ENSP00000450337,9606.ENSP00000450480,9606.ENSP00000450969,9606.ENSP00000452877,9606.ENSP00000453854,9606.ENSP00000454545,9606.ENSP00000454973,9606.ENSP00000455064,9606.ENSP00000457421,9606.ENSP00000457810,9606.ENSP00000458879,9606.ENSP00000462154,9606.ENSP00000462729,9606.ENSP00000463978,9606.ENSP00000465075,9606.ENSP00000465260,9606.ENSP00000466542,9606.ENSP00000466664,9606.ENSP00000468785,9606.ENSP00000469158,9606.ENSP00000469534,9606.ENSP00000470142,9606.ENSP00000471299,9606.ENSP00000471457,9606.ENSP00000471700,9606.ENSP00000471896,9606.ENSP00000472802,9606.ENSP00000472914,9606.ENSP00000473665,9606.ENSP00000477515,9606.ENSP00000478458,9606.ENSP00000479617,9606.ENSP00000479667,9606.ENSP00000479860,9606.ENSP00000481625,9606.ENSP00000481850,9606.ENSP00000481859,9606.ENSP00000482032,9606.ENSP00000482801,9606.ENSP00000483059,9606.ENSP00000483228,9606.ENSP00000483570,9606.ENSP00000483667,9606.ENSP00000483946,9606.ENSP00000484060,9606.ENSP00000485010,9606.ENSP00000485276,9606.ENSP00000485513,9606.ENSP00000486725,9606.ENSP00000489597,9606.ENSP00000490842,9606.ENSP00000491941,9606.ENSP00000493536,9606.ENSP00000495240,9606.ENSP00000496870,9606.ENSP00000497069,9606.ENSP00000497274,9606.ENSP00000497569,9606.ENSP00000497594,9606.ENSP00000498019,9606.ENSP00000498622,9606.ENSP00000498791,9606.ENSP00000499037,9606.ENSP00000499069,9606.ENSP00000499371,9606.ENSP00000499569	RIPOR3,CREB3L3,KDM4B,KIF22,NDUFB4,UQCRC1,GMIP,CMTM6,ADH1A,SF3A1,PMM1,HDAC10,AURKA,F9,USP11,ZNF263,DECR2,MGA,DECR1,C19orf44,DBP,EPOR,SLC5A5,ARPC3,EXOC2,LNPEP,EHHADH,GNAT1,HEATR5B,ACADL,APOA1,ELF1,TBX2,TNFSF10,ZC3H13,SNAI1,IRF1,C3,SYMPK,CDC25B,SUGP1,TICAM1,DNAJB9,ACKR4,LMAN1,DOCK7,SAFB2,HAUS8,RBSN,GFPT2,FLYWCH1,SMARCC1,ILKAP,AP3B1,KMT5C,PI4KA,IPO8,SLCO1B1,TUT4,PRPH,CDK4,MDM2,DYNC1LI2,NDUFAF1,LRPPRC,TOPBP1,OSBPL8,CDK17,MAN2A1,HERC2,SCARB1,SPG11,HACD3,FLT4,MARS1,AXIN1,UBN1,INVS,SRCAP,CCNE1,ELL,MAST3,PHYH,KIF18A,HIRA,SYP,BRD4,NOTCH3,CD80,RBBP5,PDE8B,ACAD11,RBM27,TNPO3,NBN,EXOSC7,SCAP,ADAM2,GET4,RBM6,DOCK3,CPSF6,SLC6A15,FANCM,TRIP11,SORD,MFGE8,IQGAP1,NDUFB10,FN3KRP,AKAP8,ILDR2,NUF2,POGZ,GOLPH3L,CENPC,NAF1,OSMR,CHST7,UHRF2,PPRC1,HIRIP3,DIP2C,EPG5,WASHC2A,SCN3A,UBP1,NRGN,TRIM11,PPP1R3A,CA2,KLF10,NUP205,C1orf112,FANCD2,APPL1,ELMO2,AMFR,PSKH1,RNF126,PGLYRP2,WDR90,WDR24,SLX4,ADCY9,AGL,TRAT1,WDFY3,EMCN,DNAAF2,ZNF22,HPRT1,KIAA1191,ARHGAP42,LRRK2,VPS35,SLC9A5,TPX2,CACNB3,CHAF1A,HSPA4,PDS5A,LUZP1,MPLKIP,ANKS3,FASN,MSANTD4,S1PR1,GPRIN1,SYNPO2,MMGT1,MYOZ2,KLF11,DONSON,LAMB2,USP48,PSMD1,MAP3K11,SLCO4C1,MIS18BP1,CD34,FANCI,SRP68,MOBP,UBA6,PDS5B,DNAJA2,PRPF3,SSH1,DVL3,MET,RBBP6,LINS1,CYBRD1,KDF1,NEPRO,SPAST,F2R,IL23R,DCBLD2,IMPDH2,FAM20C,GLYR1,ZMYM3,ATRIP,CD6,SOX2,PSD3,UPB1,PGR,MAP1S,SPECC1L,PAGR1,TACC3,KDM3B,CLASP2,IZUMO1,PIF1,CDCA2,FAM110C,LEPR,ZNF704,DNAH8,SLITRK2,SREK1,ERCC6L,STARD10,HJV,PLCB1,ZNF532,NDUFA4,HUWE1,ASH2L,SRFBP1,SMC4,SYDE1,FBXO38,TSTD2,CFAP36,USP7,PRRC2C,PPA2,IFNAR2,PDPK1,CLUAP1,GATA2,ANP32B,DUSP9,KEL,SHTN1,SORBS2,NLGN4Y,MYO9A,ADD3,CENPL,AKAP9,PXDNL,UPF2,ACOX3,PIK3R4,TBC1D9B,TXNDC11,ZMYM6,ATP13A1,ATP2B4,CX3CR1,KIAA1671,TRIM33,ARNT,BDP1,PLXNB2,DNMT1,CPLX2,MSN,GYPA,HAO2,COMT,KIFAP3,KIF21A,TEDC2,CDC42BPB,AHCTF1,SCCPDH,CEP170,GALNT2,RHOU,RPS6KC1,SLC30A1,MDM4,TPR,CEP350,RALGPS2,SERPINC1,IFNGR1,POU2F1,CD244,SLAMF6,CEP85L,ACADSB,GABPB2,TARS2,RPRD2,PLEKHO1,SV2A,NRAS,GSTO1,LRIF1,CYP17A1,PSRC1,PRPF38B,RPL5,SCD,SMARCA1,AIF1L,SGPL1,ENG,BRWD3,ATRX,ZBTB43,HDAC8,TET1,RABGAP1,ZBTB6,SRPK1,KIF4A,PHF1,SLC38A10,TEX10,NCBP1,UBR4,TSPYL2,CENPP,NEU1,IARS1,TCF19,CACNA1F,GKAP1,DOCK9,PIM2,GATA1,ATG2A,HMGN4,TAF2,PODXL,PUSL1,BCLAF3,ADAM32,RFC3,IFNB1,HAUS6,SLTM,RRAGA,NLGN4X,PFKP,IL6ST,ASMTL,JAK2,SLC7A4,CCDC174,TRAPPC9,HDLBP,URI1,TFRC,SEC14L1,PDK1,GIPC1,PTGFRN,G3BP1,EFCAB5,KIF20A,MATK,PHF20L1,SLC26A6,PPHLN1,MAPK8,CCDC51,EHMT2,IL4R,NFATC2,SNX16,MARF1,ZC3H7A,ATF7IP2,BICRA,CCNF,CCDC40,PPP3CC,TTC28,USP47,MAP3K1,NBEA,SUN1,ZBTB40,GATAD2A,TBC1D10A,KIF2A,RAD54L2,TMEM131L,IPO11,CREB1,DENND4A,SEPTIN5,PRRT3,ARHGAP28,DCAF1,EPS15L1,SLC4A4,MAPK9,MTFR2,NSD1,CHD9,SELENBP1,TENT2,TNF,RHOA,PVR,RUNX1T1,SIGIRR,ACVR1,PPP1R9A,EPM2AIP1,TAF1,ZBTB22,SLC9A3R2,POC5,STMN1,FCGRT,CCDC28B,FNBP1,CDKN1C,ERG,LARP4,DDX46,STK33,ROBO2,YIPF6,DDI2,CCDC39,EHMT1,PEG10,AZI2,CDS2,KCNIP2,TFAM,ALYREF,WDR36,ZGRF1,AMER2,PROM1,CEP192,DDR1,FBXO41,HEPH,JAK3,CFL1,NCAPD3,NRK,CCDC189,SLAMF1,KPNA2,PRORP,CLTCL1,PRR14,SMAD5,FKBP5,DENND5B,MAPKAPK5,PPFIA2,ATP10A,ZBTB33,ZNF592,SECISBP2L,RBM15B,SCAPER,SLC7A6,PECAM1,CENPT,ZSCAN10,BAHCC1,OTUD7B,SLC16A3,SPC24,CBARP,TLE2,SLC44A2,MBD1,SPHK2,WIZ,UPF1,MAGIX,MYO9B,FKBP8,IRF3,ZNF446,SUGP2,SBNO1,DGKK,PLCL2,UHRF1,RPS6KA5,CIB1,SLC6A6,JADE3,PAN2,IP6K1,MILR1,NR2C2,PPP4R3B,BTK,CHD1,PHF19,PACSIN1,CIITA,SCARF2,WASHC2C,PPIL2,PTPN11,ZNF654,C2orf81,SAMHD1,CHD8,LRP2,IGF1R,ABCC2,DARS2,UBE3A,RPS17,MIP,MED19,CBLB,FAM219A,ERCC6L2,SCN11A	6.559090917934783	aquatic_slow_enrichment	False	False	False
UniProt Keywords	KW-0539	Nucleus	340	5278	0.08	0.33	0.0112	9606.ENSP00000078445,9606.ENSP00000159111,9606.ENSP00000160827,9606.ENSP00000209884,9606.ENSP00000215793,9606.ENSP00000215829,9606.ENSP00000216133,9606.ENSP00000216271,9606.ENSP00000217173,9606.ENSP00000217958,9606.ENSP00000218348,9606.ENSP00000219069,9606.ENSP00000219478,9606.ENSP00000219596,9606.ENSP00000219905,9606.ENSP00000221573,9606.ENSP00000221665,9606.ENSP00000222122,9606.ENSP00000228825,9606.ENSP00000229633,9606.ENSP00000230048,9606.ENSP00000239882,9606.ENSP00000240328,9606.ENSP00000242848,9606.ENSP00000244050,9606.ENSP00000245414,9606.ENSP00000245934,9606.ENSP00000247001,9606.ENSP00000252542,9606.ENSP00000253928,9606.ENSP00000254480,9606.ENSP00000255613,9606.ENSP00000256079,9606.ENSP00000257177,9606.ENSP00000257904,9606.ENSP00000258149,9606.ENSP00000260665,9606.ENSP00000260810,9606.ENSP00000261183,9606.ENSP00000261609,9606.ENSP00000261708,9606.ENSP00000261866,9606.ENSP00000261937,9606.ENSP00000262027,9606.ENSP00000262041,9606.ENSP00000262302,9606.ENSP00000262320,9606.ENSP00000262376,9606.ENSP00000262457,9606.ENSP00000262518,9606.ENSP00000262643,9606.ENSP00000262809,9606.ENSP00000263181,9606.ENSP00000263208,9606.ENSP00000263377,9606.ENSP00000263388,9606.ENSP00000264515,9606.ENSP00000265271,9606.ENSP00000265388,9606.ENSP00000265433,9606.ENSP00000265564,9606.ENSP00000265651,9606.ENSP00000266022,9606.ENSP00000266087,9606.ENSP00000266505,9606.ENSP00000266679,9606.ENSP00000266735,9606.ENSP00000267430,9606.ENSP00000267935,9606.ENSP00000268182,9606.ENSP00000268655,9606.ENSP00000269394,9606.ENSP00000269701,9606.ENSP00000271452,9606.ENSP00000271715,9606.ENSP00000273853,9606.ENSP00000274054,9606.ENSP00000275461,9606.ENSP00000276893,9606.ENSP00000278070,9606.ENSP00000279392,9606.ENSP00000281523,9606.ENSP00000283629,9606.ENSP00000284551,9606.ENSP00000284719,9606.ENSP00000285407,9606.ENSP00000285518,9606.ENSP00000285968,9606.ENSP00000287647,9606.ENSP00000288266,9606.ENSP00000291041,9606.ENSP00000292363,9606.ENSP00000294008,9606.ENSP00000295208,9606.ENSP00000295888,9606.ENSP00000298299,9606.ENSP00000300403,9606.ENSP00000301280,9606.ENSP00000301921,9606.ENSP00000302770,9606.ENSP00000303427,9606.ENSP00000303758,9606.ENSP00000304553,9606.ENSP00000306015,9606.ENSP00000307023,9606.ENSP00000307143,9606.ENSP00000308022,9606.ENSP00000309262,9606.ENSP00000309790,9606.ENSP00000310842,9606.ENSP00000312066,9606.ENSP00000313582,9606.ENSP00000313851,9606.ENSP00000314484,9606.ENSP00000315379,9606.ENSP00000315664,9606.ENSP00000316794,9606.ENSP00000317289,9606.ENSP00000317686,9606.ENSP00000317872,9606.ENSP00000320251,9606.ENSP00000320885,9606.ENSP00000321584,9606.ENSP00000322716,9606.ENSP00000322845,9606.ENSP00000323099,9606.ENSP00000323588,9606.ENSP00000323816,9606.ENSP00000325120,9606.ENSP00000325313,9606.ENSP00000326519,9606.ENSP00000326563,9606.ENSP00000327821,9606.ENSP00000328174,9606.ENSP00000328228,9606.ENSP00000328245,9606.ENSP00000328347,9606.ENSP00000330878,9606.ENSP00000331111,9606.ENSP00000331302,9606.ENSP00000331462,9606.ENSP00000332293,9606.ENSP00000333223,9606.ENSP00000334538,9606.ENSP00000338185,9606.ENSP00000338217,9606.ENSP00000338807,9606.ENSP00000340648,9606.ENSP00000340896,9606.ENSP00000341382,9606.ENSP00000341610,9606.ENSP00000342023,9606.ENSP00000342699,9606.ENSP00000343535,9606.ENSP00000344220,9606.ENSP00000344392,9606.ENSP00000345681,9606.ENSP00000345848,9606.ENSP00000346175,9606.ENSP00000346603,9606.ENSP00000347821,9606.ENSP00000348527,9606.ENSP00000349708,9606.ENSP00000350249,9606.ENSP00000351250,9606.ENSP00000351407,9606.ENSP00000351446,9606.ENSP00000351575,9606.ENSP00000352516,9606.ENSP00000352544,9606.ENSP00000354633,9606.ENSP00000355162,9606.ENSP00000355385,9606.ENSP00000355465,9606.ENSP00000355631,9606.ENSP00000356150,9606.ENSP00000356357,9606.ENSP00000356448,9606.ENSP00000356579,9606.ENSP00000356641,9606.ENSP00000356674,9606.ENSP00000356825,9606.ENSP00000356840,9606.ENSP00000357914,9606.ENSP00000358120,9606.ENSP00000358778,9606.ENSP00000358854,9606.ENSP00000359042,9606.ENSP00000359224,9606.ENSP00000359345,9606.ENSP00000359557,9606.ENSP00000360162,9606.ENSP00000361990,9606.ENSP00000362018,9606.ENSP00000362171,9606.ENSP00000362441,9606.ENSP00000362563,9606.ENSP00000362674,9606.ENSP00000362748,9606.ENSP00000362763,9606.ENSP00000362931,9606.ENSP00000363524,9606.ENSP00000363640,9606.ENSP00000364037,9606.ENSP00000364289,9606.ENSP00000364389,9606.ENSP00000364403,9606.ENSP00000364591,9606.ENSP00000364737,9606.ENSP00000364870,9606.ENSP00000365433,9606.ENSP00000365858,9606.ENSP00000366404,9606.ENSP00000366798,9606.ENSP00000366898,9606.ENSP00000367024,9606.ENSP00000367406,9606.ENSP00000369251,9606.ENSP00000369411,9606.ENSP00000369887,9606.ENSP00000369899,9606.ENSP00000370842,9606.ENSP00000370990,9606.ENSP00000371067,9606.ENSP00000372274,9606.ENSP00000373304,9606.ENSP00000375063,9606.ENSP00000375836,9606.ENSP00000376097,9606.ENSP00000376135,9606.ENSP00000377245,9606.ENSP00000377504,9606.ENSP00000377681,9606.ENSP00000377971,9606.ENSP00000378935,9606.ENSP00000378974,9606.ENSP00000379078,9606.ENSP00000379330,9606.ENSP00000379387,9606.ENSP00000379773,9606.ENSP00000379808,9606.ENSP00000379911,9606.ENSP00000380071,9606.ENSP00000380087,9606.ENSP00000380256,9606.ENSP00000380759,9606.ENSP00000384015,9606.ENSP00000384524,9606.ENSP00000384527,9606.ENSP00000384899,9606.ENSP00000386520,9606.ENSP00000386992,9606.ENSP00000387471,9606.ENSP00000387699,9606.ENSP00000391101,9606.ENSP00000391167,9606.ENSP00000393183,9606.ENSP00000393198,9606.ENSP00000393313,9606.ENSP00000394560,9606.ENSP00000395723,9606.ENSP00000395929,9606.ENSP00000396345,9606.ENSP00000397261,9606.ENSP00000397563,9606.ENSP00000399862,9606.ENSP00000402257,9606.ENSP00000403226,9606.ENSP00000406549,9606.ENSP00000407545,9606.ENSP00000408005,9606.ENSP00000410186,9606.ENSP00000413720,9606.ENSP00000414150,9606.ENSP00000416534,9606.ENSP00000417710,9606.ENSP00000417980,9606.ENSP00000418944,9606.ENSP00000421592,9606.ENSP00000423067,9606.ENSP00000423820,9606.ENSP00000426033,9606.ENSP00000427793,9606.ENSP00000432660,9606.ENSP00000433681,9606.ENSP00000438483,9606.ENSP00000441641,9606.ENSP00000441954,9606.ENSP00000444810,9606.ENSP00000449381,9606.ENSP00000450969,9606.ENSP00000451506,9606.ENSP00000452877,9606.ENSP00000453562,9606.ENSP00000453801,9606.ENSP00000454545,9606.ENSP00000454973,9606.ENSP00000456340,9606.ENSP00000457810,9606.ENSP00000458879,9606.ENSP00000462054,9606.ENSP00000462729,9606.ENSP00000465075,9606.ENSP00000466542,9606.ENSP00000466907,9606.ENSP00000468785,9606.ENSP00000469142,9606.ENSP00000469158,9606.ENSP00000469534,9606.ENSP00000470142,9606.ENSP00000471896,9606.ENSP00000472802,9606.ENSP00000472914,9606.ENSP00000479617,9606.ENSP00000479667,9606.ENSP00000479860,9606.ENSP00000480524,9606.ENSP00000481859,9606.ENSP00000481893,9606.ENSP00000482032,9606.ENSP00000483059,9606.ENSP00000483228,9606.ENSP00000483570,9606.ENSP00000483667,9606.ENSP00000483946,9606.ENSP00000484810,9606.ENSP00000485010,9606.ENSP00000486725,9606.ENSP00000489024,9606.ENSP00000489597,9606.ENSP00000490842,9606.ENSP00000493536,9606.ENSP00000495240,9606.ENSP00000496876,9606.ENSP00000497310,9606.ENSP00000497594,9606.ENSP00000497916,9606.ENSP00000498241,9606.ENSP00000498791,9606.ENSP00000499371	CREB3L3,KDM4B,KIF22,KLHL20,SF3A1,SNRPD3,CBX7,HDAC10,UBOX5,PSMD10,USP11,ZNF263,ZNF500,MEFV,MGA,SNAPC2,FIZ1,DBP,ARPC3,HINT3,ACOT13,ELF1,TBX2,ZC3H13,SNAI1,IRF1,SYMPK,SUGP1,SAFB2,FLYWCH1,SMARCC1,KMT5C,IPO8,TUT4,CDK4,MDM2,LRPPRC,TOPBP1,OSBPL8,HERC2,UTP6,SPG11,FLT4,MARS1,MEOX2,NUBP2,AXIN1,UBN1,INVS,SRCAP,CCNE1,ELL,KIF18A,HIRA,BRD4,NOTCH3,RBBP5,RBM27,TNPO3,NBN,EXOSC7,FBXO3,RBM6,FBXO7,PLCZ1,CPSF6,SNRPF,FANCM,COMMD4,IQGAP1,ZNF174,ZNF750,AKAP8,NUF2,POGZ,CENPC,NAF1,FERD3L,UHRF2,PPRC1,HIRIP3,ZNF385D,UBP1,TRIM11,OLA1,KLF10,AGPAT5,NUP205,FANCD2,APPL1,PSKH1,RNF126,SLX4,ZNF514,WDFY3,ZNF22,TPX2,CHAF1A,SOX7,ZNF296,PDS5A,LUZP1,MPLKIP,SYNPO2,KLF11,DONSON,TADA2B,USP48,MIS18BP1,FANCI,SRP68,ZNF436,PDS5B,MEIOB,PRPF3,ZNF18,RTL3,FAM220A,ZFP42,RBBP6,NEPRO,SPAST,IMPDH2,GLYR1,ZMYM3,ATRIP,SOX2,AHRR,PGR,MAP1S,PAGR1,KDM3B,XPOT,PIF1,CDCA2,ZNF71,FAM110C,KPNA7,ZNRD1,ELOA2,ZNF704,ASCL2,ZNF470,SREK1,PLCB1,ZNF532,ZBTB49,HUWE1,ASH2L,SMC4,C15orf48,FBXO38,CFAP36,USP7,PDPK1,CLUAP1,GATA2,ANP32B,SETDB2,ZBTB45,MORC4,CENPL,ZMYM6,POT1,TRIM33,ARNT,WDR5,BDP1,DNMT1,CPLX2,TAF11,TIGD4,R3HDM4,AHCTF1,OTX1,MDM4,LHX9,TPR,CEP350,COP1,ZBTB37,ADCY10,POU2F1,GABPB2,PLEKHO1,LRIF1,TAF5,PRPF38B,ALG14,RPL5,LDOC1,SMARCA1,UBR2,CENPI,NAP1L3,ATRX,ZBTB43,HDAC8,TET1,ZBTB6,SRPK1,KIF4A,PHF1,TEX10,NCBP1,CDC14B,UBR4,TSPYL2,CENPP,HSPB7,TCF19,GATA1,TRIM27,HMGN4,HIF3A,NAA40,TAF2,MAB21L1,RFC3,SLTM,RRAGA,IL33,SHOX,JAK2,FBXO25,CCDC174,NLRP5,HDLBP,URI1,ZNF605,KEAP1,ZNF414,G3BP1,ANKLE1,PPHLN1,MAPK8,EHMT2,NFATC2,ZNF445,ZC3H7A,ATF7IP2,CENPK,TIGD7,ZNF213,CCNF,PRMT2,SUN1,ETV2,ZBTB40,GATAD2A,RAD54L2,IPO11,CIAO2B,CREB1,SLFN14,DENND4A,DCAF1,HES4,EPS15L1,MAPK9,ZNF200,NSD1,CHD9,SELENBP1,TENT2,CNOT10,RUNX1T1,BHLHB9,TAF1,ZBTB22,SLC9A3R2,AK9,CDKN1C,ERG,DDX46,DPPA2,EHMT1,PEG10,ALYREF,WDR36,ZFP62,HELT,WWP1,CFL1,NCAPD3,KPNA2,PRR14,SMAD5,FKBP5,MAPKAPK5,ZBTB33,TCL1A,ZNF592,BCL2L10,WDR61,RBM15B,SCAPER,DET1,CENPT,ZSCAN10,ZFP92,OTUD7B,SPC24,TLE2,ZNF524,MBD1,NPAS1,SPHK2,WIZ,UPF1,IRF3,ZNF446,SUGP2,UHRF1,RPS6KA5,CIB1,GTF2IRD2B,PAN2,CNOT6,IP6K1,NR2C2,PPP4R3B,BTK,CHD1,PHF19,ZNF274,CIITA,PPIL2,KLF18,PTPN11,ZNF654,SAMHD1,CHD8,ZMYM1,ALX3,UBE3A,NDN,INKA1,MED19,ERCC6L2	1.9507819773298185	aquatic_slow_enrichment	False	False	False
UniProt Keywords	KW-0677	Repeat	310	4794	0.08	0.31	0.0169	9606.ENSP00000061240,9606.ENSP00000159111,9606.ENSP00000209884,9606.ENSP00000215793,9606.ENSP00000215829,9606.ENSP00000217958,9606.ENSP00000218099,9606.ENSP00000219069,9606.ENSP00000219478,9606.ENSP00000221665,9606.ENSP00000226355,9606.ENSP00000233099,9606.ENSP00000233156,9606.ENSP00000236850,9606.ENSP00000242104,9606.ENSP00000242465,9606.ENSP00000242848,9606.ENSP00000244050,9606.ENSP00000245934,9606.ENSP00000247001,9606.ENSP00000252575,9606.ENSP00000253778,9606.ENSP00000253928,9606.ENSP00000257177,9606.ENSP00000257627,9606.ENSP00000260665,9606.ENSP00000260810,9606.ENSP00000261609,9606.ENSP00000261708,9606.ENSP00000261937,9606.ENSP00000262150,9606.ENSP00000262407,9606.ENSP00000262457,9606.ENSP00000262518,9606.ENSP00000263208,9606.ENSP00000263233,9606.ENSP00000263377,9606.ENSP00000263388,9606.ENSP00000263795,9606.ENSP00000264162,9606.ENSP00000264515,9606.ENSP00000265138,9606.ENSP00000265224,9606.ENSP00000265565,9606.ENSP00000266674,9606.ENSP00000268150,9606.ENSP00000268182,9606.ENSP00000268655,9606.ENSP00000269701,9606.ENSP00000269881,9606.ENSP00000270645,9606.ENSP00000271588,9606.ENSP00000271715,9606.ENSP00000272321,9606.ENSP00000274276,9606.ENSP00000281523,9606.ENSP00000282588,9606.ENSP00000283254,9606.ENSP00000284425,9606.ENSP00000285407,9606.ENSP00000290039,9606.ENSP00000291971,9606.ENSP00000292432,9606.ENSP00000293879,9606.ENSP00000293883,9606.ENSP00000294008,9606.ENSP00000294016,9606.ENSP00000295208,9606.ENSP00000295888,9606.ENSP00000296266,9606.ENSP00000296438,9606.ENSP00000296785,9606.ENSP00000298299,9606.ENSP00000298910,9606.ENSP00000300976,9606.ENSP00000301458,9606.ENSP00000302297,9606.ENSP00000302621,9606.ENSP00000302770,9606.ENSP00000303246,9606.ENSP00000303427,9606.ENSP00000304586,9606.ENSP00000307023,9606.ENSP00000307156,9606.ENSP00000308541,9606.ENSP00000309262,9606.ENSP00000309474,9606.ENSP00000309597,9606.ENSP00000312293,9606.ENSP00000313582,9606.ENSP00000313851,9606.ENSP00000313881,9606.ENSP00000314030,9606.ENSP00000315664,9606.ENSP00000317272,9606.ENSP00000317686,9606.ENSP00000318029,9606.ENSP00000321345,9606.ENSP00000321348,9606.ENSP00000321584,9606.ENSP00000322845,9606.ENSP00000323280,9606.ENSP00000324510,9606.ENSP00000327760,9606.ENSP00000328245,9606.ENSP00000328327,9606.ENSP00000329200,9606.ENSP00000330393,9606.ENSP00000330878,9606.ENSP00000333223,9606.ENSP00000333363,9606.ENSP00000334374,9606.ENSP00000334675,9606.ENSP00000337816,9606.ENSP00000338217,9606.ENSP00000338807,9606.ENSP00000340292,9606.ENSP00000341637,9606.ENSP00000342278,9606.ENSP00000343746,9606.ENSP00000344458,9606.ENSP00000345681,9606.ENSP00000345848,9606.ENSP00000346603,9606.ENSP00000347193,9606.ENSP00000347719,9606.ENSP00000347852,9606.ENSP00000348129,9606.ENSP00000348349,9606.ENSP00000348645,9606.ENSP00000348708,9606.ENSP00000349205,9606.ENSP00000349291,9606.ENSP00000349439,9606.ENSP00000349568,9606.ENSP00000349708,9606.ENSP00000349768,9606.ENSP00000351250,9606.ENSP00000351407,9606.ENSP00000351446,9606.ENSP00000351575,9606.ENSP00000352288,9606.ENSP00000352516,9606.ENSP00000353538,9606.ENSP00000353874,9606.ENSP00000354560,9606.ENSP00000354878,9606.ENSP00000355927,9606.ENSP00000355968,9606.ENSP00000356024,9606.ENSP00000356357,9606.ENSP00000356634,9606.ENSP00000356641,9606.ENSP00000356674,9606.ENSP00000356733,9606.ENSP00000356825,9606.ENSP00000357012,9606.ENSP00000357470,9606.ENSP00000357914,9606.ENSP00000358490,9606.ENSP00000358854,9606.ENSP00000358925,9606.ENSP00000359114,9606.ENSP00000360162,9606.ENSP00000361383,9606.ENSP00000362372,9606.ENSP00000362563,9606.ENSP00000362763,9606.ENSP00000363089,9606.ENSP00000363640,9606.ENSP00000363773,9606.ENSP00000364782,9606.ENSP00000365441,9606.ENSP00000365643,9606.ENSP00000365858,9606.ENSP00000366307,9606.ENSP00000366898,9606.ENSP00000366945,9606.ENSP00000368538,9606.ENSP00000369014,9606.ENSP00000369442,9606.ENSP00000369666,9606.ENSP00000370698,9606.ENSP00000371067,9606.ENSP00000371425,9606.ENSP00000373600,9606.ENSP00000375063,9606.ENSP00000375836,9606.ENSP00000376135,9606.ENSP00000376899,9606.ENSP00000376910,9606.ENSP00000377245,9606.ENSP00000377504,9606.ENSP00000377801,9606.ENSP00000377971,9606.ENSP00000378058,9606.ENSP00000378131,9606.ENSP00000378784,9606.ENSP00000378888,9606.ENSP00000379078,9606.ENSP00000379330,9606.ENSP00000379387,9606.ENSP00000379654,9606.ENSP00000379773,9606.ENSP00000379808,9606.ENSP00000380087,9606.ENSP00000380450,9606.ENSP00000380746,9606.ENSP00000381003,9606.ENSP00000383295,9606.ENSP00000384527,9606.ENSP00000384582,9606.ENSP00000384957,9606.ENSP00000385927,9606.ENSP00000386520,9606.ENSP00000386992,9606.ENSP00000390204,9606.ENSP00000390613,9606.ENSP00000391167,9606.ENSP00000391409,9606.ENSP00000393183,9606.ENSP00000393313,9606.ENSP00000395723,9606.ENSP00000395929,9606.ENSP00000396345,9606.ENSP00000398211,9606.ENSP00000402060,9606.ENSP00000406549,9606.ENSP00000407545,9606.ENSP00000408005,9606.ENSP00000410216,9606.ENSP00000412209,9606.ENSP00000413720,9606.ENSP00000415283,9606.ENSP00000416387,9606.ENSP00000417335,9606.ENSP00000417601,9606.ENSP00000417980,9606.ENSP00000418735,9606.ENSP00000419162,9606.ENSP00000420040,9606.ENSP00000420588,9606.ENSP00000421801,9606.ENSP00000422591,9606.ENSP00000423067,9606.ENSP00000423820,9606.ENSP00000424571,9606.ENSP00000427793,9606.ENSP00000428657,9606.ENSP00000430620,9606.ENSP00000432511,9606.ENSP00000433681,9606.ENSP00000438406,9606.ENSP00000438483,9606.ENSP00000441158,9606.ENSP00000444810,9606.ENSP00000444889,9606.ENSP00000450337,9606.ENSP00000450969,9606.ENSP00000451583,9606.ENSP00000452877,9606.ENSP00000453801,9606.ENSP00000454545,9606.ENSP00000456850,9606.ENSP00000457421,9606.ENSP00000458585,9606.ENSP00000458879,9606.ENSP00000462054,9606.ENSP00000462745,9606.ENSP00000466542,9606.ENSP00000466907,9606.ENSP00000468785,9606.ENSP00000469142,9606.ENSP00000469337,9606.ENSP00000469534,9606.ENSP00000470142,9606.ENSP00000470788,9606.ENSP00000471457,9606.ENSP00000471700,9606.ENSP00000472802,9606.ENSP00000472914,9606.ENSP00000477515,9606.ENSP00000478699,9606.ENSP00000479617,9606.ENSP00000479667,9606.ENSP00000479860,9606.ENSP00000480524,9606.ENSP00000481850,9606.ENSP00000481859,9606.ENSP00000481893,9606.ENSP00000482760,9606.ENSP00000482801,9606.ENSP00000483667,9606.ENSP00000483946,9606.ENSP00000484810,9606.ENSP00000484862,9606.ENSP00000485010,9606.ENSP00000485276,9606.ENSP00000489024,9606.ENSP00000489225,9606.ENSP00000489597,9606.ENSP00000490842,9606.ENSP00000495240,9606.ENSP00000496870,9606.ENSP00000496876,9606.ENSP00000497069,9606.ENSP00000497274,9606.ENSP00000498622,9606.ENSP00000499037,9606.ENSP00000499569	TLL1,KDM4B,KLHL20,SF3A1,SNRPD3,PSMD10,F9,ZNF263,ZNF500,FIZ1,AFM,HEATR5B,TFPI,APOA1,OCM,SRGN,ZC3H13,SNAI1,SYMPK,SUGP1,NCAN,GFPT2,FLYWCH1,TUT4,OCM2,LRPPRC,TOPBP1,HERC2,UTP6,FLT4,CDH19,ITGA2B,INVS,SRCAP,HIRA,SYP,BRD4,NOTCH3,WDR76,LCT,RBBP5,ARRDC3,ANKRD7,SCAP,LGR5,MFGE8,IQGAP1,ZNF174,AKAP8,CALR3,RCN3,HMCN1,POGZ,WDPCP,OSMR,ZNF385D,ITGA1,SCN3A,ABCA6,KLF10,CACHD1,NLRP8,HK3,WDR90,WDR24,SLX4,ADCY9,ZNF514,WDFY3,IFT122,FBXW12,ANKRA2,ZNF22,LRRK2,KLHL26,CD320,LGI3,LRG1,ZNF296,ACOT12,PDS5A,ANKS3,KLF11,LAMB2,F2,USP48,PSMD1,MAP3K11,MOBP,ZNF436,PDS5B,MKRN3,DNAJA2,ZNF18,MET,ZFP42,ODF3L2,IL23R,DIAPH2,IMPDH2,ZMYM3,CD6,BAIAP3,CLASP2,ZNF71,ASB7,STAC3,LEPR,KPNA7,ZNF470,DNAH8,SLITRK2,ERCC6L,MMP25,ZNF532,ZBTB49,DLK1,NCR3LG1,OAS2,CORO2A,PROZ,GATA2,ANP32B,ZBTB45,KLHL28,TBCD,SORBS2,WDR88,MYO9A,PXDNL,UPF2,PIK3R4,TBC1D9B,TXNDC11,CFAP43,ZMYM6,DCHS2,TRIM33,ARNT,WDR5,BDP1,PLXNB2,DNMT1,LRRCC1,TLR9,KIFAP3,KIF21A,RPS6KC1,SLC30A1,CR2,LHX9,PAPPA2,COP1,ZBTB37,MROH9,ADCY10,CD244,IL6R,GABPB2,CD2,TAF5,PSRC1,COL11A1,SMARCA1,AIF1L,BRWD3,ZBTB43,ZBTB6,TLR4,PHF1,C1QA,NEU1,CACNA1F,DOCK9,GATA1,THBD,HIF3A,SLC25A51,TNFRSF4,NDNF,KL,FBXL19,IL6ST,JAK2,IFNGR2,LRRK1,NLRP5,HDLBP,ZNF605,PTGFRN,LRRIQ1,KEAP1,ZNF414,RCCD1,ANKLE1,EFEMP1,CFI,PHF20L1,EGFL8,EHMT2,NFATC2,ZNF445,MARF1,ZC3H7A,ATF7IP2,ZNF213,NOXO1,FBXL16,TTC28,NBEA,ZBTB40,ADGRV1,F11,RMDN1,RAD54L2,IPO11,HEPACAM2,BTNL2,DENND4A,CDHR4,DCAF1,EPS15L1,ZNF200,NSD1,CHD9,TTC21A,PVR,TAF1,ZBTB22,SLC9A3R2,POC5,IL5RA,CDKN1C,ICAM2,FBLIM1,ROBO2,FBXL2,EHMT1,ADAMTS9,WDR86,KCNIP2,TFAM,HGFAC,SLIT2,WDR36,ZFP62,FBN2,WWP1,NAIP,HEPH,JAK3,NCAPD3,SLAMF1,KPNA2,CLTCL1,FKBP5,DENND5B,PPFIA2,ZBTB33,DMAC2L,ZNF592,WDR61,RBM15B,THEGL,PECAM1,MMP12,ZSCAN10,ZFP92,DCAF8L2,TLE2,ZNF524,MBD1,NPAS1,LRRC63,WIZ,UPF1,IL12RB1,MYO9B,FKBP8,ZNF446,SUGP2,DGKK,TNFRSF9,UHRF1,RPS6KA5,CIB1,GTF2IRD2B,JADE3,PAN2,CNOT6,PCSK6,MILR1,CHD1,PHF19,ZNF274,ADAM29,CIITA,SCARF2,KLF18,CSMD1,PTPN11,ZNF654,CHD8,LRP2,ZMYM1,IGF1R,ABCC2,MIP,CBLB,SCN11A	1.7721132953863266	aquatic_slow_enrichment	False	False	False
InterPro	IPR016024	Armadillo-type fold	42	337	0.37	0.4	0.0117	9606.ENSP00000233099,9606.ENSP00000245934,9606.ENSP00000252100,9606.ENSP00000255194,9606.ENSP00000255882,9606.ENSP00000256079,9606.ENSP00000260818,9606.ENSP00000265195,9606.ENSP00000265388,9606.ENSP00000266037,9606.ENSP00000290246,9606.ENSP00000295888,9606.ENSP00000298910,9606.ENSP00000299138,9606.ENSP00000303427,9606.ENSP00000309474,9606.ENSP00000313851,9606.ENSP00000321348,9606.ENSP00000327760,9606.ENSP00000327821,9606.ENSP00000330878,9606.ENSP00000340648,9606.ENSP00000347719,9606.ENSP00000348708,9606.ENSP00000349205,9606.ENSP00000354560,9606.ENSP00000354919,9606.ENSP00000356733,9606.ENSP00000364037,9606.ENSP00000364289,9606.ENSP00000364403,9606.ENSP00000365643,9606.ENSP00000367406,9606.ENSP00000382423,9606.ENSP00000383295,9606.ENSP00000386992,9606.ENSP00000393183,9606.ENSP00000403226,9606.ENSP00000433681,9606.ENSP00000438483,9606.ENSP00000441158,9606.ENSP00000483228	HEATR5B,SYMPK,TMCO6,AP3B1,PI4KA,IPO8,DNAJC13,SIL1,TNPO3,DOCK3,ELMO2,WDFY3,LRRK2,VPS35,PDS5A,PSMD1,PDS5B,DIAPH2,CLASP2,XPOT,KPNA7,HUWE1,TBCD,UPF2,PIK3R4,KIFAP3,VEPH1,MROH9,TEX10,NCBP1,UBR4,DOCK9,TAF2,MAP3K1,NBEA,IPO11,DCAF1,BHLHB9,NCAPD3,KPNA2,CLTCL1,PPP4R3B	1.9318141382538383	aquatic_slow_enrichment	False	False	False
