species_id	common_name_paper	sampled_scientific_name	score_foraging_medium_0_3	score_locomotion_escape_0_3	score_reproduction_nursery_0_3	score_morphophysiology_0_5	score_time_budget_0_4	aquaticity_score_sum_0_18	comments_ty_nk	aquatic_v2_status	score_status	score_confidence	aquaticity_reason	aquaticity_citation_or_url	trait_marine_binary	marine_trait_state	marine_membership_source	score_source	aquatic_trait_source	aquatic_scoring_scheme	aquatic_score_range
Balaena_mysticetus	Bowhead whale	Balaena mysticetus	3	3	3	5	4	18			marine_obligate_draft	High	ADW describes bowhead with aquatic biomes (coastal), habitat regions (polar, saltwater or marine), supporting mixed freshwater and marine/coastal habitat use.	https://animaldiversity.org/accounts/Balaena_mysticetus/	1	marine	Berta_2015_and_SMM_2025	original_aquatic_table	TY_NK_final_18pt	3+3+3+5+4	0-18
Balaenoptera_acutorostrata_scammoni	Minke whale	Balaenoptera acutorostrata scammoni	3	3	3	5	4	18			marine_obligate_draft	High	"Fallback ADW account Balaenoptera_acutorostrata describes common minke whale with aquatic biomes (coastal), habitat text states 'Although not considered ""coastal"", these baleen whales rarely venture farther than 169 km from land', supporting mixed freshwater and marine/coastal habitat use."	https://animaldiversity.org/accounts/Balaenoptera_acutorostrata/	1	marine	Berta_2015_and_SMM_2025	original_aquatic_table	TY_NK_final_18pt	3+3+3+5+4	0-18
Balaenoptera_bonaerensis	Antarctic minke whale	Balaenoptera bonaerensis	3	3	3	5	4	18			marine_obligate_draft	High	ADW describes Antarctic minke whale with aquatic biomes (pelagic, coastal), habitat regions (temperate, tropical, polar, saltwater or marine), supporting mixed freshwater and marine/coastal habitat use.	https://animaldiversity.org/accounts/Balaenoptera_bonaerensis/	1	marine	Berta_2015_and_SMM_2025	original_aquatic_table	TY_NK_final_18pt	3+3+3+5+4	0-18
Balaenoptera_edeni	Pygmy Bryde's whale	Balaenoptera edeni	3	3	3	5	4	18			marine_obligate_draft	High	ADW describes Bryde's whale with aquatic biomes (pelagic, coastal), habitat regions (tropical, saltwater or marine), supporting mixed freshwater and marine/coastal habitat use.	https://animaldiversity.org/accounts/Balaenoptera_edeni/	1	marine	Berta_2015_and_SMM_2025	original_aquatic_table	TY_NK_final_18pt	3+3+3+5+4	0-18
Balaenoptera_musculus	Blue whale	Balaenoptera musculus	3	3	3	5	4	18			marine_obligate_draft	High	ADW describes blue whale with aquatic biomes (pelagic), habitat regions (temperate, tropical, polar, saltwater or marine), supporting mixed freshwater and marine/coastal habitat use.	https://animaldiversity.org/accounts/Balaenoptera_musculus/	1	marine	Berta_2015_and_SMM_2025	original_aquatic_table	TY_NK_final_18pt	3+3+3+5+4	0-18
Cephalorhynchus_commersonii	Commerson's dolphin	Cephalorhynchus commersonii	3	3	3	5	4	18			marine_obligate_draft	High	ADW describes Commerson's dolphin with aquatic biomes (pelagic, benthic, rivers and streams, coastal), habitat regions (temperate, saltwater or marine, freshwater), supporting mixed freshwater and marine/coastal habitat use.	https://animaldiversity.org/accounts/Cephalorhynchus_commersonii/	1	marine	Berta_2015_and_SMM_2025	original_aquatic_table	TY_NK_final_18pt	3+3+3+5+4	0-18
Delphinapterus_leucas	Beluga whale	Delphinapterus leucas	3	3	3	5	4	18			marine_obligate_draft	High	ADW describes beluga with aquatic biomes (pelagic, brackish water), other habitat features (estuarine), habitat regions (polar, saltwater or marine), supporting mixed freshwater and marine/coastal habitat use.	https://animaldiversity.org/accounts/Delphinapterus_leucas/	1	marine	Berta_2015_and_SMM_2025	original_aquatic_table	TY_NK_final_18pt	3+3+3+5+4	0-18
Dugong_dugon	Dugong	Dugong dugon	3	3	3	5	4	18			marine_obligate_draft	High	ADW describes dugong with aquatic biomes (coastal), other habitat features (estuarine), habitat regions (tropical, saltwater or marine), supporting mixed freshwater and marine/coastal habitat use.	https://animaldiversity.org/accounts/Dugong_dugon/	1	marine	Berta_2015_and_SMM_2025	original_aquatic_table	TY_NK_final_18pt	3+3+3+5+4	0-18
Eschrichtius_robustus	Grey whale	Eschrichtius robustus	3	3	3	5	4	18			marine_obligate_draft	High	ADW describes gray whale with aquatic biomes (benthic, coastal), habitat regions (temperate, tropical, polar, saltwater or marine), supporting mixed freshwater and marine/coastal habitat use.	https://animaldiversity.org/accounts/Eschrichtius_robustus/	1	marine	Berta_2015_and_SMM_2025	original_aquatic_table	TY_NK_final_18pt	3+3+3+5+4	0-18
Eubalaena_australis	Southern right whale	Eubalaena australis	3	3	3	5	4	18			marine_obligate_draft	High	ADW describes southern right whale with aquatic biomes (coastal), habitat text states 'While avoiding warm equatorial regions, southern right whales remain near continents and island masses.', supporting mixed freshwater and marine/coastal habitat use.	https://animaldiversity.org/accounts/Eubalaena_australis/	1	marine	Berta_2015_and_SMM_2025	original_aquatic_table	TY_NK_final_18pt	3+3+3+5+4	0-18
Eubalaena_glacialis	North Atlantic right whale	Eubalaena glacialis	3	3	3	5	4	18			marine_obligate_draft	High	ADW describes North Atlantic right whale with aquatic biomes (coastal), habitat regions (temperate, polar, saltwater or marine), supporting mixed freshwater and marine/coastal habitat use.	https://animaldiversity.org/accounts/Eubalaena_glacialis/	1	marine	Berta_2015_and_SMM_2025	original_aquatic_table	TY_NK_final_18pt	3+3+3+5+4	0-18
Eubalaena_japonica	North Pacific right whale	Eubalaena japonica	3	3	3	5	4	18			marine_obligate_draft	High	ADW describes North Pacific right whale with aquatic biomes (pelagic, coastal), habitat regions (temperate, polar, saltwater or marine), supporting mixed freshwater and marine/coastal habitat use.	https://animaldiversity.org/accounts/Eubalaena_japonica/	1	marine	Berta_2015_and_SMM_2025	original_aquatic_table	TY_NK_final_18pt	3+3+3+5+4	0-18
Globicephala_melas	Long-finned pilot whale	Globicephala melas	3	3	3	5	4	18			marine_obligate_draft	High	ADW describes long-finned pilot whale with aquatic biomes (pelagic, coastal), habitat regions (saltwater or marine), supporting mixed freshwater and marine/coastal habitat use.	https://animaldiversity.org/accounts/Globicephala_melas/	1	marine	Berta_2015_and_SMM_2025	original_aquatic_table	TY_NK_final_18pt	3+3+3+5+4	0-18
Grampus_griseus	Risso's dolphin	Grampus griseus	3	3	3	5	4	18			marine_obligate_draft	High	ADW describes Risso's dolphin with aquatic biomes (pelagic, benthic, coastal), habitat regions (temperate, tropical, saltwater or marine), supporting mixed freshwater and marine/coastal habitat use.	https://animaldiversity.org/accounts/Grampus_griseus/	1	marine	Berta_2015_and_SMM_2025	original_aquatic_table	TY_NK_final_18pt	3+3+3+5+4	0-18
Hydrodamalis_gigas	Steller's sea cow	Hydrodamalis gigas	3	3	3	5	4	18			manual_curated_extinct_marine	High	Manual curator check: Steller's sea cow is an extinct sirenian/marine sea cow; scored maximum across aquatic foraging, locomotion, reproduction/nursery association, aquatic specialization, and time budget.	https://en.wikipedia.org/wiki/Steller%27s_sea_cow	1	marine	Berta_2015_and_SMM_2025	original_aquatic_table	TY_NK_final_18pt	3+3+3+5+4	0-18
Inia_geoffrensis	Boutu	Inia geoffrensis	3	3	3	5	4	18			marine_obligate_draft	High	ADW describes Amazon river dolphin with aquatic biomes (lakes and ponds, rivers and streams, temporary pools), habitat regions (tropical, freshwater), supporting freshwater or riparian habitat association.	https://animaldiversity.org/accounts/Inia_geoffrensis/	1	marine	Berta_2015_and_SMM_2025	original_aquatic_table	TY_NK_final_18pt	3+3+3+5+4	0-18
Kogia_breviceps	Pygmy sperm whale	Kogia breviceps	3	3	3	5	4	18			marine_obligate_draft	High	ADW describes pygmy sperm whale with aquatic biomes (benthic, coastal), habitat text states 'K', supporting mixed freshwater and marine/coastal habitat use.	https://animaldiversity.org/accounts/Kogia_breviceps/	1	marine	Berta_2015_and_SMM_2025	original_aquatic_table	TY_NK_final_18pt	3+3+3+5+4	0-18
Lagenorhynchus_obliquidens	Pacific white-sided dolphin	Lagenorhynchus obliquidens	3	3	3	5	4	18			marine_obligate_draft	High	ADW describes Pacific white-sided dolphin with aquatic biomes (pelagic, coastal), habitat regions (temperate, saltwater or marine), supporting mixed freshwater and marine/coastal habitat use.	https://animaldiversity.org/accounts/Lagenorhynchus_obliquidens/	1	marine	Berta_2015_and_SMM_2025	original_aquatic_table	TY_NK_final_18pt	3+3+3+5+4	0-18
Lipotes_vexillifer	Yangtze River dolphin	Lipotes vexillifer	3	3	3	5	4	18			marine_obligate_draft	High	ADW describes baiji with aquatic biomes (lakes and ponds, rivers and streams), other habitat features (riparian, estuarine), habitat regions (freshwater), supporting mixed freshwater and marine/coastal habitat use.	https://animaldiversity.org/accounts/Lipotes_vexillifer/	1	marine	Berta_2015_and_SMM_2025	original_aquatic_table	TY_NK_final_18pt	3+3+3+5+4	0-18
Megaptera_novaeangliae	Humpback whale	Megaptera novaeangliae	3	3	3	5	4	18			marine_obligate_draft	High	ADW describes humpback whale with aquatic biomes (benthic, coastal), habitat regions (temperate, tropical, polar, saltwater or marine), supporting mixed freshwater and marine/coastal habitat use.	https://animaldiversity.org/accounts/Megaptera_novaeangliae/	1	marine	Berta_2015_and_SMM_2025	original_aquatic_table	TY_NK_final_18pt	3+3+3+5+4	0-18
Mesoplodon_bidens	Sowerby's beaked whale	Mesoplodon bidens	3	3	3	5	4	18			marine_obligate_draft	High	ADW describes Sowerby's beaked whale with aquatic biomes (pelagic), habitat regions (temperate, saltwater or marine), supporting mixed freshwater and marine/coastal habitat use.	https://animaldiversity.org/accounts/Mesoplodon_bidens/	1	marine	Berta_2015_and_SMM_2025	original_aquatic_table	TY_NK_final_18pt	3+3+3+5+4	0-18
Mesoplodon_densirostris	Blainville's beaked whale	Mesoplodon densirostris	3	3	3	5	4	18			marine_obligate_draft	High	ADW describes Blainville's beaked whale with habitat regions (temperate, tropical), habitat text states 'Blainville's beaked whales seem to prefer warm temperates and tropical waters, avoiding the Arctic and Antarctic Oceans', supporting aquatic behavior but requiring manual habitat review.	https://animaldiversity.org/accounts/Mesoplodon_densirostris/	1	marine	Berta_2015_and_SMM_2025	original_aquatic_table	TY_NK_final_18pt	3+3+3+5+4	0-18
Mesoplodon_europaeus	Gervais' beaked whale	Mesoplodon europaeus	3	3	3	5	4	18			marine_obligate_draft	High	ADW describes Gervais's beaked whale with aquatic biomes (pelagic), habitat text states 'Mesoplodon europaeus lives in warm to tropical pelagic waters', supporting freshwater or riparian habitat association.	https://animaldiversity.org/accounts/Mesoplodon_europaeus/	1	marine	Berta_2015_and_SMM_2025	original_aquatic_table	TY_NK_final_18pt	3+3+3+5+4	0-18
Mesoplodon_stejnegeri	Stejneger's beaked whale	Mesoplodon stejnegeri	3	3	3	5	4	18			marine_obligate_draft	High	ADW describes Stejneger's beaked whale with aquatic biomes (pelagic), habitat regions (temperate, saltwater or marine), supporting mixed freshwater and marine/coastal habitat use.	https://animaldiversity.org/accounts/Mesoplodon_stejnegeri/	1	marine	Berta_2015_and_SMM_2025	original_aquatic_table	TY_NK_final_18pt	3+3+3+5+4	0-18
Monodon_monoceros	Narwhal	Monodon monoceros	3	3	3	5	4	18			marine_obligate_draft	High	ADW describes narwhal with aquatic biomes (pelagic), habitat regions (polar, saltwater or marine), supporting mixed freshwater and marine/coastal habitat use.	https://animaldiversity.org/accounts/Monodon_monoceros/	1	marine	Berta_2015_and_SMM_2025	original_aquatic_table	TY_NK_final_18pt	3+3+3+5+4	0-18
Neophocaena_asiaeorientalis_asiaeorientalis	Yangtze finless porpoise	Neophocaena asiaeorientalis asiaeorientalis	3	3	3	5	4	18			marine_obligate_draft	High	Fallback ADW account Neophocaena_phocaenoides describes finless porpoise with aquatic biomes (rivers and streams, coastal), habitat text states 'Neophocaena phocaenoides lives in both fresh and salt water habitats', supporting mixed freshwater and marine/coastal habitat use. Evidence is a congeneric proxy review required.	https://animaldiversity.org/accounts/Neophocaena_phocaenoides/	1	marine	Berta_2015_and_SMM_2025	original_aquatic_table	TY_NK_final_18pt	3+3+3+5+4	0-18
Orcinus_orca	Killer whale	Orcinus orca	3	3	3	5	4	18			marine_obligate_draft	High	ADW describes killer whale with aquatic biomes (pelagic, coastal), habitat regions (temperate, tropical, saltwater or marine), supporting mixed freshwater and marine/coastal habitat use.	https://animaldiversity.org/accounts/Orcinus_orca/	1	marine	Berta_2015_and_SMM_2025	original_aquatic_table	TY_NK_final_18pt	3+3+3+5+4	0-18
Peponocephala_electra	Melon-headed whale	Peponocephala electra	3	3	3	5	4	18			marine_obligate_draft	High	ADW describes melon-headed whale with aquatic biomes (pelagic), habitat regions (tropical, saltwater or marine), supporting mixed freshwater and marine/coastal habitat use.	https://animaldiversity.org/accounts/Peponocephala_electra/	1	marine	Berta_2015_and_SMM_2025	original_aquatic_table	TY_NK_final_18pt	3+3+3+5+4	0-18
Phocoena_phocoena	Harbor porpoise	Phocoena phocoena	3	3	3	5	4	18			marine_obligate_draft	High	ADW describes harbor porpoise with aquatic biomes (pelagic, rivers and streams, coastal, brackish water), other habitat features (estuarine), habitat regions (temperate, polar, saltwater or marine, freshwater), supporting mixed freshwater and marine/coastal habitat use.	https://animaldiversity.org/accounts/Phocoena_phocoena/	1	marine	Berta_2015_and_SMM_2025	original_aquatic_table	TY_NK_final_18pt	3+3+3+5+4	0-18
Phocoena_sinus	Vaquita	Phocoena sinus	3	3	3	5	4	18			marine_obligate_draft	High	ADW describes vaquita with aquatic biomes (coastal), habitat text states 'An interesting feature of the vaquita is that it is the only species of porpoise that is found in such warm waters', supporting mixed freshwater and marine/coastal habitat use.	https://animaldiversity.org/accounts/Phocoena_sinus/	1	marine	Berta_2015_and_SMM_2025	original_aquatic_table	TY_NK_final_18pt	3+3+3+5+4	0-18
Physeter_catodon	Sperm whale	Physeter catodon	3	3	3	5	4	18			marine_obligate_draft	High	ADW describes sperm whale with aquatic biomes (benthic), habitat text states 'Sperm whales swim through deep waters to depths of 2 miles, apparently limited in depth only by the time it takes to swim down and back to the surface', supporting freshwater or wetland-associated aquatic use.	https://animaldiversity.org/accounts/Physeter_catodon/	1	marine	Berta_2015_and_SMM_2025	original_aquatic_table	TY_NK_final_18pt	3+3+3+5+4	0-18
Platanista_minor	Indus River dolphin	Platanista minor	3	3	3	5	4	18			marine_obligate_draft	High	ADW describes Indus river dolphin with aquatic biomes (benthic, rivers and streams, brackish water), habitat regions (freshwater), supporting freshwater or wetland-associated aquatic use.	https://animaldiversity.org/accounts/Platanista_minor/	1	marine	Berta_2015_and_SMM_2025	original_aquatic_table	TY_NK_final_18pt	3+3+3+5+4	0-18
Sousa_chinensis	Indo-pacific humpbacked dolphin	Sousa chinensis	3	3	3	5	4	18			marine_obligate_draft	High	ADW describes Indo-Pacific humpbacked dolphin with aquatic biomes (reef, brackish water), other habitat features (estuarine), habitat regions (tropical, saltwater or marine), supporting mixed freshwater and marine/coastal habitat use.	https://animaldiversity.org/accounts/Sousa_chinensis/	1	marine	Berta_2015_and_SMM_2025	original_aquatic_table	TY_NK_final_18pt	3+3+3+5+4	0-18
Steno_bredanensis	Rough-toothed dolphin	Steno bredanensis	3	3	3	5	4	18			marine_obligate_draft	High	ADW describes rough-toothed dolphin with aquatic biomes (pelagic, reef, coastal), habitat regions (temperate, tropical, saltwater or marine), supporting mixed freshwater and marine/coastal habitat use.	https://animaldiversity.org/accounts/Steno_bredanensis/	1	marine	Berta_2015_and_SMM_2025	original_aquatic_table	TY_NK_final_18pt	3+3+3+5+4	0-18
Trichechus_manatus_latirostris	Florida manatee	Trichechus manatus latirostris	3	3	3	5	4	18			reviewed_r1_initial	High	Fallback ADW evidence for West Indian manatee describes movement between freshwater and marine habitats, supporting fully aquatic mixed-salinity coding.	https://animaldiversity.org/accounts/Trichechus_manatus/	1	marine	Berta_2015_and_SMM_2025	original_aquatic_table	TY_NK_final_18pt	3+3+3+5+4	0-18
Tursiops_aduncus	Indo-pacific bottlenose dolphin	Tursiops aduncus	3	3	3	5	4	18			marine_obligate_draft	High	ADW describes Indo-Pacific bottlenose dolphin with aquatic biomes (reef, coastal, brackish water), other habitat features (estuarine), habitat regions (tropical, saltwater or marine), supporting mixed freshwater and marine/coastal habitat use.	https://animaldiversity.org/accounts/Tursiops_aduncus/	1	marine	Berta_2015_and_SMM_2025	original_aquatic_table	TY_NK_final_18pt	3+3+3+5+4	0-18
Tursiops_truncatus	Common bottlenose dolphin	Tursiops truncatus	3	3	3	5	4	18			marine_obligate_draft	High	ADW describes bottlenosed dolphin with aquatic biomes (pelagic, coastal, brackish water), other habitat features (estuarine), habitat regions (temperate, tropical, saltwater or marine), supporting mixed freshwater and marine/coastal habitat use.	https://animaldiversity.org/accounts/Tursiops_truncatus/	1	marine	Berta_2015_and_SMM_2025	original_aquatic_table	TY_NK_final_18pt	3+3+3+5+4	0-18
Enhydra_lutris_kenyoni	Sea otter	Enhydra lutris kenyoni	3	3	1	3	3	13	"Sea otters give birth and provide milk to pups ""on"" the water, but not ""in"" water"	1	reviewed_round2_override	High	Sea otter is substantially more water-dependent than river otters and should sit above otariids because routine foraging, locomotion, resting, and much of nursery behavior occur in the marine environment.	https://animaldiversity.org/accounts/Enhydra_lutris/	1	marine	SMM_2025	aquatic_new_round2_audit_override	TY_NK_final_18pt	3+3+3+5+4	0-18
Erignathus_barbatus	Bearded seal	Erignathus barbatus	3	3	2	4	3	15		1	reviewed_round2_override	High	True seals should sit above sea lions and fur seals on the aquaticity gradient because locomotion, time budget, and reproduction are more tightly tied to the marine environment.	https://animaldiversity.org/accounts/Erignathus_barbatus/	1	marine	Berta_2015_and_SMM_2025	aquatic_new_round2_audit_override	TY_NK_final_18pt	3+3+3+5+4	0-18
Halichoerus_grypus	Gray seal	Halichoerus grypus	3	3	2	4	3	15		1	reviewed_round2_override	High	True seals should sit above sea lions and fur seals on the aquaticity gradient because locomotion, time budget, and reproduction are more tightly tied to the marine environment.	https://animaldiversity.org/accounts/Halichoerus_grypus/	1	marine	Berta_2015_and_SMM_2025	aquatic_new_round2_audit_override	TY_NK_final_18pt	3+3+3+5+4	0-18
Leptonychotes_weddellii	Weddell seal	Leptonychotes weddellii	3	3	2	4	3	15		1	reviewed_round2_override	High	True seals should sit above sea lions and fur seals on the aquaticity gradient because locomotion, time budget, and reproduction are more tightly tied to the marine environment.	https://animaldiversity.org/accounts/Leptonychotes_weddellii/	1	marine	Berta_2015_and_SMM_2025	aquatic_new_round2_audit_override	TY_NK_final_18pt	3+3+3+5+4	0-18
Mirounga_angustirostris	Northern elephant seal	Mirounga angustirostris	3	3	2	4	3	15		1	reviewed_round2_override	High	Elephant seals should sit above sea lions and fur seals on the aquaticity gradient because most of life is spent at sea and reproduction remains strongly marine-environment dependent.	https://animaldiversity.org/accounts/Mirounga_angustirostris/	1	marine	Berta_2015_and_SMM_2025	aquatic_new_round2_audit_override	TY_NK_final_18pt	3+3+3+5+4	0-18
Mirounga_leonina	Southern elephant seal	Mirounga leonina	3	3	2	4	3	15		1	reviewed_round2_override	High	Elephant seals should sit above sea lions and fur seals on the aquaticity gradient because most of life is spent at sea and reproduction remains strongly marine-environment dependent.	https://animaldiversity.org/accounts/Mirounga_leonina/	1	marine	Berta_2015_and_SMM_2025	aquatic_new_round2_audit_override	TY_NK_final_18pt	3+3+3+5+4	0-18
Neomonachus_schauinslandi	Hawaiian monk seal	Neomonachus schauinslandi	3	3	2	4	3	15		1	reviewed_round2_override	High	True seals should sit above sea lions and fur seals on the aquaticity gradient because locomotion, time budget, and reproduction are more tightly tied to the marine environment.	https://animaldiversity.org/accounts/Monachus_schauinslandi/	1	marine	Berta_2015_and_SMM_2025	aquatic_new_round2_audit_override	TY_NK_final_18pt	3+3+3+5+4	0-18
Phoca_largha	Spotted seal	Phoca largha	3	3	2	4	3	15		1	reviewed_round2_override	High	True seals should sit above sea lions and fur seals on the aquaticity gradient because locomotion, time budget, and reproduction are more tightly tied to the marine environment.	https://animaldiversity.org/accounts/Phoca_largha/	1	marine	Berta_2015_and_SMM_2025	aquatic_new_round2_audit_override	TY_NK_final_18pt	3+3+3+5+4	0-18
Phoca_vitulina	Harbor seal	Phoca vitulina	3	3	2	4	3	15		1	reviewed_round2_override	High	True seals should sit above sea lions and fur seals on the aquaticity gradient because locomotion, time budget, and reproduction are more tightly tied to the marine environment.	https://animaldiversity.org/accounts/Phoca_vitulina/	1	marine	Berta_2015_and_SMM_2025	aquatic_new_round2_audit_override	TY_NK_final_18pt	3+3+3+5+4	0-18
Odobenus_rosmarus_divergens	Pacific walrus	Odobenus rosmarus divergens	3	3	1	4	3	14		1	reviewed_round2_override	High	Walrus is more strongly water-adapted than a shore-mobile otariid template but still retains shore or ice-based reproduction.	https://animaldiversity.org/accounts/Odobenus_rosmarus/	1	marine	Berta_2015_and_SMM_2025	aquatic_new_round2_audit_override	TY_NK_final_18pt	3+3+3+5+4	0-18
Callorhinus_ursinus	Northern fur seal	Callorhinus ursinus	3	3	1	4	3	14	greater terrestrial competence is only for reproductive seasons	1	reviewed_round2_override	High	Fur seals are strongly water-adapted marine mammals, but their reproductive dependence on land and greater terrestrial competence keep them below sea otters and true seals.	https://animaldiversity.org/accounts/Callorhinus_ursinus/	1	marine	Berta_2015_and_SMM_2025	aquatic_new_round2_audit_override	TY_NK_final_18pt	3+3+3+5+4	0-18
Castor_canadensis	American beaver	Castor canadensis	3	2	2	4	3	14		1	reviewed_round2_override	High	Beaver is one of the clearest freshwater semi-aquatic mammals and should score above the weak-boundary class.	https://animaldiversity.org/accounts/Castor_canadensis/	0	non-marine	not_listed	aquatic_new_round2_audit_override	TY_NK_final_18pt	3+3+3+5+4	0-18
Eumetopias_jubatus	Steller sea lion	Eumetopias jubatus	3	3	1	4	3	14	greater terrestrial competence is only for reproductive seasons	1	reviewed_round2_override	High	Sea lions are strongly water-adapted marine mammals, but their reproductive dependence on land and greater terrestrial competence keep them below sea otters and true seals.	https://animaldiversity.org/accounts/Eumetopias_jubatus/	1	marine	Berta_2015_and_SMM_2025	aquatic_new_round2_audit_override	TY_NK_final_18pt	3+3+3+5+4	0-18
Pteronura_brasiliensis	Giant otter	Pteronura brasiliensis	3	3	1	2	3	12			reviewed_r1_initial	High	ADW describes giant otter with rivers/lakes and aquatic prey, supporting freshwater semi-aquatic coding.	https://animaldiversity.org/accounts/Pteronura_brasiliensis/	0	non-marine	not_listed	original_aquatic_table	TY_NK_final_18pt	3+3+3+5+4	0-18
Zalophus_californianus	California sea lion	Zalophus californianus	3	3	1	4	3	14	greater terrestrial competence is only for reproductive seasons	1	reviewed_round2_override	High	Sea lions are strongly water-adapted marine mammals, but their reproductive dependence on land and greater terrestrial competence keep them below sea otters and true seals.	https://animaldiversity.org/accounts/Zalophus_californianus/	1	marine	Berta_2015_and_SMM_2025	aquatic_new_round2_audit_override	TY_NK_final_18pt	3+3+3+5+4	0-18
Hippopotamus_amphibius	Hippopotamus	Hippopotamus amphibius	2	2	2	2	3	11		1	reviewed_round2_override	High	Strong semi-aquatic mammal with routine water-based locomotion, resting, mating, and nursery use; should be aquatic_v2 positive rather than zero.	https://animaldiversity.org/accounts/Hippopotamus_amphibius/	0	non-marine	not_listed	aquatic_new_round2_audit_override	TY_NK_final_18pt	3+3+3+5+4	0-18
Aonyx_cinereus	Asian small-clawed otter	Aonyx cinereus	3	2	1	2	2	10			reviewed_r1_initial	Medium-Low	Fallback ADW evidence for Aonyx cinerea describes freshwater, coastal, and natatorial ecology; treated as aquatic with congeneric-proxy review required.	https://animaldiversity.org/accounts/Aonyx_cinerea/	0	non-marine	not_listed	original_aquatic_table	TY_NK_final_18pt	3+3+3+5+4	0-18
Lontra_canadensis	Northern American river otter	Lontra canadensis	3	2	1	2	2	10			reviewed_r1_initial	High	ADW describes northern river otter as using freshwater and coastal marine habitats with natatorial behavior and aquatic prey, supporting mixed-salinity aquatic coding.	https://animaldiversity.org/accounts/Lontra_canadensis/	0	non-marine	not_listed	original_aquatic_table	TY_NK_final_18pt	3+3+3+5+4	0-18
Lutra_lutra	Eurasian river otter	Lutra lutra	3	2	1	2	2	10			reviewed_r1_initial	High	ADW describes European otter with freshwater and coastal/ocean evidence; treated as aquatic but not freshwater-restricted.	https://animaldiversity.org/accounts/Lutra_lutra/	0	non-marine	not_listed	original_aquatic_table	TY_NK_final_18pt	3+3+3+5+4	0-18
Ondatra_zibethicus	Muskrat	Ondatra zibethicus	3	2	2	1	2	10			reviewed_r1_initial	High	ADW describes muskrat with lakes, rivers, marshes, swamps, aquatic nesting, and routine swimming, supporting freshwater semi-aquatic coding.	https://animaldiversity.org/accounts/Ondatra_zibethicus/	0	non-marine	not_listed	original_aquatic_table	TY_NK_final_18pt	3+3+3+5+4	0-18
Neovison_vison	American mink	Neovison vison	3	2	1	1	2	9			reviewed_r1_initial	High	ADW describes American mink with freshwater habitats and natatorial behavior; moved out of terrestrial and flagged for salinity sensitivity.	https://animaldiversity.org/accounts/Neovison_vison/	0	non-marine	not_listed	original_aquatic_table	TY_NK_final_18pt	3+3+3+5+4	0-18
Hydrochoerus_hydrochaeris	Capybara	Hydrochoerus hydrochaeris	2	2	1	1	2	8		1	reviewed_round2_override	High	Classic semi-aquatic rodent with regular swimming, water refuge, and strong dependence on marshy/riparian habitat.	https://animaldiversity.org/accounts/Hydrochoerus_hydrochaeris/	0	non-marine	not_listed	aquatic_new_round2_audit_override	TY_NK_final_18pt	3+3+3+5+4	0-18
Kobus_leche_leche	Lechwe	Kobus leche leche	2	2	1	1	2	8			reviewed_r1_initial	Medium	Fallback ADW evidence is sparse for lechwe despite reviewer concern; this taxon is flagged for sensitivity/manual source confirmation.	https://animaldiversity.org/accounts/Kobus_leche/	0	non-marine	not_listed	original_aquatic_table	TY_NK_final_18pt	3+3+3+5+4	0-18
Myocastor_coypus	Nutria	Myocastor coypus	2	2	1	1	2	8		1	reviewed_round2_override	High	Semi-aquatic rodent that routinely feeds and moves in wetland habitats; current zero is a clear false negative.	https://animaldiversity.org/accounts/Myocastor_coypus/	0	non-marine	not_listed	aquatic_new_round2_audit_override	TY_NK_final_18pt	3+3+3+5+4	0-18
Arvicola_amphibius	Eurasian water vole	Arvicola amphibius	2	2	0	1	2	7		1	reviewed_round2_override	High	Common name should be corrected to water vole, and under the current threshold logic a score of 7 supports coding this semi-aquatic rodent as aquatic rather than boundary-only.	https://animaldiversity.org/accounts/Arvicola_amphibius/	0	non-marine	not_listed	aquatic_new_round2_audit_override	TY_NK_final_18pt	3+3+3+5+4	0-18
Ursus_maritimus	Polar bear	Ursus maritimus	2	2	0	2	1	7			marine_semi_aquatic_draft	Medium	ADW describes polar bear with aquatic biomes (coastal), habitat regions (polar, terrestrial, saltwater or marine), supporting mixed freshwater and marine/coastal habitat use.	https://animaldiversity.org/accounts/Ursus_maritimus/	1	marine	SMM_2025	original_aquatic_table	TY_NK_final_18pt	3+3+3+5+4	0-18
Alces_alces	Eurasian elk	Alces alces	2	1	0	0	1	4			reviewed_r1_initial	High	ADW describes moose as terrestrial but strongly associated with ponds, rivers, swamps, swimming, and aquatic vegetation; treated as sensitivity rather than conservative aquatic coding.	https://animaldiversity.org/accounts/Alces_alces/	0	non-marine	not_listed	original_aquatic_table	TY_NK_final_18pt	3+3+3+5+4	0-18
Elaphurus_davidianus	Pere David's deer	Elaphurus davidianus	2	1	0	0	1	4		0.5	reviewed_round2_override	High	Wetland-adapted deer with consistent marsh association, best treated as a weak aquatic boundary taxon comparable to moose.	https://animaldiversity.org/accounts/Elaphurus_davidianus/	0	non-marine	not_listed	aquatic_new_round2_audit_override	TY_NK_final_18pt	3+3+3+5+4	0-18
Hydropotes_inermis	Chinese water deer	Hydropotes inermis	1	1	0	0	1	3		0.5	reviewed_round2_override	High	Water-associated cervid best placed in the gray zone rather than grouped with strict terrestrial zeros.	https://animaldiversity.org/accounts/Hydropotes_inermis/	0	non-marine	not_listed	aquatic_new_round2_audit_override	TY_NK_final_18pt	3+3+3+5+4	0-18
Kobus_ellipsiprymnus	Waterbuck	Kobus ellipsiprymnus	1	1	0	0	1	3		0.5	reviewed_round2_override	Medium	Water-associated bovid that belongs in the reviewer gray zone, not in the strong aquatic class.	https://animaldiversity.org/accounts/Kobus_ellipsiprymnus/	0	non-marine	not_listed	aquatic_new_round2_audit_override	TY_NK_final_18pt	3+3+3+5+4	0-18
Tapirus_indicus	Asiatic tapir	Tapirus indicus	1	1	0	0	1	3		0.5	reviewed_round2_override	High	Routine swimming/water association is real, but best treated as gray-zone rather than strong aquatic.	https://animaldiversity.org/accounts/Tapirus_indicus/	0	non-marine	not_listed	aquatic_new_round2_audit_override	TY_NK_final_18pt	3+3+3+5+4	0-18
Tapirus_terrestris	Brazilian tapir	Tapirus terrestris	1	1	0	0	1	3		0.5	reviewed_round2_override	High	Same tapir pair; best handled consistently as weak boundary taxa rather than strong aquatic positives.	https://animaldiversity.org/accounts/Tapirus_terrestris/	0	non-marine	not_listed	aquatic_new_round2_audit_override	TY_NK_final_18pt	3+3+3+5+4	0-18
Babyrousa_celebensis	North Sulawesi babirusa	Babyrousa celebensis	1	1	0	0	0	2		0.5	reviewed_round2_override	Medium-Low	Reviewer-boundary ungulate best treated as weak water-associated rather than fully aquatic.	https://animaldiversity.org/accounts/Babyrousa_babyrussa/	0	non-marine	not_listed	aquatic_new_round2_audit_override	TY_NK_final_18pt	3+3+3+5+4	0-18
Bubalus_bubalis	Asian water buffalo	Bubalus bubalis	0	1	0	0	1	2		0.5	reviewed_round2_override	High	Strong water association without routine aquatic dependence; fits weak boundary class rather than aquatic positive.	https://animaldiversity.org/accounts/Bubalus_bubalis/	0	non-marine	not_listed	aquatic_new_round2_audit_override	TY_NK_final_18pt	3+3+3+5+4	0-18
Elephas_maximus	Asiatic elephant	Elephas maximus	0	1	0	0	1	2		0.5	reviewed_round2_override	High	Reviewer-boundary terrestrial species with strong freshwater association but not strong aquatic dependence.	https://animaldiversity.org/accounts/Elephas_maximus/	0	non-marine	not_listed	aquatic_new_round2_audit_override	TY_NK_final_18pt	3+3+3+5+4	0-18
Loxodonta_africana	African savanna elephant	Loxodonta africana	0	1	0	0	1	2		0.5	reviewed_round2_override	High	Same consistency class as Asian elephant and buffalo: clearly water-associated, but not strongly aquatic.	https://animaldiversity.org/accounts/Loxodonta_africana/	0	non-marine	not_listed	aquatic_new_round2_audit_override	TY_NK_final_18pt	3+3+3+5+4	0-18
Syncerus_caffer	African water buffalo	Syncerus caffer	0	1	0	0	1	2		0.5	reviewed_round2_override	High	Needs to be treated consistently with elephants and water buffalo as a weak water-associated boundary taxon.	https://animaldiversity.org/accounts/Syncerus_caffer/	0	non-marine	not_listed	aquatic_new_round2_audit_override	TY_NK_final_18pt	3+3+3+5+4	0-18
Acinonyx_jubatus	Cheetah	Acinonyx jubatus	0	0	0	0	0	0			clear_terrestrial_zero	High	ADW describes cheetah with habitat regions (temperate, tropical, terrestrial), habitat text states 'Habitats that are favored by cheetahs include grasslands and deserts', supporting terrestrial habitat association.	https://animaldiversity.org/accounts/Acinonyx_jubatus/	0	non-marine	not_listed	original_aquatic_table	TY_NK_final_18pt	3+3+3+5+4	0-18
Acomys_russatus	Golden spiny mouse	Acomys russatus	0	0	0	0	0	0			clear_terrestrial_zero	High	ADW describes golden spiny mouse with habitat text states 'Golden spiny mice live in arid regions consisting of deserts and savannas dominated by rocky crevices', providing limited ecology evidence, so final coding requires manual review.	https://animaldiversity.org/accounts/Acomys_russatus/	0	non-marine	not_listed	original_aquatic_table	TY_NK_final_18pt	3+3+3+5+4	0-18
Aeorestes_cinereus	Hoary bat	Aeorestes cinereus	0	0	0	0	0	0			clear_terrestrial_zero	High	Fallback ADW account Lasiurus_cinereus describes hoary bat with other habitat features (urban, suburban), habitat regions (temperate, tropical), providing limited ecology evidence, so final coding requires manual review. Evidence is a different taxon manual review required.	https://animaldiversity.org/accounts/Lasiurus_cinereus/	0	non-marine	not_listed	original_aquatic_table	TY_NK_final_18pt	3+3+3+5+4	0-18
Ailuropoda_melanoleuca	Giant panda	Ailuropoda melanoleuca	0	0	0	0	0	0			clear_terrestrial_zero	High	ADW describes giant panda with habitat regions (temperate), habitat text states 'Giant pandas inhabit montane forests and mixed coniferous and broadleaf forests where bamboo stands are present (Helin et al., 1999; Massicot, 2001).', providing limited ecology evidence, so final coding requires manual review.	https://animaldiversity.org/accounts/Ailuropoda_melanoleuca/	0	non-marine	not_listed	original_aquatic_table	TY_NK_final_18pt	3+3+3+5+4	0-18
Ailurus_fulgens	Lesser panda	Ailurus fulgens	0	0	0	0	0	0			clear_terrestrial_zero	High	ADW describes red panda with habitat regions (temperate, terrestrial), habitat text states 'Red pandas live in temperate climates in deciduous and coniferous forests', supporting terrestrial habitat association.	https://animaldiversity.org/accounts/Ailurus_fulgens/	0	non-marine	not_listed	original_aquatic_table	TY_NK_final_18pt	3+3+3+5+4	0-18
Allactaga_bullata	Gobi jerboa	Allactaga bullata	0	0	0	0	0	0			manual_curated_terrestrial	High	Manual curator check: Gobi jerboa is a clearly terrestrial/non-aquatic rodent; scored zero across all aquaticity dimensions.	https://www.inaturalist.org/taxa/43850-Allactaga-bullata	0	non-marine	not_listed	original_aquatic_table	TY_NK_final_18pt	3+3+3+5+4	0-18
Allenopithecus_nigroviridis	Allen's swamp monkey	Allenopithecus nigroviridis	0	0	0	0	0	0			clear_terrestrial_zero	High	ADW describes Allen's swamp monkey with habitat text states 'Studies from the Lomako Forest in Zaire suggest that A', providing limited ecology evidence, so final coding requires manual review.	https://animaldiversity.org/accounts/Allenopithecus_nigroviridis/	0	non-marine	not_listed	original_aquatic_table	TY_NK_final_18pt	3+3+3+5+4	0-18
Alouatta_palliata	Mantled howler monkey	Alouatta palliata	0	0	0	0	0	0			clear_terrestrial_zero	High	ADW describes mantled howler monkey with habitat text states 'Mantled howler monkeys inhabit lowland and montane rain forests, including primary and regenerated forest habitats', providing limited ecology evidence, so final coding requires manual review.	https://animaldiversity.org/accounts/Alouatta_palliata/	0	non-marine	not_listed	original_aquatic_table	TY_NK_final_18pt	3+3+3+5+4	0-18
Ammotragus_lervia	Aoudad	Ammotragus lervia	0	0	0	0	0	0			clear_terrestrial_zero	High	ADW describes aoudad with habitat regions (temperate, terrestrial), habitat text states 'Ammotragus lervia is endemic to the mountains of Northern Africa', supporting terrestrial habitat association.	https://animaldiversity.org/accounts/Ammotragus_lervia/	0	non-marine	not_listed	original_aquatic_table	TY_NK_final_18pt	3+3+3+5+4	0-18
Anoura_caudifer	Tailed tailless bat	Anoura caudifer	0	0	0	0	0	0			clear_terrestrial_zero	High	Fallback ADW account Anoura_geoffroyi describes Geoffroy's tailless bat with other habitat features (caves), habitat regions (tropical), providing limited ecology evidence, so final coding requires manual review. Evidence is a congeneric proxy review required.	https://animaldiversity.org/accounts/Anoura_geoffroyi/	0	non-marine	not_listed	original_aquatic_table	TY_NK_final_18pt	3+3+3+5+4	0-18
Antidorcas_marsupialis	Springbok	Antidorcas marsupialis	0	0	0	0	0	0			clear_terrestrial_zero	High	ADW describes springbok with habitat text states 'Springboks are mostly confined to game reserves and farms in treeless savanna associated with the edges of dry lake beds.', providing limited ecology evidence, so final coding requires manual review.	https://animaldiversity.org/accounts/Antidorcas_marsupialis/	0	non-marine	not_listed	original_aquatic_table	TY_NK_final_18pt	3+3+3+5+4	0-18
Antilocapra_americana	Pronghorn	Antilocapra americana	0	0	0	0	0	0			clear_terrestrial_zero	High	ADW describes pronghorn with other habitat features (suburban, agricultural), habitat regions (temperate, terrestrial), supporting terrestrial habitat association.	https://animaldiversity.org/accounts/Antilocapra_americana/	0	non-marine	not_listed	original_aquatic_table	TY_NK_final_18pt	3+3+3+5+4	0-18
Aotus_nancymaae	Mas night monkey	Aotus nancymaae	0	0	0	0	0	0			clear_terrestrial_zero	High	ADW describes Ma's night monkey with habitat regions (tropical, terrestrial), habitat text states 'Although considered habitat generalists (Greenberg, 1999), A', supporting terrestrial habitat association.	https://animaldiversity.org/accounts/Aotus_nancymaae/	0	non-marine	not_listed	original_aquatic_table	TY_NK_final_18pt	3+3+3+5+4	0-18
Aplodontia_rufa	Mountain beaver	Aplodontia rufa	0	0	0	0	0	0			clear_terrestrial_zero	High	ADW describes mountain beaver with habitat regions (temperate, terrestrial), habitat text states 'Despite their names, mountain beavers don't live in alpine environments, nor are they aquatic, like beavers', supporting terrestrial habitat association.	https://animaldiversity.org/accounts/Aplodontia_rufa/	0	non-marine	not_listed	original_aquatic_table	TY_NK_final_18pt	3+3+3+5+4	0-18
Artibeus_jamaicensis	Jamaican fruit-eating bat	Artibeus jamaicensis	0	0	0	0	0	0			clear_terrestrial_zero	High	ADW describes Jamaican fruit-eating bat with other habitat features (agricultural, caves), habitat regions (tropical), providing limited ecology evidence, so final coding requires manual review.	https://animaldiversity.org/accounts/Artibeus_jamaicensis/	0	non-marine	not_listed	original_aquatic_table	TY_NK_final_18pt	3+3+3+5+4	0-18
Arvicanthis_niloticus	African grass rat	Arvicanthis niloticus	0	0	0	0	0	0			clear_terrestrial_zero	High	ADW describes African grass rat with other habitat features (agricultural), habitat regions (tropical, terrestrial), supporting terrestrial habitat association.	https://animaldiversity.org/accounts/Arvicanthis_niloticus/	0	non-marine	not_listed	original_aquatic_table	TY_NK_final_18pt	3+3+3+5+4	0-18
Ateles_geoffroyi	Black-handed spider monkey	Ateles geoffroyi	0	0	0	0	0	0			clear_terrestrial_zero	High	ADW describes Central American spider monkey with habitat text states 'Ateles geoffroyi inhabits mature rainforest and montane forest.', providing limited ecology evidence, so final coding requires manual review.	https://animaldiversity.org/accounts/Ateles_geoffroyi/	0	non-marine	not_listed	original_aquatic_table	TY_NK_final_18pt	3+3+3+5+4	0-18
Axis_porcinus	Hog deer	Axis porcinus	0	0	0	0	0	0			clear_terrestrial_zero	High	ADW describes hog deer with habitat regions (temperate, tropical), habitat text states 'Axis porcinus appears to prefer dense forests; however, they are often observed in clearings, grasslands and occasionally wet grasslands', providing limited ecology evidence, so final coding requires manual review.	https://animaldiversity.org/accounts/Axis_porcinus/	0	non-marine	not_listed	original_aquatic_table	TY_NK_final_18pt	3+3+3+5+4	0-18
Bassariscus_astutus	Ringtail	Bassariscus astutus	0	0	0	0	0	0			clear_terrestrial_zero	High	ADW describes ringtail with other habitat features (riparian), habitat regions (temperate, terrestrial), supporting water-associated terrestrial use rather than aquatic dependence.	https://animaldiversity.org/accounts/Bassariscus_astutus/	0	non-marine	not_listed	original_aquatic_table	TY_NK_final_18pt	3+3+3+5+4	0-18
Bassariscus_sumichrasti	Cacomistle	Bassariscus sumichrasti	0	0	0	0	0	0			clear_terrestrial_zero	High	ADW describes cacomistle with habitat text states 'Wet, evergreen tropical woodlands and mountain forests are the preferred habitat of - B', providing limited ecology evidence, so final coding requires manual review.	https://animaldiversity.org/accounts/Bassariscus_sumichrasti/	0	non-marine	not_listed	original_aquatic_table	TY_NK_final_18pt	3+3+3+5+4	0-18
Beatragus_hunteri	Hirola	Beatragus hunteri	0	0	0	0	0	0			clear_terrestrial_zero	High	ADW describes hirola with habitat regions (tropical, terrestrial), habitat text states 'Damaliscus hunteri inhabits short-grass, seasonally arid, grasslands in dry acacia bush/scrub and forest-savannah mosaic habitats', supporting terrestrial habitat association.	https://animaldiversity.org/accounts/Beatragus_hunteri/	0	non-marine	not_listed	original_aquatic_table	TY_NK_final_18pt	3+3+3+5+4	0-18
Bos_frontalis	Gayal	Bos frontalis	0	0	0	0	0	0			clear_terrestrial_zero	High	ADW describes gaur with habitat text states 'Inhabits forested hills and nearby grassy clearings', providing limited ecology evidence, so final coding requires manual review.	https://animaldiversity.org/accounts/Bos_frontalis/	0	non-marine	not_listed	original_aquatic_table	TY_NK_final_18pt	3+3+3+5+4	0-18
Bos_mutus	Wild yak	Bos mutus	0	0	0	0	0	0			manual_curated_terrestrial	High	Manual curator check: wild yak is a clearly terrestrial bovid; scored zero across all aquaticity dimensions.	https://en.wikipedia.org/wiki/Wild_yak	0	non-marine	not_listed	original_aquatic_table	TY_NK_final_18pt	3+3+3+5+4	0-18
Callithrix_jacchus	White-tufted-ear marmoset	Callithrix jacchus	0	0	0	0	0	0			clear_terrestrial_zero	High	ADW describes white-tufted-ear marmoset with habitat text states 'Common marmosets can be found around the edges of the forest as opposed to deep within it', providing limited ecology evidence, so final coding requires manual review.	https://animaldiversity.org/accounts/Callithrix_jacchus/	0	non-marine	not_listed	original_aquatic_table	TY_NK_final_18pt	3+3+3+5+4	0-18
Camelus_ferus	Wild Bactrian camel	Camelus ferus	0	0	0	0	0	0			clear_terrestrial_zero	High	Fallback ADW account Camelus_bactrianus describes Bactrian camel with habitat regions (temperate, terrestrial), supporting terrestrial habitat association. Evidence is a congeneric proxy review required.	https://animaldiversity.org/accounts/Camelus_bactrianus/	0	non-marine	not_listed	original_aquatic_table	TY_NK_final_18pt	3+3+3+5+4	0-18
Capra_aegagrus	Wild goat	Capra aegagrus	0	0	0	0	0	0			clear_terrestrial_zero	High	Fallback ADW account Capra_hircus describes domestic goat with other habitat features (agricultural), habitat regions (temperate, tropical, terrestrial), supporting terrestrial habitat association. Evidence is a congeneric proxy review required.	https://animaldiversity.org/accounts/Capra_hircus/	0	non-marine	not_listed	original_aquatic_table	TY_NK_final_18pt	3+3+3+5+4	0-18
Capra_sibirica	Siberian ibex	Capra sibirica	0	0	0	0	0	0			clear_terrestrial_zero	High	ADW describes Siberian ibex with habitat regions (temperate, terrestrial), habitat text states 'Throughout its range, C', supporting terrestrial habitat association.	https://animaldiversity.org/accounts/Capra_sibirica/	0	non-marine	not_listed	original_aquatic_table	TY_NK_final_18pt	3+3+3+5+4	0-18
Capreolus_pygargus	Eastern roe deer	Capreolus pygargus	0	0	0	0	0	0			clear_terrestrial_zero	High	ADW describes eastern roe deer with other habitat features (agricultural, riparian), habitat regions (temperate), supporting water-associated terrestrial use rather than aquatic dependence.	https://animaldiversity.org/accounts/Capreolus_pygargus/	0	non-marine	not_listed	original_aquatic_table	TY_NK_final_18pt	3+3+3+5+4	0-18
Carlito_syrichta	Philippine tarsier	Carlito syrichta	0	0	0	0	0	0			clear_terrestrial_zero	High	Fallback ADW account Tarsius_syrichta describes Philippine tarsier with habitat regions (tropical, terrestrial), habitat text states 'Philippine tarsiers are found in areas of tall grasses, bushes, bamboo shoots, and small trees in tropical rainforests', supporting terrestrial habitat association. Evidence is a different taxon manual review required.	https://animaldiversity.org/accounts/Tarsius_syrichta/	0	non-marine	not_listed	original_aquatic_table	TY_NK_final_18pt	3+3+3+5+4	0-18
Catagonus_wagneri	Chacoan peccary	Catagonus wagneri	0	0	0	0	0	0			clear_terrestrial_zero	High	"ADW describes Chacoan peccary with habitat text states 'Chacoan peccaries have received the nickname ""pigs from green hell"" because of their wild, inpenetrable habitats', providing limited ecology evidence, so final coding requires manual review."	https://animaldiversity.org/accounts/Catagonus_wagneri/	0	non-marine	not_listed	original_aquatic_table	TY_NK_final_18pt	3+3+3+5+4	0-18
Cavia_tschudii	Montane guinea pig	Cavia tschudii	0	0	0	0	0	0			clear_terrestrial_zero	High	Fallback ADW account Cavia_aperea describes Brazilian guinea pig with habitat regions (tropical, terrestrial), habitat text states 'Brazilian guinea pigs are primarily found in scrub grasslands and savannas, but also occur in the highlands of the Andes mountain range', supporting terrestrial habitat association. Evidence is a congeneric proxy review required.	https://animaldiversity.org/accounts/Cavia_aperea/	0	non-marine	not_listed	original_aquatic_table	TY_NK_final_18pt	3+3+3+5+4	0-18
Cebus_capucinus_imitator	White-faced sapajou	Cebus capucinus imitator	0	0	0	0	0	0			clear_terrestrial_zero	High	Fallback ADW account Cebus_capucinus describes white-faced capuchin with other habitat features (riparian), habitat regions (tropical, terrestrial), supporting water-associated terrestrial use rather than aquatic dependence.	https://animaldiversity.org/accounts/Cebus_capucinus/	0	non-marine	not_listed	original_aquatic_table	TY_NK_final_18pt	3+3+3+5+4	0-18
Cephalophus_harveyi	Harvey's duiker	Cephalophus harveyi	0	0	0	0	0	0			clear_terrestrial_zero	High	Fallback ADW account Cephalophus_niger describes black duiker with habitat regions (tropical), habitat text states 'C', providing limited ecology evidence, so final coding requires manual review. Evidence is a congeneric proxy review required.	https://animaldiversity.org/accounts/Cephalophus_niger/	0	non-marine	not_listed	original_aquatic_table	TY_NK_final_18pt	3+3+3+5+4	0-18
Ceratotherium_simum_simum	Southern white rhinoceros	Ceratotherium simum simum	0	0	0	0	0	0			clear_terrestrial_zero	High	Fallback ADW account Ceratotherium_simum describes white rhinoceros with habitat regions (temperate, tropical, terrestrial), habitat text states 'Typical habitat for white rhinocerose includes dense forests, savannas, and woodlands with grassy openings', supporting terrestrial habitat association.	https://animaldiversity.org/accounts/Ceratotherium_simum/	0	non-marine	not_listed	original_aquatic_table	TY_NK_final_18pt	3+3+3+5+4	0-18
Cercocebus_atys	Sooty mangabey	Cercocebus atys	0	0	0	0	0	0			clear_terrestrial_zero	High	ADW describes sooty mangabey with wetlands (swamp), other habitat features (agricultural, riparian), habitat regions (tropical, terrestrial), supporting water-associated terrestrial use rather than unequivocal aquatic dependence.	https://animaldiversity.org/accounts/Cercocebus_atys/	0	non-marine	not_listed	original_aquatic_table	TY_NK_final_18pt	3+3+3+5+4	0-18
Cercopithecus_mona	Mona monkey	Cercopithecus mona	0	0	0	0	0	0			clear_terrestrial_zero	High	ADW describes mona monkey with wetlands (swamp), other habitat features (agricultural), habitat regions (tropical, terrestrial), supporting water-associated terrestrial use rather than unequivocal aquatic dependence.	https://animaldiversity.org/accounts/Cercopithecus_mona/	0	non-marine	not_listed	original_aquatic_table	TY_NK_final_18pt	3+3+3+5+4	0-18
Cervus_hanglu_yarkandensis	Yarkand deer	Cervus hanglu yarkandensis	0	0	0	0	0	0			clear_terrestrial_zero	High	Fallback ADW account Cervus_elaphus describes elk with other habitat features (suburban, agricultural, riparian), habitat regions (temperate, terrestrial), supporting water-associated terrestrial use rather than aquatic dependence. Evidence is a congeneric proxy review required.	https://animaldiversity.org/accounts/Cervus_elaphus/	0	non-marine	not_listed	original_aquatic_table	TY_NK_final_18pt	3+3+3+5+4	0-18
Chinchilla_lanigera	Long-tailed chinchilla	Chinchilla lanigera	0	0	0	0	0	0			clear_terrestrial_zero	High	ADW describes chinchilla with habitat text states 'Chinchilla lanigera is found in the barren, arid areas of mountains at elevations of 3,000-5,000 meters', providing limited ecology evidence, so final coding requires manual review.	https://animaldiversity.org/accounts/Chinchilla_lanigera/	0	non-marine	not_listed	original_aquatic_table	TY_NK_final_18pt	3+3+3+5+4	0-18
Chlorocebus_sabaeus	Green monkey	Chlorocebus sabaeus	0	0	0	0	0	0			clear_terrestrial_zero	High	ADW describes green monkey with other habitat features (suburban, agricultural), habitat regions (tropical, terrestrial), supporting terrestrial habitat association.	https://animaldiversity.org/accounts/Chlorocebus_sabaeus/	0	non-marine	not_listed	original_aquatic_table	TY_NK_final_18pt	3+3+3+5+4	0-18
Choloepus_didactylus	Southern two-toed sloth	Choloepus didactylus	0	0	0	0	0	0			clear_terrestrial_zero	High	ADW describes southern two-toed sloth with habitat text states 'Choloepus didactylus is strictly arboreal, staying high in the canopy of the tropical rain forests, and maintaining a range of about 10-acres.', supporting aquatic behavior but requiring manual habitat review.	https://animaldiversity.org/accounts/Choloepus_didactylus/	0	non-marine	not_listed	original_aquatic_table	TY_NK_final_18pt	3+3+3+5+4	0-18
Choloepus_hoffmanni	Hoffmann's two-fingered sloth	Choloepus hoffmanni	0	0	0	0	0	0			clear_terrestrial_zero	High	ADW describes Hoffmann's two-toed sloth with habitat regions (tropical, terrestrial), habitat text states 'Hoffman窶冱 two-toed sloths inhabit lowland forests as well as higher altitude rain forests', supporting terrestrial habitat association.	https://animaldiversity.org/accounts/Choloepus_hoffmanni/	0	non-marine	not_listed	original_aquatic_table	TY_NK_final_18pt	3+3+3+5+4	0-18
Chrysochloris_asiatica	Cape golden mole	Chrysochloris asiatica	0	0	0	0	0	0			clear_terrestrial_zero	High	ADW describes Cape golden mole with other habitat features (urban), habitat regions (terrestrial), supporting terrestrial habitat association.	https://animaldiversity.org/accounts/Chrysochloris_asiatica/	0	non-marine	not_listed	original_aquatic_table	TY_NK_final_18pt	3+3+3+5+4	0-18
Chrysocyon_brachyurus	Maned wolf	Chrysocyon brachyurus	0	0	0	0	0	0			clear_terrestrial_zero	High	ADW describes maned wolf with habitat text states 'Chrysocyon brachyurus is found in grassland, savanna, dry shrub forest, swampy areas, forest-edge habitat, and river areas.', providing limited ecology evidence, so final coding requires manual review.	https://animaldiversity.org/accounts/Chrysocyon_brachyurus/	0	non-marine	not_listed	original_aquatic_table	TY_NK_final_18pt	3+3+3+5+4	0-18
Coendou_prehensilis	Brazilian porcupine	Coendou prehensilis	0	0	0	0	0	0			clear_terrestrial_zero	High	ADW describes Brazilian porcupine with other habitat features (agricultural), habitat regions (tropical, terrestrial), supporting terrestrial habitat association.	https://animaldiversity.org/accounts/Coendou_prehensilis/	0	non-marine	not_listed	original_aquatic_table	TY_NK_final_18pt	3+3+3+5+4	0-18
Colobus_angolensis_palliatus	Angolan colobus	Colobus angolensis palliatus	0	0	0	0	0	0			clear_terrestrial_zero	High	Fallback ADW account Colobus_angolensis describes Angolan colobus with wetlands (swamp), habitat regions (tropical, terrestrial), supporting water-associated terrestrial use rather than unequivocal aquatic dependence.	https://animaldiversity.org/accounts/Colobus_angolensis/	0	non-marine	not_listed	original_aquatic_table	TY_NK_final_18pt	3+3+3+5+4	0-18
Connochaetes_taurinus	Brindled gnu	Connochaetes taurinus	0	0	0	0	0	0			clear_terrestrial_zero	High	ADW describes blue wildebeest with habitat regions (terrestrial), habitat text states 'Blue wildebeest can be found in a wide variety of habitats, from dense bush to open woodland floodplains, however, they appear to prefer acacia savannahs and plains with rapidly...', supporting terrestrial habitat association.	https://animaldiversity.org/accounts/Connochaetes_taurinus/	0	non-marine	not_listed	original_aquatic_table	TY_NK_final_18pt	3+3+3+5+4	0-18
Craseonycteris_thonglongyai	Hog-nosed bat	Craseonycteris thonglongyai	0	0	0	0	0	0			clear_terrestrial_zero	High	ADW describes bumblebee bat with other habitat features (caves), habitat regions (tropical, terrestrial), supporting terrestrial habitat association.	https://animaldiversity.org/accounts/Craseonycteris_thonglongyai/	0	non-marine	not_listed	original_aquatic_table	TY_NK_final_18pt	3+3+3+5+4	0-18
Cricetomys_gambianus	Gambian giant pouched rat	Cricetomys gambianus	0	0	0	0	0	0			clear_terrestrial_zero	High	ADW describes Gambian rat with other habitat features (urban, agricultural), habitat regions (terrestrial), supporting terrestrial habitat association.	https://animaldiversity.org/accounts/Cricetomys_gambianus/	0	non-marine	not_listed	original_aquatic_table	TY_NK_final_18pt	3+3+3+5+4	0-18
Cricetulus_griseus	Chinese hamster	Cricetulus griseus	0	0	0	0	0	0			clear_terrestrial_zero	High	Fallback ADW account Cricetinae describes hamsters with other habitat features (agricultural, riparian), habitat regions (temperate, terrestrial), supporting water-associated terrestrial use rather than aquatic dependence. Evidence is a higher taxon proxy low confidence.	https://animaldiversity.org/accounts/Cricetinae/	0	non-marine	not_listed	original_aquatic_table	TY_NK_final_18pt	3+3+3+5+4	0-18
Crocuta_crocuta	Spotted hyena	Crocuta crocuta	0	0	0	0	0	0			clear_terrestrial_zero	High	ADW describes spotted hyena with other habitat features (riparian), habitat regions (tropical, terrestrial), supporting water-associated terrestrial use rather than aquatic dependence.	https://animaldiversity.org/accounts/Crocuta_crocuta/	0	non-marine	not_listed	original_aquatic_table	TY_NK_final_18pt	3+3+3+5+4	0-18
Cryptoprocta_ferox	Fossa	Cryptoprocta ferox	0	0	0	0	0	0			clear_terrestrial_zero	High	ADW describes fossa with habitat regions (tropical, terrestrial), habitat text states 'Fossas inhabit all forested areas on the island of Madagascar', supporting terrestrial habitat association.	https://animaldiversity.org/accounts/Cryptoprocta_ferox/	0	non-marine	not_listed	original_aquatic_table	TY_NK_final_18pt	3+3+3+5+4	0-18
Ctenodactylus_gundi	Northern gundi	Ctenodactylus gundi	0	0	0	0	0	0			clear_terrestrial_zero	High	ADW describes gundi with habitat text states 'The North African gundi is found in deserts with arid rock outcrops', providing limited ecology evidence, so final coding requires manual review.	https://animaldiversity.org/accounts/Ctenodactylus_gundi/	0	non-marine	not_listed	original_aquatic_table	TY_NK_final_18pt	3+3+3+5+4	0-18
Ctenomys_sociabilis	Social tuco-tuco	Ctenomys sociabilis	0	0	0	0	0	0			clear_terrestrial_zero	High	ADW describes social tuco-tuco with habitat text states 'The general distribution of C', providing limited ecology evidence, so final coding requires manual review.	https://animaldiversity.org/accounts/Ctenomys_sociabilis/	0	non-marine	not_listed	original_aquatic_table	TY_NK_final_18pt	3+3+3+5+4	0-18
Cynomys_gunnisoni	Gunnison's prairie dog	Cynomys gunnisoni	0	0	0	0	0	0			clear_terrestrial_zero	High	ADW describes Gunnison's prairie dog with habitat text states 'Compared to the habitats of other prairie dog species, the habitat of C', providing limited ecology evidence, so final coding requires manual review.	https://animaldiversity.org/accounts/Cynomys_gunnisoni/	0	non-marine	not_listed	original_aquatic_table	TY_NK_final_18pt	3+3+3+5+4	0-18
Damaliscus_lunatus	Topi	Damaliscus lunatus	0	0	0	0	0	0			clear_terrestrial_zero	High	ADW describes topi with habitat text states 'Topis prefer grassland habitats', providing limited ecology evidence, so final coding requires manual review.	https://animaldiversity.org/accounts/Damaliscus_lunatus/	0	non-marine	not_listed	original_aquatic_table	TY_NK_final_18pt	3+3+3+5+4	0-18
Dasyprocta_punctata	Punctate agouti	Dasyprocta punctata	0	0	0	0	0	0			clear_terrestrial_zero	High	ADW describes Central American agouti with other habitat features (agricultural, riparian), habitat regions (tropical, terrestrial), supporting water-associated terrestrial use rather than aquatic dependence.	https://animaldiversity.org/accounts/Dasyprocta_punctata/	0	non-marine	not_listed	original_aquatic_table	TY_NK_final_18pt	3+3+3+5+4	0-18
Dasypus_novemcinctus	Nine-banded armadillo	Dasypus novemcinctus	0	0	0	0	0	0			clear_terrestrial_zero	High	ADW describes nine-banded armadillo with other habitat features (suburban, agricultural, riparian), habitat regions (temperate, tropical, terrestrial), supporting water-associated terrestrial use rather than aquatic dependence.	https://animaldiversity.org/accounts/Dasypus_novemcinctus/	0	non-marine	not_listed	original_aquatic_table	TY_NK_final_18pt	3+3+3+5+4	0-18
Daubentonia_madagascariensis	Aye-aye	Daubentonia madagascariensis	0	0	0	0	0	0			clear_terrestrial_zero	High	ADW describes aye-aye with habitat regions (tropical, terrestrial), habitat text states 'Daubentonia madagascariensis can be found in a wide variety of environments including primary and secondary rainforest, deciduous forest, cultivated plantations, and occasionall...', supporting terrestrial habitat association.	https://animaldiversity.org/accounts/Daubentonia_madagascariensis/	0	non-marine	not_listed	original_aquatic_table	TY_NK_final_18pt	3+3+3+5+4	0-18
Dicerorhinus_sumatrensis_sumatrensis	Sumatran rhinoceros	Dicerorhinus sumatrensis sumatrensis	1	1	0	0	1	3			clear_terrestrial_zero	High	Fallback ADW account Dicerorhinus_sumatrensis describes Sumatran rhinoceros with wetlands (swamp), habitat regions (tropical), supporting water-associated terrestrial use rather than unequivocal aquatic dependence.	https://animaldiversity.org/accounts/Dicerorhinus_sumatrensis/	0	non-marine	not_listed	original_aquatic_table	TY_NK_final_18pt	3+3+3+5+4	0-18
Diceros_bicornis	Black rhinoceros	Diceros bicornis	0	0	0	0	0	0			clear_terrestrial_zero	High	ADW describes black rhinoceros with habitat regions (temperate, tropical, terrestrial), habitat text states 'Black rhinoceroses live in various habitats that range from deserts to grasslands, both tropical and subtropical', supporting terrestrial habitat association.	https://animaldiversity.org/accounts/Diceros_bicornis/	0	non-marine	not_listed	original_aquatic_table	TY_NK_final_18pt	3+3+3+5+4	0-18
Dinomys_branickii	Pacarana	Dinomys branickii	0	0	0	0	0	0			clear_terrestrial_zero	High	ADW describes pacarana with habitat text states 'Pacaranas inhabit the slopes and valleys of rainforests in the Andes mountains', providing limited ecology evidence, so final coding requires manual review.	https://animaldiversity.org/accounts/Dinomys_branickii/	0	non-marine	not_listed	original_aquatic_table	TY_NK_final_18pt	3+3+3+5+4	0-18
Dipodomys_ordii	Ord's kangaroo rat	Dipodomys ordii	0	0	0	0	0	0			clear_terrestrial_zero	High	ADW describes Ord's kangaroo rat with other habitat features (agricultural), habitat regions (temperate, terrestrial), supporting terrestrial habitat association.	https://animaldiversity.org/accounts/Dipodomys_ordii/	0	non-marine	not_listed	original_aquatic_table	TY_NK_final_18pt	3+3+3+5+4	0-18
Dolichotis_patagonum	Patagonian cavy	Dolichotis patagonum	0	0	0	0	0	0			clear_terrestrial_zero	High	ADW describes Patagonian mara with other habitat features (agricultural), habitat regions (temperate, terrestrial), supporting terrestrial habitat association.	https://animaldiversity.org/accounts/Dolichotis_patagonum/	0	non-marine	not_listed	original_aquatic_table	TY_NK_final_18pt	3+3+3+5+4	0-18
Echinops_telfairi	Small Madagascar hedgehog	Echinops telfairi	0	0	0	0	0	0			manual_curated_terrestrial	High	Manual curator check: lesser hedgehog tenrec is a clearly terrestrial/non-aquatic mammal; scored zero across all aquaticity dimensions.	https://en.wikipedia.org/wiki/Lesser_hedgehog_tenrec	0	non-marine	not_listed	original_aquatic_table	TY_NK_final_18pt	3+3+3+5+4	0-18
Eidolon_dupreanum	Malagasy straw-colored fruit bat	Eidolon dupreanum	0	0	0	0	0	0			manual_curated_terrestrial	High	Manual curator check: Madagascan fruit bat is volant/terrestrial-roosting and non-aquatic; scored zero across all aquaticity dimensions.	https://en.wikipedia.org/wiki/Madagascan_fruit_bat	0	non-marine	not_listed	original_aquatic_table	TY_NK_final_18pt	3+3+3+5+4	0-18
Elephantulus_edwardii	Cape elephant shrew	Elephantulus edwardii	0	0	0	0	0	0			clear_terrestrial_zero	High	Fallback ADW account Elephantulus describes elephant-shrews with habitat regions (temperate, tropical, terrestrial), habitat text states 'Species in the genus Elephantulus inhabit a wide range of land cover types, including arid deserts, semi-arid grasslands, tropical and subtropical forests, and mediterranean areas', supporting terrestrial habitat association. Evidence is a higher taxon proxy low confidence.	https://animaldiversity.org/accounts/Elephantulus/	0	non-marine	not_listed	original_aquatic_table	TY_NK_final_18pt	3+3+3+5+4	0-18
Eptesicus_fuscus	Big brown bat	Eptesicus fuscus	0	0	0	0	0	0			clear_terrestrial_zero	High	ADW describes big brown bat with habitat regions (temperate), habitat text states 'The big brown bat inhabits cities, towns, and rural areas, but is least commonly found in heavily forested regions (Kurta 1995)', providing limited ecology evidence, so final coding requires manual review.	https://animaldiversity.org/accounts/Eptesicus_fuscus/	0	non-marine	not_listed	original_aquatic_table	TY_NK_final_18pt	3+3+3+5+4	0-18
Equus_burchellii_boehmi	Burchell's zebra	Equus burchellii boehmi	0	0	0	0	0	0			clear_terrestrial_zero	High	Fallback ADW account Equus_burchellii describes Burchell's zebra with habitat regions (tropical, terrestrial), habitat text states 'Burchell窶冱 zebras roam the open savannas of southeastern Africa', supporting terrestrial habitat association.	https://animaldiversity.org/accounts/Equus_burchellii/	0	non-marine	not_listed	original_aquatic_table	TY_NK_final_18pt	3+3+3+5+4	0-18
Equus_zebra	Mountain zebra	Equus zebra	0	0	0	0	0	0			clear_terrestrial_zero	High	ADW describes mountain zebra with habitat regions (temperate, terrestrial), habitat text states 'Mountain zebras inhabit slopes and plateaus in mountainous areas of South Africa and Namibia (South West Africa)', supporting terrestrial habitat association.	https://animaldiversity.org/accounts/Equus_zebra/	0	non-marine	not_listed	original_aquatic_table	TY_NK_final_18pt	3+3+3+5+4	0-18
Erethizon_dorsatum	North American porcupine	Erethizon dorsatum	0	0	0	0	0	0			clear_terrestrial_zero	High	ADW describes North American porcupine with habitat regions (temperate, polar, terrestrial), habitat text states 'Erethizon dorsatum uses a broad variety of habitats', supporting terrestrial habitat association.	https://animaldiversity.org/accounts/Erethizon_dorsatum/	0	non-marine	not_listed	original_aquatic_table	TY_NK_final_18pt	3+3+3+5+4	0-18
Erythrocebus_patas	Red guenon	Erythrocebus patas	0	0	0	0	0	0			clear_terrestrial_zero	High	ADW describes patas monkey with other habitat features (riparian), habitat regions (tropical, terrestrial), supporting water-associated terrestrial use rather than aquatic dependence.	https://animaldiversity.org/accounts/Erythrocebus_patas/	0	non-marine	not_listed	original_aquatic_table	TY_NK_final_18pt	3+3+3+5+4	0-18
Eudorcas_thomsonii	Thomson's gazelle	Eudorcas thomsonii	0	0	0	0	0	0			clear_terrestrial_zero	High	ADW describes Thomson's gazelle with other habitat features (agricultural), habitat regions (tropical, terrestrial), supporting terrestrial habitat association.	https://animaldiversity.org/accounts/Eudorcas_thomsonii/	0	non-marine	not_listed	original_aquatic_table	TY_NK_final_18pt	3+3+3+5+4	0-18
Eulemur_flavifrons	Sclater's lemur	Eulemur flavifrons	0	0	0	0	0	0			clear_terrestrial_zero	High	Fallback ADW account Eulemur_macaco describes black lemur with other habitat features (agricultural, riparian), habitat regions (tropical, terrestrial), supporting water-associated terrestrial use rather than aquatic dependence. Evidence is a congeneric proxy review required.	https://animaldiversity.org/accounts/Eulemur_macaco/	0	non-marine	not_listed	original_aquatic_table	TY_NK_final_18pt	3+3+3+5+4	0-18
Felis_nigripes	Black-footed cat	Felis nigripes	0	0	0	0	0	0			clear_terrestrial_zero	High	ADW describes black-footed cat with habitat regions (temperate, tropical, terrestrial), habitat text states 'Black-footed cats inhabit dry grasslands, savannas, and deserts of southern Africa', supporting terrestrial habitat association.	https://animaldiversity.org/accounts/Felis_nigripes/	0	non-marine	not_listed	original_aquatic_table	TY_NK_final_18pt	3+3+3+5+4	0-18
Galeopterus_variegatus	Sunda flying lemur	Galeopterus variegatus	0	0	0	0	0	0			clear_terrestrial_zero	High	Fallback ADW account Galeopterus_variegates describes Sunda flying lemur with other habitat features (agricultural), habitat regions (tropical), providing limited ecology evidence, so final coding requires manual review. Evidence is a congeneric proxy review required.	https://animaldiversity.org/accounts/Galeopterus_variegates/	0	non-marine	not_listed	original_aquatic_table	TY_NK_final_18pt	3+3+3+5+4	0-18
Giraffa_camelopardalis	Giraffe	Giraffa camelopardalis	0	0	0	0	0	0			clear_terrestrial_zero	High	ADW describes giraffe with habitat regions (tropical, terrestrial), habitat text states 'Giraffes inhabits arid, dry land', supporting terrestrial habitat association.	https://animaldiversity.org/accounts/Giraffa_camelopardalis/	0	non-marine	not_listed	original_aquatic_table	TY_NK_final_18pt	3+3+3+5+4	0-18
Giraffa_tippelskirchi	Masai giraffe	Giraffa tippelskirchi	0	0	0	0	0	0			clear_terrestrial_zero	High	Fallback ADW account Giraffa_camelopardalis describes giraffe with habitat regions (tropical, terrestrial), habitat text states 'Giraffes inhabits arid, dry land', supporting terrestrial habitat association. Evidence is a congeneric proxy review required.	https://animaldiversity.org/accounts/Giraffa_camelopardalis/	0	non-marine	not_listed	original_aquatic_table	TY_NK_final_18pt	3+3+3+5+4	0-18
Glis_glis	Fat dormouse	Glis glis	0	0	0	0	0	0			clear_terrestrial_zero	High	ADW describes fat dormouse with other habitat features (urban, suburban), habitat regions (temperate, terrestrial), supporting terrestrial habitat association.	https://animaldiversity.org/accounts/Glis_glis/	0	non-marine	not_listed	original_aquatic_table	TY_NK_final_18pt	3+3+3+5+4	0-18
Gorilla_gorilla_gorilla	Western lowland gorilla	Gorilla gorilla gorilla	0	0	0	0	0	0			manual_curated_terrestrial	High	Manual curator check: western lowland gorilla is a clearly terrestrial/arboreal primate and non-aquatic; scored zero across all aquaticity dimensions.	https://animaldiversity.org/accounts/Gorilla_gorilla/	0	non-marine	not_listed	original_aquatic_table	TY_NK_final_18pt	3+3+3+5+4	0-18
Grammomys_surdaster	Grammomys surdaster	Grammomys surdaster	0	0	0	0	0	0			manual_curated_terrestrial	High	Manual curator check: woodland thicket rat is a clearly terrestrial/non-aquatic rodent; scored zero across all aquaticity dimensions.	https://en.wikipedia.org/wiki/Grammomys	0	non-marine	not_listed	original_aquatic_table	TY_NK_final_18pt	3+3+3+5+4	0-18
Homo_sapiens	Human	Homo sapiens	0	0	0	0	0	0			clear_terrestrial_zero	High	ADW describes human with wetlands (marsh, swamp), other habitat features (urban, suburban, agricultural, riparian, estuarine, intertidal or littoral, caves), habitat regions (temperate, tropical, polar, terrestrial), supporting mixed freshwater and marine/coastal habitat use.	https://animaldiversity.org/accounts/Homo_sapiens/	0	non-marine	not_listed	original_aquatic_table	TY_NK_final_18pt	3+3+3+5+4	0-18
Helarctos_malayanus	Malayan sun bear	Helarctos malayanus	0	0	0	0	0	0			clear_terrestrial_zero	High	ADW describes sun bear with habitat regions (tropical, terrestrial), habitat text states 'Sun bears are found in dense lowland tropical forests', supporting terrestrial habitat association.	https://animaldiversity.org/accounts/Helarctos_malayanus/	0	non-marine	not_listed	original_aquatic_table	TY_NK_final_18pt	3+3+3+5+4	0-18
Helogale_parvula	Dwarf mongoose	Helogale parvula	0	0	0	0	0	0			clear_terrestrial_zero	High	ADW describes dwarf mongoose with habitat text states 'These animals inhabit savanah, woodlands, brush country and mountain scrub', providing limited ecology evidence, so final coding requires manual review.	https://animaldiversity.org/accounts/Helogale_parvula/	0	non-marine	not_listed	original_aquatic_table	TY_NK_final_18pt	3+3+3+5+4	0-18
Hemitragus_hylocrius	Nilgiri tahr	Hemitragus hylocrius	0	0	0	0	0	0			clear_terrestrial_zero	High	ADW describes Nilgiri tahr with habitat regions (tropical, terrestrial), habitat text states 'They prefer grass-woodland mosaic habitat in rugged hills, mountain slopes and plateaus at altitudes ranging from 1,200-2,200 m', supporting terrestrial habitat association.	https://animaldiversity.org/accounts/Hemitragus_hylocrius/	0	non-marine	not_listed	original_aquatic_table	TY_NK_final_18pt	3+3+3+5+4	0-18
Heterocephalus_glaber	Naked mole-rat	Heterocephalus glaber	0	0	0	0	0	0			clear_terrestrial_zero	High	ADW describes naked mole rat with habitat regions (tropical, terrestrial), habitat text states 'Naked mole rats inhabit underground tunnels in grasslands and savannas of eastern Africa', supporting terrestrial habitat association.	https://animaldiversity.org/accounts/Heterocephalus_glaber/	0	non-marine	not_listed	original_aquatic_table	TY_NK_final_18pt	3+3+3+5+4	0-18
Heterohyrax_brucei	Yellow-spotted hyrax	Heterohyrax brucei	0	0	0	0	0	0			clear_terrestrial_zero	High	ADW describes hoggar hyrax with habitat text states 'The yellow-spotted hyrax is found exclusively in rocky areas', providing limited ecology evidence, so final coding requires manual review.	https://animaldiversity.org/accounts/Heterohyrax_brucei/	0	non-marine	not_listed	original_aquatic_table	TY_NK_final_18pt	3+3+3+5+4	0-18
Hipposideros_galeritus	Cantor's roundleaf bat	Hipposideros galeritus	0	0	0	0	0	0			clear_terrestrial_zero	High	Fallback ADW account Hipposideridae describes leaf-nosed bats, roundleaf bats, and trident bats with habitat regions (tropical, terrestrial), habitat text states 'Hipposideridae inhabits tropical and subtropical habitats and roosting preferences vary by genera', supporting terrestrial habitat association. Evidence is a higher taxon proxy low confidence.	https://animaldiversity.org/accounts/Hipposideridae/	0	non-marine	not_listed	original_aquatic_table	TY_NK_final_18pt	3+3+3+5+4	0-18
Hippotragus_equinus	Roan antelope	Hippotragus equinus	0	0	0	0	0	0			clear_terrestrial_zero	High	ADW describes roan antelope with habitat regions (tropical), habitat text states 'Roan antelope are found in lightly wooded savanna with medium to tall grass and must have access to water (Wildlife Africa CC 2001).', providing limited ecology evidence, so final coding requires manual review.	https://animaldiversity.org/accounts/Hippotragus_equinus/	0	non-marine	not_listed	original_aquatic_table	TY_NK_final_18pt	3+3+3+5+4	0-18
Hippotragus_niger_niger	Sable antelope	Hippotragus niger niger	0	0	0	0	0	0			clear_terrestrial_zero	High	Fallback ADW account Hippotragus_niger describes mbarapi with habitat text states 'Favorable habitat is a mixture of savanna woodlands and grassland', providing limited ecology evidence, so final coding requires manual review.	https://animaldiversity.org/accounts/Hippotragus_niger/	0	non-marine	not_listed	original_aquatic_table	TY_NK_final_18pt	3+3+3+5+4	0-18
Hyaena_hyaena	Striped hyena	Hyaena hyaena	0	0	0	0	0	0			clear_terrestrial_zero	High	ADW describes striped hyena with habitat text states 'The striped hyena lives in arid, mountainous regions with scrub woodland', providing limited ecology evidence, so final coding requires manual review.	https://animaldiversity.org/accounts/Hyaena_hyaena/	0	non-marine	not_listed	original_aquatic_table	TY_NK_final_18pt	3+3+3+5+4	0-18
Hylobates_moloch	Silvery gibbon	Hylobates moloch	0	0	0	0	0	0			clear_terrestrial_zero	High	ADW describes silvery gibbon with habitat regions (tropical, terrestrial), habitat text states 'Gibbons live in the tropical rainforests and semi-evergreen rainforests of South and Southeast Asia', supporting terrestrial habitat association.	https://animaldiversity.org/accounts/Hylobates_moloch/	0	non-marine	not_listed	original_aquatic_table	TY_NK_final_18pt	3+3+3+5+4	0-18
Hystrix_cristata	Crested porcupine	Hystrix cristata	0	0	0	0	0	0			clear_terrestrial_zero	High	ADW describes North African crested porcupine with habitat text states 'Hystrix are highly adaptable, found in forests, rocky areas, mountains, croplands, and sandhill deserts (Nowak 1991; Grzimek 1990)', providing limited ecology evidence, so final coding requires manual review.	https://animaldiversity.org/accounts/Hystrix_cristata/	0	non-marine	not_listed	original_aquatic_table	TY_NK_final_18pt	3+3+3+5+4	0-18
Ictidomys_tridecemlineatus	Thirteen-lined ground squirrel	Ictidomys tridecemlineatus	0	0	0	0	0	0			manual_curated_terrestrial	High	Manual curator check: thirteen-lined ground squirrel is a clearly terrestrial/non-aquatic rodent; scored zero across all aquaticity dimensions.	https://en.wikipedia.org/wiki/Thirteen-lined_ground_squirrel	0	non-marine	not_listed	original_aquatic_table	TY_NK_final_18pt	3+3+3+5+4	0-18
Indri_indri	Indri	Indri indri	0	0	0	0	0	0			clear_terrestrial_zero	High	ADW describes indri with habitat regions (tropical, terrestrial), habitat text states 'Indris reside in coastal and montane rainforest from sea level to 1,800 m in northeastern Madagascar.', supporting terrestrial habitat association.	https://animaldiversity.org/accounts/Indri_indri/	0	non-marine	not_listed	original_aquatic_table	TY_NK_final_18pt	3+3+3+5+4	0-18
Jaculus_jaculus	Lesser Egyptian jerboa	Jaculus jaculus	0	0	0	0	0	0			clear_terrestrial_zero	High	ADW describes lesser Egyptian jerboa with habitat regions (temperate, terrestrial), habitat text states 'Jaculus jaculus lives in desert and semi-desert areas that can be sandy or stony', supporting terrestrial habitat association.	https://animaldiversity.org/accounts/Jaculus_jaculus/	0	non-marine	not_listed	original_aquatic_table	TY_NK_final_18pt	3+3+3+5+4	0-18
Lama_guanicoe_cacsilensis	Guanaco	Lama guanicoe cacsilensis	0	0	0	0	0	0			clear_terrestrial_zero	High	Fallback ADW account Lama_guanicoe describes guanaco with habitat regions (temperate, tropical, terrestrial), habitat text states 'Guanacos are the mostly widely distributed of the four species of South American camelids and they occupy the most diverse range of habitats (Franklin, 1982)', supporting terrestrial habitat association.	https://animaldiversity.org/accounts/Lama_guanicoe/	0	non-marine	not_listed	original_aquatic_table	TY_NK_final_18pt	3+3+3+5+4	0-18
Lemur_catta	Ring-tailed lemur	Lemur catta	0	0	0	0	0	0			clear_terrestrial_zero	High	ADW describes ring-tailed lemur with habitat regions (terrestrial), habitat text states 'Ring-tailed lemurs are found in three distinct habitats in south and southwestern Madagascar: continuous canopy forest, brush and scrub forests, and mixed forests', supporting terrestrial habitat association.	https://animaldiversity.org/accounts/Lemur_catta/	0	non-marine	not_listed	original_aquatic_table	TY_NK_final_18pt	3+3+3+5+4	0-18
Leptonycteris_yerbabuenae	Lesser long-nosed bat	Leptonycteris yerbabuenae	0	0	0	0	0	0			clear_terrestrial_zero	High	ADW describes lesser long-nosed bat with other habitat features (caves), habitat regions (temperate, tropical), providing limited ecology evidence, so final coding requires manual review.	https://animaldiversity.org/accounts/Leptonycteris_yerbabuenae/	0	non-marine	not_listed	original_aquatic_table	TY_NK_final_18pt	3+3+3+5+4	0-18
Lepus_timidus	Mountain hare	Lepus timidus	0	0	0	0	0	0			clear_terrestrial_zero	High	ADW describes mountain hare with habitat regions (temperate, terrestrial), habitat text states 'Hares thrive in three main types of habitat: tundra, forest, and the moorlands of Scotland and Ireland', supporting terrestrial habitat association.	https://animaldiversity.org/accounts/Lepus_timidus/	0	non-marine	not_listed	original_aquatic_table	TY_NK_final_18pt	3+3+3+5+4	0-18
Litocranius_walleri	Gerenuk	Litocranius walleri	0	0	0	0	0	0			clear_terrestrial_zero	High	ADW describes gerenuk with habitat regions (tropical, terrestrial), habitat text states 'The habitat that Litocranius walleri occupies varies from the treeless plains of Tanzania in the southern reaches of its range to the dry high deserts of Kenya', supporting terrestrial habitat association.	https://animaldiversity.org/accounts/Litocranius_walleri/	0	non-marine	not_listed	original_aquatic_table	TY_NK_final_18pt	3+3+3+5+4	0-18
Lycaon_pictus	African hunting dog	Lycaon pictus	0	0	0	0	0	0			clear_terrestrial_zero	High	ADW describes African wild dog with habitat regions (temperate, tropical, terrestrial), habitat text states 'African hunting dogs are found in grasslands, savannahs and open woodlands', supporting terrestrial habitat association.	https://animaldiversity.org/accounts/Lycaon_pictus/	0	non-marine	not_listed	original_aquatic_table	TY_NK_final_18pt	3+3+3+5+4	0-18
Lynx_canadensis	Canada lynx	Lynx canadensis	0	0	0	0	0	0			clear_terrestrial_zero	High	ADW describes Canada lynx with habitat text states 'Lynx usually live in mature forests with dense undergrowth but can also be found in more open forests, rocky areas or tundra.', supporting terrestrial habitat association.	https://animaldiversity.org/accounts/Lynx_canadensis/	0	non-marine	not_listed	original_aquatic_table	TY_NK_final_18pt	3+3+3+5+4	0-18
Lynx_pardinus	Spanish lynx	Lynx pardinus	0	0	0	0	0	0			clear_terrestrial_zero	High	ADW describes Spanish lynx with wetlands (marsh), other habitat features (agricultural), habitat regions (temperate, terrestrial), supporting water-associated terrestrial use rather than unequivocal aquatic dependence.	https://animaldiversity.org/accounts/Lynx_pardinus/	0	non-marine	not_listed	original_aquatic_table	TY_NK_final_18pt	3+3+3+5+4	0-18
Macaca_mulatta	Rhesus monkey	Macaca mulatta	0	0	0	0	0	0			clear_terrestrial_zero	High	ADW describes rhesus monkey with other habitat features (urban, suburban, agricultural), habitat regions (temperate, tropical, terrestrial), supporting terrestrial habitat association.	https://animaldiversity.org/accounts/Macaca_mulatta/	0	non-marine	not_listed	original_aquatic_table	TY_NK_final_18pt	3+3+3+5+4	0-18
Macroglossus_sobrinus	Long-tongued fruit bat	Macroglossus sobrinus	0	0	0	0	0	0			clear_terrestrial_zero	High	ADW describes greater long-tongued fruit bat with wetlands (swamp), habitat regions (temperate, tropical, terrestrial), supporting water-associated terrestrial use rather than unequivocal aquatic dependence.	https://animaldiversity.org/accounts/Macroglossus_sobrinus/	0	non-marine	not_listed	original_aquatic_table	TY_NK_final_18pt	3+3+3+5+4	0-18
Macrotus_californicus	California big-eared bat	Macrotus californicus	0	0	0	0	0	0			clear_terrestrial_zero	High	ADW describes California leaf-nosed bat with habitat text states 'This species can be found in the caves and abandoned mines in deserts of South West North America', providing limited ecology evidence, so final coding requires manual review.	https://animaldiversity.org/accounts/Macrotus_californicus/	0	non-marine	not_listed	original_aquatic_table	TY_NK_final_18pt	3+3+3+5+4	0-18
Mandrillus_sphinx	Mandrill	Mandrillus sphinx	0	0	0	0	0	0			clear_terrestrial_zero	High	ADW describes mandrill with habitat regions (tropical, terrestrial), habitat text states 'Mandrills are found in tropical rain forest habitats, montane and thick secondary forests, and thick bush', supporting terrestrial habitat association.	https://animaldiversity.org/accounts/Mandrillus_sphinx/	0	non-marine	not_listed	original_aquatic_table	TY_NK_final_18pt	3+3+3+5+4	0-18
Manis_javanica	Malayan pangolin	Manis javanica	0	0	0	0	0	0			clear_terrestrial_zero	High	ADW describes Malayan pangolin with other habitat features (agricultural), habitat regions (tropical), providing limited ecology evidence, so final coding requires manual review.	https://animaldiversity.org/accounts/Manis_javanica/	0	non-marine	not_listed	original_aquatic_table	TY_NK_final_18pt	3+3+3+5+4	0-18
Manis_pentadactyla	Chinese pangolin	Manis pentadactyla	0	0	0	0	0	0			clear_terrestrial_zero	High	ADW describes Chinese pangolin with habitat text states 'Chinese pangolins inhabit subtropical and deciduous forests', providing limited ecology evidence, so final coding requires manual review.	https://animaldiversity.org/accounts/Manis_pentadactyla/	0	non-marine	not_listed	original_aquatic_table	TY_NK_final_18pt	3+3+3+5+4	0-18
Manis_tricuspis	Tree pangolin	Manis tricuspis	0	0	0	0	0	0			clear_terrestrial_zero	High	ADW describes tree pangolin with habitat regions (tropical, terrestrial), habitat text states 'African tree pangolins inhabit primary tropical forests as well as mosaic forests', supporting terrestrial habitat association.	https://animaldiversity.org/accounts/Manis_tricuspis/	0	non-marine	not_listed	original_aquatic_table	TY_NK_final_18pt	3+3+3+5+4	0-18
Marmota_monax	Woodchuck	Marmota monax	0	0	0	0	0	0			clear_terrestrial_zero	High	ADW describes woodchuck with other habitat features (suburban, agricultural, riparian), habitat regions (temperate, terrestrial), supporting water-associated terrestrial use rather than aquatic dependence.	https://animaldiversity.org/accounts/Marmota_monax/	0	non-marine	not_listed	original_aquatic_table	TY_NK_final_18pt	3+3+3+5+4	0-18
Martes_zibellina	Sable	Martes zibellina	0	0	0	0	0	0			clear_terrestrial_zero	High	ADW describes sable with habitat regions (temperate, terrestrial), habitat text states 'This species is found in the dense taiga forests, flatlands, and mountain regions of northern Asia (Grizimek , 1990)', supporting terrestrial habitat association.	https://animaldiversity.org/accounts/Martes_zibellina/	0	non-marine	not_listed	original_aquatic_table	TY_NK_final_18pt	3+3+3+5+4	0-18
Mastomys_coucha	Southern multimammate mouse	Mastomys coucha	0	0	0	0	0	0			manual_curated_terrestrial	High	Manual curator check: southern multimammate mouse is a clearly terrestrial/non-aquatic rodent; scored zero across all aquaticity dimensions.	https://en.wikipedia.org/wiki/Southern_multimammate_mouse	0	non-marine	not_listed	original_aquatic_table	TY_NK_final_18pt	3+3+3+5+4	0-18
Megaderma_lyra	Indian false vampire	Megaderma lyra	0	0	0	0	0	0			clear_terrestrial_zero	High	ADW describes greater false vampire bat with habitat regions (tropical), habitat text states 'Megaderma lyra uses day roosts in caves, pits, buildings and hollow trees', providing limited ecology evidence, so final coding requires manual review.	https://animaldiversity.org/accounts/Megaderma_lyra/	0	non-marine	not_listed	original_aquatic_table	TY_NK_final_18pt	3+3+3+5+4	0-18
Mellivora_capensis	Ratel	Mellivora capensis	0	0	0	0	0	0			clear_terrestrial_zero	High	ADW describes honey badger with other habitat features (riparian), habitat regions (temperate, tropical, terrestrial), supporting water-associated terrestrial use rather than aquatic dependence.	https://animaldiversity.org/accounts/Mellivora_capensis/	0	non-marine	not_listed	original_aquatic_table	TY_NK_final_18pt	3+3+3+5+4	0-18
Meriones_unguiculatus	Mongolian gerbil	Meriones unguiculatus	0	0	0	0	0	0			clear_terrestrial_zero	High	ADW describes Mongolian jird with habitat text states 'Mongolian gerbils live in the highlands in Inner Mongolia', providing limited ecology evidence, so final coding requires manual review.	https://animaldiversity.org/accounts/Meriones_unguiculatus/	0	non-marine	not_listed	original_aquatic_table	TY_NK_final_18pt	3+3+3+5+4	0-18
Mesocricetus_auratus	Golden hamster	Mesocricetus auratus	0	0	0	0	0	0			clear_terrestrial_zero	High	ADW describes golden hamster with other habitat features (agricultural), habitat regions (temperate, terrestrial), supporting terrestrial habitat association.	https://animaldiversity.org/accounts/Mesocricetus_auratus/	0	non-marine	not_listed	original_aquatic_table	TY_NK_final_18pt	3+3+3+5+4	0-18
Microcebus_murinus	Gray mouse lemur	Microcebus murinus	0	0	0	0	0	0			clear_terrestrial_zero	High	ADW describes gray mouse lemur with habitat regions (tropical, terrestrial), habitat text states 'Gray mouse lemurs are extremely arboreal.They move by leaping from the branches of trees', supporting terrestrial habitat association.	https://animaldiversity.org/accounts/Microcebus_murinus/	0	non-marine	not_listed	original_aquatic_table	TY_NK_final_18pt	3+3+3+5+4	0-18
Microtus_agrestis	Short-tailed field vole	Microtus agrestis	0	0	0	0	0	0			clear_terrestrial_zero	High	Fallback ADW account Microtus_oeconomus describes tundra vole with wetlands (bog), habitat regions (temperate, polar), supporting water-associated terrestrial use rather than unequivocal aquatic dependence. Evidence is a congeneric proxy review required.	https://animaldiversity.org/accounts/Microtus_oeconomus/	0	non-marine	not_listed	original_aquatic_table	TY_NK_final_18pt	3+3+3+5+4	0-18
Miniopterus_schreibersii	Schreibers' long-fingered bat	Miniopterus schreibersii	0	0	0	0	0	0			clear_terrestrial_zero	High	ADW describes Schreibers's long-fingered bat with other habitat features (caves), habitat regions (tropical, terrestrial), supporting terrestrial habitat association.	https://animaldiversity.org/accounts/Miniopterus_schreibersii/	0	non-marine	not_listed	original_aquatic_table	TY_NK_final_18pt	3+3+3+5+4	0-18
Mirza_coquereli	Coquerel's mouse lemur	Mirza coquereli	0	0	0	0	0	0			clear_terrestrial_zero	High	Fallback ADW account Cheirogaleidae describes dwarf lemurs and mouse lemurs with other habitat features (suburban, agricultural, riparian), habitat regions (tropical, terrestrial), supporting water-associated terrestrial use rather than aquatic dependence. Evidence is a higher taxon proxy low confidence.	https://animaldiversity.org/accounts/Cheirogaleidae/	0	non-marine	not_listed	original_aquatic_table	TY_NK_final_18pt	3+3+3+5+4	0-18
Molossus_molossus	Pallas's mastiff bat	Molossus molossus	0	0	0	0	0	0			manual_curated_terrestrial	High	Manual curator check: Pallas's mastiff bat is volant/terrestrial-roosting and non-aquatic; scored zero across all aquaticity dimensions.	https://en.wikipedia.org/wiki/Velvety_free-tailed_bat	0	non-marine	not_listed	original_aquatic_table	TY_NK_final_18pt	3+3+3+5+4	0-18
Mormoops_blainvillei	Antillean ghost-faced bat	Mormoops blainvillei	0	0	0	0	0	0			clear_terrestrial_zero	High	Fallback ADW account Mormoops_megalophylla describes ghost-faced bat with habitat text states 'Ghost-faced bats are typically found near desert shrub in caves, tunnels, mine shafts, and occasionally old buildings, especially where temperature and humidity are high (Schobe...', providing limited ecology evidence, so final coding requires manual review. Evidence is a congeneric proxy review required.	https://animaldiversity.org/accounts/Mormoops_megalophylla/	0	non-marine	not_listed	original_aquatic_table	TY_NK_final_18pt	3+3+3+5+4	0-18
Moschus_berezovskii	Chinese forest musk deer	Moschus berezovskii	0	0	0	0	0	0			clear_terrestrial_zero	High	Fallback ADW account Moschus_chrysogaster describes alpine musk deer with habitat regions (temperate, terrestrial), habitat text states 'M', supporting terrestrial habitat association. Evidence is a congeneric proxy review required.	https://animaldiversity.org/accounts/Moschus_chrysogaster/	0	non-marine	not_listed	original_aquatic_table	TY_NK_final_18pt	3+3+3+5+4	0-18
Moschus_moschiferus	Siberian musk deer	Moschus moschiferus	0	0	0	0	0	0			clear_terrestrial_zero	High	ADW describes Siberian musk deer with habitat text states 'Mostly, musk deer inhabit the middle altitudes of montane taiga (usually not found above 1600m)', providing limited ecology evidence, so final coding requires manual review.	https://animaldiversity.org/accounts/Moschus_moschiferus/	0	non-marine	not_listed	original_aquatic_table	TY_NK_final_18pt	3+3+3+5+4	0-18
Mungos_mungo	Banded mongoose	Mungos mungo	0	0	0	0	0	0			clear_terrestrial_zero	High	ADW describes banded mongoose with habitat text states 'The banded mongoose has a broad habitat tolerance', providing limited ecology evidence, so final coding requires manual review.	https://animaldiversity.org/accounts/Mungos_mungo/	0	non-marine	not_listed	original_aquatic_table	TY_NK_final_18pt	3+3+3+5+4	0-18
Muntiacus_crinifrons	Black muntjac	Muntiacus crinifrons	0	0	0	0	0	0			clear_terrestrial_zero	High	ADW describes black muntjac with habitat regions (temperate, tropical, terrestrial), habitat text states 'Muntiacus crinifrons inhabits hilly, often precipitous, mountain forests between 800-1000 m above sea level', supporting terrestrial habitat association.	https://animaldiversity.org/accounts/Muntiacus_crinifrons/	0	non-marine	not_listed	original_aquatic_table	TY_NK_final_18pt	3+3+3+5+4	0-18
Muntiacus_muntjak	Muntjak	Muntiacus muntjak	0	0	0	0	0	0			clear_terrestrial_zero	High	ADW describes Indian muntjac with habitat text states 'Muntjac habitat includes rain forests, areas of dense vegetation, hilly country, and monsoon forests', providing limited ecology evidence, so final coding requires manual review.	https://animaldiversity.org/accounts/Muntiacus_muntjak/	0	non-marine	not_listed	original_aquatic_table	TY_NK_final_18pt	3+3+3+5+4	0-18
Muntiacus_reevesi	Reeves' muntjac	Muntiacus reevesi	0	0	0	0	0	0			clear_terrestrial_zero	High	ADW describes Reeves's muntjac with other habitat features (urban, suburban, agricultural), habitat regions (temperate, tropical), supporting terrestrial habitat association.	https://animaldiversity.org/accounts/Muntiacus_reevesi/	0	non-marine	not_listed	original_aquatic_table	TY_NK_final_18pt	3+3+3+5+4	0-18
Mus_caroli	Ryukyu mouse	Mus caroli	0	0	0	0	0	0			manual_curated_terrestrial	High	Manual curator check: Ryukyu mouse is a clearly terrestrial/non-aquatic rodent; scored zero across all aquaticity dimensions.	Musser, G. G. and M. D. Carleton. 2005. Superfamily Muroidea. In Wilson, D. E., & Reeder, D. M. (ed). Mammal Species of the World: A Taxonomic and Geographic Reference. Johns Hopkins University Press, Baltimore. Pp. 894-1531.	0	non-marine	not_listed	original_aquatic_table	TY_NK_final_18pt	3+3+3+5+4	0-18
Muscardinus_avellanarius	Hazel dormouse	Muscardinus avellanarius	0	0	0	0	0	0			clear_terrestrial_zero	High	ADW describes hazel dormouse with habitat regions (temperate, terrestrial), habitat text states 'Muscardinus avellanarius inhabits deciduous forests that maintain a thick layer of scrub plants and underbrush', supporting terrestrial habitat association.	https://animaldiversity.org/accounts/Muscardinus_avellanarius/	0	non-marine	not_listed	original_aquatic_table	TY_NK_final_18pt	3+3+3+5+4	0-18
Mustela_erminea	Ermine	Mustela erminea	0	0	0	0	0	0			clear_terrestrial_zero	High	ADW describes ermine with other habitat features (riparian), habitat regions (temperate, terrestrial), supporting water-associated terrestrial use rather than aquatic dependence.	https://animaldiversity.org/accounts/Mustela_erminea/	0	non-marine	not_listed	original_aquatic_table	TY_NK_final_18pt	3+3+3+5+4	0-18
Mustela_putorius_furo	Domestic ferret	Mustela putorius furo	0	0	0	0	0	0			clear_terrestrial_zero	High	ADW describes domestic ferret with other habitat features (urban, suburban, agricultural), habitat text states 'The native habitat of domestic ferrets were forested and semi-forested habitats near water sources', providing limited ecology evidence, so final coding requires manual review.	https://animaldiversity.org/accounts/Mustela_putorius_furo/	0	non-marine	not_listed	original_aquatic_table	TY_NK_final_18pt	3+3+3+5+4	0-18
Myodes_glareolus	Bank vole	Myodes glareolus	0	0	0	0	0	0			clear_terrestrial_zero	High	ADW describes bank vole with wetlands (swamp), other habitat features (agricultural, riparian), habitat regions (temperate, terrestrial), supporting water-associated terrestrial use rather than unequivocal aquatic dependence.	https://animaldiversity.org/accounts/Myodes_glareolus/	0	non-marine	not_listed	original_aquatic_table	TY_NK_final_18pt	3+3+3+5+4	0-18
Myotis_myotis	Greater mouse-eared bat	Myotis myotis	0	0	0	0	0	0			clear_terrestrial_zero	High	ADW describes mouse-eared bat with other habitat features (urban, suburban), habitat regions (temperate, terrestrial), supporting terrestrial habitat association.	https://animaldiversity.org/accounts/Myotis_myotis/	0	non-marine	not_listed	original_aquatic_table	TY_NK_final_18pt	3+3+3+5+4	0-18
Myrmecophaga_tridactyla	Giant anteater	Myrmecophaga tridactyla	0	0	0	0	0	0			clear_terrestrial_zero	High	ADW describes giant anteater with habitat regions (tropical, terrestrial), habitat text states 'Giant anteaters use a variety of habitats, including swamp, forests, and grasslands', supporting terrestrial habitat association.	https://animaldiversity.org/accounts/Myrmecophaga_tridactyla/	0	non-marine	not_listed	original_aquatic_table	TY_NK_final_18pt	3+3+3+5+4	0-18
Nanger_granti	Grant's gazelle	Nanger granti	0	0	0	0	0	0			clear_terrestrial_zero	High	ADW describes Grant's gazelle with habitat regions (tropical, terrestrial), habitat text states 'Grant窶冱 gazelle habitat consists of semi-desert, open savannas, and treeless plains', supporting terrestrial habitat association.	https://animaldiversity.org/accounts/Nanger_granti/	0	non-marine	not_listed	original_aquatic_table	TY_NK_final_18pt	3+3+3+5+4	0-18
Nannospalax_galili	Upper Galilee mountains blind mole rat	Nannospalax galili	0	0	0	0	0	0			manual_curated_terrestrial	High	Manual curator check: Upper Galilee blind mole-rat is fossorial/terrestrial and non-aquatic; scored zero across all aquaticity dimensions.	https://en.wikipedia.org/wiki/Middle_East_blind_mole-rat	0	non-marine	not_listed	original_aquatic_table	TY_NK_final_18pt	3+3+3+5+4	0-18
Nasua_narica	White-nosed coati	Nasua narica	0	0	0	0	0	0			clear_terrestrial_zero	High	ADW describes white-nosed coati with other habitat features (agricultural), habitat regions (temperate, tropical, terrestrial), supporting terrestrial habitat association.	https://animaldiversity.org/accounts/Nasua_narica/	0	non-marine	not_listed	original_aquatic_table	TY_NK_final_18pt	3+3+3+5+4	0-18
Neofelis_nebulosa	Clouded leopard	Neofelis nebulosa	0	0	0	0	0	0			clear_terrestrial_zero	High	ADW describes clouded leopard with wetlands (swamp), habitat regions (tropical, terrestrial), supporting water-associated terrestrial use rather than unequivocal aquatic dependence.	https://animaldiversity.org/accounts/Neofelis_nebulosa/	0	non-marine	not_listed	original_aquatic_table	TY_NK_final_18pt	3+3+3+5+4	0-18
Noctilio_leporinus	Greater bulldog bat	Noctilio leporinus	0	0	0	0	0	0			clear_terrestrial_zero	High	ADW describes greater bulldog bat with habitat text states 'They roost near streams, coastal marine habitats, major river basins, or other moist places.', providing limited ecology evidence, so final coding requires manual review.	https://animaldiversity.org/accounts/Noctilio_leporinus/	0	non-marine	not_listed	original_aquatic_table	TY_NK_final_18pt	3+3+3+5+4	0-18
Nomascus_leucogenys	Northern white-cheeked gibbon	Nomascus leucogenys	0	0	0	0	0	0			clear_terrestrial_zero	High	ADW describes northern white-cheeked gibbon with habitat regions (tropical, terrestrial), habitat text states 'Hylobates leucogenys live in the canopy of subtropical rainforests', supporting terrestrial habitat association.	https://animaldiversity.org/accounts/Nomascus_leucogenys/	0	non-marine	not_listed	original_aquatic_table	TY_NK_final_18pt	3+3+3+5+4	0-18
Nycticebus_coucang	Slow loris	Nycticebus coucang	0	0	0	0	0	0			clear_terrestrial_zero	High	ADW describes slow loris with habitat regions (tropical, terrestrial), habitat text states 'Sunda slow lorises mainly inhabit primary and secondary tropical lowland forests', supporting terrestrial habitat association.	https://animaldiversity.org/accounts/Nycticebus_coucang/	0	non-marine	not_listed	original_aquatic_table	TY_NK_final_18pt	3+3+3+5+4	0-18
Ochotona_princeps	American pika	Ochotona princeps	0	0	0	0	0	0			clear_terrestrial_zero	High	ADW describes American pika with habitat regions (temperate, terrestrial), habitat text states 'American pikas inhabit areas of broken rock and talus fields fringed by alpine meadows', supporting terrestrial habitat association.	https://animaldiversity.org/accounts/Ochotona_princeps/	0	non-marine	not_listed	original_aquatic_table	TY_NK_final_18pt	3+3+3+5+4	0-18
Octodon_degus	Degu	Octodon degus	0	0	0	0	0	0			clear_terrestrial_zero	High	ADW describes degu with other habitat features (agricultural), habitat regions (temperate, terrestrial), supporting terrestrial habitat association.	https://animaldiversity.org/accounts/Octodon_degus/	0	non-marine	not_listed	original_aquatic_table	TY_NK_final_18pt	3+3+3+5+4	0-18
Odocoileus_hemionus_hemionus	Mule deer	Odocoileus hemionus hemionus	0	0	0	0	0	0			clear_terrestrial_zero	High	Fallback ADW account Odocoileus_hemionus describes mule deer with habitat text states 'Odocoileus hemionus is remarkably adaptable', supporting aquatic behavior but requiring manual habitat review.	https://animaldiversity.org/accounts/Odocoileus_hemionus/	0	non-marine	not_listed	original_aquatic_table	TY_NK_final_18pt	3+3+3+5+4	0-18
Odocoileus_virginianus	White-tailed deer	Odocoileus virginianus	0	0	0	0	0	0			clear_terrestrial_zero	High	ADW describes white-tailed deer with wetlands (swamp), habitat regions (temperate, tropical), supporting freshwater or wetland-associated aquatic use.	https://animaldiversity.org/accounts/Odocoileus_virginianus/	0	non-marine	not_listed	original_aquatic_table	TY_NK_final_18pt	3+3+3+5+4	0-18
Okapia_johnstoni	Okapi	Okapia johnstoni	0	0	0	0	0	0			clear_terrestrial_zero	High	ADW describes okapi with other habitat features (riparian), habitat regions (tropical), supporting water-associated terrestrial use rather than aquatic dependence.	https://animaldiversity.org/accounts/Okapia_johnstoni/	0	non-marine	not_listed	original_aquatic_table	TY_NK_final_18pt	3+3+3+5+4	0-18
Onychomys_torridus	Southern grasshopper mouse	Onychomys torridus	0	0	0	0	0	0			clear_terrestrial_zero	High	ADW describes southern grasshopper mouse with habitat text states 'Onychomys torridus nest in small burrows dug into the ground', providing limited ecology evidence, so final coding requires manual review.	https://animaldiversity.org/accounts/Onychomys_torridus/	0	non-marine	not_listed	original_aquatic_table	TY_NK_final_18pt	3+3+3+5+4	0-18
Oreamnos_americanus	Mountain goat	Oreamnos americanus	0	0	0	0	0	0			clear_terrestrial_zero	High	ADW describes mountain goat with habitat regions (temperate, terrestrial), habitat text states 'Mountain goats prefer steep, rocky areas with cliffs or bluffs in alpine or sub-alpine regions', supporting terrestrial habitat association.	https://animaldiversity.org/accounts/Oreamnos_americanus/	0	non-marine	not_listed	original_aquatic_table	TY_NK_final_18pt	3+3+3+5+4	0-18
Oreotragus_oreotragus	Klipspringer	Oreotragus oreotragus	0	0	0	0	0	0			clear_terrestrial_zero	High	ADW describes klipspringer with habitat regions (temperate, terrestrial), habitat text states 'Klipspringers are restricted to rocky habitat including rocky hills or outcrops, koppies, and gorges with rocky sides', supporting terrestrial habitat association.	https://animaldiversity.org/accounts/Oreotragus_oreotragus/	0	non-marine	not_listed	original_aquatic_table	TY_NK_final_18pt	3+3+3+5+4	0-18
Orycteropus_afer_afer	Aardvark	Orycteropus afer afer	0	0	0	0	0	0			clear_terrestrial_zero	High	Fallback ADW account Orycteropus_afer describes aardvark with habitat regions (temperate, tropical, terrestrial), habitat text states 'Aardvarks occupy grassland and savanna habitats in sub-Saharan Africa, preferring areas that have a large abundance of ants and termites year round', supporting terrestrial habitat association.	https://animaldiversity.org/accounts/Orycteropus_afer/	0	non-marine	not_listed	original_aquatic_table	TY_NK_final_18pt	3+3+3+5+4	0-18
Oryctolagus_cuniculus_cuniculus	Rabbit	Oryctolagus cuniculus cuniculus	0	0	0	0	0	0			clear_terrestrial_zero	High	Fallback ADW account Oryctolagus_cuniculus describes European rabbit with other habitat features (urban, suburban, agricultural), habitat regions (temperate, tropical, terrestrial), supporting terrestrial habitat association.	https://animaldiversity.org/accounts/Oryctolagus_cuniculus/	0	non-marine	not_listed	original_aquatic_table	TY_NK_final_18pt	3+3+3+5+4	0-18
Oryx_dammah	Scimitar-horned oryx	Oryx dammah	0	0	0	0	0	0			clear_terrestrial_zero	High	ADW describes scimitar-horned oryx with habitat text states 'The Scimitar-horned oryx is found in barren steppes of desert to semidesert environments.', providing limited ecology evidence, so final coding requires manual review.	https://animaldiversity.org/accounts/Oryx_dammah/	0	non-marine	not_listed	original_aquatic_table	TY_NK_final_18pt	3+3+3+5+4	0-18
Oryx_gazella	Gemsbok	Oryx gazella	0	0	0	0	0	0			clear_terrestrial_zero	High	ADW describes gemsbok with habitat regions (tropical, terrestrial), habitat text states 'Gemsbok are found at elevations from 900 to 1,200 meters, in wooded grasslands as well as wetter grasslands', supporting terrestrial habitat association.	https://animaldiversity.org/accounts/Oryx_gazella/	0	non-marine	not_listed	original_aquatic_table	TY_NK_final_18pt	3+3+3+5+4	0-18
Otolemur_garnettii	Small-eared galago	Otolemur garnettii	0	0	0	0	0	0			clear_terrestrial_zero	High	ADW describes small-eared galago with other habitat features (agricultural), habitat regions (tropical, terrestrial), supporting terrestrial habitat association.	https://animaldiversity.org/accounts/Otolemur_garnettii/	0	non-marine	not_listed	original_aquatic_table	TY_NK_final_18pt	3+3+3+5+4	0-18
Ovis_canadensis	Bighorn sheep	Ovis canadensis	0	0	0	0	0	0			clear_terrestrial_zero	High	ADW describes bighorn sheep with habitat regions (temperate, terrestrial), habitat text states 'Ovis canadensis canadensis inhabits alpine meadows, grassy mountain slopes and foothill country in proximity to rugged, rocky cliffs and bluffs', supporting terrestrial habitat association.	https://animaldiversity.org/accounts/Ovis_canadensis/	0	non-marine	not_listed	original_aquatic_table	TY_NK_final_18pt	3+3+3+5+4	0-18
Ovis_nivicola_lydekkeri	Snow sheep	Ovis nivicola lydekkeri	0	0	0	0	0	0			clear_terrestrial_zero	High	Fallback ADW account Ovis_aries describes mouflon with habitat text states 'Domestic sheep are extremly versitile and exist in a wide variety of habitats worldwide ranging from temperate mountain forests to desert conditions', providing limited ecology evidence, so final coding requires manual review. Evidence is a congeneric proxy review required.	https://animaldiversity.org/accounts/Ovis_aries/	0	non-marine	not_listed	original_aquatic_table	TY_NK_final_18pt	3+3+3+5+4	0-18
Ovis_orientalis	Asiatic mouflon	Ovis orientalis	0	0	0	0	0	0			clear_terrestrial_zero	High	Fallback ADW account Ovis_aries describes mouflon with habitat text states 'Domestic sheep are extremly versitile and exist in a wide variety of habitats worldwide ranging from temperate mountain forests to desert conditions', providing limited ecology evidence, so final coding requires manual review. Evidence is a congeneric proxy review required.	https://animaldiversity.org/accounts/Ovis_aries/	0	non-marine	not_listed	original_aquatic_table	TY_NK_final_18pt	3+3+3+5+4	0-18
Pachyuromys_duprasi	Fat-tailed gerbil	Pachyuromys duprasi	0	0	0	0	0	0			clear_terrestrial_zero	High	ADW describes fat-tailed gerbil with habitat regions (temperate, terrestrial), habitat text states 'Fat-tailed gerbils are found in sand sheets that are graced with vegetation', supporting terrestrial habitat association.	https://animaldiversity.org/accounts/Pachyuromys_duprasi/	0	non-marine	not_listed	original_aquatic_table	TY_NK_final_18pt	3+3+3+5+4	0-18
Pan_troglodytes	Chimpanzee	Pan troglodytes	0	0	0	0	0	0			clear_terrestrial_zero	High	ADW describes chimpanzee with habitat regions (tropical, terrestrial), habitat text states 'Chimpanzees utilize a great diversity of habitat types', supporting terrestrial habitat association.	https://animaldiversity.org/accounts/Pan_troglodytes/	0	non-marine	not_listed	original_aquatic_table	TY_NK_final_18pt	3+3+3+5+4	0-18
Panthera_leo	Lion	Panthera leo	0	0	0	0	0	0			clear_terrestrial_zero	High	ADW describes lion with habitat regions (temperate, tropical, terrestrial), habitat text states 'African lions live in plains or savanna habitat with a large prey base (mostly ungulates) and sufficient cover available', supporting terrestrial habitat association.	https://animaldiversity.org/accounts/Panthera_leo/	0	non-marine	not_listed	original_aquatic_table	TY_NK_final_18pt	3+3+3+5+4	0-18
Panthera_onca	Jaguar	Panthera onca	0	0	0	0	0	0			clear_terrestrial_zero	High	ADW describes jaguar with wetlands (swamp), other habitat features (riparian), habitat regions (temperate, tropical, terrestrial), supporting freshwater or wetland-associated aquatic use.	https://animaldiversity.org/accounts/Panthera_onca/	0	non-marine	not_listed	original_aquatic_table	TY_NK_final_18pt	3+3+3+5+4	0-18
Panthera_pardus	Leopard	Panthera pardus	0	0	0	0	0	0			clear_terrestrial_zero	High	ADW describes leopard with habitat regions (tropical, terrestrial), habitat text states 'Leopards inhabit a variety of terrain', supporting terrestrial habitat association.	https://animaldiversity.org/accounts/Panthera_pardus/	0	non-marine	not_listed	original_aquatic_table	TY_NK_final_18pt	3+3+3+5+4	0-18
Panthera_uncia	Snow leopard	Panthera uncia	0	0	0	0	0	0			clear_terrestrial_zero	High	Fallback ADW account Uncia_uncia describes snow leopard with habitat regions (temperate, terrestrial), habitat text states 'Steep, rocky and broken terrain are the preferred bedding areas for snow leopards, specifically on or nearby to a landform edge close to natural vegetation', supporting terrestrial habitat association. Evidence is a different taxon manual review required.	https://animaldiversity.org/accounts/Uncia_uncia/	0	non-marine	not_listed	original_aquatic_table	TY_NK_final_18pt	3+3+3+5+4	0-18
Papio_anubis	Olive baboon	Papio anubis	0	0	0	0	0	0			clear_terrestrial_zero	High	ADW describes anubis baboon with other habitat features (agricultural), habitat regions (tropical, terrestrial), supporting terrestrial habitat association.	https://animaldiversity.org/accounts/Papio_anubis/	0	non-marine	not_listed	original_aquatic_table	TY_NK_final_18pt	3+3+3+5+4	0-18
Paradoxurus_hermaphroditus	Asian palm civet	Paradoxurus hermaphroditus	0	0	0	0	0	0			clear_terrestrial_zero	High	ADW describes Asian palm civet with other habitat features (urban, suburban, agricultural), habitat regions (tropical, terrestrial), supporting terrestrial habitat association.	https://animaldiversity.org/accounts/Paradoxurus_hermaphroditus/	0	non-marine	not_listed	original_aquatic_table	TY_NK_final_18pt	3+3+3+5+4	0-18
Pedetes_capensis	Springhare	Pedetes capensis	0	0	0	0	0	0			clear_terrestrial_zero	High	ADW describes South African spring hare with habitat text states 'Springhares live in areas with sandy, dry soil', providing limited ecology evidence, so final coding requires manual review.	https://animaldiversity.org/accounts/Pedetes_capensis/	0	non-marine	not_listed	original_aquatic_table	TY_NK_final_18pt	3+3+3+5+4	0-18
Peromyscus_californicus_insignis	California mouse	Peromyscus californicus insignis	0	0	0	0	0	0			clear_terrestrial_zero	High	Fallback ADW account Peromyscus_californicus describes California mouse with habitat regions (temperate, terrestrial), habitat text states 'Peromyscus californicus is generally restricted to dense chaparrel and broad-sclerophyll woodland (Meritt 1974)', supporting terrestrial habitat association.	https://animaldiversity.org/accounts/Peromyscus_californicus/	0	non-marine	not_listed	original_aquatic_table	TY_NK_final_18pt	3+3+3+5+4	0-18
Petromus_typicus	Dassie-rat	Petromus typicus	0	0	0	0	0	0			clear_terrestrial_zero	High	ADW describes dassie rat with habitat regions (temperate, terrestrial), habitat text states 'Petromus typicus are generally found in crevices and rocky cavities of stony deserts', supporting terrestrial habitat association.	https://animaldiversity.org/accounts/Petromus_typicus/	0	non-marine	not_listed	original_aquatic_table	TY_NK_final_18pt	3+3+3+5+4	0-18
Phataginus_tricuspis	Tree pangolin	Phataginus tricuspis	0	0	0	0	0	0			manual_curated_terrestrial	High	Manual curator check: white-bellied pangolin is arboreal/terrestrial and non-aquatic; scored zero across all aquaticity dimensions.	https://en.wikipedia.org/wiki/White-bellied_pangolin	0	non-marine	not_listed	original_aquatic_table	TY_NK_final_18pt	3+3+3+5+4	0-18
Phyllostomus_discolor	Pale spear-nosed bat	Phyllostomus discolor	0	0	0	0	0	0			clear_terrestrial_zero	High	Fallback ADW account Phyllostomus_hastatus describes greater spear-nosed bat with other habitat features (caves), habitat regions (tropical, terrestrial), supporting terrestrial habitat association. Evidence is a congeneric proxy review required.	https://animaldiversity.org/accounts/Phyllostomus_hastatus/	0	non-marine	not_listed	original_aquatic_table	TY_NK_final_18pt	3+3+3+5+4	0-18
Piliocolobus_tephrosceles	Ugandan red Colobus	Piliocolobus tephrosceles	0	0	0	0	0	0			manual_curated_terrestrial	High	Manual curator check: Ugandan red colobus is arboreal/terrestrial and non-aquatic; scored zero across all aquaticity dimensions.	https://en.wikipedia.org/wiki/Ugandan_red_colobus	0	non-marine	not_listed	original_aquatic_table	TY_NK_final_18pt	3+3+3+5+4	0-18
Pipistrellus_kuhlii	Kuhl's pipistrelle	Pipistrellus kuhlii	0	0	0	0	0	0			clear_terrestrial_zero	High	Fallback ADW account Pipistrellus_subflavus describes eastern pipistrelle with wetlands (marsh), other habitat features (caves), habitat regions (temperate, terrestrial), supporting water-associated terrestrial use rather than unequivocal aquatic dependence. Evidence is a congeneric proxy review required.	https://animaldiversity.org/accounts/Pipistrellus_subflavus/	0	non-marine	not_listed	original_aquatic_table	TY_NK_final_18pt	3+3+3+5+4	0-18
Pithecia_pithecia	White-faced saki	Pithecia pithecia	0	0	0	0	0	0			clear_terrestrial_zero	High	ADW describes Guianan saki with habitat regions (tropical, terrestrial), habitat text states 'White-faced sakis are arboreal and live in both upland and lowland rainforests', supporting terrestrial habitat association.	https://animaldiversity.org/accounts/Pithecia_pithecia/	0	non-marine	not_listed	original_aquatic_table	TY_NK_final_18pt	3+3+3+5+4	0-18
Plecturocebus_donacophilus	Bolivian titi	Plecturocebus donacophilus	0	0	0	0	0	0			clear_terrestrial_zero	High	Fallback ADW account Callicebus_donacophilus describes Bolivian titi with other habitat features (riparian), habitat regions (tropical), supporting weak riparian association that requires manual review. Evidence is a different taxon manual review required.	https://animaldiversity.org/accounts/Callicebus_donacophilus/	0	non-marine	not_listed	original_aquatic_table	TY_NK_final_18pt	3+3+3+5+4	0-18
Pongo_abelii	Sumatran orangutan	Pongo abelii	0	0	0	0	0	0			clear_terrestrial_zero	High	ADW describes Sumatran orangutan with wetlands (swamp), other habitat features (riparian), habitat regions (tropical, terrestrial), supporting water-associated terrestrial use rather than unequivocal aquatic dependence.	https://animaldiversity.org/accounts/Pongo_abelii/	0	non-marine	not_listed	original_aquatic_table	TY_NK_final_18pt	3+3+3+5+4	0-18
Potos_flavus	Kinkajou	Potos flavus	0	0	0	0	0	0			clear_terrestrial_zero	High	ADW describes kinkajou with habitat regions (tropical, terrestrial), habitat text states 'Kinkajous live in a variety of forest habitats including tropical dry forest, secondary forest, Amazonian rainforest, Atlantic coastal forest, tropical evergreen forest and fore...', supporting terrestrial habitat association.	https://animaldiversity.org/accounts/Potos_flavus/	0	non-marine	not_listed	original_aquatic_table	TY_NK_final_18pt	3+3+3+5+4	0-18
Prionailurus_bengalensis_euptilurus	Amur leopard cat	Prionailurus bengalensis euptilurus	0	0	0	0	0	0			clear_terrestrial_zero	High	Fallback ADW account Prionailurus_bengalensis describes leopard cat with other habitat features (suburban, agricultural), habitat regions (temperate, tropical, terrestrial), supporting terrestrial habitat association.	https://animaldiversity.org/accounts/Prionailurus_bengalensis/	0	non-marine	not_listed	original_aquatic_table	TY_NK_final_18pt	3+3+3+5+4	0-18
Procapra_przewalskii	Przewalski's gazelle	Procapra przewalskii	0	0	0	0	0	0			clear_terrestrial_zero	High	ADW describes Przewalski's gazelle with habitat regions (temperate, terrestrial), habitat text states 'Przewalski窶冱 gazelles inhabit the ecotone between grassland and desert, including semiarid grassland steppes and open valley', supporting terrestrial habitat association.	https://animaldiversity.org/accounts/Procapra_przewalskii/	0	non-marine	not_listed	original_aquatic_table	TY_NK_final_18pt	3+3+3+5+4	0-18
Procavia_capensis	Cape rock hyrax	Procavia capensis	0	0	0	0	0	0			clear_terrestrial_zero	High	ADW describes rock hyrax with other habitat features (agricultural), habitat regions (tropical, terrestrial), supporting terrestrial habitat association.	https://animaldiversity.org/accounts/Procavia_capensis/	0	non-marine	not_listed	original_aquatic_table	TY_NK_final_18pt	3+3+3+5+4	0-18
Procyon_lotor	Raccoon	Procyon lotor	0	0	0	0	0	0			clear_terrestrial_zero	High	ADW describes Guadeloupe raccoon with wetlands (marsh, swamp, bog), other habitat features (urban, suburban, agricultural, riparian, estuarine, intertidal or littoral), habitat regions (temperate, tropical, terrestrial), supporting mixed freshwater and marine/coastal habitat use.	https://animaldiversity.org/accounts/Procyon_lotor/	0	non-marine	not_listed	original_aquatic_table	TY_NK_final_18pt	3+3+3+5+4	0-18
Prolemur_simus	Greater bamboo lemur	Prolemur simus	0	0	0	0	0	0			clear_terrestrial_zero	High	ADW describes greater bamboo lemur with habitat regions (tropical), habitat text states 'Greater bamboo lemurs reside in humid primary rainforests in which giant bamboo trees are abundant', providing limited ecology evidence, so final coding requires manual review.	https://animaldiversity.org/accounts/Prolemur_simus/	0	non-marine	not_listed	original_aquatic_table	TY_NK_final_18pt	3+3+3+5+4	0-18
Propithecus_coquereli	Coquerel's sifaka	Propithecus coquereli	0	0	0	0	0	0			clear_terrestrial_zero	High	ADW describes Coquerel's sifaka with habitat regions (tropical, terrestrial), habitat text states 'Coquerel窶冱 sifaka inhabit old growth and secondary growth forests of mixed deciduous and evergreen trees, from sea level to 300 m above sea level', supporting terrestrial habitat association.	https://animaldiversity.org/accounts/Propithecus_coquereli/	0	non-marine	not_listed	original_aquatic_table	TY_NK_final_18pt	3+3+3+5+4	0-18
Przewalskium_albirostris	White-lipped deer	Przewalskium albirostris	0	0	0	0	0	0			clear_terrestrial_zero	High	ADW describes white-lipped deer with habitat regions (temperate, terrestrial), habitat text states 'Cervus albirostris inhabit the high altitude rhododendron and coniferous forests and alpine meadows of the Tibetan Plateau', supporting terrestrial habitat association.	https://animaldiversity.org/accounts/Przewalskium_albirostris/	0	non-marine	not_listed	original_aquatic_table	TY_NK_final_18pt	3+3+3+5+4	0-18
Psammomys_obesus	Fat sand rat	Psammomys obesus	0	0	0	0	0	0			clear_terrestrial_zero	High	ADW describes fat sand rat with wetlands (marsh), habitat regions (temperate, terrestrial), supporting water-associated terrestrial use rather than unequivocal aquatic dependence.	https://animaldiversity.org/accounts/Psammomys_obesus/	0	non-marine	not_listed	original_aquatic_table	TY_NK_final_18pt	3+3+3+5+4	0-18
Pteropus_pselaphon	Bonin flying fox	Pteropus pselaphon	0	0	0	0	0	0			clear_terrestrial_zero	High	Fallback ADW account Pteropus_giganteus describes Indian flying fox with wetlands (swamp), habitat regions (tropical), supporting freshwater or riparian habitat association. Evidence is a congeneric proxy review required.	https://animaldiversity.org/accounts/Pteropus_giganteus/	0	non-marine	not_listed	original_aquatic_table	TY_NK_final_18pt	3+3+3+5+4	0-18
Puma_yagouaroundi	Jaguarundi	Puma yagouaroundi	0	0	0	0	0	0			clear_terrestrial_zero	High	ADW describes jaguarundi with wetlands (swamp), other habitat features (agricultural, riparian), habitat regions (temperate, tropical, terrestrial), supporting water-associated terrestrial use rather than unequivocal aquatic dependence.	https://animaldiversity.org/accounts/Puma_yagouaroundi/	0	non-marine	not_listed	original_aquatic_table	TY_NK_final_18pt	3+3+3+5+4	0-18
Pygathrix_nemaeus	Red shanked douc langur	Pygathrix nemaeus	0	0	0	0	0	0			clear_terrestrial_zero	High	ADW describes douc langur with habitat regions (tropical), habitat text states 'Douc langurs are mostly found in tropical rainforest and monsoon forest (both primary and secondary forest)', providing limited ecology evidence, so final coding requires manual review.	https://animaldiversity.org/accounts/Pygathrix_nemaeus/	0	non-marine	not_listed	original_aquatic_table	TY_NK_final_18pt	3+3+3+5+4	0-18
Rangifer_tarandus_granti	Reindeer	Rangifer tarandus granti	0	0	0	0	0	0			clear_terrestrial_zero	High	Fallback ADW account Rangifer_tarandus describes caribou with habitat regions (temperate, polar, terrestrial), habitat text states 'Caribou inhabit arctic tundra and subarctic (boreal) forest regions.', supporting terrestrial habitat association.	https://animaldiversity.org/accounts/Rangifer_tarandus/	0	non-marine	not_listed	original_aquatic_table	TY_NK_final_18pt	3+3+3+5+4	0-18
Rhinoceros_unicornis	Greater Indian rhinoceros	Rhinoceros unicornis	1	1	0	0	1	3			clear_terrestrial_zero	High	ADW describes Indian rhinoceros with wetlands (marsh, swamp), habitat regions (temperate, tropical), supporting water-associated terrestrial use rather than unequivocal aquatic dependence.	https://animaldiversity.org/accounts/Rhinoceros_unicornis/	0	non-marine	not_listed	original_aquatic_table	TY_NK_final_18pt	3+3+3+5+4	0-18
Rhinolophus_sinicus	Chinese rufous horseshoe bat	Rhinolophus sinicus	0	0	0	0	0	0			clear_terrestrial_zero	High	Fallback ADW account Rhinolophus_luctus describes woolly horseshoe bat with other habitat features (suburban, caves), habitat regions (temperate, tropical, terrestrial), supporting terrestrial habitat association. Evidence is a congeneric proxy review required.	https://animaldiversity.org/accounts/Rhinolophus_luctus/	0	non-marine	not_listed	original_aquatic_table	TY_NK_final_18pt	3+3+3+5+4	0-18
Rhinopithecus_bieti	Black snub-nosed monkey	Rhinopithecus bieti	0	0	0	0	0	0			clear_terrestrial_zero	High	ADW describes black snub-nosed monkey with habitat regions (terrestrial), habitat text states 'Black snub-nosed monkeys are found in coniferous or mixed coniferous broad leaved forests and are one of the most northerly primates with one of the highest elevation ranges - f...', supporting terrestrial habitat association.	https://animaldiversity.org/accounts/Rhinopithecus_bieti/	0	non-marine	not_listed	original_aquatic_table	TY_NK_final_18pt	3+3+3+5+4	0-18
Rhizomys_pruinosus	Hoary bamboo rat	Rhizomys pruinosus	0	0	0	0	0	0			clear_terrestrial_zero	High	Fallback ADW account Rhizomyinae describes bamboo rats and mole rats with other habitat features (agricultural), habitat regions (temperate, tropical, terrestrial), supporting terrestrial habitat association. Evidence is a higher taxon proxy low confidence.	https://animaldiversity.org/accounts/Rhizomyinae/	0	non-marine	not_listed	original_aquatic_table	TY_NK_final_18pt	3+3+3+5+4	0-18
Rhombomys_opimus	Great gerbil	Rhombomys opimus	0	0	0	0	0	0			clear_terrestrial_zero	High	ADW describes great gerbil with other habitat features (agricultural), habitat regions (temperate), supporting terrestrial habitat association.	https://animaldiversity.org/accounts/Rhombomys_opimus/	0	non-marine	not_listed	original_aquatic_table	TY_NK_final_18pt	3+3+3+5+4	0-18
Rousettus_aegyptiacus	Egyptian rousette	Rousettus aegyptiacus	0	0	0	0	0	0			clear_terrestrial_zero	High	ADW describes Egyptian rousette with other habitat features (caves), habitat regions (tropical, terrestrial), supporting terrestrial habitat association.	https://animaldiversity.org/accounts/Rousettus_aegyptiacus/	0	non-marine	not_listed	original_aquatic_table	TY_NK_final_18pt	3+3+3+5+4	0-18
Saguinus_imperator	Tamarin	Saguinus imperator	0	0	0	0	0	0			clear_terrestrial_zero	High	ADW describes emperor tamarin with habitat text states 'Saguinas imperator is found in various forms of light, dry-bottom to densely grown Amazonian forest margins in seasonally inundated regious', providing limited ecology evidence, so final coding requires manual review.	https://animaldiversity.org/accounts/Saguinus_imperator/	0	non-marine	not_listed	original_aquatic_table	TY_NK_final_18pt	3+3+3+5+4	0-18
Saimiri_boliviensis_boliviensis	Bolivian squirrel monkey	Saimiri boliviensis boliviensis	0	0	0	0	0	0			clear_terrestrial_zero	High	Fallback ADW account Saimiri_boliviensis describes Bolivian squirrel monkey with other habitat features (riparian), habitat regions (tropical, terrestrial), supporting water-associated terrestrial use rather than aquatic dependence.	https://animaldiversity.org/accounts/Saimiri_boliviensis/	0	non-marine	not_listed	original_aquatic_table	TY_NK_final_18pt	3+3+3+5+4	0-18
Sapajus_apella	Tufted capuchin	Sapajus apella	0	0	0	0	0	0			clear_terrestrial_zero	High	Fallback ADW account Sciurus_pyrrhinus describes Junﾃｭn red squirrel with wetlands (swamp, bog), other habitat features (agricultural), habitat regions (tropical, terrestrial), supporting water-associated terrestrial use rather than unequivocal aquatic dependence. Evidence is a different taxon manual review required.	https://animaldiversity.org/accounts/Sciurus_pyrrhinus/	0	non-marine	not_listed	original_aquatic_table	TY_NK_final_18pt	3+3+3+5+4	0-18
Scalopus_aquaticus	Eastern mole	Scalopus aquaticus	0	0	0	0	0	0			reviewed_r1_initial	High	ADW describes Scalopus aquaticus as fossorial/terrestrial despite its species epithet; reviewer reference to Eurasian water mole requires taxon verification.	https://animaldiversity.org/accounts/Scalopus_aquaticus/	0	non-marine	not_listed	original_aquatic_table	TY_NK_final_18pt	3+3+3+5+4	0-18
Sciurus_vulgaris	Eurasian red squirrel	Sciurus vulgaris	0	0	0	0	0	0			clear_terrestrial_zero	High	ADW describes Eurasian red squirrel with habitat regions (temperate, terrestrial), habitat text states 'Sciurus vulgaris lives and nests in deciduous and coniferous forests', supporting terrestrial habitat association.	https://animaldiversity.org/accounts/Sciurus_vulgaris/	0	non-marine	not_listed	original_aquatic_table	TY_NK_final_18pt	3+3+3+5+4	0-18
Semnopithecus_entellus	Hanuman langur	Semnopithecus entellus	0	0	0	0	0	0			clear_terrestrial_zero	High	ADW describes Hanuman langur with other habitat features (urban, suburban), habitat regions (temperate, tropical, terrestrial), supporting terrestrial habitat association.	https://animaldiversity.org/accounts/Semnopithecus_entellus/	0	non-marine	not_listed	original_aquatic_table	TY_NK_final_18pt	3+3+3+5+4	0-18
Sigmodon_hispidus	Hispid cotton rat	Sigmodon hispidus	0	0	0	0	0	0			clear_terrestrial_zero	High	ADW describes hispid cotton rat with other habitat features (agricultural), habitat regions (temperate, tropical, terrestrial), supporting terrestrial habitat association.	https://animaldiversity.org/accounts/Sigmodon_hispidus/	0	non-marine	not_listed	original_aquatic_table	TY_NK_final_18pt	3+3+3+5+4	0-18
Solenodon_paradoxus	Hispaniolan solenodon	Solenodon paradoxus	0	0	0	0	0	0			clear_terrestrial_zero	High	ADW describes Hispaniolan solenodon with other habitat features (agricultural), habitat regions (tropical), providing limited ecology evidence, so final coding requires manual review.	https://animaldiversity.org/accounts/Solenodon_paradoxus/	0	non-marine	not_listed	original_aquatic_table	TY_NK_final_18pt	3+3+3+5+4	0-18
Spilogale_gracilis	Western spotted skunk	Spilogale gracilis	0	0	0	0	0	0			clear_terrestrial_zero	High	ADW describes western spotted skunk with habitat text states 'The western spotted skunk prefers rocky bluffs and brush-bordered canyon stream beds', providing limited ecology evidence, so final coding requires manual review.	https://animaldiversity.org/accounts/Spilogale_gracilis/	0	non-marine	not_listed	original_aquatic_table	TY_NK_final_18pt	3+3+3+5+4	0-18
Sturnira_hondurensis	Sturnira hondurensis	Sturnira hondurensis	0	0	0	0	0	0			clear_terrestrial_zero	High	Fallback ADW account Sturnira_lilium describes little yellow-shouldered bat with other habitat features (agricultural, riparian, caves), habitat regions (tropical, terrestrial), supporting water-associated terrestrial use rather than aquatic dependence. Evidence is a congeneric proxy review required.	https://animaldiversity.org/accounts/Sturnira_lilium/	0	non-marine	not_listed	original_aquatic_table	TY_NK_final_18pt	3+3+3+5+4	0-18
Suricata_suricatta	Meerkat	Suricata suricatta	0	0	0	0	0	0			clear_terrestrial_zero	High	ADW describes meerkat with aquatic biomes (rivers and streams), habitat regions (temperate, tropical, terrestrial), supporting water-associated terrestrial use rather than unequivocal aquatic dependence.	https://animaldiversity.org/accounts/Suricata_suricatta/	0	non-marine	not_listed	original_aquatic_table	TY_NK_final_18pt	3+3+3+5+4	0-18
Sylvicapra_grimmia	Bush duiker	Sylvicapra grimmia	0	0	0	0	0	0			clear_terrestrial_zero	High	ADW describes bush duiker with habitat regions (tropical, terrestrial), habitat text states 'This speices of duiker is found in areas of central, eastern, and southern Africa which provide sufficient amounts of cover', supporting terrestrial habitat association.	https://animaldiversity.org/accounts/Sylvicapra_grimmia/	0	non-marine	not_listed	original_aquatic_table	TY_NK_final_18pt	3+3+3+5+4	0-18
Sylvilagus_bachmani	Brush rabbit	Sylvilagus bachmani	0	0	0	0	0	0			clear_terrestrial_zero	High	ADW describes brush rabbit with habitat text states 'As their name implies, brush rabbits are primarily found in areas with dense brushy cover', providing limited ecology evidence, so final coding requires manual review.	https://animaldiversity.org/accounts/Sylvilagus_bachmani/	0	non-marine	not_listed	original_aquatic_table	TY_NK_final_18pt	3+3+3+5+4	0-18
Talpa_occidentalis	Iberian mole	Talpa occidentalis	0	0	0	0	0	0			clear_terrestrial_zero	High	Fallback ADW account Talpa_europaea describes European mole with other habitat features (urban, suburban, agricultural), habitat regions (temperate, terrestrial), supporting terrestrial habitat association. Evidence is a congeneric proxy review required.	https://animaldiversity.org/accounts/Talpa_europaea/	0	non-marine	not_listed	original_aquatic_table	TY_NK_final_18pt	3+3+3+5+4	0-18
Taxidea_taxus_jeffersonii	American badger	Taxidea taxus jeffersonii	0	0	0	0	0	0			clear_terrestrial_zero	High	Fallback ADW account Taxidea_taxus describes American badger with wetlands (marsh), other habitat features (agricultural), habitat regions (temperate, terrestrial), supporting water-associated terrestrial use rather than unequivocal aquatic dependence.	https://animaldiversity.org/accounts/Taxidea_taxus/	0	non-marine	not_listed	original_aquatic_table	TY_NK_final_18pt	3+3+3+5+4	0-18
Theropithecus_gelada	Gelada	Theropithecus gelada	0	0	0	0	0	0			clear_terrestrial_zero	High	ADW describes gelada baboon with habitat regions (tropical, terrestrial), habitat text states 'Gelada baboons are found inhabiting the high grasslands of Ethiopia and Eritrea, especially in the Semien Mountains National Park', supporting terrestrial habitat association.	https://animaldiversity.org/accounts/Theropithecus_gelada/	0	non-marine	not_listed	original_aquatic_table	TY_NK_final_18pt	3+3+3+5+4	0-18
Thryonomys_swinderianus	Greater cane rat	Thryonomys swinderianus	0	0	0	0	0	0			clear_terrestrial_zero	High	ADW describes greater cane rat with wetlands (marsh), other habitat features (agricultural), habitat regions (tropical), supporting freshwater or wetland-associated aquatic use.	https://animaldiversity.org/accounts/Thryonomys_swinderianus/	0	non-marine	not_listed	original_aquatic_table	TY_NK_final_18pt	3+3+3+5+4	0-18
Tonatia_saurophila	Stripe-headed round-eared bat	Tonatia saurophila	0	0	0	0	0	0			clear_terrestrial_zero	High	Fallback ADW account Phyllostomidae describes New World leaf-nosed bats with habitat regions (temperate, tropical, terrestrial), habitat text states 'Members of family Phyllostomidae are found in many habitats including dense rainforests, deserts and caves, from sea level to areas with high elevations', supporting terrestrial habitat association. Evidence is a higher taxon proxy low confidence.	https://animaldiversity.org/accounts/Phyllostomidae/	0	non-marine	not_listed	original_aquatic_table	TY_NK_final_18pt	3+3+3+5+4	0-18
Trachypithecus_francoisi	Francois's langur	Trachypithecus francoisi	0	0	0	0	0	0			clear_terrestrial_zero	High	ADW describes Franﾃｧois's leaf monkey with habitat regions (tropical, terrestrial), habitat text states 'An arboreal species, T', supporting terrestrial habitat association.	https://animaldiversity.org/accounts/Trachypithecus_francoisi/	0	non-marine	not_listed	original_aquatic_table	TY_NK_final_18pt	3+3+3+5+4	0-18
Tragelaphus_strepsiceros	Greater kudu	Tragelaphus strepsiceros	0	0	0	0	0	0			clear_terrestrial_zero	High	ADW describes greater kudu with habitat text states 'Greater kudu are found in a variety of habitats throughout Africa', providing limited ecology evidence, so final coding requires manual review.	https://animaldiversity.org/accounts/Tragelaphus_strepsiceros/	0	non-marine	not_listed	original_aquatic_table	TY_NK_final_18pt	3+3+3+5+4	0-18
Tragulus_javanicus	Java mouse-deer	Tragulus javanicus	0	0	0	0	0	0			clear_terrestrial_zero	High	ADW describes lesser mouse-deer with habitat regions (tropical, terrestrial), habitat text states 'Tragulus javanicus are found in overgrown primary and secondary forests in southeast Asia', supporting terrestrial habitat association.	https://animaldiversity.org/accounts/Tragulus_javanicus/	0	non-marine	not_listed	original_aquatic_table	TY_NK_final_18pt	3+3+3+5+4	0-18
Tragulus_kanchil	Lesser mouse-deer	Tragulus kanchil	0	0	0	0	0	0			clear_terrestrial_zero	High	Fallback ADW account Moschiola_meminna describes Indian spotted chevrotain with other habitat features (agricultural), habitat regions (tropical), providing limited ecology evidence, so final coding requires manual review. Evidence is a different taxon manual review required.	https://animaldiversity.org/accounts/Moschiola_meminna/	0	non-marine	not_listed	original_aquatic_table	TY_NK_final_18pt	3+3+3+5+4	0-18
Tupaia_chinensis	Chinese tree shrew	Tupaia chinensis	0	0	0	0	0	0			clear_terrestrial_zero	High	Fallback ADW account Tupaia_belangeri describes northern tree shrew with habitat regions (tropical, terrestrial), habitat text states 'Northern tree shrews inhabit a variety of forest habitats', supporting terrestrial habitat association. Evidence is a congeneric proxy review required.	https://animaldiversity.org/accounts/Tupaia_belangeri/	0	non-marine	not_listed	original_aquatic_table	TY_NK_final_18pt	3+3+3+5+4	0-18
Urocitellus_parryii	Arctic ground squirrel	Urocitellus parryii	0	0	0	0	0	0			clear_terrestrial_zero	High	Fallback ADW account Spermophilus_parryii describes Arctic ground squirrel with habitat regions (polar, terrestrial), habitat text states 'Arctic ground squirrels inhabit arctic and tundra habitats at northern latitudes and higher elevations, and boreal forest and alpine meadows at lower latitudes and elevations (B...', supporting terrestrial habitat association. Evidence is a different taxon manual review required.	https://animaldiversity.org/accounts/Spermophilus_parryii/	0	non-marine	not_listed	original_aquatic_table	TY_NK_final_18pt	3+3+3+5+4	0-18
Uromys_caudimaculatus	Giant uromys	Uromys caudimaculatus	0	0	0	0	0	0			manual_curated_terrestrial	High	Manual curator check: giant white-tailed rat is a clearly terrestrial/non-aquatic rodent; scored zero across all aquaticity dimensions.	https://en.wikipedia.org/wiki/Giant_white-tailed_rat	0	non-marine	not_listed	original_aquatic_table	TY_NK_final_18pt	3+3+3+5+4	0-18
Ursus_americanus	American black bear	Ursus americanus	0	0	0	0	0	0			clear_terrestrial_zero	High	ADW describes American black bear with other habitat features (riparian), habitat regions (temperate, terrestrial), supporting water-associated terrestrial use rather than aquatic dependence.	https://animaldiversity.org/accounts/Ursus_americanus/	0	non-marine	not_listed	original_aquatic_table	TY_NK_final_18pt	3+3+3+5+4	0-18
Ursus_arctos_horribilis	Brown bear	Ursus arctos horribilis	0	0	0	0	0	0			clear_terrestrial_zero	High	Fallback ADW account Ursus_arctos describes brown bear with habitat regions (temperate, terrestrial), habitat text states 'Brown bears occupy a variety of habitats, from desert edges to high mountain forests and ice fields', supporting terrestrial habitat association.	https://animaldiversity.org/accounts/Ursus_arctos/	0	non-marine	not_listed	original_aquatic_table	TY_NK_final_18pt	3+3+3+5+4	0-18
Ursus_thibetanus_thibetanus	Asiatic black bear	Ursus thibetanus thibetanus	0	0	0	0	0	0			clear_terrestrial_zero	High	Fallback ADW account Ursus_thibetanus describes Asiatic black bear with habitat regions (temperate, tropical, terrestrial), habitat text states 'Asiatic black bears live in moist forests, on steep mountains, and in areas where the vegetation is thick', supporting terrestrial habitat association.	https://animaldiversity.org/accounts/Ursus_thibetanus/	0	non-marine	not_listed	original_aquatic_table	TY_NK_final_18pt	3+3+3+5+4	0-18
Vicugna_vicugna_mensalis	Vicugna	Vicugna vicugna mensalis	0	0	0	0	0	0			clear_terrestrial_zero	High	Fallback ADW account Vicugna_vicugna describes vicugna with habitat regions (temperate, terrestrial), habitat text states 'Vicunas are found in semiarid grasslands and plains at elevations ranging between 3,000-5,000m', supporting terrestrial habitat association.	https://animaldiversity.org/accounts/Vicugna_vicugna/	0	non-marine	not_listed	original_aquatic_table	TY_NK_final_18pt	3+3+3+5+4	0-18
Vulpes_lagopus	Arctic fox	Vulpes lagopus	0	0	0	0	0	0			clear_terrestrial_zero	High	ADW describes Arctic fox with habitat regions (polar, terrestrial), habitat text states 'Arctic foxes are found mainly in arctic and alpine tundra, usually in coastal areas.', supporting terrestrial habitat association.	https://animaldiversity.org/accounts/Vulpes_lagopus/	0	non-marine	not_listed	original_aquatic_table	TY_NK_final_18pt	3+3+3+5+4	0-18
Vulpes_vulpes	Red fox	Vulpes vulpes	0	0	0	0	0	0			clear_terrestrial_zero	High	ADW describes red fox with other habitat features (urban, suburban, agricultural, riparian), habitat regions (temperate, terrestrial), supporting water-associated terrestrial use rather than aquatic dependence.	https://animaldiversity.org/accounts/Vulpes_vulpes/	0	non-marine	not_listed	original_aquatic_table	TY_NK_final_18pt	3+3+3+5+4	0-18
Xerus_inauris	South African ground squirrel	Xerus inauris	0	0	0	0	0	0			clear_terrestrial_zero	High	ADW describes South African ground squirrel with habitat regions (tropical, terrestrial), habitat text states 'Cape ground squirrels live in tropical regions', supporting terrestrial habitat association.	https://animaldiversity.org/accounts/Xerus_inauris/	0	non-marine	not_listed	original_aquatic_table	TY_NK_final_18pt	3+3+3+5+4	0-18
