gene	in_marine_slow	in_aquatic_slow	partition	marine_direction	aquatic_direction	marine_FDR	aquatic_FDR	marine_statistic_if_available	aquatic_statistic_if_available
A2ML1	FALSE	FALSE	shared_fast	fast	fast	0.000306074	0.000262377	-4.689899	-4.778224
ABCA6	TRUE	TRUE	shared_slow	slow	slow	4.43201e-05	0.000817126	5.130941	4.312289
ABCB5	FALSE	FALSE	shared_fast	fast	fast	0.00190272	0.00472356	-4.085368	-3.794822
ABCC1	TRUE	FALSE	marine_only_slow	slow	not_significant	0.000370427		4.498934	2.372746
ABCC2	TRUE	TRUE	shared_slow	slow	slow	0.00375303	0.00485522	3.734909	3.694814
ABCC6	TRUE	FALSE	marine_only_slow	slow	not_significant	0.00180475		4.021493	3.427787
ABCD1	TRUE	FALSE	marine_only_slow	slow	not_significant	0.00482149		3.678454	2.858197
ABHD13	TRUE	TRUE	shared_slow	slow	slow	5.60931e-05	0.000660801	5.061577	4.381915
ABHD15	TRUE	FALSE	marine_only_slow	slow	not_significant	0.00232492		3.961358	3.417994
ABHD8	TRUE	TRUE	shared_slow	slow	slow	3.32781e-05	0.000101293	5.199816	4.949447
AC004067	FALSE	TRUE	aquatic_only_slow	not_significant	slow		0.00425589	3.328813	3.773250
AC008397	TRUE	TRUE	shared_slow	slow	slow	2.10868e-05	0.00047434	5.285410	4.481339
AC092835	FALSE	TRUE	aquatic_only_slow	not_significant	slow		0.0064091	3.165963	3.621670
ACAD11	TRUE	TRUE	shared_slow	slow	slow	0.000607915	0.000512643	4.422638	4.528645
ACADL	TRUE	TRUE	shared_slow	slow	slow	6.05636e-06	0.000130676	5.680137	4.893287
ACADM	TRUE	FALSE	marine_only_slow	slow	not_significant	0.00109842		4.167023	3.129066
ACADSB	TRUE	TRUE	shared_slow	slow	slow	0.00760819	0.00803173	3.501075	3.533296
ACCSL	FALSE	FALSE	shared_fast	fast	fast	0.00274099	0.00397943	-4.024774	-3.914079
ACIN1	TRUE	FALSE	marine_only_slow	slow	not_significant	0.003642		3.785580	3.036982
ACKR4	TRUE	TRUE	shared_slow	slow	slow	0.000491183	0.00325054	4.455702	3.867652
ACOT12	TRUE	TRUE	shared_slow	slow	slow	0.00626229	0.00987673	3.586226	3.463024
ACOT13	TRUE	TRUE	shared_slow	slow	slow	1.41482e-07	4.03709e-07	6.547527	6.299053
ACOX1	TRUE	FALSE	marine_only_slow	slow	not_significant	0.00348347		3.795068	3.053121
ACOX3	TRUE	TRUE	shared_slow	slow	slow	0.00459575	0.00185716	3.688763	4.055340
ACP4	FALSE	FALSE	shared_fast	fast	fast	0.000914031	0.0033103	-4.357714	-3.924485
ACSBG2	TRUE	TRUE	shared_slow	slow	slow	0.00444526	0.0065805	3.663009	3.582312
ACVR1	TRUE	TRUE	shared_slow	slow	slow	7.83203e-05	0.00183173	5.009129	4.062405
ADAM2	TRUE	TRUE	shared_slow	slow	slow	0.00796741	0.00187072	3.495913	4.080748
ADAM20	TRUE	TRUE	shared_slow	slow	slow	2.22515e-08	2.149e-07	6.781061	6.384114
ADAM29	TRUE	TRUE	shared_slow	slow	slow	4.61891e-10	2.74607e-09	7.606858	7.262008
ADAM32	TRUE	TRUE	shared_slow	slow	slow	0.000816511	0.000784082	4.184386	4.283928
ADAMTS10	TRUE	FALSE	marine_only_slow	slow	not_significant	0.000124083		4.862775	3.273215
ADAMTS3	TRUE	FALSE	marine_only_slow	slow	not_significant	0.00551071		3.620005	2.661848
ADAMTS7	TRUE	FALSE	marine_only_slow	slow	not_significant	0.00395034		3.674346	3.272826
ADAMTS9	TRUE	TRUE	shared_slow	slow	slow	0.00518738	0.00613041	3.629899	3.624133
ADCY10	TRUE	TRUE	shared_slow	slow	slow	1.68779e-10	1.83834e-09	7.805891	7.318638
ADCY9	TRUE	TRUE	shared_slow	slow	slow	0.000525474	0.00532446	4.383737	3.679590
ADD2	FALSE	FALSE	shared_fast	fast	fast	0.00379706	0.00505111	-3.787404	-3.734926
ADD3	TRUE	TRUE	shared_slow	slow	slow	0.00475715	0.00253813	3.682457	3.951007
ADGRF3	FALSE	FALSE	shared_fast	fast	fast	0.00405555	0.00719236	-3.897436	-3.683134
ADGRV1	TRUE	TRUE	shared_slow	slow	slow	0.000774306	0.00650366	4.317467	3.627065
ADH1A	TRUE	TRUE	shared_slow	slow	slow	0.00792449	0.00903693	3.450871	3.472757
ADM	TRUE	TRUE	shared_slow	slow	slow	0.000255022	0.000583807	4.529156	4.366079
ADRB3	FALSE	FALSE	shared_fast	fast	fast	0.0026997	0.00453381	-3.978500	-3.828218
AFM	TRUE	TRUE	shared_slow	slow	slow	0.00128614	0.00532446	4.131033	3.694650
AGL	TRUE	TRUE	shared_slow	slow	slow	0.00185448	0.000982152	3.962947	4.227504
AGO1	TRUE	FALSE	marine_only_slow	slow	not_significant	0.00689163		3.549270	2.960026
AGPAT4	TRUE	TRUE	shared_slow	slow	slow	0.00208829	0.00230457	3.955704	3.968320
AGPAT5	TRUE	TRUE	shared_slow	slow	slow	0.00637497	0.00743127	3.561558	3.556970
AHCTF1	TRUE	TRUE	shared_slow	slow	slow	8.13985e-09	2.45006e-07	7.134357	6.392305
AHRR	FALSE	TRUE	aquatic_only_slow	not_significant	slow		0.00730413	3.373152	3.561300
AIF1L	TRUE	TRUE	shared_slow	slow	slow	0.00315674	0.00415841	3.825326	3.778239
AJAP1	TRUE	FALSE	marine_only_slow	slow	not_significant	0.00327547		3.810188	2.823042
AK4	TRUE	FALSE	marine_only_slow	slow	not_significant	0.00911352		3.434915	3.259927
AK9	FALSE	TRUE	aquatic_only_slow	not_significant	slow		0.0075517	3.009810	3.558045
AKAP8	TRUE	TRUE	shared_slow	slow	slow	0.000399709	0.000777717	4.490060	4.339087
AKAP9	FALSE	TRUE	aquatic_only_slow	not_significant	slow		0.00678779	3.215211	3.580095
AKR1B1	TRUE	FALSE	marine_only_slow	slow	not_significant	0.00831243		3.449630	2.616004
AKR1D1	TRUE	TRUE	shared_slow	slow	slow	2.84206e-05	0.000191132	5.307064	4.807134
AL353579	TRUE	TRUE	shared_slow	slow	slow	0.000244179	4.84455e-05	4.655665	5.169242
ALAS1	TRUE	TRUE	shared_slow	slow	slow	9.39361e-05	0.00178893	4.970930	4.075242
ALG14	TRUE	TRUE	shared_slow	slow	slow	0.00393404	0.00229154	3.722404	3.959394
ALOX12B	FALSE	FALSE	shared_fast	fast	fast	0.00978426	0.00652129	-3.734395	-3.843735
ALX3	TRUE	TRUE	shared_slow	slow	slow	0.000196331	0.00269218	4.682105	3.901388
ALYREF	TRUE	TRUE	shared_slow	slow	slow	2.56919e-05	0.000460502	5.223111	4.467156
AMER2	TRUE	TRUE	shared_slow	slow	slow	0.00588439	0.0015158	3.630960	4.153161
AMFR	TRUE	TRUE	shared_slow	slow	slow	0.00162196	0.00153893	4.047719	4.113039
AMH	TRUE	FALSE	marine_only_slow	slow	not_significant	0.00176517		4.081884	1.540983
AMN	TRUE	TRUE	shared_slow	slow	slow	0.00355472	0.00284283	3.794573	3.919837
ANGEL2	TRUE	TRUE	shared_slow	slow	slow	0.001283	0.00221041	4.134150	3.994878
ANGPT4	TRUE	TRUE	shared_slow	slow	slow	1.68502e-05	4.16145e-05	5.298083	5.127413
ANKAR	TRUE	FALSE	marine_only_slow	slow	not_significant	0.0028595		3.836437	2.247754
ANKLE1	TRUE	TRUE	shared_slow	slow	slow	1.62317e-09	4.85117e-07	7.491011	6.285154
ANKRA2	TRUE	TRUE	shared_slow	slow	slow	0.00320963	0.00229273	3.838334	3.998150
ANKRD35	FALSE	FALSE	marine_fast_only	fast	not_significant	0.00459908		-3.716684	-3.452551
ANKRD50	TRUE	FALSE	marine_only_slow	slow	not_significant	0.00986825		3.364553	3.254387
ANKRD7	FALSE	TRUE	aquatic_only_slow	not_significant	slow		0.0062993	3.236693	3.620981
ANKS3	TRUE	TRUE	shared_slow	slow	slow	0.00132699	0.00656646	4.111995	3.606058
ANO2	FALSE	FALSE	shared_fast	fast	fast	2.29629e-06	3.78424e-07	-6.119187	-6.580159
ANO4	FALSE	FALSE	aquatic_fast_only	not_significant	fast		0.00661948	-3.139968	-3.630305
ANO5	TRUE	TRUE	shared_slow	slow	slow	0.00289564	0.000965239	3.866764	4.285656
ANO6	TRUE	TRUE	shared_slow	slow	slow	0.00760819	0.00195464	3.499409	4.042738
ANP32B	TRUE	TRUE	shared_slow	slow	slow	0.00842472	0.00740481	3.436610	3.543349
ANPEP	FALSE	FALSE	marine_fast_only	fast	not_significant	0.007667		-3.515047	-3.453177
AP3B1	TRUE	TRUE	shared_slow	slow	slow	0.0020402	0.00453381	3.987490	3.753256
APH1B	TRUE	TRUE	shared_slow	slow	slow	2.08411e-05	0.00887617	5.364228	3.501478
APOA1	TRUE	TRUE	shared_slow	slow	slow	0.000747836	0.000296942	4.218032	4.567023
APOC3	TRUE	TRUE	shared_slow	slow	slow	0.00378326	0.00259339	3.695606	3.886620
APPL1	TRUE	TRUE	shared_slow	slow	slow	0.00117222	0.00656772	4.161738	3.606917
ARG1	TRUE	FALSE	marine_only_slow	slow	not_significant	0.00199077		4.000449	3.436094
ARHGAP28	TRUE	TRUE	shared_slow	slow	slow	0.0052726	0.00372524	3.652934	3.833690
ARHGAP42	TRUE	TRUE	shared_slow	slow	slow	2.78236e-07	1.61658e-06	6.462221	6.047014
ARL5B	TRUE	FALSE	marine_only_slow	slow	not_significant	0.00261089		3.825732	3.156596
ARMH2	TRUE	FALSE	marine_only_slow	slow	not_significant	0.00717852		3.518474	3.252842
ARNT	TRUE	TRUE	shared_slow	slow	slow	0.00268065	0.00606172	3.893159	3.647442
ARPC3	TRUE	TRUE	shared_slow	slow	slow	5.67275e-05	4.03258e-05	5.008496	5.159356
ARRDC3	TRUE	TRUE	shared_slow	slow	slow	0.00419268	0.00767059	3.730564	3.555078
ARSA	TRUE	TRUE	shared_slow	slow	slow	0.00262095	0.00546614	3.896519	3.684135
ASB7	TRUE	TRUE	shared_slow	slow	slow	0.0054025	0.00689812	3.613629	3.572434
ASCL2	TRUE	TRUE	shared_slow	slow	slow	0.000568015	0.000516349	4.406706	4.493389
ASGR2	TRUE	FALSE	marine_only_slow	slow	not_significant	0.00377604		3.747390	3.303871
ASH2L	TRUE	TRUE	shared_slow	slow	slow	0.00653606	0.00460848	3.574467	3.763564
ASMTL	TRUE	TRUE	shared_slow	slow	slow	2.70881e-05	0.000157403	5.248249	4.811984
ATF7IP2	TRUE	TRUE	shared_slow	slow	slow	0.00385672	0.00145416	3.770179	4.166866
ATG2A	TRUE	TRUE	shared_slow	slow	slow	0.00347097	0.00878732	3.794983	3.503459
ATP10A	TRUE	TRUE	shared_slow	slow	slow	0.00190995	0.000635968	3.966380	4.379429
ATP13A1	TRUE	TRUE	shared_slow	slow	slow	0.00091409	0.00475758	4.269599	3.741424
ATP1A4	FALSE	FALSE	shared_fast	fast	fast	0.000853881	0.00119853	-4.367830	-4.297163
ATP2B4	TRUE	TRUE	shared_slow	slow	slow	3.6421e-08	2.55274e-07	6.842914	6.395974
ATRIP	TRUE	TRUE	shared_slow	slow	slow	0.00127567	0.00188602	4.142739	4.052641
ATRX	TRUE	TRUE	shared_slow	slow	slow	6.48153e-05	5.95975e-05	5.096387	5.152093
ATXN7L3	TRUE	FALSE	marine_only_slow	slow	not_significant	0.000985506		4.189244	3.193825
AURKA	TRUE	TRUE	shared_slow	slow	slow	2.61891e-07	2.03104e-05	6.480674	5.433567
AURKC	TRUE	FALSE	marine_only_slow	slow	not_significant	0.00584648		3.538643	3.337072
AVPR2	TRUE	TRUE	shared_slow	slow	slow	0.00421886	0.00335516	3.688302	3.822326
AXDND1	TRUE	TRUE	shared_slow	slow	slow	2.6631e-05	1.9646e-05	5.283810	5.414525
AXIN1	TRUE	TRUE	shared_slow	slow	slow	6.02421e-08	2.11185e-05	6.749612	5.396514
AZI2	TRUE	TRUE	shared_slow	slow	slow	4.00058e-06	2.9331e-06	5.784072	5.875458
B3GALNT2	TRUE	FALSE	marine_only_slow	slow	not_significant	0.00830137		3.438215	3.037514
B3GNT2	TRUE	FALSE	marine_only_slow	slow	not_significant	0.00749018		3.502839	3.214456
B3GNT9	TRUE	TRUE	shared_slow	slow	slow	0.00278025	0.00135652	3.885773	4.173327
B4GAT1	TRUE	TRUE	shared_slow	slow	slow	0.00444186	0.00539301	3.706654	3.687251
BAHCC1	TRUE	TRUE	shared_slow	slow	slow	3.11543e-05	0.000408379	5.279793	4.558325
BAIAP3	TRUE	TRUE	shared_slow	slow	slow	1.54705e-05	1.37505e-05	5.476484	5.536498
BAK1	TRUE	TRUE	shared_slow	slow	slow	0.000624951	0.00549391	4.345072	3.665669
BAMBI	FALSE	FALSE	shared_fast	fast	fast	0.00577839	0.00454136	-3.642727	-3.788023
BAZ1B	TRUE	FALSE	marine_only_slow	slow	not_significant	0.00320019		3.838153	2.865037
BAZ2A	TRUE	FALSE	marine_only_slow	slow	not_significant	0.00718333		3.507338	3.012047
BCL2A1	TRUE	TRUE	shared_slow	slow	slow	4.15773e-08	1.11351e-07	6.750556	6.565893
BCL2L10	FALSE	TRUE	aquatic_only_slow	not_significant	slow		0.00236873	3.250849	4.061287
BCL2L12	TRUE	FALSE	marine_only_slow	slow	not_significant	0.0013962		4.072338	1.633098
BCL2L15	TRUE	TRUE	shared_slow	slow	slow	0.00715953	0.00281354	3.514218	3.910149
BCL6B	TRUE	FALSE	marine_only_slow	slow	not_significant	0.00465871		3.692291	2.749124
BCLAF3	TRUE	TRUE	shared_slow	slow	slow	1.54815e-05	0.000106078	5.401317	4.927165
BCO1	FALSE	FALSE	marine_fast_only	fast	not_significant	0.00862187		-3.475088	-3.035634
BDP1	TRUE	TRUE	shared_slow	slow	slow	6.94296e-05	9.39596e-05	4.889477	4.900218
BEND3	TRUE	FALSE	marine_only_slow	slow	not_significant	0.00853139		3.457250	2.558015
BHLHB9	TRUE	TRUE	shared_slow	slow	slow	9.14036e-06	0.000132999	5.563205	4.863919
BICRA	TRUE	TRUE	shared_slow	slow	slow	0.000426676	0.000985582	4.416096	4.225600
BMPR1A	TRUE	TRUE	shared_slow	slow	slow	0.00832833	0.00878732	3.444865	3.482310
BMPR2	TRUE	FALSE	marine_only_slow	slow	not_significant	0.00151315		4.065452	2.798813
BMT2	TRUE	TRUE	shared_slow	slow	slow	0.00486492	0.00587951	3.674166	3.663774
BRD2	TRUE	FALSE	marine_only_slow	slow	not_significant	0.00162437		4.051615	3.363247
BRD4	TRUE	TRUE	shared_slow	slow	slow	0.00347245	0.00654101	3.746601	3.579116
BRPF3	TRUE	FALSE	marine_only_slow	slow	not_significant	0.00199428		3.998264	3.324679
BRS3	TRUE	TRUE	shared_slow	slow	slow	0.00467717	0.00342878	3.691325	3.851933
BRWD3	TRUE	TRUE	shared_slow	slow	slow	0.00055734	0.00505111	4.380331	3.697693
BTK	TRUE	TRUE	shared_slow	slow	slow	0.000149782	0.000453604	4.837882	4.533959
BTNL2	TRUE	TRUE	shared_slow	slow	slow	7.59025e-06	3.83746e-05	5.501298	5.158919
BTNL9	TRUE	TRUE	shared_slow	slow	slow	0.000464113	0.000193359	4.455490	4.778477
C11orf65	TRUE	TRUE	shared_slow	slow	slow	0.000894797	0.000879873	4.274939	4.334422
C11orf80	TRUE	FALSE	marine_only_slow	slow	not_significant	0.00676382		3.558065	3.238212
C12orf40	TRUE	TRUE	shared_slow	slow	slow	0.000148617	0.000130569	4.860429	4.929896
C15orf48	TRUE	TRUE	shared_slow	slow	slow	0.00996127	0.00737174	3.387663	3.558963
C16orf91	TRUE	TRUE	shared_slow	slow	slow	0.00762656	0.00536994	3.494639	3.687341
C17orf99	TRUE	TRUE	shared_slow	slow	slow	0.00635342	0.00296163	3.588549	3.893808
C19orf25	FALSE	FALSE	shared_fast	fast	fast	0.00742124	0.0092553	-3.546315	-3.521192
C19orf44	TRUE	TRUE	shared_slow	slow	slow	0.00446985	0.00814857	3.699447	3.524844
C1QA	TRUE	TRUE	shared_slow	slow	slow	0.00110676	0.00449798	4.159153	3.732574
C1orf112	TRUE	TRUE	shared_slow	slow	slow	6.46448e-07	0.000355388	6.250179	4.602495
C20orf204	TRUE	TRUE	shared_slow	slow	slow	0.000454095	0.000827685	4.482269	4.343643
C20orf27	TRUE	FALSE	marine_only_slow	slow	not_significant	0.00366901		3.735912	3.374692
C2CD5	TRUE	FALSE	marine_only_slow	slow	not_significant	0.00732235		3.509186	3.374646
C2orf81	FALSE	TRUE	aquatic_only_slow	not_significant	slow		0.00126728	3.344848	4.265074
C2orf88	TRUE	FALSE	marine_only_slow	slow	not_significant	0.00459908		3.677279	3.226647
C3	TRUE	TRUE	shared_slow	slow	slow	0.00213034	0.00723529	3.880885	3.533079
C4orf47	TRUE	TRUE	shared_slow	slow	slow	0.00329742	0.00385441	3.818256	3.809973
C6orf136	TRUE	TRUE	shared_slow	slow	slow	0.00104034	0.00594983	4.161454	3.631978
CA1	TRUE	TRUE	shared_slow	slow	slow	0.000738625	0.00283917	4.275204	3.885947
CA2	TRUE	TRUE	shared_slow	slow	slow	0.00546107	0.00334362	3.629170	3.852195
CAAP1	TRUE	FALSE	marine_only_slow	slow	not_significant	0.00436451		3.717699	3.182142
CACHD1	TRUE	TRUE	shared_slow	slow	slow	0.000434974	0.00135652	4.492707	4.169629
CACNA1C	FALSE	FALSE	shared_fast	fast	fast	0.000940706	0.00269573	-4.303153	-3.972660
CACNA1F	TRUE	TRUE	shared_slow	slow	slow	0.000245764	0.000840816	4.627443	4.294709
CACNA1G	FALSE	FALSE	shared_fast	fast	fast	0.000676535	0.000191132	-4.377585	-4.848159
CACNB2	FALSE	FALSE	marine_fast_only	fast	not_significant	0.00777824		-3.521503	-3.433364
CACNB3	TRUE	TRUE	shared_slow	slow	slow	0.00512139	0.00670693	3.651588	3.602278
CALCRL	TRUE	FALSE	marine_only_slow	slow	not_significant	3.98533e-06		5.757349	2.880345
CALHM1	FALSE	FALSE	shared_fast	fast	fast	1.56547e-05	2.12363e-05	-5.654499	-5.585289
CALML3	FALSE	FALSE	shared_fast	fast	fast	3.54891e-05	0.000104286	-5.318328	-5.038576
CALR3	TRUE	TRUE	shared_slow	slow	slow	0.00131752	0.000499394	4.118953	4.482028
CAPN12	FALSE	FALSE	shared_fast	fast	fast	1.35965e-06	1.64695e-06	-6.270059	-6.204026
CAPN13	FALSE	FALSE	shared_fast	fast	fast	0.00397642	0.00558711	-3.878196	-3.773058
CAPN14	FALSE	FALSE	shared_fast	fast	fast	1.73846e-05	4.10586e-05	-5.626582	-5.412156
CAPSL	FALSE	FALSE	shared_fast	fast	fast	0.00216953	0.00755315	-4.005061	-3.586578
CAPZA1	TRUE	FALSE	marine_only_slow	slow	not_significant	0.00819352		3.445611	3.404051
CASP1	TRUE	FALSE	marine_only_slow	slow	not_significant	0.00232438		3.994863	3.375305
CASTOR1	TRUE	TRUE	shared_slow	slow	slow	0.000242071	0.000125867	4.673074	4.916627
CATSPER1	TRUE	TRUE	shared_slow	slow	slow	0.000532234	0.000191132	4.348332	4.719945
CATSPER2	TRUE	TRUE	shared_slow	slow	slow	0.0049796	0.0032531	3.634327	3.832033
CATSPER4	TRUE	TRUE	shared_slow	slow	slow	1.73604e-05	1.55286e-05	5.364427	5.451486
CATSPERB	TRUE	TRUE	shared_slow	slow	slow	3.1691e-10	2.16498e-09	7.777186	7.363316
CATSPERD	TRUE	TRUE	shared_slow	slow	slow	1.25747e-05	1.21822e-06	5.463699	6.038872
CATSPERE	TRUE	TRUE	shared_slow	slow	slow	1.17218e-07	2.88083e-08	6.643841	6.934987
CATSPERG	TRUE	TRUE	shared_slow	slow	slow	3.29166e-12	7.95962e-15	8.642820	9.530151
CATSPERZ	TRUE	TRUE	shared_slow	slow	slow	2.72593e-11	1.56258e-11	8.219833	8.251177
CBARP	TRUE	TRUE	shared_slow	slow	slow	0.000264687	0.000223888	4.627289	4.711527
CBFB	TRUE	FALSE	marine_only_slow	slow	not_significant	0.0033763		3.802609	2.954276
CBLB	FALSE	TRUE	aquatic_only_slow	not_significant	slow		0.00881686	3.329948	3.485644
CBX2	TRUE	FALSE	marine_only_slow	slow	not_significant	0.00652724		3.552026	2.391887
CBX7	TRUE	TRUE	shared_slow	slow	slow	1.39642e-05	3.85216e-05	5.458225	5.239738
CBY2	FALSE	FALSE	shared_fast	fast	fast	9.61919e-05	0.000293186	-5.047977	-4.730539
CCDC102B	TRUE	TRUE	shared_slow	slow	slow	0.00107029	0.00453881	4.219934	3.764555
CCDC158	FALSE	FALSE	shared_fast	fast	fast	0.00489076	0.000923677	-3.709252	-4.362492
CCDC174	TRUE	TRUE	shared_slow	slow	slow	0.00628729	0.00306051	3.555088	3.862047
CCDC175	FALSE	TRUE	aquatic_only_slow	not_significant	slow		0.00845681	3.057396	3.494474
CCDC178	TRUE	TRUE	shared_slow	slow	slow	4.11098e-05	6.78904e-06	5.223572	5.745336
CCDC189	TRUE	TRUE	shared_slow	slow	slow	0.000296355	0.00209632	4.559377	4.000289
CCDC28B	TRUE	TRUE	shared_slow	slow	slow	4.82672e-05	0.00447008	5.016891	3.716605
CCDC33	FALSE	FALSE	marine_fast_only	fast	not_significant	0.00626229		-3.607643	-3.227734
CCDC39	TRUE	TRUE	shared_slow	slow	slow	0.000702067	0.00158486	4.275633	4.075132
CCDC40	TRUE	TRUE	shared_slow	slow	slow	0.000118408	5.80097e-05	4.871490	5.115683
CCDC51	TRUE	TRUE	shared_slow	slow	slow	0.00111551	0.0023579	4.187259	3.976696
CCDC57	TRUE	FALSE	marine_only_slow	slow	not_significant	0.000116856		4.880722	3.383766
CCDC73	TRUE	TRUE	shared_slow	slow	slow	0.000247847	0.00599269	4.685396	3.656838
CCDC78	TRUE	FALSE	marine_only_slow	slow	not_significant	0.0024784		3.908453	3.242262
CCDC93	FALSE	FALSE	shared_fast	fast	fast	0.00381319	0.00661948	-3.785684	-3.634204
CCL25	TRUE	TRUE	shared_slow	slow	slow	0.00705329	0.00642336	3.512837	3.607202
CCNE1	TRUE	TRUE	shared_slow	slow	slow	0.000256312	0.000315923	4.634088	4.603939
CCNF	TRUE	TRUE	shared_slow	slow	slow	0.000367292	0.00100892	4.529498	4.257579
CCNG2	TRUE	FALSE	marine_only_slow	slow	not_significant	0.00456982		3.672693	1.235006
CCNI2	TRUE	TRUE	shared_slow	slow	slow	0.0015202	0.00259339	4.068039	3.942508
CCNP	TRUE	TRUE	shared_slow	slow	slow	0.000185984	0.000125959	4.719828	4.877464
CCR3	TRUE	TRUE	shared_slow	slow	slow	0.000720746	0.000315923	4.320604	4.632415
CCR5	TRUE	FALSE	marine_only_slow	slow	not_significant	0.00841873		3.447798	3.337943
CCRL2	TRUE	TRUE	shared_slow	slow	slow	1.25428e-06	2.25329e-07	6.116054	6.502570
CCSAP	TRUE	TRUE	shared_slow	slow	slow	0.000138648	0.00431615	4.791672	3.747047
CD2	TRUE	TRUE	shared_slow	slow	slow	0.00159533	0.00126728	4.069286	4.197011
CD244	TRUE	TRUE	shared_slow	slow	slow	0.000479381	0.000864466	4.450977	4.318265
CD28	TRUE	FALSE	marine_only_slow	slow	not_significant	0.00217693		3.968910	3.051076
CD320	TRUE	TRUE	shared_slow	slow	slow	0.000111499	0.000487536	4.927770	4.512937
CD34	TRUE	TRUE	shared_slow	slow	slow	0.000630881	0.000512643	4.402528	4.520752
CD58	TRUE	TRUE	shared_slow	slow	slow	3.36607e-05	2.50836e-05	5.195796	5.337870
CD5L	TRUE	FALSE	marine_only_slow	slow	not_significant	0.00689163		3.488674	2.631655
CD6	TRUE	TRUE	shared_slow	slow	slow	0.000220283	0.000559366	4.712465	4.461096
CD80	TRUE	TRUE	shared_slow	slow	slow	1.15591e-08	1.83268e-08	7.094196	6.966641
CD86	FALSE	TRUE	aquatic_only_slow	not_significant	slow		0.0030975	3.101267	3.873326
CD8A	TRUE	TRUE	shared_slow	slow	slow	5.2586e-05	0.00223676	5.119026	3.998169
CDC14B	FALSE	TRUE	aquatic_only_slow	not_significant	slow		0.00778845	3.077328	3.550715
CDC25B	TRUE	TRUE	shared_slow	slow	slow	2.51667e-05	0.000249423	5.367023	4.730823
CDC42BPB	TRUE	TRUE	shared_slow	slow	slow	0.00023047	0.000194628	4.671083	4.755844
CDCA2	TRUE	TRUE	shared_slow	slow	slow	0.000173304	0.00020649	4.773717	4.752680
CDH19	TRUE	TRUE	shared_slow	slow	slow	0.00315674	0.00254038	3.833944	3.952720
CDHR4	TRUE	TRUE	shared_slow	slow	slow	8.54043e-06	4.08647e-06	5.631432	5.816277
CDK17	TRUE	TRUE	shared_slow	slow	slow	0.00571425	0.00912512	3.620865	3.491315
CDK19	TRUE	FALSE	marine_only_slow	slow	not_significant	0.00453325		3.694512	3.177139
CDK4	TRUE	TRUE	shared_slow	slow	slow	0.00375389	0.00991054	3.755108	3.443191
CDKN1C	TRUE	TRUE	shared_slow	slow	slow	1.78589e-09	4.53759e-10	7.396669	7.618892
CDO1	TRUE	TRUE	shared_slow	slow	slow	0.000363362	0.00036026	4.533763	4.581662
CDS2	TRUE	TRUE	shared_slow	slow	slow	1.67097e-05	0.000258775	5.483981	4.715041
CDSN	TRUE	FALSE	marine_only_slow	slow	not_significant	0.00360686		3.709169	3.256466
CELSR3	TRUE	FALSE	marine_only_slow	slow	not_significant	0.000643493		4.366112	3.278846
CEMIP2	TRUE	FALSE	marine_only_slow	slow	not_significant	0.00223948		3.955643	3.343121
CENPC	TRUE	TRUE	shared_slow	slow	slow	5.726e-08	2.25318e-07	6.939915	6.593731
CENPI	TRUE	TRUE	shared_slow	slow	slow	0.00187458	0.00447008	3.923755	3.709880
CENPK	FALSE	TRUE	aquatic_only_slow	not_significant	slow		0.00682864	3.258466	3.599787
CENPL	TRUE	TRUE	shared_slow	slow	slow	1.73604e-05	2.25987e-05	5.427767	5.395651
CENPP	TRUE	TRUE	shared_slow	slow	slow	6.40004e-05	0.000185709	5.041593	4.777213
CENPT	TRUE	TRUE	shared_slow	slow	slow	0.000524814	0.000789205	4.412648	4.349403
CEP170	TRUE	TRUE	shared_slow	slow	slow	8.08671e-07	2.82225e-05	6.203428	5.330427
CEP192	TRUE	TRUE	shared_slow	slow	slow	3.98533e-06	3.90073e-05	5.602300	5.136700
CEP350	TRUE	TRUE	shared_slow	slow	slow	1.97322e-05	0.00129	5.317558	4.149070
CEP85L	TRUE	TRUE	shared_slow	slow	slow	0.000150579	0.00126728	4.789060	4.170079
CFAP36	TRUE	TRUE	shared_slow	slow	slow	0.00333198	0.00845681	3.788494	3.498993
CFAP43	TRUE	TRUE	shared_slow	slow	slow	1.7096e-05	0.000239516	5.415524	4.706936
CFI	TRUE	TRUE	shared_slow	slow	slow	0.000816511	0.000205252	4.270912	4.753725
CFL1	TRUE	TRUE	shared_slow	slow	slow	2.45444e-05	0.00071471	5.199780	4.321243
CFLAR	TRUE	FALSE	marine_only_slow	slow	not_significant	0.00904245		3.433795	2.582084
CGA	TRUE	TRUE	shared_slow	slow	slow	0.000137119	0.000213704	4.791494	4.704430
CHAF1A	TRUE	TRUE	shared_slow	slow	slow	0.000544252	0.00289474	4.390246	3.886201
CHD1	TRUE	TRUE	shared_slow	slow	slow	2.98805e-06	6.95846e-06	5.926016	5.737914
CHD9	TRUE	TRUE	shared_slow	slow	slow	0.000144194	0.00305869	4.843047	3.881306
CHM	TRUE	TRUE	shared_slow	slow	slow	0.000169842	0.000843309	4.826531	4.355479
CHRD	TRUE	FALSE	marine_only_slow	slow	not_significant	0.00162437		4.066305	3.321535
CHST7	TRUE	TRUE	shared_slow	slow	slow	0.00505456	0.00289474	3.674728	3.915753
CHSY1	TRUE	TRUE	shared_slow	slow	slow	0.00184544	0.00068474	3.995785	4.370617
CIAO2B	TRUE	TRUE	shared_slow	slow	slow	0.000665963	0.00166551	4.332933	4.090443
CIAO3	TRUE	FALSE	marine_only_slow	slow	not_significant	1.143e-05		5.553978	2.943457
CIB1	TRUE	TRUE	shared_slow	slow	slow	6.31357e-05	7.90169e-05	4.922873	4.946382
CIBAR2	FALSE	FALSE	shared_fast	fast	fast	0.00533252	0.00469701	-3.746027	-3.827751
CIITA	TRUE	TRUE	shared_slow	slow	slow	0.000352946	0.00130202	4.550602	4.176941
CILP2	TRUE	TRUE	shared_slow	slow	slow	1.35965e-06	1.34952e-05	6.111169	5.552139
CIRBP	TRUE	FALSE	marine_only_slow	slow	not_significant	1.93311e-05		5.233047	1.194442
CISD2	TRUE	FALSE	marine_only_slow	slow	not_significant	0.000556778		4.374516	3.394136
CKAP5	TRUE	FALSE	marine_only_slow	slow	not_significant	0.0023317		3.945189	2.755495
CLASP2	TRUE	TRUE	shared_slow	slow	slow	3.59197e-06	5.79293e-07	5.812793	6.239690
CLCNKA	TRUE	FALSE	marine_only_slow	slow	not_significant	0.00990242		3.355692	3.189464
CLDN25	FALSE	FALSE	marine_fast_only	fast	not_significant	0.00955499		-3.514339	-3.440628
CLEC14A	TRUE	TRUE	shared_slow	slow	slow	0.00128614	0.00307856	4.179597	3.902671
CLEC18A	TRUE	TRUE	shared_slow	slow	slow	0.00227838	0.00648272	3.955841	3.630028
CLEC18B	TRUE	TRUE	shared_slow	slow	slow	0.00153478	0.00431323	4.051669	3.751415
CLEC18C	TRUE	FALSE	marine_only_slow	slow	not_significant	0.0015399		4.083162	3.447337
CLPSL2	FALSE	FALSE	shared_fast	fast	fast	0.0034769	0.00325054	-3.856129	-3.937942
CLSTN2	FALSE	FALSE	shared_fast	fast	fast	0.000344147	0.000307883	-4.615182	-4.692281
CLTCL1	TRUE	TRUE	shared_slow	slow	slow	0.00419268	0.00269037	3.998087	4.049490
CLU	TRUE	FALSE	marine_only_slow	slow	not_significant	0.00926198		3.375164	3.144318
CLUAP1	TRUE	TRUE	shared_slow	slow	slow	0.00617734	0.00941502	3.580941	3.468386
CLUL1	TRUE	FALSE	marine_only_slow	slow	not_significant	0.00885252		3.397045	3.054375
CMC4	TRUE	FALSE	marine_only_slow	slow	not_significant	0.00459575		3.679068	2.783231
CMTM6	FALSE	TRUE	aquatic_only_slow	not_significant	slow		0.00695702	2.692869	3.581410
CNBD1	FALSE	TRUE	aquatic_only_slow	not_significant	slow		0.00446232	2.902200	3.811444
CNGA4	FALSE	FALSE	shared_fast	fast	fast	0.00842137	0.00767673	-3.539288	-3.623040
CNOT10	TRUE	TRUE	shared_slow	slow	slow	0.000154929	0.000660707	4.768360	4.372502
CNOT6	TRUE	TRUE	shared_slow	slow	slow	0.00752549	0.00213052	3.494592	3.996321
CNST	TRUE	TRUE	shared_slow	slow	slow	0.000321102	0.000419697	4.542496	4.510671
CNTN2	TRUE	FALSE	marine_only_slow	slow	not_significant	0.00180028		4.009902	2.530769
CNTRL	TRUE	FALSE	marine_only_slow	slow	not_significant	0.00727025		3.501097	3.147693
COL11A1	FALSE	TRUE	aquatic_only_slow	not_significant	slow		0.00909366	3.273792	3.446154
COL19A1	FALSE	FALSE	shared_fast	fast	fast	0.000532234	0.00119853	-4.467248	-4.252763
COL20A1	FALSE	FALSE	shared_fast	fast	fast	0.00875242	0.00267595	-3.454973	-3.957386
COL4A1	TRUE	FALSE	marine_only_slow	slow	not_significant	0.00684229		3.549766	3.306323
COL5A2	TRUE	FALSE	marine_only_slow	slow	not_significant	0.000168459		4.777957	2.629121
COL7A1	TRUE	FALSE	marine_only_slow	slow	not_significant	0.00459575		3.658278	3.365185
COL9A1	FALSE	FALSE	shared_fast	fast	fast	1.00076e-05	1.93913e-05	-5.707512	-5.550913
COMMD4	TRUE	TRUE	shared_slow	slow	slow	1.15591e-08	1.82723e-09	6.907648	7.267178
COMT	TRUE	TRUE	shared_slow	slow	slow	0.00082372	0.00128867	4.265184	4.173714
COP1	FALSE	TRUE	aquatic_only_slow	not_significant	slow		0.00987673	3.073487	3.436966
COPS8	TRUE	FALSE	marine_only_slow	slow	not_significant	0.00283095		3.841714	2.991610
CORO2A	FALSE	TRUE	aquatic_only_slow	not_significant	slow		0.00499762	3.105948	3.720488
CPA3	FALSE	FALSE	shared_fast	fast	fast	0.00184544	0.00450743	-4.105932	-3.815171
CPEB1	TRUE	FALSE	marine_only_slow	slow	not_significant	0.000163492		4.777059	3.420875
CPLX2	TRUE	TRUE	shared_slow	slow	slow	0.00333198	0.00912486	3.791812	3.472031
CPNE3	TRUE	FALSE	marine_only_slow	slow	not_significant	0.00792449		3.468672	3.226580
CPSF6	TRUE	TRUE	shared_slow	slow	slow	0.00438566	0.000879478	3.714749	4.316363
CR2	TRUE	TRUE	shared_slow	slow	slow	1.17218e-07	1.11351e-07	6.720782	6.705935
CRACR2A	FALSE	FALSE	shared_fast	fast	fast	0.000270165	0.00113899	-4.715884	-4.280108
CRB1	TRUE	FALSE	marine_only_slow	slow	not_significant	0.00633131		3.543419	2.816201
CRB3	TRUE	TRUE	shared_slow	slow	slow	0.00161762	0.00377438	4.006187	3.778853
CREB1	TRUE	TRUE	shared_slow	slow	slow	6.05536e-05	0.000223284	4.957791	4.657328
CREB3L3	TRUE	TRUE	shared_slow	slow	slow	3.45438e-05	0.000148268	5.225585	4.854588
CREB3L4	TRUE	FALSE	marine_only_slow	slow	not_significant	2.57361e-05		5.283958	3.392316
CRTC1	TRUE	FALSE	marine_only_slow	slow	not_significant	0.00592363		3.590808	2.906693
CRYGA	FALSE	FALSE	shared_fast	fast	fast	0.00162437	0.00100331	-4.154601	-4.368100
CSF2RA	TRUE	TRUE	shared_slow	slow	slow	0.000604833	3.56249e-05	4.309200	5.220009
CSH1	TRUE	TRUE	shared_slow	slow	slow	5.3301e-05	6.81246e-05	5.178533	5.172218
CSMD1	TRUE	TRUE	shared_slow	slow	slow	0.000793083	0.00392578	4.234606	3.764339
CSMD2	FALSE	FALSE	shared_fast	fast	fast	0.000312231	0.000784082	-4.644495	-4.393233
CTD_3088G3	TRUE	FALSE	marine_only_slow	slow	not_significant	0.000321102		4.542691	3.176774
CTH	TRUE	TRUE	shared_slow	slow	slow	0.00113043	0.0018292	4.160344	4.051035
CUL7	TRUE	FALSE	marine_only_slow	slow	not_significant	0.00883676		3.425475	3.135136
CX3CR1	TRUE	TRUE	shared_slow	slow	slow	9.70377e-06	1.247e-05	5.608395	5.565792
CXCL13	TRUE	TRUE	shared_slow	slow	slow	1.85607e-10	1.07423e-06	7.899775	6.095153
CXCR3	TRUE	TRUE	shared_slow	slow	slow	2.755e-08	7.58894e-07	6.740905	6.081212
CXorf66	TRUE	FALSE	marine_only_slow	slow	not_significant	0.00347245		3.721781	3.258718
CYBRD1	TRUE	TRUE	shared_slow	slow	slow	4.53191e-05	4.24717e-05	5.173116	5.223271
CYP11A1	TRUE	TRUE	shared_slow	slow	slow	0.000168334	0.000827685	4.731528	4.294038
CYP17A1	TRUE	TRUE	shared_slow	slow	slow	3.15051e-12	6.35564e-09	8.479322	7.107731
CYP1B1	TRUE	FALSE	marine_only_slow	slow	not_significant	0.00196378		4.002800	3.294639
CYP21A2	TRUE	TRUE	shared_slow	slow	slow	0.000231982	0.000119357	4.627233	4.874076
CYP24A1	TRUE	TRUE	shared_slow	slow	slow	0.00164266	0.0029978	4.062334	3.899811
CYP2U1	TRUE	TRUE	shared_slow	slow	slow	5.09304e-05	0.00133146	5.111101	4.168433
CYP2W1	FALSE	FALSE	marine_fast_only	fast	not_significant	0.00513568		-3.678954	-3.030737
CYP51A1	TRUE	TRUE	shared_slow	slow	slow	0.00489076	0.00626269	3.664522	3.628277
CYP7A1	FALSE	TRUE	aquatic_only_slow	not_significant	slow		0.00596769	3.317522	3.656669
CYP7B1	FALSE	TRUE	aquatic_only_slow	not_significant	slow		0.00880991	3.291893	3.492849
CYTH3	TRUE	TRUE	shared_slow	slow	slow	0.00091409	0.00246893	4.234761	3.949234
DAG1	TRUE	FALSE	marine_only_slow	slow	not_significant	0.00507891		3.650408	3.341172
DAP3	TRUE	FALSE	marine_only_slow	slow	not_significant	0.00143831		4.080572	3.287619
DARS2	TRUE	TRUE	shared_slow	slow	slow	2.66928e-05	0.000301819	5.271614	4.615248
DBNL	FALSE	FALSE	shared_fast	fast	fast	0.00672983	0.00522507	-3.573840	-3.728243
DBP	TRUE	TRUE	shared_slow	slow	slow	4.98907e-06	2.09082e-05	5.796419	5.441013
DCAF1	TRUE	TRUE	shared_slow	slow	slow	2.32458e-09	8.28444e-09	7.254196	6.995764
DCAF12L1	TRUE	FALSE	marine_only_slow	slow	not_significant	0.00504874		3.610558	3.123472
DCAF12L2	TRUE	FALSE	marine_only_slow	slow	not_significant	0.00441566		4.023165	2.600695
DCAF8L2	TRUE	TRUE	shared_slow	slow	slow	0.000330443	0.000298735	4.481323	4.597313
DCBLD2	TRUE	TRUE	shared_slow	slow	slow	0.0010849	0.00865555	4.197866	3.507767
DCHS2	TRUE	TRUE	shared_slow	slow	slow	2.57927e-07	3.27955e-05	6.332343	5.237796
DCLRE1C	FALSE	FALSE	marine_fast_only	fast	not_significant	0.00758799		-3.538419	-3.449715
DCP1B	FALSE	FALSE	marine_fast_only	fast	not_significant	0.00690726		-3.567232	-3.186422
DCTPP1	TRUE	FALSE	marine_only_slow	slow	not_significant	0.0054601		3.631501	2.658322
DCXR	TRUE	FALSE	marine_only_slow	slow	not_significant	0.00364505		3.721424	0.801068
DDA1	TRUE	FALSE	marine_only_slow	slow	not_significant	0.00786169		3.474048	2.360505
DDAH2	TRUE	TRUE	shared_slow	slow	slow	0.000194772	0.000808069	4.737500	4.339458
DDI2	TRUE	TRUE	shared_slow	slow	slow	0.000381116	0.000751046	4.529154	4.366085
DDIAS	TRUE	FALSE	marine_only_slow	slow	not_significant	0.00105108		4.249280	3.391216
DDR1	TRUE	TRUE	shared_slow	slow	slow	0.00451063	0.00496751	3.713456	3.725648
DDX21	TRUE	FALSE	marine_only_slow	slow	not_significant	0.00671656		3.561127	2.918945
DDX39A	TRUE	FALSE	marine_only_slow	slow	not_significant	0.00528405		3.626427	3.227074
DDX46	TRUE	TRUE	shared_slow	slow	slow	0.000168459	0.00146785	4.809577	4.146546
DECR1	TRUE	TRUE	shared_slow	slow	slow	4.07672e-06	1.05786e-06	5.838793	6.163729
DECR2	TRUE	TRUE	shared_slow	slow	slow	0.00468924	0.00913919	3.689928	3.487097
DEFB105B	FALSE	TRUE	aquatic_only_slow	not_significant	slow		0.00667519	3.259071	3.647168
DEFB113	TRUE	FALSE	marine_only_slow	slow	not_significant	0.00693905		3.485417	3.103521
DEFB114	TRUE	TRUE	shared_slow	slow	slow	0.000726447	0.00185663	4.399128	4.102539
DEFB125	TRUE	TRUE	shared_slow	slow	slow	0.000281448	0.000534818	4.501243	4.393589
DEFB131A	TRUE	FALSE	marine_only_slow	slow	not_significant	0.0040709		3.792157	3.153758
DEFB131B	TRUE	FALSE	marine_only_slow	slow	not_significant	0.00154535		4.130651	3.320738
DENND2D	TRUE	TRUE	shared_slow	slow	slow	0.000290266	0.0024707	4.629646	3.965810
DENND4A	TRUE	TRUE	shared_slow	slow	slow	0.000391769	0.000527645	4.436330	4.414876
DENND4C	TRUE	FALSE	marine_only_slow	slow	not_significant	0.00545472		3.625050	3.105620
DENND5B	TRUE	TRUE	shared_slow	slow	slow	9.29328e-06	0.000149129	5.486417	4.796246
DET1	TRUE	TRUE	shared_slow	slow	slow	8.76082e-05	0.00158877	4.919916	4.080628
DEUP1	FALSE	FALSE	shared_fast	fast	fast	0.00184544	0.0020711	-4.063485	-4.074410
DGCR2	TRUE	FALSE	marine_only_slow	slow	not_significant	0.00328866		3.786453	3.058430
DGKK	TRUE	TRUE	shared_slow	slow	slow	0.00014893	0.00110597	4.810038	4.220079
DHH	TRUE	FALSE	marine_only_slow	slow	not_significant	0.00730055		3.519388	2.885219
DHRS7	TRUE	TRUE	shared_slow	slow	slow	0.00165072	0.00818354	3.993895	3.494099
DHX30	TRUE	FALSE	marine_only_slow	slow	not_significant	0.00249143		3.883733	3.194842
DIAPH2	TRUE	TRUE	shared_slow	slow	slow	0.00175451	0.00961907	4.014216	3.452003
DIP2C	TRUE	TRUE	shared_slow	slow	slow	0.000216457	0.00889093	4.659626	3.476499
DIRAS3	TRUE	TRUE	shared_slow	slow	slow	5.60931e-05	0.000133057	5.008866	4.840090
DISP3	FALSE	FALSE	aquatic_fast_only	not_significant	fast		0.00670693	-3.078317	-3.630142
DLEU7	TRUE	FALSE	marine_only_slow	slow	not_significant	0.000490949		4.431116	2.864942
DLK1	TRUE	TRUE	shared_slow	slow	slow	3.94969e-06	1.07423e-06	5.767716	6.077221
DMAC2L	TRUE	TRUE	shared_slow	slow	slow	0.00035448	0.0016884	4.490466	4.066824
DMWD	TRUE	FALSE	marine_only_slow	slow	not_significant	0.00154535		4.078104	1.182130
DNAAF2	TRUE	TRUE	shared_slow	slow	slow	0.000211391	0.00106141	4.693919	4.226373
DNAH1	TRUE	FALSE	marine_only_slow	slow	not_significant	0.00592062		3.597710	2.882501
DNAH10	TRUE	FALSE	marine_only_slow	slow	not_significant	0.00821659		3.414680	3.384387
DNAH5	FALSE	FALSE	shared_fast	fast	fast	0.000454095	0.000822519	-4.515199	-4.377664
DNAH7	TRUE	FALSE	marine_only_slow	slow	not_significant	0.00187118		3.998358	3.120194
DNAH8	TRUE	TRUE	shared_slow	slow	slow	0.00132699	0.00115946	4.141627	4.234092
DNAJA2	TRUE	TRUE	shared_slow	slow	slow	0.00306817	0.00195777	3.808224	4.008472
DNAJB9	FALSE	TRUE	aquatic_only_slow	not_significant	slow		0.00464758	3.357828	3.748493
DNAJC13	TRUE	TRUE	shared_slow	slow	slow	0.00137136	0.00320462	4.109770	3.866016
DNM3	TRUE	FALSE	marine_only_slow	slow	not_significant	0.00342341		3.786792	2.856911
DNMT1	TRUE	TRUE	shared_slow	slow	slow	1.902e-07	3.29126e-06	6.437712	5.817241
DOCK3	TRUE	TRUE	shared_slow	slow	slow	3.47574e-05	0.000389686	5.230495	4.559530
DOCK7	TRUE	TRUE	shared_slow	slow	slow	2.56919e-05	3.99941e-05	5.312553	5.229998
DOCK9	TRUE	TRUE	shared_slow	slow	slow	4.25601e-05	0.00113899	5.175144	4.224083
DONSON	TRUE	TRUE	shared_slow	slow	slow	2.35347e-05	0.00508973	5.248656	3.680589
DPEP2	FALSE	FALSE	marine_fast_only	fast	not_significant	0.00762656		-3.560405	-3.486737
DPP8	FALSE	TRUE	aquatic_only_slow	not_significant	slow		0.00862938	3.163668	3.498840
DPPA2	TRUE	TRUE	shared_slow	slow	slow	1.28441e-07	1.07423e-06	6.510485	6.065047
DPY19L2	TRUE	TRUE	shared_slow	slow	slow	2.35347e-05	0.000261179	5.224395	4.622251
DPY19L3	TRUE	TRUE	shared_slow	slow	slow	0.000191472	4.93137e-05	4.769795	5.200675
DPYD	TRUE	FALSE	marine_only_slow	slow	not_significant	0.001348		4.107121	3.039840
DSC1	FALSE	FALSE	shared_fast	fast	fast	0.00023047	0.000718972	-4.862852	-4.497790
DSC3	FALSE	FALSE	shared_fast	fast	fast	0.000625776	0.00146263	-4.428859	-4.194080
DSG3	FALSE	FALSE	shared_fast	fast	fast	0.000265684	0.000617843	-4.726912	-4.498884
DSTYK	TRUE	FALSE	marine_only_slow	slow	not_significant	0.00056399		4.420356	2.822108
DTWD1	TRUE	TRUE	shared_slow	slow	slow	0.00249012	0.00934756	3.900960	3.466061
DUOX1	FALSE	FALSE	shared_fast	fast	fast	0.000251732	0.000340076	-4.750803	-4.704626
DUSP6	TRUE	FALSE	marine_only_slow	slow	not_significant	0.00652927		3.565375	3.008279
DUSP9	TRUE	TRUE	shared_slow	slow	slow	0.000407967	0.0023579	4.507714	3.978156
DVL3	TRUE	TRUE	shared_slow	slow	slow	0.000877027	0.00377438	4.278290	3.825850
DYNC1LI2	TRUE	TRUE	shared_slow	slow	slow	0.00378405	0.00541587	3.689548	3.635269
DYTN	TRUE	TRUE	shared_slow	slow	slow	0.00499063	0.00938564	3.627333	3.446108
EDAR	FALSE	FALSE	shared_fast	fast	fast	0.000418832	0.000676769	-4.583523	-4.480944
EEA1	TRUE	FALSE	marine_only_slow	slow	not_significant	0.003642		3.781712	2.885679
EFCAB5	FALSE	TRUE	aquatic_only_slow	not_significant	slow		0.0065365	3.190858	3.623759
EFEMP1	TRUE	TRUE	shared_slow	slow	slow	4.14427e-05	0.00210613	5.153495	4.001438
EFNA4	TRUE	TRUE	shared_slow	slow	slow	0.0010849	0.00288636	4.154323	3.873057
EGFL8	TRUE	TRUE	shared_slow	slow	slow	7.72368e-05	0.00145943	5.018117	4.142644
EHHADH	TRUE	TRUE	shared_slow	slow	slow	1.6e-05	8.61432e-06	5.457926	5.658179
EHMT1	TRUE	TRUE	shared_slow	slow	slow	8.94304e-06	0.000101293	5.601784	4.964202
EHMT2	TRUE	TRUE	shared_slow	slow	slow	0.000464113	0.00755315	4.458732	3.551600
EIF3E	TRUE	FALSE	marine_only_slow	slow	not_significant	0.00247113		3.903584	3.225803
EIF4H	TRUE	FALSE	marine_only_slow	slow	not_significant	0.00247804		3.877670	1.354861
ELAVL1	TRUE	FALSE	marine_only_slow	slow	not_significant	0.00592363		3.574903	3.392161
ELF1	TRUE	TRUE	shared_slow	slow	slow	0.00208339	0.0024064	3.957933	3.951611
ELL	TRUE	TRUE	shared_slow	slow	slow	0.000187876	1.25929e-05	4.750196	5.557161
ELMO2	TRUE	TRUE	shared_slow	slow	slow	0.000850549	0.00603704	4.280539	3.654226
ELOA2	FALSE	TRUE	aquatic_only_slow	not_significant	slow		0.00737174	3.247114	3.651373
ELOB	TRUE	FALSE	marine_only_slow	slow	not_significant	0.00892685		3.441193	3.196680
EMCN	TRUE	TRUE	shared_slow	slow	slow	2.3697e-07	8.21669e-07	6.324083	6.079642
EMSY	TRUE	FALSE	marine_only_slow	slow	not_significant	0.00268065		3.890079	2.201076
ENG	FALSE	TRUE	aquatic_only_slow	not_significant	slow		0.00596769	3.283828	3.653154
ENOX2	TRUE	TRUE	shared_slow	slow	slow	6.29101e-06	8.25192e-05	5.740718	5.057180
ENTPD1	TRUE	TRUE	shared_slow	slow	slow	0.000425849	0.000261344	4.441817	4.638902
ENTPD3	FALSE	TRUE	aquatic_only_slow	not_significant	slow		0.00449329	3.367456	3.745328
EPC1	FALSE	FALSE	shared_fast	fast	fast	0.00399285	0.00452652	-3.777899	-3.788151
EPG5	TRUE	TRUE	shared_slow	slow	slow	0.000474018	0.00229035	4.458858	3.987501
EPHX3	TRUE	TRUE	shared_slow	slow	slow	1.27483e-05	9.6244e-06	5.472823	5.574717
EPM2AIP1	TRUE	TRUE	shared_slow	slow	slow	0.0034776	0.00102427	3.790171	4.256695
EPOR	TRUE	TRUE	shared_slow	slow	slow	0.00480986	0.00198622	3.686531	4.053610
EPS15L1	TRUE	TRUE	shared_slow	slow	slow	1.35965e-06	3.1565e-06	6.029311	5.857859
EPX	FALSE	FALSE	shared_fast	fast	fast	0.000216457	0.000516349	-4.754812	-4.521091
ERAS	TRUE	TRUE	shared_slow	slow	slow	2.95091e-07	1.51975e-07	6.413139	6.574993
ERBB3	TRUE	FALSE	marine_only_slow	slow	not_significant	0.00901611		3.439322	2.786407
ERCC6L	TRUE	TRUE	shared_slow	slow	slow	0.000440832	0.000500431	4.464732	4.467409
ERCC6L2	TRUE	TRUE	shared_slow	slow	slow	0.000264687	0.000142811	4.666662	4.893059
ERG	TRUE	TRUE	shared_slow	slow	slow	0.000454095	0.00020649	4.472152	4.762545
ERMARD	TRUE	FALSE	marine_only_slow	slow	not_significant	0.0011966		4.129577	2.783414
ESM1	TRUE	FALSE	marine_only_slow	slow	not_significant	0.00686548		3.526594	3.314338
ESYT3	FALSE	FALSE	shared_fast	fast	fast	0.000316143	0.000843309	-4.663423	-4.386259
ETNK2	TRUE	TRUE	shared_slow	slow	slow	4.33733e-07	1.62004e-05	6.174322	5.400900
ETV2	TRUE	TRUE	shared_slow	slow	slow	3.94969e-06	2.59217e-05	5.810676	5.348985
EVA1A	TRUE	FALSE	marine_only_slow	slow	not_significant	0.00960793		3.411799	2.931209
EVPL	FALSE	FALSE	shared_fast	fast	fast	0.0032781	0.00265942	-3.859047	-3.980684
EVPLL	FALSE	FALSE	aquatic_fast_only	not_significant	fast		0.00812182	-3.366151	-3.554340
EXOC2	TRUE	TRUE	shared_slow	slow	slow	0.00869109	0.00307779	3.434025	3.867727
EXOSC7	TRUE	TRUE	shared_slow	slow	slow	0.0011123	0.00144836	4.187631	4.146781
F11	TRUE	TRUE	shared_slow	slow	slow	0.00270891	0.00467926	3.885976	3.740091
F2	TRUE	TRUE	shared_slow	slow	slow	0.00132044	0.00546077	4.134286	3.685724
F2R	TRUE	TRUE	shared_slow	slow	slow	0.00588439	0.00865555	3.593500	3.499550
F8	TRUE	FALSE	marine_only_slow	slow	not_significant	0.00617734		3.593907	2.601131
F9	TRUE	TRUE	shared_slow	slow	slow	8.01079e-05	0.000942247	4.966163	4.270291
FAAP100	TRUE	FALSE	marine_only_slow	slow	not_significant	0.00510086		3.650723	2.710977
FABP7	TRUE	TRUE	shared_slow	slow	slow	6.75526e-09	2.89036e-05	6.918583	5.224379
FAM110C	TRUE	TRUE	shared_slow	slow	slow	0.00294764	0.00110597	3.829884	4.208393
FAM120C	TRUE	TRUE	shared_slow	slow	slow	0.00135292	0.00670693	4.125096	3.607613
FAM13A	FALSE	FALSE	shared_fast	fast	fast	0.00350335	0.00176049	-3.819410	-4.116817
FAM151B	TRUE	TRUE	shared_slow	slow	slow	0.00443604	0.00431615	3.717905	3.783799
FAM171B	TRUE	FALSE	marine_only_slow	slow	not_significant	0.00135571		4.077761	2.631061
FAM184B	FALSE	FALSE	shared_fast	fast	fast	0.000548609	0.00109459	-4.455653	-4.279543
FAM20B	TRUE	TRUE	shared_slow	slow	slow	0.00241559	0.00450743	3.919876	3.752966
FAM20C	TRUE	TRUE	shared_slow	slow	slow	0.00520691	0.00367294	3.645184	3.823301
FAM210A	TRUE	TRUE	shared_slow	slow	slow	0.000294904	0.00304008	4.574780	3.862462
FAM219A	TRUE	TRUE	shared_slow	slow	slow	0.00570667	0.00845681	3.602577	3.509053
FAM220A	TRUE	TRUE	shared_slow	slow	slow	0.00605176	0.00138181	3.598213	4.169695
FAM234A	TRUE	FALSE	marine_only_slow	slow	not_significant	0.000604833		4.368181	3.416449
FAM32A	TRUE	FALSE	marine_only_slow	slow	not_significant	0.00347245		3.775740	2.248318
FAM83G	FALSE	FALSE	aquatic_fast_only	not_significant	fast		0.0095765	-3.399641	-3.498324
FANCA	TRUE	FALSE	marine_only_slow	slow	not_significant	0.00356362		3.774523	3.014025
FANCD2	TRUE	TRUE	shared_slow	slow	slow	0.00453245	0.0012809	3.693468	4.182102
FANCI	TRUE	TRUE	shared_slow	slow	slow	5.5552e-05	0.00144836	5.115074	4.147739
FANCM	TRUE	TRUE	shared_slow	slow	slow	1.71047e-08	1.36693e-07	7.102275	6.632868
FAR2	TRUE	TRUE	shared_slow	slow	slow	1.46578e-06	0.00036699	5.876985	4.514198
FASN	TRUE	TRUE	shared_slow	slow	slow	2.65561e-05	0.00222727	5.346999	4.008140
FBLIM1	TRUE	TRUE	shared_slow	slow	slow	1.0672e-08	2.78307e-05	6.939403	5.260679
FBN2	TRUE	TRUE	shared_slow	slow	slow	0.00153478	0.00214624	4.107949	4.034911
FBXL16	TRUE	TRUE	shared_slow	slow	slow	0.00120541	0.00560224	4.167467	3.676825
FBXL19	TRUE	TRUE	shared_slow	slow	slow	5.26695e-06	0.000145757	5.715215	4.867828
FBXL2	TRUE	TRUE	shared_slow	slow	slow	2.31398e-09	2.78147e-07	7.404523	6.403159
FBXL8	TRUE	TRUE	shared_slow	slow	slow	4.22296e-06	1.75287e-06	5.841628	6.059016
FBXO16	TRUE	TRUE	shared_slow	slow	slow	0.00441711	0.00641156	3.638744	3.577110
FBXO25	TRUE	TRUE	shared_slow	slow	slow	0.00158472	0.00385239	4.044097	3.787621
FBXO3	TRUE	TRUE	shared_slow	slow	slow	1.86221e-08	3.79706e-06	7.010530	5.819062
FBXO38	TRUE	TRUE	shared_slow	slow	slow	0.00220375	0.00835472	3.962342	3.523557
FBXO41	TRUE	TRUE	shared_slow	slow	slow	0.000345729	0.0012976	4.515409	4.150850
FBXO7	TRUE	TRUE	shared_slow	slow	slow	0.00135978	0.00494495	4.120624	3.719091
FBXW12	TRUE	TRUE	shared_slow	slow	slow	0.00734313	0.000647256	3.736196	4.594020
FCGRT	TRUE	TRUE	shared_slow	slow	slow	1.55579e-05	1.95755e-05	5.445476	5.420747
FER1L6	FALSE	FALSE	shared_fast	fast	fast	0.000611161	0.000349352	-4.442225	-4.677313
FERD3L	TRUE	TRUE	shared_slow	slow	slow	0.000251194	0.00209042	4.660512	4.018901
FGD4	TRUE	FALSE	marine_only_slow	slow	not_significant	0.00342341		3.791967	3.021759
FHL5	FALSE	FALSE	shared_fast	fast	fast	0.00310124	0.00449798	-3.882763	-3.800584
FIZ1	TRUE	TRUE	shared_slow	slow	slow	0.000316143	0.00229154	4.509609	3.941814
FKBP4	FALSE	FALSE	shared_fast	fast	fast	0.00415768	0.00362153	-3.757267	-3.861460
FKBP5	TRUE	TRUE	shared_slow	slow	slow	0.00130335	0.00132953	4.133562	4.174981
FKBP8	TRUE	TRUE	shared_slow	slow	slow	0.000291093	0.000304212	4.643929	4.665441
FKRP	TRUE	TRUE	shared_slow	slow	slow	0.00036277	0.000558765	4.597555	4.500354
FLII	FALSE	FALSE	shared_fast	fast	fast	0.000339688	0.000177011	-4.628237	-4.889969
FLOT1	TRUE	FALSE	marine_only_slow	slow	not_significant	0.00931559		3.421631	2.904647
FLT4	TRUE	TRUE	shared_slow	slow	slow	0.000321102	0.00325485	4.593871	3.864388
FLYWCH1	TRUE	TRUE	shared_slow	slow	slow	1.18747e-05	1.93686e-06	5.532130	5.972378
FMO4	TRUE	TRUE	shared_slow	slow	slow	0.000872273	0.00495213	4.236881	3.698263
FN3K	TRUE	TRUE	shared_slow	slow	slow	9.84875e-06	4.54848e-06	5.606998	5.803914
FN3KRP	TRUE	TRUE	shared_slow	slow	slow	0.000110966	0.00536994	4.922629	3.694582
FNBP1	TRUE	TRUE	shared_slow	slow	slow	0.0010753	0.00608651	4.114277	3.600881
FOXN2	TRUE	FALSE	marine_only_slow	slow	not_significant	0.0073696		3.509999	3.084230
FOXR1	TRUE	FALSE	marine_only_slow	slow	not_significant	0.00672983		3.526475	3.364274
FP565260	FALSE	FALSE	aquatic_fast_only	not_significant	fast		0.00522507	-3.063415	-3.725767
FRMD5	TRUE	FALSE	marine_only_slow	slow	not_significant	0.00533232		3.638287	3.436836
FRYL	TRUE	FALSE	marine_only_slow	slow	not_significant	0.00578514		3.590385	2.962535
FSBP	TRUE	TRUE	shared_slow	slow	slow	1.66285e-06	9.69128e-07	6.021210	6.149023
FSHR	FALSE	FALSE	shared_fast	fast	fast	0.00154791	0.00060542	-4.127671	-4.507643
FUT9	TRUE	FALSE	marine_only_slow	slow	not_significant	0.00679184		3.530770	3.020072
FYTTD1	TRUE	FALSE	marine_only_slow	slow	not_significant	0.00522688		3.630384	3.110743
FZD5	TRUE	TRUE	shared_slow	slow	slow	0.000479381	0.00187609	4.493982	4.072679
G3BP1	TRUE	TRUE	shared_slow	slow	slow	0.00217841	0.00380242	3.947408	3.804109
GABBR2	TRUE	FALSE	marine_only_slow	slow	not_significant	0.00956969		3.410575	3.051247
GABPB2	TRUE	TRUE	shared_slow	slow	slow	0.00240816	0.00277209	3.928023	3.921321
GABRA5	TRUE	TRUE	shared_slow	slow	slow	0.00213301	0.00259339	3.928051	3.911015
GABRE	TRUE	FALSE	marine_only_slow	slow	not_significant	0.00153882		4.062063	3.337586
GABRR3	FALSE	FALSE	shared_fast	fast	fast	0.00162558	0.00270513	-4.157481	-4.003835
GALNT2	TRUE	TRUE	shared_slow	slow	slow	0.00616279	0.00730758	3.587158	3.576629
GALNT4	TRUE	TRUE	shared_slow	slow	slow	0.00189948	0.00183194	3.997595	4.054080
GALNTL5	TRUE	TRUE	shared_slow	slow	slow	0.00090192	0.000676769	4.242855	4.389461
GAPVD1	TRUE	FALSE	marine_only_slow	slow	not_significant	0.00127135		4.163734	2.387942
GATA1	TRUE	TRUE	shared_slow	slow	slow	0.00195431	0.00547982	3.961463	3.675645
GATA2	TRUE	TRUE	shared_slow	slow	slow	0.00685759	0.00594983	3.520008	3.634125
GATA3	TRUE	FALSE	marine_only_slow	slow	not_significant	0.00760819		3.485643	3.352420
GATAD2A	TRUE	TRUE	shared_slow	slow	slow	2.87642e-05	5.80097e-05	5.248928	5.104384
GCKR	FALSE	FALSE	aquatic_fast_only	not_significant	fast		0.00707774	-3.167000	-3.827615
GDF15	TRUE	TRUE	shared_slow	slow	slow	8.86589e-05	0.00146263	4.926687	4.114322
GDF2	TRUE	TRUE	shared_slow	slow	slow	0.00789385	0.00766853	3.485920	3.552895
GDF5	FALSE	FALSE	shared_fast	fast	fast	0.00990242	0.00676034	-3.422504	-3.628254
GET4	FALSE	TRUE	aquatic_only_slow	not_significant	slow		0.00469528	3.153355	3.708239
GFPT2	TRUE	TRUE	shared_slow	slow	slow	0.000716138	0.00242909	4.338649	3.973789
GFRA3	TRUE	TRUE	shared_slow	slow	slow	0.00153478	0.00185663	4.074875	4.055650
GGT1	TRUE	TRUE	shared_slow	slow	slow	1.15808e-05	5.50134e-06	5.414938	5.636485
GGT2	TRUE	TRUE	shared_slow	slow	slow	4.07997e-06	1.62385e-06	5.652664	5.901712
GGTLC1	TRUE	TRUE	shared_slow	slow	slow	2.53035e-05	9.6244e-06	5.223250	5.524104
GGTLC2	TRUE	TRUE	shared_slow	slow	slow	0.00089206	0.00107635	4.190061	4.208544
GGTLC3	TRUE	TRUE	shared_slow	slow	slow	1.59752e-05	6.95846e-06	5.343009	5.605708
GH2	TRUE	FALSE	marine_only_slow	slow	not_significant	2.84206e-05		5.337985	0.936093
GHSR	TRUE	TRUE	shared_slow	slow	slow	0.000284019	0.00289474	4.596828	3.881726
GIPC1	TRUE	TRUE	shared_slow	slow	slow	0.00236857	0.00300415	3.877686	3.846817
GIPR	TRUE	FALSE	marine_only_slow	slow	not_significant	0.0060031		3.595158	3.178976
GJA3	TRUE	TRUE	shared_slow	slow	slow	0.00342341	0.00170582	3.783231	4.068390
GJB4	FALSE	FALSE	shared_fast	fast	fast	0.00131688	0.00163881	-4.236432	-4.199595
GJB5	FALSE	FALSE	shared_fast	fast	fast	0.000290266	0.00198971	-4.687929	-4.078094
GKAP1	TRUE	TRUE	shared_slow	slow	slow	0.0012042	0.000622217	4.152608	4.424723
GLA	TRUE	TRUE	shared_slow	slow	slow	0.00011933	0.000172763	4.912749	4.843212
GLB1L3	TRUE	TRUE	shared_slow	slow	slow	0.00031241	0.000438764	4.515927	4.465846
GLG1	TRUE	FALSE	marine_only_slow	slow	not_significant	0.00380976		3.762540	3.118446
GLYR1	FALSE	TRUE	aquatic_only_slow	not_significant	slow		0.0089082	3.161496	3.484348
GMIP	TRUE	TRUE	shared_slow	slow	slow	3.61037e-05	0.000114928	5.243977	4.960931
GMPPB	TRUE	TRUE	shared_slow	slow	slow	0.00760819	0.00971565	3.482441	3.444224
GNAT1	TRUE	TRUE	shared_slow	slow	slow	0.000141063	0.000330054	4.849403	4.621373
GNG2	TRUE	TRUE	shared_slow	slow	slow	0.00381389	0.00818354	3.753791	3.525132
GNGT1	TRUE	TRUE	shared_slow	slow	slow	9.75264e-05	0.000211932	4.872057	4.698782
GNPDA2	TRUE	FALSE	marine_only_slow	slow	not_significant	0.00777824		3.488135	3.099540
GNRHR	TRUE	FALSE	marine_only_slow	slow	not_significant	0.00674959		3.547659	1.915771
GOLPH3L	TRUE	TRUE	shared_slow	slow	slow	0.00644039	0.00335516	3.551987	3.836845
GPAT3	TRUE	FALSE	marine_only_slow	slow	not_significant	0.00338616		3.806925	2.999510
GPCPD1	TRUE	FALSE	marine_only_slow	slow	not_significant	0.00604007		3.592985	2.770215
GPI	TRUE	FALSE	marine_only_slow	slow	not_significant	0.0076713		3.469534	2.215222
GPR101	TRUE	FALSE	marine_only_slow	slow	not_significant	0.000676535		4.350269	3.397312
GPR21	TRUE	TRUE	shared_slow	slow	slow	3.76108e-05	0.00296163	5.172894	3.880204
GPR52	TRUE	TRUE	shared_slow	slow	slow	0.000549294	0.00950945	4.408927	3.468171
GPR68	FALSE	FALSE	shared_fast	fast	fast	0.00398772	0.00179504	-3.770553	-4.111465
GPRIN1	TRUE	TRUE	shared_slow	slow	slow	0.00038393	0.000477914	4.570759	4.541810
GPRIN3	FALSE	FALSE	shared_fast	fast	fast	0.00278432	0.00203386	-3.915729	-4.075708
GRB10	TRUE	FALSE	marine_only_slow	slow	not_significant	0.00284895		3.844881	3.245732
GSAP	TRUE	FALSE	marine_only_slow	slow	not_significant	0.00928095		3.430585	3.208469
GSDMD	TRUE	FALSE	marine_only_slow	slow	not_significant	0.00407943		3.721877	2.467485
GSG1	FALSE	FALSE	shared_fast	fast	fast	0.00189693	0.00478596	-4.085243	-3.784930
GSTO1	TRUE	TRUE	shared_slow	slow	slow	0.0023538	0.00625124	3.848369	3.586361
GTF2IRD1	TRUE	FALSE	marine_only_slow	slow	not_significant	0.000131912		4.857611	2.998328
GTF2IRD2	TRUE	FALSE	marine_only_slow	slow	not_significant	0.00177659		3.941084	3.399186
GTF2IRD2B	TRUE	TRUE	shared_slow	slow	slow	0.000837189	0.00278979	4.207722	3.876674
GUCD1	TRUE	TRUE	shared_slow	slow	slow	6.20455e-05	0.000116562	5.054161	4.932564
GYPA	TRUE	TRUE	shared_slow	slow	slow	0.000185984	0.00249546	4.656745	3.905846
H1_8	TRUE	TRUE	shared_slow	slow	slow	3.57287e-05	1.05545e-05	5.203389	5.578891
HACD2	TRUE	FALSE	marine_only_slow	slow	not_significant	0.00625703		3.576922	3.208522
HACD3	TRUE	TRUE	shared_slow	slow	slow	2.03787e-06	1.07344e-05	5.950364	5.566064
HAGH	TRUE	TRUE	shared_slow	slow	slow	6.48153e-05	0.000630721	5.032741	4.409305
HAGHL	TRUE	FALSE	marine_only_slow	slow	not_significant	0.000464113		4.394009	3.324636
HAO2	TRUE	TRUE	shared_slow	slow	slow	0.000391769	0.000691886	4.500582	4.380973
HAUS6	TRUE	TRUE	shared_slow	slow	slow	0.0084274	0.00229035	3.454283	3.982972
HAUS8	TRUE	TRUE	shared_slow	slow	slow	0.000245764	0.00287194	4.595243	3.867309
HCFC2	TRUE	FALSE	marine_only_slow	slow	not_significant	0.00357421		3.780184	3.263379
HCLS1	TRUE	FALSE	marine_only_slow	slow	not_significant	0.00869109		3.438617	3.234599
HDAC1	TRUE	FALSE	marine_only_slow	slow	not_significant	0.00407287		3.737781	2.976776
HDAC10	TRUE	TRUE	shared_slow	slow	slow	0.000185984	0.00133039	4.775218	4.183138
HDAC8	TRUE	TRUE	shared_slow	slow	slow	0.00617216	0.00495928	3.556613	3.692091
HDLBP	FALSE	TRUE	aquatic_only_slow	not_significant	slow		0.00649774	3.186946	3.617453
HEATR5B	TRUE	TRUE	shared_slow	slow	slow	0.000344147	0.00265118	4.522316	3.909126
HECW1	FALSE	FALSE	shared_fast	fast	fast	0.000433934	0.00129	-4.518898	-4.209458
HELQ	TRUE	TRUE	shared_slow	slow	slow	1.59027e-07	0.000367284	6.571073	4.586231
HELT	TRUE	TRUE	shared_slow	slow	slow	4.00038e-06	1.95189e-05	5.653922	5.331752
HENMT1	TRUE	TRUE	shared_slow	slow	slow	3.08578e-05	4.01264e-05	5.189527	5.176061
HEPACAM2	TRUE	TRUE	shared_slow	slow	slow	0.000389802	0.000914692	4.506411	4.288220
HEPH	TRUE	TRUE	shared_slow	slow	slow	0.000869981	0.00469701	4.283696	3.752377
HERC2	TRUE	TRUE	shared_slow	slow	slow	0.00304907	0.000511228	3.793647	4.429723
HERC3	FALSE	FALSE	shared_fast	fast	fast	0.000512517	0.0012978	-4.493260	-4.233746
HERC5	FALSE	FALSE	shared_fast	fast	fast	0.00118461	0.00475758	-4.173882	-3.734918
HERPUD2	TRUE	TRUE	shared_slow	slow	slow	0.00138071	0.000521102	4.095118	4.457696
HES4	TRUE	TRUE	shared_slow	slow	slow	0.00153522	0.000487108	4.073413	4.503631
HEXB	TRUE	TRUE	shared_slow	slow	slow	3.24927e-07	0.000404414	6.146641	4.487891
HGFAC	TRUE	TRUE	shared_slow	slow	slow	0.00320793	0.000998517	3.801345	4.244263
HIF3A	TRUE	TRUE	shared_slow	slow	slow	0.00207296	0.00351108	3.997449	3.858432
HIGD1B	FALSE	FALSE	shared_fast	fast	fast	0.00765377	0.00491537	-3.525877	-3.754859
HINT3	TRUE	TRUE	shared_slow	slow	slow	5.19049e-05	0.000102065	5.056437	4.927221
HIRA	TRUE	TRUE	shared_slow	slow	slow	0.00016684	0.000250654	4.757513	4.675870
HIRIP3	TRUE	TRUE	shared_slow	slow	slow	8.4381e-07	5.01041e-05	6.113893	5.125433
HJV	TRUE	TRUE	shared_slow	slow	slow	0.0030569	0.00229154	3.821130	3.963364
HK3	TRUE	TRUE	shared_slow	slow	slow	1.70475e-05	0.000117639	5.455104	4.950299
HLA_DOB	TRUE	FALSE	marine_only_slow	slow	not_significant	0.00273442		3.859560	3.347404
HMCN1	TRUE	TRUE	shared_slow	slow	slow	0.00158472	0.00594983	4.076748	3.658154
HMGA1	TRUE	FALSE	marine_only_slow	slow	not_significant	0.00567193		3.592920	2.453314
HMGN4	TRUE	TRUE	shared_slow	slow	slow	0.000586842	0.000453604	4.325167	4.473814
HNRNPH2	TRUE	FALSE	marine_only_slow	slow	not_significant	0.00600632		3.585583	2.831816
HOXB3	FALSE	FALSE	marine_fast_only	fast	not_significant	0.00760819		-3.534182	-3.301052
HOXD10	FALSE	FALSE	shared_fast	fast	fast	0.00359602	0.0033103	-3.815007	-3.894312
HPRT1	TRUE	TRUE	shared_slow	slow	slow	0.00451063	0.00106141	3.692027	4.238095
HSD17B2	TRUE	TRUE	shared_slow	slow	slow	0.000368671	6.29365e-05	4.546710	5.130050
HSD17B6	TRUE	TRUE	shared_slow	slow	slow	0.0010104	0.00134898	4.177346	4.139981
HSD3B1	TRUE	TRUE	shared_slow	slow	slow	0.00038393	0.00127135	4.407423	4.128175
HSD3B2	TRUE	FALSE	marine_only_slow	slow	not_significant	9.83928e-05		4.828685	3.416644
HSF4	TRUE	FALSE	marine_only_slow	slow	not_significant	0.00840122		3.463412	3.314239
HSPA4	TRUE	TRUE	shared_slow	slow	slow	0.00837497	0.00878732	3.438680	3.478537
HSPB7	TRUE	TRUE	shared_slow	slow	slow	0.000234006	0.000957592	4.591450	4.229997
HUWE1	TRUE	TRUE	shared_slow	slow	slow	3.32877e-05	0.00229154	5.255671	3.986680
IARS1	TRUE	TRUE	shared_slow	slow	slow	3.08578e-05	0.000223284	5.293292	4.750015
ICA1L	TRUE	FALSE	marine_only_slow	slow	not_significant	0.00202342		3.988745	3.221915
ICAM2	TRUE	TRUE	shared_slow	slow	slow	0.00286725	0.00640292	3.784019	3.580954
IDUA	TRUE	FALSE	marine_only_slow	slow	not_significant	0.00828129		3.465423	2.996709
IFNAR2	TRUE	TRUE	shared_slow	slow	slow	0.0023538	0.00369583	3.933523	3.824001
IFNB1	TRUE	TRUE	shared_slow	slow	slow	0.000872273	0.00181637	4.160714	4.009731
IFNG	TRUE	TRUE	shared_slow	slow	slow	0.000316143	3.5043e-05	4.568417	5.254117
IFNGR1	TRUE	TRUE	shared_slow	slow	slow	0.000362935	0.000220431	4.538802	4.745051
IFNGR2	TRUE	TRUE	shared_slow	slow	slow	4.2813e-06	3.29126e-06	5.786570	5.856818
IFT122	FALSE	TRUE	aquatic_only_slow	not_significant	slow		0.00776374	3.148748	3.533403
IGF1R	TRUE	TRUE	shared_slow	slow	slow	0.000216154	0.000675538	4.582446	4.323554
IGHD6_19	TRUE	TRUE	shared_slow	slow	slow	0.000252293	0.000343306	4.679946	4.668772
IGHM	FALSE	FALSE	shared_fast	fast	fast	0.00115195	0.00641142	-4.232507	-3.657925
IGSF22	FALSE	FALSE	shared_fast	fast	fast	0.000167661	0.000125867	-4.866233	-5.018871
IHO1	TRUE	FALSE	marine_only_slow	slow	not_significant	0.00169198		4.053834	3.365491
IKZF2	TRUE	FALSE	marine_only_slow	slow	not_significant	0.00759303		3.496738	2.304919
IL12RB1	TRUE	TRUE	shared_slow	slow	slow	1.41226e-08	2.78147e-07	7.025296	6.369451
IL12RB2	TRUE	FALSE	marine_only_slow	slow	not_significant	0.00630358		3.557557	3.411181
IL13	FALSE	TRUE	aquatic_only_slow	not_significant	slow		0.00689765	2.955955	3.586496
IL18R1	TRUE	FALSE	marine_only_slow	slow	not_significant	0.00775752		3.486159	3.281802
IL1F10	FALSE	FALSE	marine_fast_only	fast	not_significant	0.007667		-3.555926	-3.244490
IL1R1	TRUE	FALSE	marine_only_slow	slow	not_significant	0.0054812		3.630835	2.793489
IL23R	TRUE	TRUE	shared_slow	slow	slow	0.000967819	0.000629975	4.206605	4.404804
IL33	TRUE	TRUE	shared_slow	slow	slow	7.83203e-05	5.80097e-05	4.980880	5.109160
IL36G	FALSE	FALSE	shared_fast	fast	fast	0.000586842	0.00131287	-4.459625	-4.241978
IL3RA	TRUE	TRUE	shared_slow	slow	slow	0.000110139	0.000260776	4.814445	4.632828
IL4R	TRUE	TRUE	shared_slow	slow	slow	0.0006381	0.000249423	4.352593	4.698908
IL5RA	TRUE	TRUE	shared_slow	slow	slow	0.000144653	8.77427e-05	4.784072	4.967066
IL6R	TRUE	TRUE	shared_slow	slow	slow	2.57361e-05	0.000354082	5.288519	4.572797
IL6ST	TRUE	TRUE	shared_slow	slow	slow	0.000241855	0.000866658	4.655989	4.297837
ILDR2	FALSE	TRUE	aquatic_only_slow	not_significant	slow		0.0054109	3.266944	3.661684
ILKAP	TRUE	TRUE	shared_slow	slow	slow	0.000156823	0.000104236	4.773421	4.950596
IMPDH2	TRUE	TRUE	shared_slow	slow	slow	0.000339276	0.000954104	4.558372	4.277799
INKA1	TRUE	TRUE	shared_slow	slow	slow	0.000185569	0.000116562	4.780753	4.954188
INPP1	TRUE	FALSE	marine_only_slow	slow	not_significant	0.000447641		4.451904	3.087422
INTS3	TRUE	FALSE	marine_only_slow	slow	not_significant	0.00414467		3.706472	2.082499
INVS	TRUE	TRUE	shared_slow	slow	slow	9.61919e-05	0.000179583	4.973994	4.822890
IP6K1	TRUE	TRUE	shared_slow	slow	slow	0.000208492	0.0016445	4.735420	4.111024
IPO11	TRUE	TRUE	shared_slow	slow	slow	0.00303036	0.00447008	3.861742	3.770043
IPO8	TRUE	TRUE	shared_slow	slow	slow	4.15762e-05	0.00589617	5.179771	3.656503
IQGAP1	TRUE	TRUE	shared_slow	slow	slow	0.00304746	0.00437767	3.808876	3.735532
IQUB	TRUE	TRUE	shared_slow	slow	slow	1.5158e-05	1.51373e-05	5.480816	5.519235
IRF1	TRUE	TRUE	shared_slow	slow	slow	0.000391769	0.00806787	4.519931	3.532565
IRF3	TRUE	TRUE	shared_slow	slow	slow	0.00674959	0.0031277	3.541552	3.868394
IRS4	TRUE	FALSE	marine_only_slow	slow	not_significant	0.000808375		4.334172	3.209265
ISYNA1	TRUE	TRUE	shared_slow	slow	slow	1.44385e-05	9.85648e-05	5.504157	5.000488
ITFG1	TRUE	FALSE	marine_only_slow	slow	not_significant	0.007667		3.487827	2.693467
ITGA1	TRUE	TRUE	shared_slow	slow	slow	0.00159388	0.000852052	4.018295	4.278597
ITGA2B	TRUE	TRUE	shared_slow	slow	slow	0.00241731	0.00126728	3.930116	4.200440
ITGB8	TRUE	FALSE	marine_only_slow	slow	not_significant	0.00821659		3.479678	3.195755
IZUMO1	TRUE	TRUE	shared_slow	slow	slow	6.93625e-07	0.000223284	5.996520	4.657319
JADE3	TRUE	TRUE	shared_slow	slow	slow	0.000910413	0.000898232	4.247160	4.305329
JAK2	TRUE	TRUE	shared_slow	slow	slow	0.000209206	0.000576444	4.675845	4.414663
JAK3	TRUE	TRUE	shared_slow	slow	slow	0.000580211	0.00449798	4.399130	3.761187
KCNIP2	TRUE	TRUE	shared_slow	slow	slow	0.000391769	0.00128867	4.519523	4.193441
KCNJ1	FALSE	FALSE	marine_fast_only	fast	not_significant	0.00618407		-3.612807	-3.294070
KCNK18	FALSE	FALSE	shared_fast	fast	fast	0.00375458	0.00892694	-3.948330	-3.593536
KCNRG	TRUE	FALSE	marine_only_slow	slow	not_significant	0.00812417		3.467974	3.068730
KCNV1	TRUE	TRUE	shared_slow	slow	slow	0.0032312	0.000804369	3.827273	4.356308
KCTD18	TRUE	TRUE	shared_slow	slow	slow	0.00016026	0.00746478	4.762036	3.544290
KDF1	TRUE	TRUE	shared_slow	slow	slow	0.00200951	0.00315762	3.986517	3.871786
KDM1A	TRUE	FALSE	marine_only_slow	slow	not_significant	0.00208829		3.966799	1.751390
KDM3B	TRUE	TRUE	shared_slow	slow	slow	1.17218e-07	1.36286e-05	6.475337	5.445821
KDM4B	TRUE	TRUE	shared_slow	slow	slow	5.26695e-06	0.000106078	5.731333	4.958793
KDM5C	TRUE	FALSE	marine_only_slow	slow	not_significant	0.00252312		3.863445	3.198345
KEAP1	FALSE	TRUE	aquatic_only_slow	not_significant	slow		0.00243492	3.300042	3.971680
KEL	TRUE	TRUE	shared_slow	slow	slow	0.000399709	9.51222e-05	4.519455	5.016006
KHDC4	TRUE	FALSE	marine_only_slow	slow	not_significant	0.0083556		3.452625	2.385199
KIAA0586	TRUE	FALSE	marine_only_slow	slow	not_significant	0.00879767		3.453366	3.107638
KIAA1191	TRUE	TRUE	shared_slow	slow	slow	0.00019288	9.0689e-05	4.772046	5.036796
KIAA1671	FALSE	TRUE	aquatic_only_slow	not_significant	slow		0.00345283	3.268130	3.842258
KIF18A	TRUE	TRUE	shared_slow	slow	slow	0.000137563	0.00378703	4.893491	3.829750
KIF1B	TRUE	FALSE	marine_only_slow	slow	not_significant	0.00303839		3.855391	2.838859
KIF20A	TRUE	TRUE	shared_slow	slow	slow	0.000196331	0.00228566	4.763445	3.998234
KIF21A	TRUE	TRUE	shared_slow	slow	slow	0.00132699	0.0016138	4.134894	4.120126
KIF22	TRUE	TRUE	shared_slow	slow	slow	0.000272293	0.00336082	4.586913	3.828413
KIF2A	TRUE	TRUE	shared_slow	slow	slow	0.00502074	0.00995384	3.638634	3.432521
KIF4A	TRUE	TRUE	shared_slow	slow	slow	0.000106661	0.000158719	4.894408	4.816838
KIFAP3	TRUE	TRUE	shared_slow	slow	slow	3.68509e-06	0.000829103	5.798191	4.314436
KISS1R	TRUE	TRUE	shared_slow	slow	slow	0.00018258	0.00998552	4.640527	3.409428
KIT	TRUE	FALSE	marine_only_slow	slow	not_significant	0.00760819		3.495002	3.135881
KL	FALSE	TRUE	aquatic_only_slow	not_significant	slow		0.00400618	3.318283	3.789821
KLF10	TRUE	TRUE	shared_slow	slow	slow	0.00011463	0.000132174	4.902687	4.891611
KLF11	TRUE	TRUE	shared_slow	slow	slow	0.000249704	0.000281227	4.619301	4.627011
KLF18	TRUE	TRUE	shared_slow	slow	slow	8.67689e-05	8.37804e-06	5.350912	5.845462
KLHDC2	TRUE	FALSE	marine_only_slow	slow	not_significant	0.00118461		4.119232	3.194695
KLHL10	FALSE	FALSE	marine_fast_only	fast	not_significant	0.00676382		-3.575542	-3.428070
KLHL20	TRUE	TRUE	shared_slow	slow	slow	0.00115195	0.00247069	4.155172	3.946314
KLHL26	TRUE	TRUE	shared_slow	slow	slow	0.000654382	0.00209632	4.350476	4.013565
KLHL28	TRUE	TRUE	shared_slow	slow	slow	0.000697916	0.000315923	4.343756	4.641322
KLK7	FALSE	FALSE	shared_fast	fast	fast	0.00345304	0.00653512	-3.849042	-3.660872
KMO	TRUE	TRUE	shared_slow	slow	slow	0.00616482	0.00469701	3.587478	3.739457
KMT5C	TRUE	TRUE	shared_slow	slow	slow	0.00347245	0.00934756	3.747936	3.442778
KPNA2	TRUE	TRUE	shared_slow	slow	slow	0.000313907	0.00193213	4.529200	4.008371
KPNA7	TRUE	TRUE	shared_slow	slow	slow	0.00010754	5.95975e-05	4.904809	5.108177
KRT13	FALSE	FALSE	shared_fast	fast	fast	0.00038393	0.000246278	-4.586615	-4.780838
KRT14	FALSE	FALSE	shared_fast	fast	fast	0.000624951	0.000379458	-4.433057	-4.650477
KRT15	FALSE	FALSE	shared_fast	fast	fast	4.82672e-05	5.24938e-05	-5.254892	-5.268656
KRT17	FALSE	FALSE	shared_fast	fast	fast	1.15088e-06	1.54396e-06	-6.293290	-6.202781
KRT4	FALSE	FALSE	shared_fast	fast	fast	0.00370936	0.00275486	-3.797532	-3.956933
KRT5	FALSE	FALSE	shared_fast	fast	fast	0.00679184	0.00577901	-3.557398	-3.685209
KRT73	FALSE	FALSE	shared_fast	fast	fast	0.00717852	0.00903693	-3.632129	-3.576106
KRT80	FALSE	FALSE	shared_fast	fast	fast	1.04974e-05	1.89352e-05	-5.731092	-5.591950
KRT84	FALSE	FALSE	shared_fast	fast	fast	0.00132448	0.00401203	-4.260081	-3.877315
KRTAP10_10	FALSE	TRUE	aquatic_only_slow	not_significant	slow		0.00743127		3.702787
KRTDAP	FALSE	FALSE	shared_fast	fast	fast	2.26801e-05	0.000116254	-5.478608	-5.034917
LAMB2	TRUE	TRUE	shared_slow	slow	slow	7.57491e-05	4.93137e-05	5.043444	5.203878
LAMP2	TRUE	FALSE	marine_only_slow	slow	not_significant	0.0055421		3.632600	3.273381
LAMTOR2	TRUE	TRUE	shared_slow	slow	slow	2.41625e-06	3.48373e-05	5.748219	5.177250
LARP4	TRUE	TRUE	shared_slow	slow	slow	0.00102039	0.000923677	4.204447	4.293868
LARP7	TRUE	FALSE	marine_only_slow	slow	not_significant	0.00487954		3.679147	2.713435
LBX2	TRUE	FALSE	marine_only_slow	slow	not_significant	0.00179441		4.021338	3.017199
LCA5L	TRUE	TRUE	shared_slow	slow	slow	0.00392674	0.00450195	3.738564	3.743684
LCT	TRUE	TRUE	shared_slow	slow	slow	0.00313694	0.00302347	3.811032	3.867606
LDAH	TRUE	FALSE	marine_only_slow	slow	not_significant	0.00973238		3.393166	3.192740
LDOC1	TRUE	TRUE	shared_slow	slow	slow	0.00256112	0.00686744	3.857648	3.563106
LEPR	TRUE	TRUE	shared_slow	slow	slow	0.00199077	0.006154	4.000964	3.648797
LGALS9B	TRUE	FALSE	marine_only_slow	slow	not_significant	0.00713549		3.462813	3.300212
LGI3	TRUE	TRUE	shared_slow	slow	slow	0.000845626	0.00339058	4.278433	3.853586
LGR5	TRUE	TRUE	shared_slow	slow	slow	8.43399e-05	0.000243817	4.956984	4.681596
LHB	TRUE	TRUE	shared_slow	slow	slow	0.000625776	0.000864466	4.304258	4.267234
LHX9	TRUE	TRUE	shared_slow	slow	slow	0.00134329	0.00183194	4.066464	4.019140
LIMD1	TRUE	FALSE	marine_only_slow	slow	not_significant	0.00550203		3.631254	2.205635
LIN9	TRUE	FALSE	marine_only_slow	slow	not_significant	0.0016659		4.029893	3.023588
LINS1	TRUE	TRUE	shared_slow	slow	slow	0.00146211	0.00210613	4.124646	4.041461
LIPI	TRUE	TRUE	shared_slow	slow	slow	0.000285643	0.00112326	4.623806	4.230200
LIX1	TRUE	TRUE	shared_slow	slow	slow	0.000625776	0.00391626	4.358455	3.803483
LL0XNC01_30I4	TRUE	TRUE	shared_slow	slow	slow	0.0010849	0.00090256	4.138105	4.324989
LLGL1	FALSE	FALSE	shared_fast	fast	fast	0.00366632	0.00322536	-3.788173	-3.882893
LMAN1	FALSE	TRUE	aquatic_only_slow	not_significant	slow		0.00927251	3.302671	3.478541
LMBR1	TRUE	TRUE	shared_slow	slow	slow	6.44248e-07	1.21822e-06	6.155545	6.012947
LMF1	TRUE	TRUE	shared_slow	slow	slow	4.36704e-05	0.000101628	5.131878	4.947753
LNPEP	TRUE	TRUE	shared_slow	slow	slow	0.00371453	0.00152131	3.756945	4.109802
LPAR4	TRUE	FALSE	marine_only_slow	slow	not_significant	0.00642		3.571670	3.270111
LRAT	TRUE	TRUE	shared_slow	slow	slow	0.00208278	0.00829412	3.981127	3.528187
LRCH3	TRUE	FALSE	marine_only_slow	slow	not_significant	0.00778332		3.494838	3.287052
LRG1	TRUE	TRUE	shared_slow	slow	slow	0.000978888	0.000711729	4.229510	4.389569
LRGUK	FALSE	FALSE	marine_fast_only	fast	not_significant	0.00487804		-3.706639	-3.304362
LRIF1	TRUE	TRUE	shared_slow	slow	slow	2.79965e-05	0.00178893	5.291032	4.078853
LRP2	TRUE	TRUE	shared_slow	slow	slow	1.64164e-08	4.93137e-05	6.972070	5.147647
LRPPRC	TRUE	TRUE	shared_slow	slow	slow	1.06266e-05	3.79706e-06	5.560882	5.807198
LRRC15	FALSE	FALSE	shared_fast	fast	fast	0.0054601	0.00374803	-3.661427	-3.855528
LRRC3C	FALSE	FALSE	shared_fast	fast	fast	0.00725946	0.00485626	-3.545552	-3.757930
LRRC45	TRUE	FALSE	marine_only_slow	slow	not_significant	0.000562537		4.348431	2.901132
LRRC63	TRUE	TRUE	shared_slow	slow	slow	4.15773e-08	2.16498e-09	6.820761	7.391848
LRRCC1	FALSE	TRUE	aquatic_only_slow	not_significant	slow		0.00645063	3.014884	3.604380
LRRIQ1	TRUE	TRUE	shared_slow	slow	slow	6.81059e-05	0.00110863	5.080389	4.249622
LRRK1	TRUE	TRUE	shared_slow	slow	slow	3.54937e-05	8.05236e-05	5.266635	5.073848
LRRK2	TRUE	TRUE	shared_slow	slow	slow	0.000313768	0.00152131	4.610994	4.138398
LRRN2	TRUE	FALSE	marine_only_slow	slow	not_significant	0.000837189		4.298368	3.310730
LRRN4	TRUE	FALSE	marine_only_slow	slow	not_significant	0.00981588		3.414223	2.208098
LTA	TRUE	TRUE	shared_slow	slow	slow	0.000500103	0.00469417	4.393636	3.713589
LTBP3	TRUE	FALSE	marine_only_slow	slow	not_significant	0.00695442		3.527775	2.503815
LUZP1	TRUE	TRUE	shared_slow	slow	slow	2.36258e-05	0.0016884	5.347358	4.095885
LUZP4	FALSE	FALSE	shared_fast	fast	fast	0.00819011	0.00787008	-3.534365	-3.593279
LVRN	TRUE	TRUE	shared_slow	slow	slow	0.000346581	0.00673888	4.538665	3.593266
LY6E	TRUE	FALSE	marine_only_slow	slow	not_significant	2.62373e-05		5.617505	3.338577
LY9	TRUE	FALSE	marine_only_slow	slow	not_significant	0.00965258		3.369124	3.337841
LYPD1	FALSE	FALSE	marine_fast_only	fast	not_significant	0.0095506		-3.443992	-3.392229
LYSMD4	TRUE	TRUE	shared_slow	slow	slow	2.65561e-05	0.000203421	5.275918	4.743474
MAB21L1	TRUE	TRUE	shared_slow	slow	slow	0.00210223	0.000923677	3.917558	4.242950
MAFG	TRUE	FALSE	marine_only_slow	slow	not_significant	0.00247113		3.915086	1.373109
MAGIX	TRUE	TRUE	shared_slow	slow	slow	0.00156727	0.00464758	4.083300	3.753401
MAIP1	TRUE	TRUE	shared_slow	slow	slow	0.000171103	0.000142811	4.788248	4.874813
MAN2A1	TRUE	TRUE	shared_slow	slow	slow	2.47948e-09	4.28202e-10	7.408874	7.690110
MAN2B1	TRUE	FALSE	marine_only_slow	slow	not_significant	0.00761392		3.481950	3.374763
MAP1S	TRUE	TRUE	shared_slow	slow	slow	7.93984e-05	0.00104283	4.906683	4.204669
MAP3K1	TRUE	TRUE	shared_slow	slow	slow	0.00513983	0.00931609	3.657870	3.477666
MAP3K11	TRUE	TRUE	shared_slow	slow	slow	0.00347045	0.00836606	3.779856	3.506904
MAPK8	TRUE	TRUE	shared_slow	slow	slow	1.11328e-05	4.10586e-05	5.446753	5.151274
MAPK8IP3	TRUE	FALSE	marine_only_slow	slow	not_significant	0.000156823		4.818057	2.602148
MAPK9	TRUE	TRUE	shared_slow	slow	slow	0.00143831	0.00737174	4.090208	3.561387
MAPKAPK5	TRUE	TRUE	shared_slow	slow	slow	6.74779e-06	3.02384e-06	5.709638	5.928581
MARCHF8	TRUE	TRUE	shared_slow	slow	slow	0.000282713	0.000770651	4.585879	4.330311
MARF1	TRUE	TRUE	shared_slow	slow	slow	0.00183076	0.0072835	3.948798	3.533040
MARS1	TRUE	TRUE	shared_slow	slow	slow	0.00587532	0.0023221	3.608872	3.992235
MARS2	TRUE	TRUE	shared_slow	slow	slow	0.000183463	0.000140038	4.801487	4.915278
MAST3	TRUE	TRUE	shared_slow	slow	slow	3.08689e-12	1.11351e-07	8.727035	6.648584
MATK	TRUE	TRUE	shared_slow	slow	slow	0.00441711	0.0062929	3.711101	3.634791
MBD1	FALSE	TRUE	aquatic_only_slow	not_significant	slow		0.00724323	2.974096	3.579494
MBLAC1	TRUE	FALSE	marine_only_slow	slow	not_significant	0.00911778		3.406106	2.983283
MC5R	FALSE	TRUE	aquatic_only_slow	not_significant	slow		0.00113899	3.597922	4.409753
MCCC2	TRUE	TRUE	shared_slow	slow	slow	0.00324468	0.00471756	3.808069	3.724679
MDM2	TRUE	TRUE	shared_slow	slow	slow	0.000253455	0.000836936	4.628228	4.302323
MDM4	TRUE	TRUE	shared_slow	slow	slow	1.28706e-05	0.000239516	5.507396	4.709934
MED19	TRUE	TRUE	shared_slow	slow	slow	0.000146782	0.00405015	4.806819	3.782494
MEFV	TRUE	TRUE	shared_slow	slow	slow	1.0672e-08	1.02194e-09	7.175756	7.597969
MEIOB	TRUE	TRUE	shared_slow	slow	slow	0.00324507	0.00233027	3.816022	3.971844
MEOX2	FALSE	TRUE	aquatic_only_slow	not_significant	slow		0.00845681	3.344983	3.491883
MET	TRUE	TRUE	shared_slow	slow	slow	0.00113931	0.00144836	4.154280	4.139290
METTL11B	FALSE	FALSE	shared_fast	fast	fast	0.00807251	0.00926404	-3.581387	-3.559273
METTL17	TRUE	TRUE	shared_slow	slow	slow	0.00475715	0.00806462	3.671701	3.525265
METTL3	TRUE	FALSE	marine_only_slow	slow	not_significant	0.00760819		3.508891	2.243186
MFGE8	FALSE	TRUE	aquatic_only_slow	not_significant	slow		0.00878732	3.332908	3.497528
MFSD3	TRUE	TRUE	shared_slow	slow	slow	0.00458511	0.00878732	3.695064	3.499586
MGA	TRUE	TRUE	shared_slow	slow	slow	0.00384372	0.00491537	3.767185	3.728211
MGST3	TRUE	TRUE	shared_slow	slow	slow	8.54043e-06	7.82575e-06	5.556652	5.602586
MILR1	TRUE	TRUE	shared_slow	slow	slow	0.00034829	0.00272247	4.519719	3.907150
MINDY4B	FALSE	FALSE	shared_fast	fast	fast	0.00380595	0.00539301	-3.784765	-3.712875
MINPP1	TRUE	FALSE	marine_only_slow	slow	not_significant	0.00239961		3.923815	2.743503
MIP	TRUE	TRUE	shared_slow	slow	slow	1.86239e-05	0.000223284	5.376664	4.718714
MIPOL1	TRUE	TRUE	shared_slow	slow	slow	0.000135487	0.00283562	4.892503	3.924938
MIS18BP1	TRUE	TRUE	shared_slow	slow	slow	5.19049e-05	0.000115119	5.130866	4.950951
MIXL1	TRUE	FALSE	marine_only_slow	slow	not_significant	0.0060122		3.550662	2.613696
MKRN3	TRUE	TRUE	shared_slow	slow	slow	0.00304746	0.00277209	3.813148	3.891861
MLPH	FALSE	FALSE	marine_fast_only	fast	not_significant	0.00850047		-3.481024	-3.425257
MLST8	TRUE	FALSE	marine_only_slow	slow	not_significant	0.00113969		4.119114	2.681046
MMEL1	FALSE	FALSE	shared_fast	fast	fast	0.00273716	0.00555913	-3.912811	-3.702356
MMGT1	FALSE	TRUE	aquatic_only_slow	not_significant	slow		0.00718152	3.269862	3.579363
MMP11	TRUE	FALSE	marine_only_slow	slow	not_significant	0.00293996		3.834536	3.093247
MMP12	TRUE	TRUE	shared_slow	slow	slow	0.00840438	0.00838714	3.795468	3.679154
MMP25	TRUE	TRUE	shared_slow	slow	slow	0.0023538	0.00159705	3.950896	4.129143
MMS22L	TRUE	FALSE	marine_only_slow	slow	not_significant	0.00968829		3.415398	3.020929
MOBP	TRUE	TRUE	shared_slow	slow	slow	1.21837e-06	6.01888e-05	5.968621	5.055474
MOGAT1	TRUE	TRUE	shared_slow	slow	slow	0.000211995	0.000543159	4.673105	4.438568
MORC4	TRUE	TRUE	shared_slow	slow	slow	1.86239e-05	0.000125959	5.402634	4.907852
MORF4L1	TRUE	FALSE	marine_only_slow	slow	not_significant	0.000894797		4.251869	3.133939
MOV10	TRUE	FALSE	marine_only_slow	slow	not_significant	0.00832833		3.470456	3.040857
MPLKIP	TRUE	TRUE	shared_slow	slow	slow	0.0023907	0.00358378	3.927925	3.834533
MRGPRG	FALSE	FALSE	shared_fast	fast	fast	0.000643972	0.00615261	-4.683586	-3.772592
MRNIP	TRUE	FALSE	marine_only_slow	slow	not_significant	0.00322334		3.817438	3.382333
MROH2A	FALSE	FALSE	shared_fast	fast	fast	4.90218e-05	0.000211852	-5.242966	-4.820193
MROH2B	FALSE	FALSE	shared_fast	fast	fast	4.79804e-05	0.000125959	-5.353694	-5.066896
MROH7	FALSE	FALSE	shared_fast	fast	fast	0.00177397	0.00286676	-4.063402	-3.935047
MROH9	TRUE	TRUE	shared_slow	slow	slow	1.78589e-09	5.35221e-09	7.511701	7.210818
MRPL13	TRUE	TRUE	shared_slow	slow	slow	1.07066e-05	0.000466776	5.551924	4.513280
MRPL17	TRUE	TRUE	shared_slow	slow	slow	0.000265328	0.00036026	4.554347	4.515615
MRPS34	TRUE	TRUE	shared_slow	slow	slow	0.000209939	0.000167837	4.704526	4.824545
MS4A14	TRUE	TRUE	shared_slow	slow	slow	2.70308e-06	1.47363e-06	6.525709	6.362025
MS4A5	TRUE	TRUE	shared_slow	slow	slow	0.00600632	0.00264666	3.805341	4.048581
MS4A7	TRUE	TRUE	shared_slow	slow	slow	0.00341691	0.00482995	4.189571	3.916333
MSANTD4	TRUE	TRUE	shared_slow	slow	slow	1.46578e-06	5.45567e-06	5.957189	5.674448
MSH3	TRUE	FALSE	marine_only_slow	slow	not_significant	0.00996127		3.381297	3.353331
MSMB	TRUE	FALSE	marine_only_slow	slow	not_significant	0.00906805		3.620842	1.052115
MSN	TRUE	TRUE	shared_slow	slow	slow	8.47423e-08	2.51459e-07	6.777583	6.514939
MTCP1	TRUE	FALSE	marine_only_slow	slow	not_significant	0.000716852		4.223934	2.885934
MTFR2	TRUE	TRUE	shared_slow	slow	slow	0.00481491	0.00413472	3.680228	3.786094
MTHFD1	TRUE	FALSE	marine_only_slow	slow	not_significant	0.00784483		3.481032	2.764300
MTHFSD	TRUE	TRUE	shared_slow	slow	slow	0.000116856	0.00101159	4.855291	4.237670
MTNR1B	FALSE	FALSE	shared_fast	fast	fast	0.00108558	0.000702391	-4.542737	-4.673401
MTX1	TRUE	FALSE	marine_only_slow	slow	not_significant	2.65561e-05		5.226364	1.891107
MUC7	TRUE	FALSE	marine_only_slow	slow	not_significant	0.000747836		4.745235	0.295724
MYBPHL	FALSE	FALSE	shared_fast	fast	fast	0.00364505	0.00285182	-4.036278	-4.100235
MYH1	FALSE	FALSE	shared_fast	fast	fast	0.000349792	0.000864466	-4.724107	-4.423768
MYH13	FALSE	FALSE	shared_fast	fast	fast	3.24646e-08	1.11351e-07	-7.984896	-7.355670
MYH7B	FALSE	FALSE	marine_fast_only	fast	not_significant	0.0036011		-3.808437	-3.464892
MYLK	FALSE	FALSE	shared_fast	fast	fast	0.0033763	0.00183194	-3.851187	-4.117405
MYO9A	TRUE	TRUE	shared_slow	slow	slow	0.00158339	0.00933066	4.092912	3.488593
MYO9B	TRUE	TRUE	shared_slow	slow	slow	3.07589e-08	2.76768e-05	6.927226	5.337000
MYOZ2	TRUE	TRUE	shared_slow	slow	slow	0.000643932	0.000287003	4.350114	4.652965
N4BP2L2	TRUE	FALSE	marine_only_slow	slow	not_significant	0.0057908		3.607800	3.342705
NAA40	TRUE	TRUE	shared_slow	slow	slow	0.00614281	0.00285924	3.569421	3.890747
NAF1	TRUE	TRUE	shared_slow	slow	slow	0.00708752	0.00521278	3.479678	3.655798
NAIP	TRUE	TRUE	shared_slow	slow	slow	0.000512517	0.00981804	4.422802	3.470548
NAP1L3	TRUE	TRUE	shared_slow	slow	slow	2.28052e-10	1.96833e-05	7.839947	5.443023
NBEA	TRUE	TRUE	shared_slow	slow	slow	0.00340512	0.00268079	3.728305	3.873713
NBN	TRUE	TRUE	shared_slow	slow	slow	0.00131777	0.00490123	4.127980	3.717777
NCAN	TRUE	TRUE	shared_slow	slow	slow	1.00189e-06	2.73316e-06	6.167334	5.927492
NCAPD3	TRUE	TRUE	shared_slow	slow	slow	0.00135292	0.00090256	4.086650	4.275873
NCBP1	TRUE	TRUE	shared_slow	slow	slow	9.14036e-06	0.00103223	5.429525	4.191454
NCBP2	TRUE	FALSE	marine_only_slow	slow	not_significant	0.00583457		3.600483	2.895838
NCR3LG1	TRUE	TRUE	shared_slow	slow	slow	5.19049e-05	0.000139405	5.018491	4.824741
NDN	TRUE	TRUE	shared_slow	slow	slow	0.001283	0.00817351	4.103934	3.508415
NDNF	FALSE	TRUE	aquatic_only_slow	not_significant	slow		0.00929257	3.155533	3.446783
NDUFA4	FALSE	TRUE	aquatic_only_slow	not_significant	slow		0.0054371	3.185385	3.660063
NDUFA4L2	TRUE	TRUE	shared_slow	slow	slow	0.000171823	6.29163e-05	4.722189	5.053711
NDUFA8	TRUE	FALSE	marine_only_slow	slow	not_significant	0.00762656		3.473611	2.944639
NDUFAF1	TRUE	TRUE	shared_slow	slow	slow	0.00100399	0.000490519	4.217171	4.496544
NDUFB10	TRUE	TRUE	shared_slow	slow	slow	0.000808375	0.00806665	4.268641	3.525011
NDUFB4	TRUE	TRUE	shared_slow	slow	slow	0.00189948	0.000972	3.991525	4.268134
NDUFS5	TRUE	TRUE	shared_slow	slow	slow	0.00478907	0.00803173	3.627188	3.498786
NECAB3	TRUE	FALSE	marine_only_slow	slow	not_significant	0.000916943		4.253703	2.568923
NECAP2	TRUE	FALSE	marine_only_slow	slow	not_significant	0.00239961		3.920106	2.641176
NECTIN2	TRUE	FALSE	marine_only_slow	slow	not_significant	0.00626229		3.574138	3.416913
NEPRO	TRUE	TRUE	shared_slow	slow	slow	0.00339322	0.00878732	3.778225	3.483376
NEU1	TRUE	TRUE	shared_slow	slow	slow	0.000216457	0.00285924	4.724148	3.915797
NEXMIF	TRUE	FALSE	marine_only_slow	slow	not_significant	0.00288373		3.860573	2.440956
NEXN	TRUE	FALSE	marine_only_slow	slow	not_significant	0.00597886		3.592808	3.119937
NFATC2	TRUE	TRUE	shared_slow	slow	slow	4.27233e-05	0.000235364	5.135898	4.696086
NFIL3	TRUE	FALSE	marine_only_slow	slow	not_significant	0.00301374		3.809731	2.894941
NHLRC1	TRUE	FALSE	marine_only_slow	slow	not_significant	0.000434699		4.422914	3.232244
NIBAN3	TRUE	TRUE	shared_slow	slow	slow	0.00181818	0.00998552	4.017460	3.444993
NICN1	TRUE	FALSE	marine_only_slow	slow	not_significant	0.00823352		3.451996	2.875096
NIPSNAP2	TRUE	TRUE	shared_slow	slow	slow	0.000355069	5.71352e-05	4.526145	5.115124
NKPD1	FALSE	FALSE	shared_fast	fast	fast	0.000410335	0.000674098	-4.609008	-4.487672
NLGN4X	TRUE	TRUE	shared_slow	slow	slow	6.22887e-05	0.00750391	4.933801	3.521722
NLGN4Y	TRUE	TRUE	shared_slow	slow	slow	6.01768e-05	0.00645063	4.963189	3.588792
NLRP14	TRUE	FALSE	marine_only_slow	slow	not_significant	3.95992e-20		13.077293	0.066296
NLRP5	TRUE	TRUE	shared_slow	slow	slow	1.70807e-06	7.28537e-05	5.959661	5.035471
NLRP8	TRUE	TRUE	shared_slow	slow	slow	7.3304e-05	1.2318e-05	5.064159	5.593492
NME9	FALSE	FALSE	aquatic_fast_only	not_significant	fast		0.00450195	-3.372214	-3.783496
NMRK2	FALSE	TRUE	aquatic_only_slow	not_significant	slow		0.00942705	3.315645	3.507223
NOC4L	FALSE	FALSE	shared_fast	fast	fast	0.00316229	0.00152131	-3.868942	-4.175034
NOL8	TRUE	FALSE	marine_only_slow	slow	not_significant	0.00277342		3.889866	3.222213
NOTCH3	TRUE	TRUE	shared_slow	slow	slow	0.000658145	0.00469701	4.348531	3.732827
NOXO1	TRUE	TRUE	shared_slow	slow	slow	2.15178e-08	1.63646e-05	6.913714	5.439557
NPAS1	TRUE	TRUE	shared_slow	slow	slow	0.00287463	0.00806665	3.840498	3.516244
NPM3	TRUE	FALSE	marine_only_slow	slow	not_significant	0.000116856		4.886610	2.598202
NPR1	TRUE	FALSE	marine_only_slow	slow	not_significant	0.00652257		3.543529	2.727831
NPR3	TRUE	FALSE	marine_only_slow	slow	not_significant	0.00159388		4.069810	3.329476
NPY4R	TRUE	FALSE	marine_only_slow	slow	not_significant	0.00878762		3.443944	3.309368
NR2C1	TRUE	FALSE	marine_only_slow	slow	not_significant	0.00706156		3.531859	3.242326
NR2C2	TRUE	TRUE	shared_slow	slow	slow	0.000574097	0.000223284	4.367132	4.704122
NR2C2AP	TRUE	FALSE	marine_only_slow	slow	not_significant	0.000472595		4.404683	2.335398
NRAP	FALSE	FALSE	shared_fast	fast	fast	0.00338209	0.00215951	-3.823033	-4.026507
NRAS	TRUE	TRUE	shared_slow	slow	slow	0.00357139	0.00209042	3.792683	4.034059
NRG4	TRUE	TRUE	shared_slow	slow	slow	1.35953e-09	8.72967e-09	7.467231	7.086018
NRGN	TRUE	TRUE	shared_slow	slow	slow	3.73193e-07	4.16575e-05	6.133488	5.132159
NRK	TRUE	TRUE	shared_slow	slow	slow	0.000425849	0.000453604	4.521453	4.548038
NSD1	TRUE	TRUE	shared_slow	slow	slow	4.15785e-16	1.47612e-11	9.963024	8.313107
NSMAF	FALSE	FALSE	shared_fast	fast	fast	0.00550203	0.00378703	-3.653174	-3.845310
NSUN3	TRUE	FALSE	marine_only_slow	slow	not_significant	0.00628717		3.580839	2.234691
NTAN1	TRUE	FALSE	marine_only_slow	slow	not_significant	0.006583		3.565770	3.105809
NTHL1	TRUE	FALSE	marine_only_slow	slow	not_significant	0.00625703		3.571825	3.187881
NUBP2	TRUE	TRUE	shared_slow	slow	slow	0.000687549	0.000563677	4.331883	4.450689
NUF2	TRUE	TRUE	shared_slow	slow	slow	0.000394855	0.00012475	4.521093	4.925586
NUP107	TRUE	FALSE	marine_only_slow	slow	not_significant	0.00587532		3.595779	3.369194
NUP205	TRUE	TRUE	shared_slow	slow	slow	0.000209822	0.00215738	4.725974	4.006285
NUP210L	TRUE	FALSE	marine_only_slow	slow	not_significant	0.000168459		4.787228	2.641534
NUP98	TRUE	FALSE	marine_only_slow	slow	not_significant	0.007667		3.501130	2.778042
NWD1	FALSE	FALSE	shared_fast	fast	fast	0.00633131	0.00745889	-3.704298	-3.665406
OAS2	TRUE	TRUE	shared_slow	slow	slow	0.0024005	0.000315923	3.966486	4.653496
OAT	TRUE	TRUE	shared_slow	slow	slow	0.000152121	0.0005967	4.776744	4.406151
OCM	TRUE	TRUE	shared_slow	slow	slow	0.000243739	0.000412917	4.621748	4.507860
OCM2	TRUE	TRUE	shared_slow	slow	slow	0.000275345	0.000205252	4.579725	4.720732
ODAD2	FALSE	FALSE	shared_fast	fast	fast	0.00467053	0.00739046	-3.717437	-3.589225
ODF3L2	TRUE	TRUE	shared_slow	slow	slow	0.000590382	0.00285182	4.381562	3.906899
OGDHL	TRUE	FALSE	marine_only_slow	slow	not_significant	0.00811976		3.464243	2.814641
OLA1	FALSE	TRUE	aquatic_only_slow	not_significant	slow		0.00547679	3.290852	3.647512
OLFM3	TRUE	FALSE	marine_only_slow	slow	not_significant	0.00268317		3.873737	3.394069
OMP	FALSE	FALSE	shared_fast	fast	fast	0.000209206	0.000261179	-4.826454	-4.792767
OPN1SW	FALSE	FALSE	shared_fast	fast	fast	7.83203e-05	0.000339028	-5.261932	-4.764751
OR10G3	FALSE	FALSE	marine_fast_only	fast	not_significant	0.00717852		-3.847223	-3.312448
OR52W1	FALSE	FALSE	shared_fast	fast	fast	0.00102612	0.00188602	-4.376267	-4.163867
OR6B1	FALSE	FALSE	shared_fast	fast	fast	0.000687549	0.000796056	-4.429729	-4.439781
OSBPL11	TRUE	FALSE	marine_only_slow	slow	not_significant	0.00366329		3.769227	2.765474
OSBPL8	TRUE	TRUE	shared_slow	slow	slow	0.00525539	0.006767	3.654366	3.607711
OSGIN2	TRUE	TRUE	shared_slow	slow	slow	1.84718e-06	3.12453e-05	5.886218	5.233898
OSMR	TRUE	TRUE	shared_slow	slow	slow	0.0032741	0.00277386	3.824032	3.923994
OTOA	TRUE	FALSE	marine_only_slow	slow	not_significant	0.00058468		4.383492	3.349394
OTOF	FALSE	FALSE	shared_fast	fast	fast	0.00131688	0.00286288	-4.152425	-3.923399
OTUD7B	TRUE	TRUE	shared_slow	slow	slow	1.00187e-05	0.000471953	5.594286	4.508506
OTX1	TRUE	TRUE	shared_slow	slow	slow	0.000544252	0.000295621	4.386287	4.622813
P2RX6	TRUE	FALSE	marine_only_slow	slow	not_significant	0.000342626		4.490414	2.922633
P2RY11	TRUE	TRUE	shared_slow	slow	slow	0.000299182	0.00124493	4.563503	4.169127
PABPC5	TRUE	FALSE	marine_only_slow	slow	not_significant	0.00071416		4.327885	3.087472
PACSIN1	FALSE	TRUE	aquatic_only_slow	not_significant	slow		0.00803173	3.380429	3.538492
PADI3	FALSE	FALSE	shared_fast	fast	fast	0.00717852	0.00838714	-3.602635	-3.585094
PADI4	FALSE	FALSE	marine_fast_only	fast	not_significant	0.0052726		-3.741849	-3.343211
PADI6	TRUE	FALSE	marine_only_slow	slow	not_significant	0.00414467		3.710691	3.165971
PAGR1	TRUE	TRUE	shared_slow	slow	slow	1.16226e-05	0.000216236	5.485828	4.714151
PAN2	TRUE	TRUE	shared_slow	slow	slow	0.00159388	0.00168864	4.075863	4.102305
PAPPA2	TRUE	TRUE	shared_slow	slow	slow	2.13051e-06	3.11137e-06	6.026960	5.926269
PAX8	FALSE	FALSE	marine_fast_only	fast	not_significant	0.00896353		-3.454020	-3.451498
PBLD	TRUE	TRUE	shared_slow	slow	slow	7.3304e-05	0.000164216	4.965243	4.784405
PBRM1	TRUE	FALSE	marine_only_slow	slow	not_significant	0.00626229		3.587900	2.709998
PCMTD1	FALSE	FALSE	shared_fast	fast	fast	0.00812895	0.00803173	-3.505145	-3.571056
PCNX1	TRUE	FALSE	marine_only_slow	slow	not_significant	0.00467815		3.683087	3.337733
PCSK1	TRUE	TRUE	shared_slow	slow	slow	1.50185e-05	0.000342562	5.487981	4.602378
PCSK6	TRUE	TRUE	shared_slow	slow	slow	9.33006e-05	0.000519317	4.917290	4.445982
PDCL	FALSE	FALSE	aquatic_fast_only	not_significant	fast		0.00880991	-2.812696	-3.524736
PDE4C	TRUE	TRUE	shared_slow	slow	slow	0.000531149	0.00267474	4.365869	3.899992
PDE6C	FALSE	FALSE	shared_fast	fast	fast	4.79804e-05	0.00010739	-5.241483	-5.042691
PDE8B	TRUE	TRUE	shared_slow	slow	slow	0.000496935	0.00454215	4.441800	3.748646
PDGFB	FALSE	TRUE	aquatic_only_slow	not_significant	slow		0.00996571	2.743170	3.451495
PDK1	FALSE	TRUE	aquatic_only_slow	not_significant	slow		0.00219899	3.281007	3.996283
PDLIM5	FALSE	FALSE	shared_fast	fast	fast	0.00626229	0.00447008	-3.606711	-3.794557
PDPK1	TRUE	TRUE	shared_slow	slow	slow	1.0805e-05	0.000207775	5.386576	4.671125
PDS5A	TRUE	TRUE	shared_slow	slow	slow	1.68502e-05	0.000312482	5.378792	4.601677
PDS5B	TRUE	TRUE	shared_slow	slow	slow	0.00518738	0.00942705	3.577757	3.427419
PECAM1	TRUE	TRUE	shared_slow	slow	slow	3.45438e-05	3.99393e-05	5.304079	5.305289
PEG10	TRUE	TRUE	shared_slow	slow	slow	7.62555e-07	2.82225e-05	6.053846	5.259537
PER1	FALSE	FALSE	aquatic_fast_only	not_significant	fast		0.00847947	-2.784276	-3.513213
PER2	FALSE	FALSE	shared_fast	fast	fast	0.000104668	0.000228152	-5.001143	-4.790277
PERP	FALSE	FALSE	shared_fast	fast	fast	2.87642e-05	2.08285e-05	-5.421152	-5.566925
PFKP	TRUE	TRUE	shared_slow	slow	slow	0.00760819	0.00767673	3.445722	3.507486
PFN4	TRUE	FALSE	marine_only_slow	slow	not_significant	0.00295691		3.842715	3.434494
PGGHG	FALSE	TRUE	aquatic_only_slow	not_significant	slow		0.00673888	3.236013	3.595772
PGLYRP2	TRUE	TRUE	shared_slow	slow	slow	0.00477492	0.00703506	3.680718	3.590342
PGR	TRUE	TRUE	shared_slow	slow	slow	0.000434699	0.00360001	4.484378	3.826688
PHF1	TRUE	TRUE	shared_slow	slow	slow	7.39904e-07	4.05391e-05	6.265643	5.251863
PHF19	TRUE	TRUE	shared_slow	slow	slow	1.00774e-05	0.0011118	5.552011	4.222133
PHF20L1	TRUE	TRUE	shared_slow	slow	slow	2.35651e-06	4.93137e-05	5.916835	5.160442
PHKG2	TRUE	FALSE	marine_only_slow	slow	not_significant	0.00607634		3.582032	2.639334
PHYH	TRUE	TRUE	shared_slow	slow	slow	0.000180715	0.000836936	4.636864	4.260176
PI3	FALSE	FALSE	shared_fast	fast	fast	0.00311868	0.00474229	-3.873727	-3.773144
PI4KA	TRUE	TRUE	shared_slow	slow	slow	6.7048e-05	0.000223284	5.017344	4.711046
PIEZO1	FALSE	FALSE	shared_fast	fast	fast	8.47423e-08	3.34124e-08	-6.973885	-7.157389
PIF1	TRUE	TRUE	shared_slow	slow	slow	0.000300164	0.00232337	4.515298	3.932076
PIGN	TRUE	TRUE	shared_slow	slow	slow	0.00388483	0.0029142	3.694017	3.852352
PIGO	TRUE	TRUE	shared_slow	slow	slow	0.00209555	0.00918319	3.966898	3.480533
PIK3C2B	TRUE	FALSE	marine_only_slow	slow	not_significant	0.000512188		4.430426	3.284656
PIK3R4	TRUE	TRUE	shared_slow	slow	slow	1.38744e-07	3.05872e-06	6.397130	5.771463
PIK3R5	FALSE	FALSE	shared_fast	fast	fast	0.00366329	0.00315115	-3.809058	-3.912018
PIM2	TRUE	TRUE	shared_slow	slow	slow	3.52375e-06	0.000256697	5.845297	4.690291
PIP	TRUE	FALSE	marine_only_slow	slow	not_significant	0.0016454		4.008359	3.154499
PKLR	TRUE	FALSE	marine_only_slow	slow	not_significant	0.00208051		3.980070	2.813477
PKP1	FALSE	FALSE	shared_fast	fast	fast	0.000507656	0.00104283	-4.488692	-4.305396
PLA2G10	TRUE	TRUE	shared_slow	slow	slow	0.000978888	0.000377057	4.170110	4.520926
PLCB1	TRUE	TRUE	shared_slow	slow	slow	0.0033763	0.00919164	3.815900	3.487558
PLCB3	TRUE	FALSE	marine_only_slow	slow	not_significant	0.00709978		3.519567	3.024804
PLCH2	FALSE	FALSE	shared_fast	fast	fast	0.00786873	0.00941502	-3.509567	-3.493792
PLCL2	TRUE	TRUE	shared_slow	slow	slow	0.00208339	0.00942301	3.953979	3.456918
PLCZ1	TRUE	TRUE	shared_slow	slow	slow	0.00153466	0.00179086	4.087229	4.080577
PLEKHO1	TRUE	TRUE	shared_slow	slow	slow	0.00487954	0.00187072	3.653850	4.037369
PLET1	TRUE	TRUE	shared_slow	slow	slow	0.000209131	0.000182769	4.677797	4.770623
PLIN3	TRUE	FALSE	marine_only_slow	slow	not_significant	0.00254368		3.890451	3.177767
PLP2	TRUE	TRUE	shared_slow	slow	slow	0.000267937	0.000262377	4.633975	4.676109
PLXDC2	TRUE	FALSE	marine_only_slow	slow	not_significant	0.00189948		4.014878	3.220572
PLXNB2	TRUE	TRUE	shared_slow	slow	slow	0.00016918	0.0013613	4.796445	4.164213
PM20D1	TRUE	TRUE	shared_slow	slow	slow	0.00110676	0.00214951	4.189178	4.009526
PMIS2	FALSE	TRUE	aquatic_only_slow	not_significant	slow		0.00234029	3.219399	3.989501
PMM1	TRUE	TRUE	shared_slow	slow	slow	0.000344147	0.00183194	4.519122	4.037985
PNKP	TRUE	FALSE	marine_only_slow	slow	not_significant	0.00247113		3.919904	3.425140
PNLIPRP3	FALSE	FALSE	shared_fast	fast	fast	0.00267986	0.00655948	-3.955214	-3.663059
PNPLA3	TRUE	FALSE	marine_only_slow	slow	not_significant	0.00610295		3.575017	3.438038
PNPLA7	FALSE	FALSE	shared_fast	fast	fast	0.000243205	0.000349352	-4.942389	-4.792564
POC5	TRUE	TRUE	shared_slow	slow	slow	0.0033763	0.00221023	3.789991	3.985328
PODXL	TRUE	TRUE	shared_slow	slow	slow	1.70807e-06	0.000192896	5.901543	4.730900
POGZ	TRUE	TRUE	shared_slow	slow	slow	8.89638e-05	5.80097e-05	4.894802	5.064229
POLG	TRUE	TRUE	shared_slow	slow	slow	7.69142e-05	0.00133146	5.029667	4.179135
POLR1H	TRUE	TRUE	shared_slow	slow	slow	0.00128419	0.00161846	4.096070	4.073186
POM121L2	FALSE	FALSE	marine_fast_only	fast	not_significant	0.00761392		-4.011081	-3.543623
POT1	TRUE	TRUE	shared_slow	slow	slow	0.00287463	0.0023221	3.804015	3.930946
POU2F1	TRUE	TRUE	shared_slow	slow	slow	1.2874e-07	3.49972e-05	6.615153	5.287729
POU3F1	TRUE	FALSE	marine_only_slow	slow	not_significant	0.00551071		3.597656	2.235939
PP2D1	TRUE	TRUE	shared_slow	slow	slow	2.45378e-06	1.96599e-06	5.854045	5.919431
PPA2	TRUE	TRUE	shared_slow	slow	slow	0.000512386	0.00739175	4.416370	3.561800
PPFIA2	TRUE	TRUE	shared_slow	slow	slow	3.32781e-05	0.000923677	5.293669	4.314181
PPHLN1	TRUE	TRUE	shared_slow	slow	slow	0.000361873	0.00171533	4.524652	4.077426
PPIL2	TRUE	TRUE	shared_slow	slow	slow	0.00239	0.00606973	3.920937	3.643465
PPP1R3A	TRUE	TRUE	shared_slow	slow	slow	0.000643932	0.000262377	4.376797	4.709748
PPP1R9A	TRUE	TRUE	shared_slow	slow	slow	0.00114596	0.00455482	4.181652	3.751847
PPP2R2A	TRUE	FALSE	marine_only_slow	slow	not_significant	0.00688143		3.543189	2.870155
PPP3CC	TRUE	TRUE	shared_slow	slow	slow	1.73604e-05	0.000223284	5.423729	4.739761
PPP4R3B	TRUE	TRUE	shared_slow	slow	slow	0.000352946	0.000470656	4.580644	4.535131
PPRC1	TRUE	TRUE	shared_slow	slow	slow	0.000827346	0.00136955	4.296991	4.175722
PPT2	TRUE	FALSE	marine_only_slow	slow	not_significant	0.00616482		3.581325	3.422539
PRAM1	TRUE	FALSE	marine_only_slow	slow	not_significant	0.000727756		4.246858	0.796877
PRCP	TRUE	TRUE	shared_slow	slow	slow	0.00459201	0.00288636	3.695517	3.905612
PRDM16	FALSE	FALSE	aquatic_fast_only	not_significant	fast		0.00405015	-3.405628	-3.813909
PRKACB	TRUE	FALSE	marine_only_slow	slow	not_significant	0.0020402		3.979758	2.939509
PRKAG2	TRUE	FALSE	marine_only_slow	slow	not_significant	0.00114596		4.168877	2.902077
PRMT2	TRUE	TRUE	shared_slow	slow	slow	0.00059325	0.00156639	4.376389	4.112081
PROB1	TRUE	TRUE	shared_slow	slow	slow	0.00553545	0.00684187	3.646717	3.616431
PROM1	TRUE	TRUE	shared_slow	slow	slow	0.00761392	0.00747675	3.491421	3.558540
PRORP	TRUE	TRUE	shared_slow	slow	slow	0.00129579	0.00153979	4.138002	4.124587
PROZ	TRUE	TRUE	shared_slow	slow	slow	0.00169198	0.00253036	4.016919	3.932172
PRPF3	TRUE	TRUE	shared_slow	slow	slow	0.00283372	0.00656646	3.849710	3.596703
PRPF38B	TRUE	TRUE	shared_slow	slow	slow	0.000196331	0.000246955	4.729910	4.692099
PRPH	TRUE	TRUE	shared_slow	slow	slow	0.000205105	0.0031277	4.710997	3.867374
PRR14	TRUE	TRUE	shared_slow	slow	slow	0.00015804	0.000496825	4.826238	4.503582
PRR20G	TRUE	TRUE	shared_slow	slow	slow	0.00679184	0.00544287	3.495563	3.647469
PRR27	TRUE	TRUE	shared_slow	slow	slow	0.00538439	0.00210523	3.599758	3.982317
PRR35	TRUE	TRUE	shared_slow	slow	slow	0.00435882	0.0084721	3.697867	3.502080
PRRC2C	TRUE	TRUE	shared_slow	slow	slow	2.17336e-09	5.80097e-05	7.497761	5.138305
PRRT3	FALSE	TRUE	aquatic_only_slow	not_significant	slow		0.00469701	3.380369	3.745262
PRSS53	FALSE	FALSE	shared_fast	fast	fast	0.00113931	0.000985582	-4.216402	-4.315580
PSD3	TRUE	TRUE	shared_slow	slow	slow	0.00238489	0.00413096	3.931838	3.785296
PSKH1	TRUE	TRUE	shared_slow	slow	slow	6.40004e-05	0.00615261	5.090308	3.648718
PSMD1	TRUE	TRUE	shared_slow	slow	slow	0.000112104	0.000234392	4.943234	4.746077
PSMD10	TRUE	TRUE	shared_slow	slow	slow	0.00198166	0.00253813	3.972296	3.933404
PSMD8	TRUE	FALSE	marine_only_slow	slow	not_significant	0.00437914		3.712495	2.482515
PSRC1	TRUE	TRUE	shared_slow	slow	slow	0.0025747	0.00417395	3.901755	3.782148
PTCH1	TRUE	FALSE	marine_only_slow	slow	not_significant	0.00345304		3.787220	3.191884
PTGER2	TRUE	TRUE	shared_slow	slow	slow	0.00108558	0.00163881	4.176489	4.100419
PTGFRN	TRUE	TRUE	shared_slow	slow	slow	0.00285152	0.00987673	3.868690	3.454066
PTK7	TRUE	FALSE	marine_only_slow	slow	not_significant	0.00866011		3.458699	3.084460
PTPN11	TRUE	TRUE	shared_slow	slow	slow	2.72767e-05	9.56122e-06	5.294806	5.617815
PTPN9	TRUE	TRUE	shared_slow	slow	slow	0.000229579	0.00225982	4.689300	3.987859
PURA	TRUE	FALSE	marine_only_slow	slow	not_significant	0.00447574		3.664302	3.065994
PUSL1	TRUE	TRUE	shared_slow	slow	slow	0.000960473	0.00222046	4.243954	4.007361
PVR	TRUE	TRUE	shared_slow	slow	slow	0.000485858	0.000191132	4.385769	4.729011
PWP2	FALSE	FALSE	aquatic_fast_only	not_significant	fast		0.00620662	-2.932902	-3.661033
PXDNL	FALSE	TRUE	aquatic_only_slow	not_significant	slow		0.00903693	2.467547	3.559873
PXMP4	TRUE	FALSE	marine_only_slow	slow	not_significant	0.00410654		3.738456	3.181099
PXN	TRUE	FALSE	marine_only_slow	slow	not_significant	0.00212037		3.967470	2.861780
QSOX1	FALSE	FALSE	shared_fast	fast	fast	0.00201361	0.00249546	-4.029239	-3.998605
R3HDM2	TRUE	FALSE	marine_only_slow	slow	not_significant	0.000559498		4.366996	2.771416
R3HDM4	TRUE	TRUE	shared_slow	slow	slow	0.00175451	0.0065805	3.983767	3.580967
RAB40C	TRUE	FALSE	marine_only_slow	slow	not_significant	0.000845626		4.267238	2.637542
RABGAP1	TRUE	TRUE	shared_slow	slow	slow	7.57491e-05	0.000413977	5.037974	4.558425
RABL2A	TRUE	FALSE	marine_only_slow	slow	not_significant	0.00932404		3.413999	3.005853
RAC3	TRUE	TRUE	shared_slow	slow	slow	0.000978888	0.00176404	4.219095	4.074753
RAD54L2	TRUE	TRUE	shared_slow	slow	slow	0.00833439	0.0037011	3.471633	3.834056
RALGAPA2	FALSE	FALSE	shared_fast	fast	fast	0.0055891	0.00645063	-3.636474	-3.644283
RALGPS2	TRUE	TRUE	shared_slow	slow	slow	2.45378e-06	0.000496825	5.895178	4.482563
RAMP1	TRUE	TRUE	shared_slow	slow	slow	0.00546012	0.00843478	3.607213	3.495950
RAMP2	TRUE	TRUE	shared_slow	slow	slow	0.000298812	0.000194628	4.604350	4.778925
RAP1GAP	TRUE	FALSE	marine_only_slow	slow	not_significant	0.00340729		3.786818	3.269686
RARS1	TRUE	TRUE	shared_slow	slow	slow	0.00647194	0.00745889	3.556639	3.559228
RASSF3	TRUE	TRUE	shared_slow	slow	slow	0.000344787	0.000751967	4.476311	4.305335
RAVER2	TRUE	FALSE	marine_only_slow	slow	not_significant	0.00049015		4.404283	3.062064
RBBP5	TRUE	TRUE	shared_slow	slow	slow	0.00342341	0.00987673	3.802555	3.455154
RBBP6	TRUE	TRUE	shared_slow	slow	slow	0.00253861	0.0092553	3.879809	3.460278
RBM15B	TRUE	TRUE	shared_slow	slow	slow	0.000846351	0.00879626	4.278556	3.495848
RBM27	TRUE	TRUE	shared_slow	slow	slow	0.000479381	0.000125867	4.427698	4.888986
RBM6	TRUE	TRUE	shared_slow	slow	slow	8.15535e-07	3.34481e-06	6.180322	5.849610
RBPMS	TRUE	FALSE	marine_only_slow	slow	not_significant	0.00408877		3.729389	3.335880
RBSN	FALSE	TRUE	aquatic_only_slow	not_significant	slow		0.00653817	3.208983	3.588956
RCCD1	TRUE	TRUE	shared_slow	slow	slow	5.48764e-06	2.96344e-05	5.760493	5.340016
RCN3	TRUE	TRUE	shared_slow	slow	slow	0.00489076	0.00736896	3.667046	3.567638
RDH12	TRUE	FALSE	marine_only_slow	slow	not_significant	0.00397642		3.738273	3.177730
RDH8	TRUE	TRUE	shared_slow	slow	slow	0.000446937	0.0095765	4.477771	3.464012
REC114	TRUE	FALSE	marine_only_slow	slow	not_significant	0.00965258		3.383247	2.505237
RFC3	TRUE	TRUE	shared_slow	slow	slow	0.000295963	0.0014699	4.560802	4.105305
RGS11	TRUE	TRUE	shared_slow	slow	slow	2.44738e-05	0.00167851	5.306722	4.082545
RGS21	FALSE	FALSE	marine_fast_only	fast	not_significant	0.00527571		-3.685632	-3.071454
RHCE	TRUE	TRUE	shared_slow	slow	slow	3.7301e-05	1.2992e-05	5.180024	5.511872
RHCG	TRUE	TRUE	shared_slow	slow	slow	0.00560027	0.000965239	3.613936	4.278118
RHD	TRUE	TRUE	shared_slow	slow	slow	0.000248643	9.85648e-05	4.617351	4.937875
RHEX	FALSE	FALSE	shared_fast	fast	fast	0.00660253	0.00354509	-3.586244	-3.874753
RHOA	TRUE	TRUE	shared_slow	slow	slow	6.32114e-08	2.33197e-07	6.654985	6.385420
RHOT2	TRUE	FALSE	marine_only_slow	slow	not_significant	0.00435386		3.711703	3.298755
RHOU	TRUE	TRUE	shared_slow	slow	slow	0.000428511	0.000379458	4.432505	4.533661
RIIAD1	TRUE	TRUE	shared_slow	slow	slow	5.19049e-05	2.61471e-05	5.045249	5.285260
RIMBP2	FALSE	FALSE	marine_fast_only	fast	not_significant	0.00480983		-3.691208	-3.245527
RIPOR3	FALSE	TRUE	aquatic_only_slow	not_significant	slow		0.00938564	3.301537	3.477539
RIPPLY3	TRUE	FALSE	marine_only_slow	slow	not_significant	0.00722465		3.507046	3.354945
RMDN1	TRUE	TRUE	shared_slow	slow	slow	0.00284806	0.000796056	3.854088	4.332338
RNASE9	TRUE	FALSE	marine_only_slow	slow	not_significant	0.00579908		3.545272	2.928182
RNF125	TRUE	TRUE	shared_slow	slow	slow	0.00210223	0.00306051	3.961186	3.874451
RNF126	TRUE	TRUE	shared_slow	slow	slow	9.75264e-05	0.0005967	4.865416	4.387820
RNF175	FALSE	FALSE	shared_fast	fast	fast	0.00056399	0.00119423	-4.520389	-4.312442
RNF186	FALSE	FALSE	shared_fast	fast	fast	0.00295722	0.00280684	-3.876284	-3.940489
RNF207	TRUE	TRUE	shared_slow	slow	slow	0.000136513	0.00447008	4.869331	3.767040
RNF224	TRUE	FALSE	marine_only_slow	slow	not_significant	0.00537786		3.649290	2.911739
RNF38	TRUE	FALSE	marine_only_slow	slow	not_significant	0.00322334		3.780851	2.365387
RNF41	TRUE	FALSE	marine_only_slow	slow	not_significant	0.00524868		3.638425	2.405722
RNPS1	TRUE	FALSE	marine_only_slow	slow	not_significant	0.00184544		3.993400	2.583374
ROBO2	TRUE	TRUE	shared_slow	slow	slow	0.00235632	0.0075517	3.948863	3.567736
RPL5	TRUE	TRUE	shared_slow	slow	slow	0.000393154	0.00163393	4.526892	4.106552
RPRD2	TRUE	TRUE	shared_slow	slow	slow	0.00687051	0.0024286	3.523672	3.942228
RPS17	TRUE	TRUE	shared_slow	slow	slow	0.000356288	0.00681919	4.444734	3.557335
RPS18	TRUE	FALSE	marine_only_slow	slow	not_significant	0.00762656		3.486072	2.906161
RPS6KA5	TRUE	TRUE	shared_slow	slow	slow	5.11658e-07	7.58894e-07	6.207090	6.133511
RPS6KC1	TRUE	TRUE	shared_slow	slow	slow	0.000590853	0.00431615	4.370743	3.761705
RPTOR	TRUE	FALSE	marine_only_slow	slow	not_significant	0.00153522		4.088581	2.991409
RPUSD1	TRUE	TRUE	shared_slow	slow	slow	0.00100475	0.00096231	4.213205	4.278384
RRAGA	TRUE	TRUE	shared_slow	slow	slow	0.00642366	0.00625124	3.562187	3.628893
RTL3	TRUE	TRUE	shared_slow	slow	slow	0.00832833	0.00991054	3.476324	3.474040
RTL4	TRUE	TRUE	shared_slow	slow	slow	0.000239891	0.000808069	4.563458	4.277213
RTL5	TRUE	TRUE	shared_slow	slow	slow	0.00400193	0.00253742	3.739816	3.939619
RTL6	TRUE	TRUE	shared_slow	slow	slow	0.00318756	0.000655164	3.816279	4.399542
RUNX1T1	TRUE	TRUE	shared_slow	slow	slow	0.00190995	0.00272596	3.978401	3.903176
S1PR1	TRUE	TRUE	shared_slow	slow	slow	0.000587521	0.000628353	4.361942	4.402476
SAFB2	TRUE	TRUE	shared_slow	slow	slow	5.8834e-06	2.09082e-05	5.570873	5.316797
SAMHD1	TRUE	TRUE	shared_slow	slow	slow	4.86474e-06	9.4847e-05	5.702200	4.975397
SBNO1	TRUE	TRUE	shared_slow	slow	slow	3.00735e-07	4.03258e-05	6.317352	5.187606
SCAP	TRUE	TRUE	shared_slow	slow	slow	0.00077211	0.00180653	4.338336	4.095492
SCAPER	TRUE	TRUE	shared_slow	slow	slow	0.00106558	0.000844684	4.157463	4.284663
SCARB1	TRUE	TRUE	shared_slow	slow	slow	0.00176083	0.0018292	3.973175	4.017050
SCARF2	TRUE	TRUE	shared_slow	slow	slow	0.00171655	0.00879332	4.022149	3.493184
SCCPDH	TRUE	TRUE	shared_slow	slow	slow	0.000299182	0.000268742	4.584320	4.657739
SCD	TRUE	TRUE	shared_slow	slow	slow	2.29629e-06	0.00273944	5.814245	3.904317
SCN11A	TRUE	TRUE	shared_slow	slow	slow	3.41244e-21	6.7319e-20	12.011409	11.271809
SCN1B	TRUE	FALSE	marine_only_slow	slow	not_significant	0.00169198		3.978241	3.214110
SCN3A	TRUE	TRUE	shared_slow	slow	slow	0.00388502	0.00570553	3.729034	3.648520
SCP2	TRUE	FALSE	marine_only_slow	slow	not_significant	0.00832833		3.446804	2.708055
SDCBP2	FALSE	FALSE	marine_fast_only	fast	not_significant	0.00981588		-3.425606	-3.310519
SDR9C7	FALSE	FALSE	shared_fast	fast	fast	0.000843409	0.00131023	-4.382865	-4.269948
SEC14L1	TRUE	TRUE	shared_slow	slow	slow	1.56478e-05	0.000175439	5.438303	4.799066
SEC14L4	FALSE	FALSE	marine_fast_only	fast	not_significant	0.00554579		-3.747999	-3.115628
SEC24A	TRUE	TRUE	shared_slow	slow	slow	0.00398772	0.00598197	3.701524	3.618775
SEC31A	TRUE	FALSE	marine_only_slow	slow	not_significant	0.00584648		3.593620	1.063059
SEC61A2	TRUE	TRUE	shared_slow	slow	slow	0.00032088	0.000808069	4.587591	4.343457
SECISBP2L	TRUE	TRUE	shared_slow	slow	slow	0.00123235	0.00653512	4.106927	3.589151
SELENBP1	TRUE	TRUE	shared_slow	slow	slow	0.00115754	0.00194488	4.147386	4.025914
SEMA3B	FALSE	TRUE	aquatic_only_slow	not_significant	slow		0.00913919	3.084195	3.489725
SEMA4B	TRUE	FALSE	marine_only_slow	slow	not_significant	0.000661178		4.338150	3.362938
SENP7	TRUE	FALSE	marine_only_slow	slow	not_significant	0.00390386		3.756423	3.422642
SEPTIN5	TRUE	TRUE	shared_slow	slow	slow	0.00175451	0.000139405	4.024993	4.874788
SERHL2	TRUE	TRUE	shared_slow	slow	slow	0.000789451	0.00372499	4.270591	3.808050
SERPINA4	TRUE	TRUE	shared_slow	slow	slow	0.00017153	0.000165883	5.239929	5.027266
SERPINA6	TRUE	TRUE	shared_slow	slow	slow	6.59898e-05	3.692e-05	5.043354	5.250644
SERPINB11	TRUE	TRUE	shared_slow	slow	slow	2.84206e-05	4.03258e-05	6.206001	5.669387
SERPINC1	TRUE	TRUE	shared_slow	slow	slow	0.00407946	0.00684004	3.729833	3.591644
SERTM1	TRUE	TRUE	shared_slow	slow	slow	2.92961e-07	1.94374e-07	6.324774	6.434109
SETD1B	TRUE	FALSE	marine_only_slow	slow	not_significant	0.00475605		3.695425	3.226562
SETDB2	TRUE	TRUE	shared_slow	slow	slow	0.000400408	0.00104283	4.519550	4.262928
SF3A1	TRUE	TRUE	shared_slow	slow	slow	0.00271461	0.0033103	3.867701	3.843579
SF3B3	TRUE	FALSE	marine_only_slow	slow	not_significant	0.00992336		3.413736	3.062629
SFTPB	FALSE	FALSE	shared_fast	fast	fast	5.28441e-05	0.000223284	-5.202770	-4.807879
SGPL1	FALSE	TRUE	aquatic_only_slow	not_significant	slow		0.007791	3.099754	3.550402
SGPP1	TRUE	FALSE	marine_only_slow	slow	not_significant	0.00819352		3.449182	3.143236
SH3RF1	FALSE	FALSE	marine_fast_only	fast	not_significant	0.00647194		-3.590112	-3.446051
SHFL	TRUE	FALSE	marine_only_slow	slow	not_significant	0.0024005		3.891439	3.085801
SHOX	FALSE	TRUE	aquatic_only_slow	not_significant	slow		0.00974963	2.912135	3.430252
SHTN1	TRUE	TRUE	shared_slow	slow	slow	7.12394e-07	6.34032e-05	6.234133	5.117793
SIDT2	TRUE	FALSE	marine_only_slow	slow	not_significant	0.00129597		4.120795	3.292049
SIGIRR	TRUE	TRUE	shared_slow	slow	slow	0.0014126	0.00382957	4.096416	3.800482
SIGLEC1	TRUE	FALSE	marine_only_slow	slow	not_significant	0.00640314		3.583731	3.179526
SIL1	TRUE	TRUE	shared_slow	slow	slow	0.000697916	0.000998699	4.337869	4.275955
SIMC1	TRUE	TRUE	shared_slow	slow	slow	0.000344147	0.000976203	4.563935	4.280700
SIX1	TRUE	FALSE	marine_only_slow	slow	not_significant	0.00519599		3.652198	3.372309
SKP2	TRUE	FALSE	marine_only_slow	slow	not_significant	0.00281919		3.867467	3.181805
SLAMF1	FALSE	TRUE	aquatic_only_slow	not_significant	slow		0.00998552	3.204864	3.448689
SLAMF6	TRUE	TRUE	shared_slow	slow	slow	0.000274905	0.00073265	4.610687	4.353232
SLAMF7	TRUE	TRUE	shared_slow	slow	slow	5.19693e-07	2.09082e-05	6.290166	5.417811
SLC14A1	TRUE	TRUE	shared_slow	slow	slow	0.00168214	0.00150513	4.039906	4.124407
SLC16A14	TRUE	FALSE	marine_only_slow	slow	not_significant	0.00551071		3.623942	3.354640
SLC16A3	TRUE	TRUE	shared_slow	slow	slow	0.00244408	0.00405015	3.916790	3.787330
SLC16A4	TRUE	TRUE	shared_slow	slow	slow	0.00614281	0.00927251	3.584783	3.475756
SLC17A1	TRUE	TRUE	shared_slow	slow	slow	0.00622762	0.00547294	3.582080	3.681595
SLC17A5	FALSE	FALSE	marine_fast_only	fast	not_significant	0.00996127		-3.428474	-3.126017
SLC22A13	TRUE	FALSE	marine_only_slow	slow	not_significant	0.00252779		3.857586	1.962328
SLC22A7	TRUE	TRUE	shared_slow	slow	slow	1.15808e-05	1.05506e-05	5.509602	5.567193
SLC24A4	FALSE	FALSE	shared_fast	fast	fast	0.00202951	0.000673966	-4.017718	-4.453874
SLC25A32	TRUE	FALSE	marine_only_slow	slow	not_significant	0.00550072		3.636541	2.693242
SLC25A45	FALSE	FALSE	shared_fast	fast	fast	4.15762e-05	0.000389686	-5.453982	-4.705395
SLC25A51	TRUE	TRUE	shared_slow	slow	slow	0.00553545	0.00919164	3.566918	3.441816
SLC26A11	TRUE	FALSE	marine_only_slow	slow	not_significant	0.00091409		4.231382	2.864575
SLC26A3	TRUE	FALSE	marine_only_slow	slow	not_significant	0.00902878		3.389735	2.426071
SLC26A6	TRUE	TRUE	shared_slow	slow	slow	0.00011881	0.000193128	4.891242	4.786285
SLC26A7	TRUE	TRUE	shared_slow	slow	slow	3.32079e-06	4.17489e-06	5.864344	5.807722
SLC26A8	TRUE	TRUE	shared_slow	slow	slow	1.41482e-07	9.71307e-08	6.546621	6.648733
SLC27A6	FALSE	TRUE	aquatic_only_slow	not_significant	slow		0.00405015	3.198503	3.802332
SLC28A1	FALSE	FALSE	shared_fast	fast	fast	0.00256567	0.00431258	-3.998024	-3.832772
SLC2A7	FALSE	FALSE	marine_fast_only	fast	not_significant	0.00782935		-4.128756	-3.240569
SLC30A1	TRUE	TRUE	shared_slow	slow	slow	0.00201446	0.00107941	3.938542	4.200113
SLC36A3	FALSE	FALSE	marine_fast_only	fast	not_significant	0.00934248		-3.444265	-3.385295
SLC38A10	TRUE	TRUE	shared_slow	slow	slow	0.00231072	0.00686556	3.936451	3.588967
SLC38A5	TRUE	TRUE	shared_slow	slow	slow	0.00171655	0.0011118	4.017084	4.212466
SLC39A10	TRUE	FALSE	marine_only_slow	slow	not_significant	0.000474018		4.415937	3.027343
SLC40A1	TRUE	TRUE	shared_slow	slow	slow	9.64078e-06	0.00146981	5.562952	4.121132
SLC44A2	TRUE	TRUE	shared_slow	slow	slow	0.00103932	0.0067656	4.173278	3.579570
SLC44A5	TRUE	TRUE	shared_slow	slow	slow	5.1895e-15	4.3789e-14	9.757669	9.290837
SLC49A4	TRUE	FALSE	marine_only_slow	slow	not_significant	0.000589366		4.399490	2.303407
SLC4A4	TRUE	TRUE	shared_slow	slow	slow	9.93295e-05	0.00175444	4.970455	4.094542
SLC4A5	TRUE	FALSE	marine_only_slow	slow	not_significant	0.00841873		3.460973	3.423293
SLC5A5	TRUE	TRUE	shared_slow	slow	slow	1.11962e-06	6.6244e-08	6.127725	6.764448
SLC6A15	TRUE	TRUE	shared_slow	slow	slow	1.73658e-06	3.63109e-07	6.085945	6.444862
SLC6A6	TRUE	TRUE	shared_slow	slow	slow	2.02442e-05	1.82722e-05	5.310108	5.400680
SLC7A4	TRUE	TRUE	shared_slow	slow	slow	3.04506e-05	0.000149129	5.207186	4.815472
SLC7A6	TRUE	TRUE	shared_slow	slow	slow	8.76223e-05	0.00139919	4.991045	4.164350
SLC9A3R2	TRUE	TRUE	shared_slow	slow	slow	0.00323191	0.00453381	3.811056	3.740816
SLC9A5	TRUE	TRUE	shared_slow	slow	slow	0.000453586	0.000454766	4.491039	4.547872
SLC9C1	TRUE	TRUE	shared_slow	slow	slow	0.00982958	0.00467071	3.410724	3.751510
SLC9C2	TRUE	TRUE	shared_slow	slow	slow	2.1176e-10	1.99051e-11	7.946533	8.292208
SLCO1B1	TRUE	TRUE	shared_slow	slow	slow	9.96087e-11	7.79601e-11	7.842802	7.874890
SLCO4C1	TRUE	TRUE	shared_slow	slow	slow	0.00869109	0.00497904	3.437118	3.703082
SLCO6A1	TRUE	TRUE	shared_slow	slow	slow	4.21373e-13	3.00742e-13	8.871456	8.897468
SLFN14	TRUE	TRUE	shared_slow	slow	slow	4.15762e-05	0.000304871	5.124555	4.600835
SLIT2	TRUE	TRUE	shared_slow	slow	slow	0.00376596	0.00918319	3.776270	3.491654
SLITRK2	TRUE	TRUE	shared_slow	slow	slow	1.5158e-05	0.000154636	5.450720	4.831827
SLTM	TRUE	TRUE	shared_slow	slow	slow	0.00467815	0.00681919	3.680744	3.591212
SLX4	TRUE	TRUE	shared_slow	slow	slow	9.8452e-08	1.61803e-05	6.744181	5.516696
SMAD5	TRUE	TRUE	shared_slow	slow	slow	0.000908447	0.00183173	4.250021	4.064809
SMARCA1	TRUE	TRUE	shared_slow	slow	slow	4.15762e-05	0.000808069	5.196048	4.342959
SMARCC1	TRUE	TRUE	shared_slow	slow	slow	1.69443e-05	7.12779e-05	5.454091	5.079526
SMC4	TRUE	TRUE	shared_slow	slow	slow	0.00518738	0.00665162	3.651910	3.608909
SMCO3	TRUE	TRUE	shared_slow	slow	slow	0.000901268	0.00126728	4.234826	4.181144
SMCR8	FALSE	FALSE	aquatic_fast_only	not_significant	fast		0.00645063	-3.397515	-3.652738
SMG1	TRUE	FALSE	marine_only_slow	slow	not_significant	0.00183347		4.012652	3.430534
SMTNL1	FALSE	FALSE	aquatic_fast_only	not_significant	fast		0.00994792	-3.228537	-3.490453
SMURF2	TRUE	FALSE	marine_only_slow	slow	not_significant	0.00079423		4.291400	3.282186
SNAI1	TRUE	TRUE	shared_slow	slow	slow	5.26695e-06	4.08647e-06	5.699108	5.779226
SNAPC2	TRUE	TRUE	shared_slow	slow	slow	0.00090192	0.00161846	4.260252	4.115061
SNRPA1	TRUE	FALSE	marine_only_slow	slow	not_significant	0.00934438		3.361635	3.224552
SNRPB	TRUE	FALSE	marine_only_slow	slow	not_significant	0.00459908		3.689035	3.258158
SNRPD3	FALSE	TRUE	aquatic_only_slow	not_significant	slow		0.00840811	3.228818	3.511459
SNRPF	TRUE	TRUE	shared_slow	slow	slow	1.15591e-08	2.25578e-06	6.818919	5.811979
SNX16	TRUE	TRUE	shared_slow	slow	slow	0.00734313	0.0062929	3.506591	3.623004
SNX7	TRUE	TRUE	shared_slow	slow	slow	0.00564899	0.00997514	3.566522	3.413268
SOAT2	TRUE	TRUE	shared_slow	slow	slow	0.000196331	0.00187246	4.751342	4.058287
SOCS4	TRUE	TRUE	shared_slow	slow	slow	1.44385e-05	0.000244471	5.473725	4.697383
SORBS2	TRUE	TRUE	shared_slow	slow	slow	0.000111499	6.4284e-06	4.889031	5.687804
SORD	TRUE	TRUE	shared_slow	slow	slow	0.000777175	0.00229035	4.283542	3.979283
SOX2	TRUE	TRUE	shared_slow	slow	slow	0.00566328	0.0085937	3.616478	3.505669
SOX7	TRUE	TRUE	shared_slow	slow	slow	0.000180715	0.000951774	4.809874	4.304158
SPACA6	TRUE	TRUE	shared_slow	slow	slow	0.00490572	0.00146263	3.678281	4.152861
SPAST	TRUE	TRUE	shared_slow	slow	slow	0.000372396	0.00244074	4.468240	3.926480
SPATA13	TRUE	FALSE	marine_only_slow	slow	not_significant	0.00334494		3.771746	3.242979
SPATA32	TRUE	FALSE	marine_only_slow	slow	not_significant	0.00121799		4.147854	3.034556
SPATA6	FALSE	FALSE	shared_fast	fast	fast	0.00170512	0.00591226	-4.081684	-3.684724
SPATA7	FALSE	TRUE	aquatic_only_slow	not_significant	slow		0.00916345	2.954655	3.476458
SPC24	TRUE	TRUE	shared_slow	slow	slow	3.5836e-05	0.000660707	5.197464	4.389661
SPECC1L	TRUE	TRUE	shared_slow	slow	slow	0.000136529	7.21316e-05	4.787441	5.008750
SPEF2	FALSE	FALSE	shared_fast	fast	fast	0.000586842	0.00136547	-4.435698	-4.204199
SPEM2	FALSE	FALSE	shared_fast	fast	fast	0.00666841	0.00774829	-3.622779	-3.612464
SPG11	TRUE	TRUE	shared_slow	slow	slow	2.35855e-05	0.000287003	5.276580	4.617179
SPHK2	TRUE	TRUE	shared_slow	slow	slow	1.59027e-07	1.51242e-06	6.563329	6.057081
SPIN4	TRUE	TRUE	shared_slow	slow	slow	2.04925e-06	1.62004e-05	5.967780	5.495587
SPINT4	TRUE	TRUE	shared_slow	slow	slow	0.000707386	0.000296465	4.445925	4.736592
SPPL2C	FALSE	FALSE	shared_fast	fast	fast	9.61919e-05	0.000191132	-5.109564	-4.907523
SPRING1	TRUE	FALSE	marine_only_slow	slow	not_significant	0.00292521		3.856506	2.698159
SPRR1B	TRUE	FALSE	marine_only_slow	slow	not_significant	2.47501e-19		10.617833	-0.256189
SPRR5	FALSE	FALSE	shared_fast	fast	fast	0.00951245	0.00724323	-3.532245	-3.685119
SPRY3	FALSE	FALSE	aquatic_fast_only	not_significant	fast		0.00740481	-3.267329	-3.603961
SPTA1	TRUE	FALSE	marine_only_slow	slow	not_significant	0.00830137		3.474568	3.156534
SPTSSA	TRUE	FALSE	marine_only_slow	slow	not_significant	0.00676585		3.536047	2.293813
SRCAP	TRUE	TRUE	shared_slow	slow	slow	2.70069e-08	8.52305e-05	6.963618	5.055003
SREK1	TRUE	TRUE	shared_slow	slow	slow	0.000253944	0.000789205	4.632007	4.332477
SRFBP1	TRUE	TRUE	shared_slow	slow	slow	0.00023047	0.000660001	4.701724	4.412317
SRGN	TRUE	TRUE	shared_slow	slow	slow	0.000196331	0.000923677	4.734679	4.292570
SRP68	TRUE	TRUE	shared_slow	slow	slow	0.00637139	0.00133398	3.574524	4.181880
SRPK1	TRUE	TRUE	shared_slow	slow	slow	0.00246292	0.00301515	3.918717	3.888522
SRRM4	FALSE	FALSE	marine_fast_only	fast	not_significant	0.00885252		-3.467547	-3.427332
SRY	TRUE	FALSE	marine_only_slow	slow	not_significant	0.00357139		4.072974	2.651295
SSH1	TRUE	TRUE	shared_slow	slow	slow	0.00145704	0.00209632	4.109259	4.028626
SSR4	TRUE	FALSE	marine_only_slow	slow	not_significant	0.00547352		3.615930	2.793107
SSTR4	FALSE	FALSE	shared_fast	fast	fast	9.85092e-06	8.17339e-05	-6.200509	-5.376065
ST20	TRUE	TRUE	shared_slow	slow	slow	3.27552e-07	0.000315923	6.423659	4.727607
ST6GALNAC2	TRUE	TRUE	shared_slow	slow	slow	0.00181818	8.00095e-05	4.026036	5.071130
STAC3	TRUE	TRUE	shared_slow	slow	slow	0.00010754	0.00138181	4.872753	4.136049
STARD10	TRUE	TRUE	shared_slow	slow	slow	0.00661764	0.00405015	3.557827	3.796009
STK33	TRUE	TRUE	shared_slow	slow	slow	0.00256567	0.00204342	3.921779	4.046878
STK38	TRUE	FALSE	marine_only_slow	slow	not_significant	0.00146211		4.079549	3.145689
STMN1	TRUE	TRUE	shared_slow	slow	slow	0.000669556	0.000454766	4.279288	4.464657
STMN4	TRUE	FALSE	marine_only_slow	slow	not_significant	0.00218815		3.931151	3.290419
SUGP1	TRUE	TRUE	shared_slow	slow	slow	0.00151922	0.00222188	4.040092	3.964447
SUGP2	TRUE	TRUE	shared_slow	slow	slow	0.000283691	0.000628353	4.608595	4.412303
SULT1C2	TRUE	FALSE	marine_only_slow	slow	not_significant	0.00786169		4.191069	0.057223
SULT1E1	TRUE	TRUE	shared_slow	slow	slow	0.000425849	0.00132863	4.488828	4.164246
SUN1	TRUE	TRUE	shared_slow	slow	slow	0.00598192	0.00136784	3.585633	4.152966
SUOX	TRUE	FALSE	marine_only_slow	slow	not_significant	0.00117467		4.178770	3.362711
SUSD2	TRUE	TRUE	shared_slow	slow	slow	0.00100898	0.0063255	4.215889	3.631207
SV2A	TRUE	TRUE	shared_slow	slow	slow	0.00485123	0.00748593	3.644564	3.538290
SVOPL	FALSE	FALSE	shared_fast	fast	fast	9.33006e-05	0.000125908	-5.146681	-5.072604
SYCN	FALSE	FALSE	shared_fast	fast	fast	0.00231565	0.00543234	-3.982064	-3.717589
SYDE1	TRUE	TRUE	shared_slow	slow	slow	1.10983e-05	1.95755e-05	5.592505	5.464601
SYMPK	TRUE	TRUE	shared_slow	slow	slow	5.13729e-05	3.22864e-05	5.132343	5.308718
SYNPO2	TRUE	TRUE	shared_slow	slow	slow	0.000658145	0.000160299	4.294559	4.782114
SYP	TRUE	TRUE	shared_slow	slow	slow	0.000258559	0.00480737	4.649425	3.722788
SYTL3	FALSE	FALSE	marine_fast_only	fast	not_significant	0.00555712		-3.650252	-3.222080
SYTL5	FALSE	FALSE	aquatic_fast_only	not_significant	fast		0.00744984	-3.207454	-3.594026
TACC3	FALSE	TRUE	aquatic_only_slow	not_significant	slow		0.00453381	3.277192	3.736060
TACO1	TRUE	TRUE	shared_slow	slow	slow	0.000654382	0.00188508	4.363285	4.057854
TACR2	FALSE	FALSE	shared_fast	fast	fast	1.44385e-05	3.91743e-05	-5.726808	-5.439161
TADA2B	TRUE	TRUE	shared_slow	slow	slow	1.05416e-09	3.69582e-11	7.458731	8.004537
TAF1	TRUE	TRUE	shared_slow	slow	slow	0.00018258	0.00579051	4.765330	3.652512
TAF11	TRUE	TRUE	shared_slow	slow	slow	1.15808e-05	0.000300857	5.539368	4.640148
TAF1D	TRUE	FALSE	marine_only_slow	slow	not_significant	0.00454977		3.696138	3.421500
TAF2	TRUE	TRUE	shared_slow	slow	slow	2.10734e-06	1.89352e-05	5.896236	5.393598
TAF5	TRUE	TRUE	shared_slow	slow	slow	0.00704505	0.00682986	3.503349	3.597278
TANK	TRUE	FALSE	marine_only_slow	slow	not_significant	0.00407287		3.740442	2.849599
TAOK2	TRUE	FALSE	marine_only_slow	slow	not_significant	0.00280041		3.890230	3.176616
TARS2	TRUE	TRUE	shared_slow	slow	slow	0.00323191	0.00566519	3.796247	3.647802
TBC1D10A	TRUE	TRUE	shared_slow	slow	slow	0.00372341	0.00229154	3.762888	3.981433
TBC1D9B	TRUE	TRUE	shared_slow	slow	slow	0.00195527	0.00464758	4.002569	3.743701
TBCD	TRUE	TRUE	shared_slow	slow	slow	0.00272059	0.00324056	3.875900	3.855167
TBX2	TRUE	TRUE	shared_slow	slow	slow	0.00942752	0.00803173	3.391612	3.508010
TBX22	TRUE	FALSE	marine_only_slow	slow	not_significant	0.000593323		4.386429	2.823697
TCF19	TRUE	TRUE	shared_slow	slow	slow	0.000105043	7.08986e-05	4.928754	5.085144
TCHHL1	TRUE	TRUE	shared_slow	slow	slow	0.00282324	0.00476094	4.264937	3.881620
TCL1A	TRUE	TRUE	shared_slow	slow	slow	2.20224e-06	2.34008e-07	5.921655	6.433763
TDRD12	FALSE	FALSE	marine_fast_only	fast	not_significant	0.00647194		-3.587333	-3.426743
TEDC2	TRUE	TRUE	shared_slow	slow	slow	0.000437116	0.00113899	4.489380	4.232138
TEK	TRUE	FALSE	marine_only_slow	slow	not_significant	0.00682816		3.553579	2.796429
TENT2	TRUE	TRUE	shared_slow	slow	slow	0.000361208	0.000793721	4.547170	4.352401
TESPA1	TRUE	FALSE	marine_only_slow	slow	not_significant	0.00272719		3.894176	3.126870
TET1	TRUE	TRUE	shared_slow	slow	slow	1.23905e-10	4.15629e-09	7.692172	7.089770
TEX10	TRUE	TRUE	shared_slow	slow	slow	1.73762e-06	3.13061e-05	5.834538	5.212519
TFAM	TRUE	TRUE	shared_slow	slow	slow	0.000197651	6.87849e-05	4.719136	5.065177
TFPI	TRUE	TRUE	shared_slow	slow	slow	3.89958e-13	1.67969e-10	8.794563	7.763707
TFR2	TRUE	TRUE	shared_slow	slow	slow	0.000297632	0.000817975	4.628544	4.353307
TFRC	TRUE	TRUE	shared_slow	slow	slow	1.35381e-05	0.000130717	5.542184	4.925633
TGM1	FALSE	FALSE	shared_fast	fast	fast	5.48764e-06	2.00695e-05	-5.872199	-5.543499
TGM3	FALSE	FALSE	shared_fast	fast	fast	2.92541e-08	1.29479e-07	-7.287810	-6.877242
TGM5	FALSE	FALSE	shared_fast	fast	fast	0.00633748	0.00762472	-3.722832	-3.661751
TGM7	FALSE	FALSE	marine_fast_only	fast	not_significant	0.00828007		-3.669988	-3.271574
TGS1	FALSE	FALSE	shared_fast	fast	fast	0.000524032	0.00214785	-4.497069	-4.063282
THAP11	FALSE	FALSE	marine_fast_only	fast	not_significant	0.00732054		-3.557572	-3.410612
THBD	TRUE	TRUE	shared_slow	slow	slow	0.00407287	0.00375016	3.750580	3.824373
THEGL	FALSE	TRUE	aquatic_only_slow	not_significant	slow		0.00307393	3.284284	3.844873
THUMPD3	TRUE	TRUE	shared_slow	slow	slow	0.00181463	0.00113956	4.029727	4.230956
TICAM1	TRUE	TRUE	shared_slow	slow	slow	0.000201344	0.0015158	4.716623	4.124877
TIGD2	FALSE	FALSE	marine_fast_only	fast	not_significant	0.00647274		-3.595152	-3.320000
TIGD4	TRUE	TRUE	shared_slow	slow	slow	0.000317994	0.00152131	4.506700	4.077581
TIGD7	TRUE	TRUE	shared_slow	slow	slow	0.00115202	0.00746478	4.118231	3.536399
TINCR	TRUE	FALSE	marine_only_slow	slow	not_significant	0.00479048		3.664666	3.248903
TJP1	TRUE	FALSE	marine_only_slow	slow	not_significant	0.00479171		3.633210	3.402740
TLCD4	TRUE	TRUE	shared_slow	slow	slow	5.00518e-05	3.99941e-05	5.139846	5.247214
TLE2	TRUE	TRUE	shared_slow	slow	slow	0.000401452	0.000880803	4.438494	4.257663
TLL1	TRUE	TRUE	shared_slow	slow	slow	4.15762e-05	7.82575e-06	5.135633	5.615598
TLR4	TRUE	TRUE	shared_slow	slow	slow	0.00588939	0.00183194	3.609528	4.077476
TLR9	TRUE	TRUE	shared_slow	slow	slow	0.00553545	0.00989144	3.632989	3.458892
TLX2	TRUE	FALSE	marine_only_slow	slow	not_significant	0.00222693		3.947143	3.096288
TMCO6	TRUE	TRUE	shared_slow	slow	slow	0.00525539	0.00663907	3.646268	3.611626
TMED3	FALSE	FALSE	shared_fast	fast	fast	0.00292461	0.0017907	-3.896752	-4.121806
TMED7	TRUE	TRUE	shared_slow	slow	slow	0.001283	0.000708085	4.104197	4.351612
TMEM128	TRUE	TRUE	shared_slow	slow	slow	0.00797878	0.00912486	3.457639	3.465139
TMEM131L	TRUE	TRUE	shared_slow	slow	slow	2.41335e-06	3.81752e-06	5.919171	5.824201
TMEM160	TRUE	FALSE	marine_only_slow	slow	not_significant	0.00682816		3.541659	3.206865
TMEM161B	TRUE	TRUE	shared_slow	slow	slow	0.00583457	0.00626269	3.615222	3.641687
TMEM168	TRUE	FALSE	marine_only_slow	slow	not_significant	0.00159339		4.040090	3.337067
TMEM19	TRUE	TRUE	shared_slow	slow	slow	0.00583802	0.00526153	3.605067	3.697857
TMEM217	TRUE	TRUE	shared_slow	slow	slow	0.000321102	0.000341893	4.507833	4.543477
TMEM221	TRUE	TRUE	shared_slow	slow	slow	3.15902e-07	1.2267e-05	6.255217	5.474218
TMEM225	TRUE	TRUE	shared_slow	slow	slow	0.00123145	0.00425659	4.065411	3.725559
TMEM231	TRUE	TRUE	shared_slow	slow	slow	0.000525542	0.00398094	4.356508	3.764086
TMEM234	TRUE	FALSE	marine_only_slow	slow	not_significant	0.000558633		4.328036	0.906558
TMEM270	FALSE	FALSE	shared_fast	fast	fast	0.00875091	0.00800121	-3.473770	-3.568098
TMEM50B	TRUE	TRUE	shared_slow	slow	slow	0.00143831	0.003497	4.090005	3.831992
TMEM60	TRUE	TRUE	shared_slow	slow	slow	0.000196331	0.000293186	4.660205	4.592232
TMPO	TRUE	FALSE	marine_only_slow	slow	not_significant	0.00879767		3.420516	2.557577
TMPPE	TRUE	TRUE	shared_slow	slow	slow	4.75159e-05	0.00218475	5.139685	4.006857
TNF	TRUE	TRUE	shared_slow	slow	slow	0.00328726	0.00495928	3.820338	3.718989
TNFAIP6	TRUE	TRUE	shared_slow	slow	slow	0.00067544	0.00618078	4.341942	3.639299
TNFRSF4	TRUE	TRUE	shared_slow	slow	slow	0.001348	0.00108624	4.100237	4.223400
TNFRSF9	TRUE	TRUE	shared_slow	slow	slow	2.66924e-05	7.08986e-05	5.306763	5.073385
TNFSF10	TRUE	TRUE	shared_slow	slow	slow	0.000687549	0.00145943	4.327378	4.137984
TNFSF4	TRUE	TRUE	shared_slow	slow	slow	6.59113e-07	0.000205252	6.258001	4.767923
TNN	FALSE	FALSE	shared_fast	fast	fast	0.000208492	0.000186816	-4.817615	-4.892117
TNPO2	TRUE	FALSE	marine_only_slow	slow	not_significant	0.00280041		3.866437	3.407380
TNPO3	TRUE	TRUE	shared_slow	slow	slow	0.00633359	0.00774851	3.579103	3.554899
TOGARAM2	FALSE	FALSE	shared_fast	fast	fast	4.70955e-05	0.000116723	-5.341433	-5.085236
TOMM5	TRUE	FALSE	marine_only_slow	slow	not_significant	1.18451e-08		6.997568	2.970930
TOPBP1	TRUE	TRUE	shared_slow	slow	slow	0.000456403	0.000116874	4.503032	4.979462
TPM3	TRUE	FALSE	marine_only_slow	slow	not_significant	0.00832833		3.441723	1.952952
TPR	TRUE	TRUE	shared_slow	slow	slow	0.000299182	0.00286676	4.624947	3.911805
TPST1	TRUE	TRUE	shared_slow	slow	slow	0.00102718	0.00193511	4.201786	4.034697
TPTE	TRUE	FALSE	marine_only_slow	slow	not_significant	0.000314503		4.502301	2.420903
TPX2	TRUE	TRUE	shared_slow	slow	slow	1.69179e-05	0.000312482	5.434938	4.633622
TRAF6	TRUE	FALSE	marine_only_slow	slow	not_significant	0.00723443		3.522706	3.187672
TRAJ17	TRUE	TRUE	shared_slow	slow	slow	0.000740216	0.000977312	4.595851	4.595851
TRAPPC5	TRUE	FALSE	marine_only_slow	slow	not_significant	0.00458282		3.696123	2.520065
TRAPPC9	TRUE	TRUE	shared_slow	slow	slow	0.000197885	0.00284283	4.760736	3.917263
TRAT1	TRUE	TRUE	shared_slow	slow	slow	0.00283514	0.00168493	3.873362	4.101299
TRDMT1	FALSE	FALSE	shared_fast	fast	fast	0.00688143	0.00829412	-3.571579	-3.555739
TREM1	TRUE	TRUE	shared_slow	slow	slow	0.00834102	0.000125959	3.764985	5.279178
TREM2	TRUE	FALSE	marine_only_slow	slow	not_significant	0.0024152		3.924593	3.033579
TREML2	TRUE	TRUE	shared_slow	slow	slow	0.00198677	0.00252254	3.992691	3.954495
TREX1	TRUE	FALSE	marine_only_slow	slow	not_significant	0.00897557		3.437553	2.568048
TRIM10	TRUE	FALSE	marine_only_slow	slow	not_significant	0.0018157		4.016203	2.994767
TRIM11	TRUE	TRUE	shared_slow	slow	slow	0.003998	0.00522507	3.749903	3.706549
TRIM13	TRUE	FALSE	marine_only_slow	slow	not_significant	0.000276172		4.641680	3.414525
TRIM27	TRUE	TRUE	shared_slow	slow	slow	0.000104442	0.000751585	4.896365	4.347503
TRIM29	FALSE	FALSE	shared_fast	fast	fast	1.37898e-06	2.30462e-06	-6.260956	-6.126541
TRIM33	TRUE	TRUE	shared_slow	slow	slow	0.00034829	0.000879525	4.507477	4.275726
TRIM45	FALSE	FALSE	shared_fast	fast	fast	0.000808375	0.000260975	-4.333252	-4.757742
TRIM66	FALSE	FALSE	shared_fast	fast	fast	0.0017033	0.00113956	-4.080476	-4.267076
TRIML2	TRUE	TRUE	shared_slow	slow	slow	0.00287995	0.000944098	3.860191	4.288190
TRIP11	TRUE	TRUE	shared_slow	slow	slow	0.00159579	0.00508973	4.073198	3.710034
TRMT13	TRUE	FALSE	marine_only_slow	slow	not_significant	0.00132453		4.105807	3.284962
TRPM6	TRUE	FALSE	marine_only_slow	slow	not_significant	0.00113553		4.166805	3.104774
TRPV3	FALSE	FALSE	aquatic_fast_only	not_significant	fast		0.0064091	-3.398325	-3.640431
TRPV6	FALSE	FALSE	shared_fast	fast	fast	0.000656103	0.000477567	-4.408143	-4.569368
TSC2	TRUE	FALSE	marine_only_slow	slow	not_significant	0.000586842		4.379727	3.331623
TSC22D1	FALSE	FALSE	marine_fast_only	fast	not_significant	0.00760819		-3.530425	-3.356613
TSLP	TRUE	TRUE	shared_slow	slow	slow	1.22597e-07	6.11674e-07	6.629608	6.259709
TSPOAP1	FALSE	FALSE	aquatic_fast_only	not_significant	fast		0.00641262	-3.406923	-3.637823
TSPYL2	TRUE	TRUE	shared_slow	slow	slow	0.00385186	0.00599269	3.747345	3.644414
TSR3	TRUE	FALSE	marine_only_slow	slow	not_significant	0.00779905		3.459998	2.786019
TSTD2	TRUE	TRUE	shared_slow	slow	slow	1.5158e-05	0.000101293	5.376689	4.919950
TTC21A	TRUE	TRUE	shared_slow	slow	slow	0.00156349	0.00138637	4.079067	4.160953
TTC28	TRUE	TRUE	shared_slow	slow	slow	1.62317e-09	9.64083e-10	7.516834	7.545372
TTC3	TRUE	FALSE	marine_only_slow	slow	not_significant	0.00910547		3.419330	3.288196
TUT4	TRUE	TRUE	shared_slow	slow	slow	0.000462299	0.000858079	4.484947	4.337259
TVP23A	TRUE	FALSE	marine_only_slow	slow	not_significant	0.00875091		3.445747	3.197832
TXNDC11	TRUE	TRUE	shared_slow	slow	slow	0.00208421	0.00836606	3.965134	3.513750
UBA2	TRUE	FALSE	marine_only_slow	slow	not_significant	0.00829738		3.449363	1.723111
UBA6	TRUE	TRUE	shared_slow	slow	slow	1.18967e-05	0.00657655	5.562434	3.620761
UBE2E3	TRUE	FALSE	marine_only_slow	slow	not_significant	0.00610581		3.568867	3.189526
UBE2M	TRUE	FALSE	marine_only_slow	slow	not_significant	0.00701985		3.504662	3.176048
UBE2U	TRUE	TRUE	shared_slow	slow	slow	0.000492678	7.38433e-05	4.430657	5.062993
UBE3A	TRUE	TRUE	shared_slow	slow	slow	0.000432986	0.000356752	4.399150	4.517674
UBN1	TRUE	TRUE	shared_slow	slow	slow	1.18933e-05	4.46865e-05	5.555053	5.213316
UBOX5	TRUE	TRUE	shared_slow	slow	slow	0.00137038	0.00170849	4.131164	4.104940
UBP1	TRUE	TRUE	shared_slow	slow	slow	0.000479381	0.000180534	4.398068	4.752397
UBQLN3	FALSE	FALSE	shared_fast	fast	fast	0.00103921	0.00119616	-4.243719	-4.248382
UBR1	TRUE	FALSE	marine_only_slow	slow	not_significant	0.00738912		3.450895	3.224957
UBR2	TRUE	TRUE	shared_slow	slow	slow	1.28441e-07	2.51459e-07	6.620530	6.450909
UBR4	TRUE	TRUE	shared_slow	slow	slow	0.000765977	0.00771632	4.285311	3.538998
UBR5	TRUE	FALSE	marine_only_slow	slow	not_significant	0.00709611		3.500468	2.739030
UGT8	TRUE	TRUE	shared_slow	slow	slow	0.000926568	0.00239251	4.228310	3.956505
UHRF1	TRUE	TRUE	shared_slow	slow	slow	0.00182096	0.00433933	3.969120	3.731100
UHRF1BP1L	TRUE	FALSE	marine_only_slow	slow	not_significant	0.00466984		3.699845	3.407568
UHRF2	TRUE	TRUE	shared_slow	slow	slow	0.000456025	0.00016931	4.477706	4.838590
UNC13A	TRUE	FALSE	marine_only_slow	slow	not_significant	0.00644159		3.512521	3.305746
UPB1	FALSE	TRUE	aquatic_only_slow	not_significant	slow		0.0072763	3.173164	3.572529
UPF1	TRUE	TRUE	shared_slow	slow	slow	0.000250686	0.00104283	4.652266	4.242876
UPF2	TRUE	TRUE	shared_slow	slow	slow	0.000267937	0.000318248	4.644769	4.623191
UQCRC1	TRUE	TRUE	shared_slow	slow	slow	0.00158339	0.000879478	4.068011	4.314414
URI1	TRUE	TRUE	shared_slow	slow	slow	3.79143e-08	9.54276e-09	6.822302	7.055190
USHBP1	TRUE	TRUE	shared_slow	slow	slow	4.62427e-05	0.00110597	5.112222	4.210066
USP11	TRUE	TRUE	shared_slow	slow	slow	0.000413356	0.000296258	4.483157	4.632920
USP47	TRUE	TRUE	shared_slow	slow	slow	0.00117759	0.00212586	4.176697	4.023866
USP48	TRUE	TRUE	shared_slow	slow	slow	0.000244545	0.00315115	4.702110	3.882579
USP50	TRUE	TRUE	shared_slow	slow	slow	0.00911778	0.00870407	3.409217	3.487812
USP53	TRUE	TRUE	shared_slow	slow	slow	0.00761606	0.00187072	3.480586	4.029586
USP7	TRUE	TRUE	shared_slow	slow	slow	0.00293632	0.00739587	3.835808	3.552817
UTP6	TRUE	TRUE	shared_slow	slow	slow	0.00311477	0.00599269	3.835567	3.648762
UTS2	TRUE	FALSE	marine_only_slow	slow	not_significant	0.0021674		3.934879	2.940478
VCAM1	TRUE	FALSE	marine_only_slow	slow	not_significant	0.0042486		3.645996	3.372382
VEPH1	TRUE	TRUE	shared_slow	slow	slow	0.000433934	0.00449798	4.517768	3.771551
VKORC1	TRUE	TRUE	shared_slow	slow	slow	0.00260933	0.00377866	3.884776	3.807174
VKORC1L1	TRUE	TRUE	shared_slow	slow	slow	0.00164088	0.00521725	4.058937	3.689654
VPS35	TRUE	TRUE	shared_slow	slow	slow	5.65151e-05	9.78789e-05	4.987250	4.911760
VSIG4	TRUE	FALSE	marine_only_slow	slow	not_significant	0.00658863		3.533741	2.498723
VSIG8	FALSE	FALSE	shared_fast	fast	fast	4.63853e-07	3.91e-07	-6.583806	-6.619253
WASHC2A	TRUE	TRUE	shared_slow	slow	slow	0.000144527	0.000985582	4.792181	4.242306
WASHC2C	TRUE	TRUE	shared_slow	slow	slow	0.000464113	0.00196962	4.411053	4.005200
WDFY3	TRUE	TRUE	shared_slow	slow	slow	3.59436e-11	4.37605e-08	8.194699	6.777058
WDPCP	TRUE	TRUE	shared_slow	slow	slow	1.70372e-07	5.39064e-05	6.555876	5.161855
WDR24	TRUE	TRUE	shared_slow	slow	slow	8.67689e-05	0.000840816	4.973888	4.319478
WDR36	TRUE	TRUE	shared_slow	slow	slow	0.000492678	0.00754143	4.350019	3.520666
WDR38	TRUE	FALSE	marine_only_slow	slow	not_significant	0.00832833		3.872606	1.120385
WDR41	TRUE	FALSE	marine_only_slow	slow	not_significant	0.00857148		3.444142	2.833081
WDR45B	TRUE	FALSE	marine_only_slow	slow	not_significant	0.00216953		3.941119	3.063799
WDR5	TRUE	TRUE	shared_slow	slow	slow	0.0098041	0.00308659	3.379351	3.851650
WDR61	TRUE	TRUE	shared_slow	slow	slow	0.00153794	0.00170243	4.064072	4.075161
WDR7	TRUE	FALSE	marine_only_slow	slow	not_significant	0.00742038		3.486751	3.021612
WDR76	TRUE	TRUE	shared_slow	slow	slow	1.32976e-11	4.28202e-10	8.616032	7.858477
WDR86	TRUE	TRUE	shared_slow	slow	slow	0.00338616	0.00892694	3.894890	3.546584
WDR88	TRUE	TRUE	shared_slow	slow	slow	4.69855e-08	4.15903e-08	6.782846	6.806878
WDR90	TRUE	TRUE	shared_slow	slow	slow	5.97963e-06	0.000152343	5.679336	4.835514
WDR93	TRUE	TRUE	shared_slow	slow	slow	1.39685e-07	3.68997e-08	6.621467	6.906010
WFDC10B	FALSE	TRUE	aquatic_only_slow	not_significant	slow		0.00226979	3.316760	4.086499
WFDC11	TRUE	FALSE	marine_only_slow	slow	not_significant	0.00868723		3.547790	3.067500
WIZ	TRUE	TRUE	shared_slow	slow	slow	0.00115202	0.000543601	4.191162	4.484481
WNK1	FALSE	FALSE	marine_fast_only	fast	not_significant	0.00310581		-3.857265	-3.226364
WNT9A	TRUE	TRUE	shared_slow	slow	slow	1.54815e-05	0.000194628	5.370404	4.726273
WWP1	TRUE	TRUE	shared_slow	slow	slow	0.00633359	0.00708317	3.523196	3.543753
XCR1	TRUE	TRUE	shared_slow	slow	slow	2.06373e-05	2.37298e-05	5.354565	5.355706
XPOT	TRUE	TRUE	shared_slow	slow	slow	0.000101128	0.000487536	4.939108	4.495788
YAP1	TRUE	FALSE	marine_only_slow	slow	not_significant	0.00203248		3.973063	1.907758
YDJC	TRUE	TRUE	shared_slow	slow	slow	0.000377828	0.000527448	4.506113	4.454278
YIPF6	TRUE	TRUE	shared_slow	slow	slow	9.76039e-06	8.45021e-05	5.561703	5.008414
ZAR1	TRUE	TRUE	shared_slow	slow	slow	4.196e-06	4.03258e-05	5.613578	5.132115
ZBTB22	TRUE	TRUE	shared_slow	slow	slow	1.70807e-06	0.000380258	5.968107	4.552872
ZBTB33	TRUE	TRUE	shared_slow	slow	slow	5.37255e-05	0.000298735	5.129805	4.659724
ZBTB37	TRUE	TRUE	shared_slow	slow	slow	0.000195738	0.00249546	4.738263	3.952281
ZBTB40	TRUE	TRUE	shared_slow	slow	slow	0.000276282	0.00158852	4.646421	4.123391
ZBTB43	TRUE	TRUE	shared_slow	slow	slow	0.00642521	0.00384958	3.563516	3.805412
ZBTB45	TRUE	TRUE	shared_slow	slow	slow	1.85302e-13	3.29049e-09	8.967382	7.222581
ZBTB49	TRUE	TRUE	shared_slow	slow	slow	7.38767e-05	0.00130143	4.966836	4.152888
ZBTB6	TRUE	TRUE	shared_slow	slow	slow	0.000316143	0.000474431	4.569552	4.489398
ZC3H13	TRUE	TRUE	shared_slow	slow	slow	0.000248643	0.00103503	4.634613	4.231149
ZC3H14	TRUE	FALSE	marine_only_slow	slow	not_significant	0.00830137		3.446124	2.090010
ZC3H7A	TRUE	TRUE	shared_slow	slow	slow	1.73604e-05	0.000152343	5.431058	4.853695
ZCCHC10	TRUE	TRUE	shared_slow	slow	slow	0.000393128	0.000739435	4.450969	4.325177
ZDHHC1	TRUE	FALSE	marine_only_slow	slow	not_significant	0.00131688		4.093078	2.990252
ZDHHC3	TRUE	FALSE	marine_only_slow	slow	not_significant	0.00838041		3.451728	3.130618
ZFAND4	TRUE	TRUE	shared_slow	slow	slow	0.000105084	0.000330457	4.835893	4.552917
ZFAND6	TRUE	FALSE	marine_only_slow	slow	not_significant	0.00504118		3.637154	0.988176
ZFP42	TRUE	TRUE	shared_slow	slow	slow	3.41881e-05	1.55423e-06	5.225326	6.020567
ZFP62	TRUE	TRUE	shared_slow	slow	slow	0.000133363	0.000152343	4.857906	4.852675
ZFP90	TRUE	FALSE	marine_only_slow	slow	not_significant	0.00689163		3.506512	2.585347
ZFP92	TRUE	TRUE	shared_slow	slow	slow	0.000196331	0.000674098	4.677323	4.358338
ZGRF1	TRUE	TRUE	shared_slow	slow	slow	8.48637e-05	0.00135652	5.034143	4.181950
ZMYM1	TRUE	TRUE	shared_slow	slow	slow	1.44385e-05	4.93137e-05	5.544692	5.219363
ZMYM3	TRUE	TRUE	shared_slow	slow	slow	1.44297e-07	1.38454e-05	6.466979	5.462747
ZMYM6	TRUE	TRUE	shared_slow	slow	slow	8.47423e-08	1.07423e-06	6.648368	6.082301
ZMYND11	TRUE	FALSE	marine_only_slow	slow	not_significant	0.000342626		4.524253	1.736470
ZNF131	TRUE	FALSE	marine_only_slow	slow	not_significant	0.00181913		4.001312	2.958286
ZNF174	FALSE	TRUE	aquatic_only_slow	not_significant	slow		0.00774438	3.328762	3.548383
ZNF18	TRUE	TRUE	shared_slow	slow	slow	0.00407287	0.00892694	3.679470	3.466493
ZNF2	TRUE	FALSE	marine_only_slow	slow	not_significant	0.00231072		3.901137	2.956319
ZNF200	TRUE	TRUE	shared_slow	slow	slow	4.00058e-06	0.00123687	5.813377	4.200915
ZNF213	TRUE	TRUE	shared_slow	slow	slow	0.00039665	0.00036026	4.406545	4.545780
ZNF22	TRUE	TRUE	shared_slow	slow	slow	2.15948e-06	0.00285924	5.830864	3.897475
ZNF263	TRUE	TRUE	shared_slow	slow	slow	1.38744e-07	1.37505e-05	6.475503	5.467727
ZNF274	TRUE	TRUE	shared_slow	slow	slow	5.09304e-05	5.57896e-05	4.999220	5.055789
ZNF280B	TRUE	FALSE	marine_only_slow	slow	not_significant	0.00405149		3.677310	3.053223
ZNF296	TRUE	TRUE	shared_slow	slow	slow	0.000196331	0.000998699	4.731767	4.259588
ZNF385D	FALSE	TRUE	aquatic_only_slow	not_significant	slow		0.00565789	3.311266	3.640673
ZNF414	TRUE	TRUE	shared_slow	slow	slow	0.00333645	0.00562777	3.779324	3.665242
ZNF436	FALSE	TRUE	aquatic_only_slow	not_significant	slow		0.00678779	3.172934	3.580358
ZNF445	TRUE	TRUE	shared_slow	slow	slow	7.57873e-07	7.58894e-07	6.149178	6.162510
ZNF446	TRUE	TRUE	shared_slow	slow	slow	0.00366901	0.00379313	3.747745	3.795158
ZNF470	TRUE	TRUE	shared_slow	slow	slow	0.00409318	0.00209042	3.682475	3.977426
ZNF500	TRUE	TRUE	shared_slow	slow	slow	0.00116235	0.00994256	4.101016	3.421911
ZNF507	TRUE	FALSE	marine_only_slow	slow	not_significant	0.00777824		3.469856	3.273130
ZNF514	FALSE	TRUE	aquatic_only_slow	not_significant	slow		0.00857152	3.052182	3.486538
ZNF524	TRUE	TRUE	shared_slow	slow	slow	0.00237001	0.00639038	3.921043	3.618074
ZNF532	TRUE	TRUE	shared_slow	slow	slow	0.00342341	0.00166511	3.776509	4.074826
ZNF592	TRUE	TRUE	shared_slow	slow	slow	2.15994e-06	8.52305e-05	5.966328	5.025181
ZNF605	TRUE	TRUE	shared_slow	slow	slow	0.000366491	0.00230457	4.513803	3.972348
ZNF629	TRUE	FALSE	marine_only_slow	slow	not_significant	0.00303036		3.886648	2.897198
ZNF644	TRUE	FALSE	marine_only_slow	slow	not_significant	0.00320019		3.801603	3.323975
ZNF654	TRUE	TRUE	shared_slow	slow	slow	0.000189047	0.000635701	4.786209	4.438278
ZNF704	TRUE	TRUE	shared_slow	slow	slow	0.000294063	0.00013111	4.606420	4.889364
ZNF71	TRUE	TRUE	shared_slow	slow	slow	0.0042784	0.00994088	3.654343	3.417448
ZNF750	TRUE	TRUE	shared_slow	slow	slow	2.6631e-05	7.70564e-05	5.324408	5.062994
ZNF79	TRUE	FALSE	marine_only_slow	slow	not_significant	0.00536237		3.608498	3.215639
ZNF821	TRUE	FALSE	marine_only_slow	slow	not_significant	0.00148067		4.119756	3.313525
ZNHIT6	TRUE	FALSE	marine_only_slow	slow	not_significant	0.00873624		3.446781	3.079441
ZSCAN10	TRUE	TRUE	shared_slow	slow	slow	1.31852e-06	2.35702e-05	5.885701	5.274347
ZSCAN5C	TRUE	FALSE	marine_only_slow	slow	not_significant	0.00387612		3.700586	3.036376
ZZZ3	TRUE	FALSE	marine_only_slow	slow	not_significant	0.00588439		3.606349	2.856551
