species,display_label,clade_group,trait_category,aquaticity_score,model,gene,gene_order,predictor_class,module,coefficient,scaled_GBI,contribution,abs_contribution,contribution_sign,GBI_raw_if_available,imputed_flag,fitted_probability,fitted_logit,portrait_role
Orcinus_orca,killer whale,cetacean,marine,18,marine,EPOR,1,shared,Vascular / hematologic regulation,-0.562386788005208,1.71406099062892,-0.963965254964826,0.963965254964826,negative,102.480049988451,False,0.988979173692646,4.49688649002402,core cetacean
Orcinus_orca,killer whale,cetacean,marine,18,marine,TPX2,2,marine_specific,DNA repair / chromatin / cell-cycle,-0.547364151458345,-0.277115407924932,0.151683040114863,0.151683040114863,positive,43.0468549450615,False,0.988979173692646,4.49688649002402,core cetacean
Orcinus_orca,killer whale,cetacean,marine,18,marine,HGFAC,3,shared,Vascular / hematologic regulation,-0.314672853107267,-0.0608419467377371,0.0191453089685641,0.0191453089685641,positive,62.4907943541983,False,0.988979173692646,4.49688649002402,core cetacean
Orcinus_orca,killer whale,cetacean,marine,18,marine,SYDE1,4,shared,Cytoskeletal / muscle / ECM / adhesion,-0.314258007626709,-1.31940318290691,0.414633015516664,0.414633015516664,positive,21.3131380008282,False,0.988979173692646,4.49688649002402,core cetacean
Orcinus_orca,killer whale,cetacean,marine,18,marine,PUSL1,5,shared,Metabolism / redox / lipid handling,-0.270477624990477,-0.189143267803945,0.0511590218585486,0.0511590218585486,positive,48.4722806674438,False,0.988979173692646,4.49688649002402,core cetacean
Orcinus_orca,killer whale,cetacean,marine,18,marine,CATSPERZ,6,shared,Cilia / flagella / reproductive-cell function,-0.264244206101874,-1.16646446859008,0.308231477448631,0.308231477448631,positive,0.0,False,0.988979173692646,4.49688649002402,core cetacean
Orcinus_orca,killer whale,cetacean,marine,18,marine,F11,7,marine_specific,Vascular / hematologic regulation,-0.254306353084796,-0.280765994598129,0.0714005761564759,0.0714005761564759,positive,51.7515475742301,False,0.988979173692646,4.49688649002402,core cetacean
Orcinus_orca,killer whale,cetacean,marine,18,marine,WDR93,8,shared,Cilia / flagella / reproductive-cell function,-0.242927446164409,-0.693565066197577,0.168485990280226,0.168485990280226,positive,32.7480383777357,False,0.988979173692646,4.49688649002402,core cetacean
Orcinus_orca,killer whale,cetacean,marine,18,marine,CD34,9,shared,Vascular / hematologic regulation,-0.231912055829233,1.42394381155452,-0.330229736722923,0.330229736722923,negative,103.904118670935,False,0.988979173692646,4.49688649002402,core cetacean
Orcinus_orca,killer whale,cetacean,marine,18,marine,ASMTL,10,shared,Endocrine / circadian / systemic regulation,-0.225475311673798,-0.145768403827586,0.0328671762852171,0.0328671762852171,positive,81.2657286114474,False,0.988979173692646,4.49688649002402,core cetacean
Orcinus_orca,killer whale,cetacean,marine,18,marine,FN3K,11,shared,Metabolism / redox / lipid handling,-0.217860441354345,1.38386463517887,-0.301489360194737,0.301489360194737,negative,97.4589170876575,False,0.988979173692646,4.49688649002402,core cetacean
Orcinus_orca,killer whale,cetacean,marine,18,marine,FANCM,12,marine_specific,DNA repair / chromatin / cell-cycle,-0.215464965565117,-0.790531167573779,0.170331770799436,0.170331770799436,positive,38.3750664737161,False,0.988979173692646,4.49688649002402,core cetacean
Orcinus_orca,killer whale,cetacean,marine,18,marine,VEPH1,13,marine_specific,Developmental / transcriptional signaling regulators,-0.163677799839901,0.165984016087699,-0.0271678985618254,0.0271678985618254,negative,66.7191295483932,False,0.988979173692646,4.49688649002402,core cetacean
Orcinus_orca,killer whale,cetacean,marine,18,marine,APH1B,14,marine_specific,Membrane trafficking / ER / vesicle processing,-0.152260877432123,0.559603378303956,-0.0852057013945406,0.0852057013945406,negative,83.1702295415199,False,0.988979173692646,4.49688649002402,core cetacean
Orcinus_orca,killer whale,cetacean,marine,18,marine,CREB3L3,15,marine_specific,Endocrine / circadian / systemic regulation,-0.150758430810258,-0.697740837671605,0.105190313799606,0.105190313799606,positive,31.8776465233115,False,0.988979173692646,4.49688649002402,core cetacean
Orcinus_orca,killer whale,cetacean,marine,18,marine,POLG,16,marine_specific,DNA repair / chromatin / cell-cycle,-0.124940186455302,-1.47252048523313,0.183976983984279,0.183976983984279,positive,22.6794457943142,False,0.988979173692646,4.49688649002402,core cetacean
Orcinus_orca,killer whale,cetacean,marine,18,marine,RARS1,17,marine_specific,RNA processing / translation / protein homeostasis,-0.115426630752885,-0.610566379007118,0.0704756199797807,0.0704756199797807,positive,32.7300931003481,False,0.988979173692646,4.49688649002402,core cetacean
Orcinus_orca,killer whale,cetacean,marine,18,marine,FAM234A,18,marine_specific,Unassigned / low-confidence,-0.108556846491888,0.891274709856316,-0.0967539718599743,0.0967539718599743,negative,80.0686304238885,False,0.988979173692646,4.49688649002402,core cetacean
Orcinus_orca,killer whale,cetacean,marine,18,marine,TREM2,19,marine_specific,Immune / inflammatory regulation,-0.0898257166079112,-0.88331825256062,0.0793446950291055,0.0793446950291055,positive,23.7530605071447,False,0.988979173692646,4.49688649002402,core cetacean
Orcinus_orca,killer whale,cetacean,marine,18,marine,ATG2A,20,marine_specific,Membrane trafficking / ER / vesicle processing,-0.0892133442112914,-1.84315167361256,0.164433724691615,0.164433724691615,positive,25.1092892391344,False,0.988979173692646,4.49688649002402,core cetacean
Orcinus_orca,killer whale,cetacean,marine,18,marine,NUBP2,21,shared,Metabolism / redox / lipid handling,-0.0844817154354269,1.1684842640992,-0.0987155550904032,0.0987155550904032,negative,99.7225437456048,False,0.988979173692646,4.49688649002402,core cetacean
Orcinus_orca,killer whale,cetacean,marine,18,marine,SF3B3,22,marine_specific,RNA processing / translation / protein homeostasis,-0.0727218763044334,-1.48750193025672,0.108173931374735,0.108173931374735,positive,13.919388633444,False,0.988979173692646,4.49688649002402,core cetacean
Orcinus_orca,killer whale,cetacean,marine,18,marine,RTL4,23,marine_specific,Unassigned / low-confidence,-0.0665426884505536,-0.711985572548506,0.0473774341353843,0.0473774341353843,positive,26.8825009135445,False,0.988979173692646,4.49688649002402,core cetacean
Orcinus_orca,killer whale,cetacean,marine,18,marine,SOX7,24,shared,Developmental / transcriptional signaling regulators,-0.0651622513698966,-0.819227952125923,0.053382737745675,0.053382737745675,positive,24.7588348346733,False,0.988979173692646,4.49688649002402,core cetacean
Orcinus_orca,killer whale,cetacean,marine,18,marine,CTD_3088G3,25,marine_specific,Unassigned / low-confidence,-0.0645538212784956,-0.309039044450143,0.0199496512435116,0.0199496512435116,positive,98.5012647704126,False,0.988979173692646,4.49688649002402,core cetacean
Orcinus_orca,killer whale,cetacean,marine,18,marine,COL4A1,26,marine_specific,Cytoskeletal / muscle / ECM / adhesion,-0.0505715443318336,-0.794532754372393,0.0401807484108373,0.0401807484108373,positive,39.9289959793362,False,0.988979173692646,4.49688649002402,core cetacean
Orcinus_orca,killer whale,cetacean,marine,18,marine,IDUA,27,marine_specific,Metabolism / redox / lipid handling,-0.0503352858652507,-1.4197059675102,0.0714613057192282,0.0714613057192282,positive,19.3767347746429,False,0.988979173692646,4.49688649002402,core cetacean
Orcinus_orca,killer whale,cetacean,marine,18,marine,CYP21A2,28,marine_specific,Endocrine / circadian / systemic regulation,-0.0450852911002748,-0.818328956465456,0.0368945992180292,0.0368945992180292,positive,13.7081017993901,False,0.988979173692646,4.49688649002402,core cetacean
Orcinus_orca,killer whale,cetacean,marine,18,marine,ACVR1,29,marine_specific,Developmental / transcriptional signaling regulators,-0.0383732664782303,-0.737885191515826,0.0283150650843768,0.0283150650843768,positive,28.7375831417319,False,0.988979173692646,4.49688649002402,core cetacean
Orcinus_orca,killer whale,cetacean,marine,18,marine,KEL,30,marine_specific,Vascular / hematologic regulation,-0.0377052256901275,-1.49335564763725,0.0563073117297892,0.0563073117297892,positive,0.0,False,0.988979173692646,4.49688649002402,core cetacean
Orcinus_orca,killer whale,cetacean,marine,18,marine,CATSPER4,31,marine_specific,Cilia / flagella / reproductive-cell function,-0.0348617965707268,-0.746525805548166,0.0260252307678181,0.0260252307678181,positive,22.819259827434,False,0.988979173692646,4.49688649002402,core cetacean
Orcinus_orca,killer whale,cetacean,marine,18,marine,DCXR,32,marine_specific,Metabolism / redox / lipid handling,-0.0329559416768714,-0.509198746701707,0.0167811241982375,0.0167811241982375,positive,0.0,False,0.988979173692646,4.49688649002402,core cetacean
Orcinus_orca,killer whale,cetacean,marine,18,marine,RDH12,33,marine_specific,Sensory systems,-0.0319401455848149,-0.708451719497233,0.0226280510605541,0.0226280510605541,positive,25.1777122009845,False,0.988979173692646,4.49688649002402,core cetacean
Orcinus_orca,killer whale,cetacean,marine,18,marine,BAK1,34,marine_specific,Membrane trafficking / ER / vesicle processing,-0.0220699887647022,-1.22001861224148,0.0269257970648969,0.0269257970648969,positive,0.0,False,0.988979173692646,4.49688649002402,core cetacean
Orcinus_orca,killer whale,cetacean,marine,18,marine,PECAM1,35,marine_specific,Vascular / hematologic regulation,-0.0082238428850923,-0.800927871910972,0.0065867049808872,0.0065867049808872,positive,28.1473060758233,False,0.988979173692646,4.49688649002402,core cetacean
Orcinus_orca,killer whale,cetacean,marine,18,marine,ASH2L,36,marine_specific,DNA repair / chromatin / cell-cycle,-0.0067113727256146,0.637420847505394,-0.0042779688906858,0.0042779688906858,negative,80.4531089099084,False,0.988979173692646,4.49688649002402,core cetacean
Orcinus_orca,killer whale,cetacean,marine,18,marine,STMN4,37,marine_specific,Sensory systems,-0.0025238444741929,-0.90189421768112,0.002276240737601,0.002276240737601,positive,0.0,False,0.988979173692646,4.49688649002402,core cetacean
Orcinus_orca,killer whale,cetacean,marine,18,marine,OR10G3,38,marine_specific,Sensory systems,0.0313624648344271,8.74702954887376e-16,2.74328406632248e-17,2.74328406632248e-17,positive,,True,0.988979173692646,4.49688649002402,core cetacean
Orcinus_orca,killer whale,cetacean,marine,18,marine,TGM1,39,shared,Epithelial / body-surface interface,0.0321438716739072,2.80556224901677,0.0901816329055534,0.0901816329055534,positive,141.629421125406,False,0.988979173692646,4.49688649002402,core cetacean
Orcinus_orca,killer whale,cetacean,marine,18,marine,SLC2A7,40,marine_specific,Transport / endocytic / epithelial solute handling,0.0382557135453081,-1.25362466364382e-14,-4.79583060256912e-16,4.79583060256912e-16,negative,,True,0.988979173692646,4.49688649002402,core cetacean
Orcinus_orca,killer whale,cetacean,marine,18,marine,NR2C2AP,41,marine_specific,Developmental / transcriptional signaling regulators,0.0628652617594018,0.316648871113077,0.0199062141683427,0.0199062141683427,positive,74.230678654888,False,0.988979173692646,4.49688649002402,core cetacean
Orcinus_orca,killer whale,cetacean,marine,18,marine,CAPN13,42,marine_specific,Unassigned / low-confidence,0.0728829596448735,1.43508282938708e-15,1.04593083941269e-16,1.04593083941269e-16,positive,,True,0.988979173692646,4.49688649002402,core cetacean
Orcinus_orca,killer whale,cetacean,marine,18,marine,TGM5,43,marine_specific,Epithelial / body-surface interface,0.0730096499546588,3.08931323665211e-15,2.25549678008265e-16,2.25549678008265e-16,positive,,True,0.988979173692646,4.49688649002402,core cetacean
Orcinus_orca,killer whale,cetacean,marine,18,marine,TRIM66,44,marine_specific,DNA repair / chromatin / cell-cycle,0.0785377211171152,0.696313876781752,0.0546869050646625,0.0546869050646625,positive,78.1843086460109,False,0.988979173692646,4.49688649002402,core cetacean
Orcinus_orca,killer whale,cetacean,marine,18,marine,RNF224,45,marine_specific,Developmental / transcriptional signaling regulators,0.0826571992947204,-1.28348373692975,-0.106089171034934,0.106089171034934,negative,0.0,False,0.988979173692646,4.49688649002402,core cetacean
Orcinus_orca,killer whale,cetacean,marine,18,marine,COL20A1,46,shared,Cytoskeletal / muscle / ECM / adhesion,0.0921292718400568,2.31652221065309,0.213419504468788,0.213419504468788,positive,138.968039842092,False,0.988979173692646,4.49688649002402,core cetacean
Orcinus_orca,killer whale,cetacean,marine,18,marine,PNPLA7,47,shared,Metabolism / redox / lipid handling,0.10673604147477,2.2791306067325503e-15,2.43265378966623e-16,2.43265378966623e-16,positive,,True,0.988979173692646,4.49688649002402,core cetacean
Orcinus_orca,killer whale,cetacean,marine,18,marine,DBNL,48,shared,Cytoskeletal / muscle / ECM / adhesion,0.109704318050152,0.966171885959002,0.105993227868361,0.105993227868361,positive,111.329487625349,False,0.988979173692646,4.49688649002402,core cetacean
Orcinus_orca,killer whale,cetacean,marine,18,marine,OR6B1,49,shared,Sensory systems,0.111781295712533,1.52019626742586,0.169929508510219,0.169929508510219,positive,191.091126650773,False,0.988979173692646,4.49688649002402,core cetacean
Orcinus_orca,killer whale,cetacean,marine,18,marine,SLC28A1,50,marine_specific,Transport / endocytic / epithelial solute handling,0.128656733732997,-4.56902675158572e-16,-5.878360581977031e-17,5.878360581977031e-17,negative,,True,0.988979173692646,4.49688649002402,core cetacean
Orcinus_orca,killer whale,cetacean,marine,18,marine,TOGARAM2,51,shared,Cilia / flagella / reproductive-cell function,0.129304237042922,2.09488037066521,0.270876908025059,0.270876908025059,positive,147.472220203162,False,0.988979173692646,4.49688649002402,core cetacean
Orcinus_orca,killer whale,cetacean,marine,18,marine,SSTR4,52,marine_specific,Endocrine / circadian / systemic regulation,0.137940410562783,5.81875280453412,0.802641150820782,0.802641150820782,positive,316.307882592511,False,0.988979173692646,4.49688649002402,core cetacean
Orcinus_orca,killer whale,cetacean,marine,18,marine,CALHM1,53,marine_specific,Ion channels / mechanosensation / membrane signaling,0.145696679568621,2.23028388792236,0.324944956965682,0.324944956965682,positive,251.854054985349,False,0.988979173692646,4.49688649002402,core cetacean
Orcinus_orca,killer whale,cetacean,marine,18,marine,ALOX12B,54,marine_specific,Epithelial / body-surface interface,0.149753620737968,-1.93169382162935e-15,-2.89278143946159e-16,2.89278143946159e-16,negative,,True,0.988979173692646,4.49688649002402,core cetacean
Orcinus_orca,killer whale,cetacean,marine,18,marine,ESYT3,55,marine_specific,Membrane trafficking / ER / vesicle processing,0.153832070750976,0.996385822314156,0.153276094313501,0.153276094313501,positive,105.659837634541,False,0.988979173692646,4.49688649002402,core cetacean
Orcinus_orca,killer whale,cetacean,marine,18,marine,IL36G,56,marine_specific,Immune / inflammatory regulation,0.166019839478868,3.07952661361264,0.511262514062873,0.511262514062873,positive,343.322474972345,False,0.988979173692646,4.49688649002402,core cetacean
Orcinus_orca,killer whale,cetacean,marine,18,marine,KRT17,57,marine_specific,Epithelial / body-surface interface,0.189861649168978,0.215555334392271,0.0409256912748872,0.0409256912748872,positive,93.3104860986735,False,0.988979173692646,4.49688649002402,core cetacean
Orcinus_orca,killer whale,cetacean,marine,18,marine,NKPD1,58,marine_specific,Unassigned / low-confidence,0.230941713295598,0.200860832571437,0.0463871448080279,0.0463871448080279,positive,68.4564044955195,False,0.988979173692646,4.49688649002402,core cetacean
Orcinus_orca,killer whale,cetacean,marine,18,marine,IL33,59,shared,Immune / inflammatory regulation,0.27044270721607,-0.208034246899653,-0.0562613449251985,0.0562613449251985,negative,36.1581968398613,False,0.988979173692646,4.49688649002402,core cetacean
Orcinus_orca,killer whale,cetacean,marine,18,marine,HOXD10,60,marine_specific,Developmental / transcriptional signaling regulators,0.28020716230031,0.528442468845741,0.148073364634235,0.148073364634235,positive,177.816487645061,False,0.988979173692646,4.49688649002402,core cetacean
Orcinus_orca,killer whale,cetacean,marine,18,marine,OR52W1,61,shared,Sensory systems,0.282799403614638,-0.53554520243654,-0.151451863857734,0.151451863857734,negative,49.0720527949816,False,0.988979173692646,4.49688649002402,core cetacean
Orcinus_orca,killer whale,cetacean,marine,18,marine,HIGD1B,62,marine_specific,Vascular / hematologic regulation,0.328380050132626,2.52474114573813,0.829074624009393,0.829074624009393,positive,234.631534247304,False,0.988979173692646,4.49688649002402,core cetacean
Orcinus_orca,killer whale,cetacean,marine,18,marine,CAPN14,63,marine_specific,Epithelial / body-surface interface,0.342438899161804,1.11241697669442,0.380934844908141,0.380934844908141,positive,174.936692648579,False,0.988979173692646,4.49688649002402,core cetacean
Orcinus_orca,killer whale,cetacean,marine,18,marine,OMP,64,shared,Sensory systems,0.345615697623917,3.69571908094368,1.27729852838237,1.27729852838237,positive,454.082679912094,False,0.988979173692646,4.49688649002402,core cetacean
Orcinus_orca,killer whale,cetacean,marine,18,marine,ACP4,65,marine_specific,Cytoskeletal / muscle / ECM / adhesion,0.36185377349003,-0.575533894718676,-0.208259111575367,0.208259111575367,negative,34.0958654325082,False,0.988979173692646,4.49688649002402,core cetacean
Orcinus_orca,killer whale,cetacean,marine,18,marine,KRTDAP,66,shared,Epithelial / body-surface interface,0.386565925079529,0.648894740675021,0.250840595708281,0.250840595708281,positive,126.625700538351,False,0.988979173692646,4.49688649002402,core cetacean
Orcinus_orca,killer whale,cetacean,marine,18,marine,MYH7B,67,marine_specific,Cytoskeletal / muscle / ECM / adhesion,0.397856553371577,2.1643812843602,0.861113277977497,0.861113277977497,positive,131.070418844285,False,0.988979173692646,4.49688649002402,core cetacean
Orcinus_orca,killer whale,cetacean,marine,18,marine,SDR9C7,68,shared,Epithelial / body-surface interface,0.409389888665918,0.905341128233725,0.370637503692281,0.370637503692281,positive,95.725761680237,False,0.988979173692646,4.49688649002402,core cetacean
Orcinus_orca,killer whale,cetacean,marine,18,marine,KCNK18,69,shared,Ion channels / mechanosensation / membrane signaling,0.43928773003255,4.27418229221562e-16,1.87759583689272e-16,1.87759583689272e-16,positive,,True,0.988979173692646,4.49688649002402,core cetacean
Orcinus_orca,killer whale,cetacean,marine,18,marine,MYH13,70,marine_specific,Cytoskeletal / muscle / ECM / adhesion,0.480299625271563,2.98179815511379,1.43215653653659,1.43215653653659,positive,239.427066290216,False,0.988979173692646,4.49688649002402,core cetacean
Orcinus_orca,killer whale,cetacean,marine,18,marine,TGM3,71,shared,Epithelial / body-surface interface,0.691315381170856,2.06640413811224e-16,1.4285369643921e-16,1.4285369643921e-16,positive,,True,0.988979173692646,4.49688649002402,core cetacean
Zalophus_californianus,California sea lion,pinniped,marine,14,marine,EPOR,1,shared,Vascular / hematologic regulation,-0.562386788005208,-1.79609739748767,1.0101014463176,1.0101014463176,positive,0.0,False,0.998931304738824,6.84024748991445,core pinniped
Zalophus_californianus,California sea lion,pinniped,marine,14,marine,TPX2,2,marine_specific,DNA repair / chromatin / cell-cycle,-0.547364151458345,-0.67850474537229,0.371389174211164,0.371389174211164,positive,29.8400430593423,False,0.998931304738824,6.84024748991445,core pinniped
Zalophus_californianus,California sea lion,pinniped,marine,14,marine,HGFAC,3,shared,Vascular / hematologic regulation,-0.314672853107267,-1.09351882497782,0.344100688582277,0.344100688582277,positive,17.3395430216187,False,0.998931304738824,6.84024748991445,core pinniped
Zalophus_californianus,California sea lion,pinniped,marine,14,marine,SYDE1,4,shared,Cytoskeletal / muscle / ECM / adhesion,-0.314258007626709,-2.11682594990362,0.665229505509228,0.665229505509228,positive,0.0,False,0.998931304738824,6.84024748991445,core pinniped
Zalophus_californianus,California sea lion,pinniped,marine,14,marine,PUSL1,5,shared,Metabolism / redox / lipid handling,-0.270477624990477,-0.182126534977717,0.049261152628518,0.049261152628518,positive,48.7018267115718,False,0.998931304738824,6.84024748991445,core pinniped
Zalophus_californianus,California sea lion,pinniped,marine,14,marine,CATSPERZ,6,shared,Cilia / flagella / reproductive-cell function,-0.264244206101874,-1.16646446859008,0.308231477448631,0.308231477448631,positive,0.0,False,0.998931304738824,6.84024748991445,core pinniped
Zalophus_californianus,California sea lion,pinniped,marine,14,marine,F11,7,marine_specific,Vascular / hematologic regulation,-0.254306353084796,-1.13115567377774,0.287660074169592,0.287660074169592,positive,24.5093300674558,False,0.998931304738824,6.84024748991445,core pinniped
Zalophus_californianus,California sea lion,pinniped,marine,14,marine,WDR93,8,shared,Cilia / flagella / reproductive-cell function,-0.242927446164409,0.565501166208244,-0.137375754109963,0.137375754109963,negative,65.2818884209057,False,0.998931304738824,6.84024748991445,core pinniped
Zalophus_californianus,California sea lion,pinniped,marine,14,marine,CD34,9,shared,Vascular / hematologic regulation,-0.231912055829233,-0.700302549871893,0.162408604043245,0.162408604043245,positive,30.7517385317401,False,0.998931304738824,6.84024748991445,core pinniped
Zalophus_californianus,California sea lion,pinniped,marine,14,marine,ASMTL,10,shared,Endocrine / circadian / systemic regulation,-0.225475311673798,-0.0171709477791732,0.0038716248022435,0.0038716248022435,positive,86.0992436286091,False,0.998931304738824,6.84024748991445,core pinniped
Zalophus_californianus,California sea lion,pinniped,marine,14,marine,FN3K,11,shared,Metabolism / redox / lipid handling,-0.217860441354345,1.50006211371957,-0.326804194153876,0.326804194153876,negative,101.405247316067,False,0.998931304738824,6.84024748991445,core pinniped
Zalophus_californianus,California sea lion,pinniped,marine,14,marine,FANCM,12,marine_specific,DNA repair / chromatin / cell-cycle,-0.215464965565117,-0.854938209035807,0.184209231770203,0.184209231770203,positive,36.9350017284541,False,0.998931304738824,6.84024748991445,core pinniped
Zalophus_californianus,California sea lion,pinniped,marine,14,marine,VEPH1,13,marine_specific,Developmental / transcriptional signaling regulators,-0.163677799839901,-1.21494232610603,0.198859086869407,0.198859086869407,positive,23.1358681315341,False,0.998931304738824,6.84024748991445,core pinniped
Zalophus_californianus,California sea lion,pinniped,marine,14,marine,APH1B,14,marine_specific,Membrane trafficking / ER / vesicle processing,-0.152260877432123,0.638004175608806,-0.0971430755835552,0.0971430755835552,negative,87.071154462277,False,0.998931304738824,6.84024748991445,core pinniped
Zalophus_californianus,California sea lion,pinniped,marine,14,marine,CREB3L3,15,marine_specific,Endocrine / circadian / systemic regulation,-0.150758430810258,-1.75157394250025,0.264064539019475,0.264064539019475,positive,0.0,False,0.998931304738824,6.84024748991445,core pinniped
Zalophus_californianus,California sea lion,pinniped,marine,14,marine,POLG,16,marine_specific,DNA repair / chromatin / cell-cycle,-0.124940186455302,0.365411408855856,-0.0456545695553452,0.0456545695553452,negative,65.8134532773936,False,0.998931304738824,6.84024748991445,core pinniped
Zalophus_californianus,California sea lion,pinniped,marine,14,marine,RARS1,17,marine_specific,RNA processing / translation / protein homeostasis,-0.115426630752885,-0.577609309316718,0.0666714964659298,0.0666714964659298,positive,33.9802826563597,False,0.998931304738824,6.84024748991445,core pinniped
Zalophus_californianus,California sea lion,pinniped,marine,14,marine,FAM234A,18,marine_specific,Unassigned / low-confidence,-0.108556846491888,-1.31403531823085,0.142647530326106,0.142647530326106,positive,20.0898501062549,False,0.998931304738824,6.84024748991445,core pinniped
Zalophus_californianus,California sea lion,pinniped,marine,14,marine,TREM2,19,marine_specific,Immune / inflammatory regulation,-0.0898257166079112,-1.58966551901242,0.142792844412178,0.142792844412178,positive,0.0,False,0.998931304738824,6.84024748991445,core pinniped
Zalophus_californianus,California sea lion,pinniped,marine,14,marine,ATG2A,20,marine_specific,Membrane trafficking / ER / vesicle processing,-0.0892133442112914,-1.69375365372157,0.151105427718595,0.151105427718595,positive,27.8882296306081,False,0.998931304738824,6.84024748991445,core pinniped
Zalophus_californianus,California sea lion,pinniped,marine,14,marine,NUBP2,21,shared,Metabolism / redox / lipid handling,-0.0844817154354269,-1.5338568234149,0.129582855674425,0.129582855674425,positive,0.0,False,0.998931304738824,6.84024748991445,core pinniped
Zalophus_californianus,California sea lion,pinniped,marine,14,marine,SF3B3,22,marine_specific,RNA processing / translation / protein homeostasis,-0.0727218763044334,-1.95564450780562,0.142218137992085,0.142218137992085,positive,0.0,False,0.998931304738824,6.84024748991445,core pinniped
Zalophus_californianus,California sea lion,pinniped,marine,14,marine,RTL4,23,marine_specific,Unassigned / low-confidence,-0.0665426884505536,0.664178391055175,-0.0441962157515745,0.0441962157515745,negative,80.414446891539,False,0.998931304738824,6.84024748991445,core pinniped
Zalophus_californianus,California sea lion,pinniped,marine,14,marine,SOX7,24,shared,Developmental / transcriptional signaling regulators,-0.0651622513698966,-0.14706812461587,0.0095832901047186,0.0095832901047186,positive,49.4214087457246,False,0.998931304738824,6.84024748991445,core pinniped
Zalophus_californianus,California sea lion,pinniped,marine,14,marine,CTD_3088G3,25,marine_specific,Unassigned / low-confidence,-0.0645538212784956,0.40989716724194,-0.0264604284766978,0.0264604284766978,negative,122.1008493776,False,0.998931304738824,6.84024748991445,core pinniped
Zalophus_californianus,California sea lion,pinniped,marine,14,marine,COL4A1,26,marine_specific,Cytoskeletal / muscle / ECM / adhesion,-0.0505715443318336,-1.98371017786165,0.10031928720124,0.10031928720124,positive,12.4526285491775,False,0.998931304738824,6.84024748991445,core pinniped
Zalophus_californianus,California sea lion,pinniped,marine,14,marine,IDUA,27,marine_specific,Metabolism / redox / lipid handling,-0.0503352858652507,-2.0957312746944,0.105489232808489,0.105489232808489,positive,0.0,False,0.998931304738824,6.84024748991445,core pinniped
Zalophus_californianus,California sea lion,pinniped,marine,14,marine,CYP21A2,28,marine_specific,Endocrine / circadian / systemic regulation,-0.0450852911002748,-1.08688252884623,0.0490024152048352,0.0490024152048352,positive,0.0,False,0.998931304738824,6.84024748991445,core pinniped
Zalophus_californianus,California sea lion,pinniped,marine,14,marine,ACVR1,29,marine_specific,Developmental / transcriptional signaling regulators,-0.0383732664782303,-1.51662346995931,0.058197796559887,0.058197796559887,positive,0.0,False,0.998931304738824,6.84024748991445,core pinniped
Zalophus_californianus,California sea lion,pinniped,marine,14,marine,KEL,30,marine_specific,Vascular / hematologic regulation,-0.0377052256901275,-0.124152706918488,0.0046812058344018,0.0046812058344018,positive,51.2493452786503,False,0.998931304738824,6.84024748991445,core pinniped
Zalophus_californianus,California sea lion,pinniped,marine,14,marine,CATSPER4,31,marine_specific,Cilia / flagella / reproductive-cell function,-0.0348617965707268,-7.86812824810136e-05,2.74297086377699e-06,2.74297086377699e-06,positive,54.8738942960473,False,0.998931304738824,6.84024748991445,core pinniped
Zalophus_californianus,California sea lion,pinniped,marine,14,marine,DCXR,32,marine_specific,Metabolism / redox / lipid handling,-0.0329559416768714,0.416995332401631,-0.0137424738541557,0.0137424738541557,negative,114.632513391959,False,0.998931304738824,6.84024748991445,core pinniped
Zalophus_californianus,California sea lion,pinniped,marine,14,marine,RDH12,33,marine_specific,Sensory systems,-0.0319401455848149,-1.35306195395901,0.043216995794725,0.043216995794725,positive,0.0,False,0.998931304738824,6.84024748991445,core pinniped
Zalophus_californianus,California sea lion,pinniped,marine,14,marine,BAK1,34,marine_specific,Membrane trafficking / ER / vesicle processing,-0.0220699887647022,2.2165869356675,-0.0489200487661674,0.0489200487661674,negative,139.003930558013,False,0.998931304738824,6.84024748991445,core pinniped
Zalophus_californianus,California sea lion,pinniped,marine,14,marine,PECAM1,35,marine_specific,Vascular / hematologic regulation,-0.0082238428850923,-0.685822227698201,0.005640094247694,0.005640094247694,positive,31.009261377698,False,0.998931304738824,6.84024748991445,core pinniped
Zalophus_californianus,California sea lion,pinniped,marine,14,marine,ASH2L,36,marine_specific,DNA repair / chromatin / cell-cycle,-0.0067113727256146,3.09915488384358,-0.0207995835598831,0.0207995835598831,negative,168.652819379453,False,0.998931304738824,6.84024748991445,core pinniped
Zalophus_californianus,California sea lion,pinniped,marine,14,marine,STMN4,37,marine_specific,Sensory systems,-0.0025238444741929,1.625489950157,-0.0041024838285599,0.0041024838285599,negative,169.926537048906,False,0.998931304738824,6.84024748991445,core pinniped
Zalophus_californianus,California sea lion,pinniped,marine,14,marine,OR10G3,38,marine_specific,Sensory systems,0.0313624648344271,8.74702954887376e-16,2.74328406632248e-17,2.74328406632248e-17,positive,,True,0.998931304738824,6.84024748991445,core pinniped
Zalophus_californianus,California sea lion,pinniped,marine,14,marine,TGM1,39,shared,Epithelial / body-surface interface,0.0321438716739072,3.18199752431412,0.102281720088244,0.102281720088244,positive,152.036440343764,False,0.998931304738824,6.84024748991445,core pinniped
Zalophus_californianus,California sea lion,pinniped,marine,14,marine,SLC2A7,40,marine_specific,Transport / endocytic / epithelial solute handling,0.0382557135453081,-1.25362466364382e-14,-4.79583060256912e-16,4.79583060256912e-16,negative,,True,0.998931304738824,6.84024748991445,core pinniped
Zalophus_californianus,California sea lion,pinniped,marine,14,marine,NR2C2AP,41,marine_specific,Developmental / transcriptional signaling regulators,0.0628652617594018,0.34351591348625,0.0215952178198332,0.0215952178198332,positive,76.001570464749,False,0.998931304738824,6.84024748991445,core pinniped
Zalophus_californianus,California sea lion,pinniped,marine,14,marine,CAPN13,42,marine_specific,Unassigned / low-confidence,0.0728829596448735,-0.204008175802172,-0.0148687196442139,0.0148687196442139,negative,54.4534230465876,False,0.998931304738824,6.84024748991445,core pinniped
Zalophus_californianus,California sea lion,pinniped,marine,14,marine,TGM5,43,marine_specific,Epithelial / body-surface interface,0.0730096499546588,-0.97257020256251,-0.0710070100454205,0.0710070100454205,negative,18.1644832055919,False,0.998931304738824,6.84024748991445,core pinniped
Zalophus_californianus,California sea lion,pinniped,marine,14,marine,TRIM66,44,marine_specific,DNA repair / chromatin / cell-cycle,0.0785377211171152,0.704222758957804,0.0553080506473534,0.0553080506473534,positive,78.3741815429857,False,0.998931304738824,6.84024748991445,core pinniped
Zalophus_californianus,California sea lion,pinniped,marine,14,marine,RNF224,45,marine_specific,Developmental / transcriptional signaling regulators,0.0826571992947204,0.0,0.0,0.0,zero,,True,0.998931304738824,6.84024748991445,core pinniped
Zalophus_californianus,California sea lion,pinniped,marine,14,marine,COL20A1,46,shared,Cytoskeletal / muscle / ECM / adhesion,0.0921292718400568,-0.0366858757562059,-0.003379843020234,0.003379843020234,negative,71.8135552513646,False,0.998931304738824,6.84024748991445,core pinniped
Zalophus_californianus,California sea lion,pinniped,marine,14,marine,PNPLA7,47,shared,Metabolism / redox / lipid handling,0.10673604147477,-0.980042446076968,-0.104605851171506,0.104605851171506,negative,29.715721965492,False,0.998931304738824,6.84024748991445,core pinniped
Zalophus_californianus,California sea lion,pinniped,marine,14,marine,DBNL,48,shared,Cytoskeletal / muscle / ECM / adhesion,0.109704318050152,1.53145431319837,0.16800715105439,0.16800715105439,positive,141.043111540083,False,0.998931304738824,6.84024748991445,core pinniped
Zalophus_californianus,California sea lion,pinniped,marine,14,marine,OR6B1,49,shared,Sensory systems,0.111781295712533,3.14613603644433,0.35167916264164,0.35167916264164,positive,306.77518635533,False,0.998931304738824,6.84024748991445,core pinniped
Zalophus_californianus,California sea lion,pinniped,marine,14,marine,SLC28A1,50,marine_specific,Transport / endocytic / epithelial solute handling,0.128656733732997,0.960396400824745,0.123561464019038,0.123561464019038,positive,88.0760023343316,False,0.998931304738824,6.84024748991445,core pinniped
Zalophus_californianus,California sea lion,pinniped,marine,14,marine,TOGARAM2,51,shared,Cilia / flagella / reproductive-cell function,0.129304237042922,0.152452721135188,0.0197127827915028,0.0197127827915028,positive,78.59768061533,False,0.998931304738824,6.84024748991445,core pinniped
Zalophus_californianus,California sea lion,pinniped,marine,14,marine,SSTR4,52,marine_specific,Endocrine / circadian / systemic regulation,0.137940410562783,2.19180144992996,0.302337991875442,0.302337991875442,positive,174.929911850038,False,0.998931304738824,6.84024748991445,core pinniped
Zalophus_californianus,California sea lion,pinniped,marine,14,marine,CALHM1,53,marine_specific,Ion channels / mechanosensation / membrane signaling,0.145696679568621,1.88804614028763e-16,2.75082053512258e-17,2.75082053512258e-17,positive,,True,0.998931304738824,6.84024748991445,core pinniped
Zalophus_californianus,California sea lion,pinniped,marine,14,marine,ALOX12B,54,marine_specific,Epithelial / body-surface interface,0.149753620737968,5.2289300103784,0.783051201639588,0.783051201639588,positive,190.660961716212,False,0.998931304738824,6.84024748991445,core pinniped
Zalophus_californianus,California sea lion,pinniped,marine,14,marine,ESYT3,55,marine_specific,Membrane trafficking / ER / vesicle processing,0.153832070750976,2.85131257251344,0.438623317388035,0.438623317388035,positive,176.76499091134,False,0.998931304738824,6.84024748991445,core pinniped
Zalophus_californianus,California sea lion,pinniped,marine,14,marine,IL36G,56,marine_specific,Immune / inflammatory regulation,0.166019839478868,0.475368596377248,0.0789206180638456,0.0789206180638456,positive,110.155054699486,False,0.998931304738824,6.84024748991445,core pinniped
Zalophus_californianus,California sea lion,pinniped,marine,14,marine,KRT17,57,marine_specific,Epithelial / body-surface interface,0.189861649168978,-0.0114181972246277,-0.0021678777556044,0.0021678777556044,negative,76.953473103925,False,0.998931304738824,6.84024748991445,core pinniped
Zalophus_californianus,California sea lion,pinniped,marine,14,marine,NKPD1,58,marine_specific,Unassigned / low-confidence,0.230941713295598,2.81361802933189,0.649781768253291,0.649781768253291,positive,158.501886898771,False,0.998931304738824,6.84024748991445,core pinniped
Zalophus_californianus,California sea lion,pinniped,marine,14,marine,IL33,59,shared,Immune / inflammatory regulation,0.27044270721607,-0.128563795017299,-0.0347691407744501,0.0347691407744501,negative,38.899565032005,False,0.998931304738824,6.84024748991445,core pinniped
Zalophus_californianus,California sea lion,pinniped,marine,14,marine,HOXD10,60,marine_specific,Developmental / transcriptional signaling regulators,0.28020716230031,1.77592516915158,0.497626952105662,0.497626952105662,positive,373.015602885343,False,0.998931304738824,6.84024748991445,core pinniped
Zalophus_californianus,California sea lion,pinniped,marine,14,marine,OR52W1,61,shared,Sensory systems,0.282799403614638,-0.489812392481674,-0.138518652476877,0.138518652476877,negative,51.0157564344007,False,0.998931304738824,6.84024748991445,core pinniped
Zalophus_californianus,California sea lion,pinniped,marine,14,marine,HIGD1B,62,marine_specific,Vascular / hematologic regulation,0.328380050132626,-0.96800720760728,-0.317874255362822,0.317874255362822,negative,0.0,False,0.998931304738824,6.84024748991445,core pinniped
Zalophus_californianus,California sea lion,pinniped,marine,14,marine,CAPN14,63,marine_specific,Epithelial / body-surface interface,0.342438899161804,-0.223117445313983,-0.0764040923571143,0.0764040923571143,negative,82.3654693634601,False,0.998931304738824,6.84024748991445,core pinniped
Zalophus_californianus,California sea lion,pinniped,marine,14,marine,OMP,64,shared,Sensory systems,0.345615697623917,1.4987508716044,0.517991828054007,0.517991828054007,positive,233.983278007475,False,0.998931304738824,6.84024748991445,core pinniped
Zalophus_californianus,California sea lion,pinniped,marine,14,marine,ACP4,65,marine_specific,Cytoskeletal / muscle / ECM / adhesion,0.36185377349003,0.728803852279517,0.263720424081414,0.263720424081414,positive,105.029287046336,False,0.998931304738824,6.84024748991445,core pinniped
Zalophus_californianus,California sea lion,pinniped,marine,14,marine,KRTDAP,66,shared,Epithelial / body-surface interface,0.386565925079529,-0.7956627842008,-0.307576120225936,0.307576120225936,negative,0.0,False,0.998931304738824,6.84024748991445,core pinniped
Zalophus_californianus,California sea lion,pinniped,marine,14,marine,MYH7B,67,marine_specific,Cytoskeletal / muscle / ECM / adhesion,0.397856553371577,0.995190844264476,0.395943199246015,0.395943199246015,positive,96.1299872265083,False,0.998931304738824,6.84024748991445,core pinniped
Zalophus_californianus,California sea lion,pinniped,marine,14,marine,SDR9C7,68,shared,Epithelial / body-surface interface,0.409389888665918,1.01992130108369,0.417545467898651,0.417545467898651,positive,100.809710468218,False,0.998931304738824,6.84024748991445,core pinniped
Zalophus_californianus,California sea lion,pinniped,marine,14,marine,KCNK18,69,shared,Ion channels / mechanosensation / membrane signaling,0.43928773003255,1.60896693713383,0.706799433510945,0.706799433510945,positive,114.969158607226,False,0.998931304738824,6.84024748991445,core pinniped
Zalophus_californianus,California sea lion,pinniped,marine,14,marine,MYH13,70,marine_specific,Cytoskeletal / muscle / ECM / adhesion,0.480299625271563,3.95270842585358,1.89848437574522,1.89848437574522,positive,289.640270707605,False,0.998931304738824,6.84024748991445,core pinniped
Zalophus_californianus,California sea lion,pinniped,marine,14,marine,TGM3,71,shared,Epithelial / body-surface interface,0.691315381170856,-0.194499154065976,-0.134460256830529,0.134460256830529,negative,52.3615287988856,False,0.998931304738824,6.84024748991445,core pinniped
Leptonychotes_weddellii,Weddell seal,pinniped,marine,15,marine,EPOR,1,shared,Vascular / hematologic regulation,-0.562386788005208,-1.39831164435385,0.786391994298442,0.786391994298442,positive,11.6134656498279,False,0.96040772235456,3.18872381479362,heterogeneous pinniped
Leptonychotes_weddellii,Weddell seal,pinniped,marine,15,marine,TPX2,2,marine_specific,DNA repair / chromatin / cell-cycle,-0.547364151458345,-0.529415889711808,0.289783279240668,0.289783279240668,positive,34.7454759826156,False,0.96040772235456,3.18872381479362,heterogeneous pinniped
Leptonychotes_weddellii,Weddell seal,pinniped,marine,15,marine,HGFAC,3,shared,Vascular / hematologic regulation,-0.314672853107267,0.0524014219481651,-0.0164893049513069,0.0164893049513069,negative,67.4420815467604,False,0.96040772235456,3.18872381479362,heterogeneous pinniped
Leptonychotes_weddellii,Weddell seal,pinniped,marine,15,marine,SYDE1,4,shared,Cytoskeletal / muscle / ECM / adhesion,-0.314258007626709,-0.475236783266399,0.149346964660225,0.149346964660225,positive,43.8756176738907,False,0.96040772235456,3.18872381479362,heterogeneous pinniped
Leptonychotes_weddellii,Weddell seal,pinniped,marine,15,marine,PUSL1,5,shared,Metabolism / redox / lipid handling,-0.270477624990477,-0.52249917069931,0.141324334750243,0.141324334750243,positive,37.5668449480833,False,0.96040772235456,3.18872381479362,heterogeneous pinniped
Leptonychotes_weddellii,Weddell seal,pinniped,marine,15,marine,CATSPERZ,6,shared,Cilia / flagella / reproductive-cell function,-0.264244206101874,-0.741418263733156,0.195915480489598,0.195915480489598,positive,16.2352591646865,False,0.96040772235456,3.18872381479362,heterogeneous pinniped
Leptonychotes_weddellii,Weddell seal,pinniped,marine,15,marine,F11,7,marine_specific,Vascular / hematologic regulation,-0.254306353084796,-0.411746784070457,0.104709823051351,0.104709823051351,positive,47.5555804271964,False,0.96040772235456,3.18872381479362,heterogeneous pinniped
Leptonychotes_weddellii,Weddell seal,pinniped,marine,15,marine,WDR93,8,shared,Cilia / flagella / reproductive-cell function,-0.242927446164409,-1.27638834179273,0.310069760185731,0.310069760185731,positive,17.6880800039414,False,0.96040772235456,3.18872381479362,heterogeneous pinniped
Leptonychotes_weddellii,Weddell seal,pinniped,marine,15,marine,CD34,9,shared,Vascular / hematologic regulation,-0.231912055829233,-2.06332017933569e-16,4.7850882462368104e-17,4.7850882462368104e-17,positive,,True,0.96040772235456,3.18872381479362,heterogeneous pinniped
Leptonychotes_weddellii,Weddell seal,pinniped,marine,15,marine,ASMTL,10,shared,Endocrine / circadian / systemic regulation,-0.225475311673798,0.12896867151956,-0.0290792514070285,0.0290792514070285,negative,91.5921053553356,False,0.96040772235456,3.18872381479362,heterogeneous pinniped
Leptonychotes_weddellii,Weddell seal,pinniped,marine,15,marine,FN3K,11,shared,Metabolism / redox / lipid handling,-0.217860441354345,0.0,0.0,0.0,zero,,True,0.96040772235456,3.18872381479362,heterogeneous pinniped
Leptonychotes_weddellii,Weddell seal,pinniped,marine,15,marine,FANCM,12,marine_specific,DNA repair / chromatin / cell-cycle,-0.215464965565117,-0.206330207030798,0.0444569309529342,0.0444569309529342,positive,51.4371042312203,False,0.96040772235456,3.18872381479362,heterogeneous pinniped
Leptonychotes_weddellii,Weddell seal,pinniped,marine,15,marine,VEPH1,13,marine_specific,Developmental / transcriptional signaling regulators,-0.163677799839901,2.25133950321112e-16,-3.6849429657825304e-17,3.6849429657825304e-17,negative,,True,0.96040772235456,3.18872381479362,heterogeneous pinniped
Leptonychotes_weddellii,Weddell seal,pinniped,marine,15,marine,APH1B,14,marine_specific,Membrane trafficking / ER / vesicle processing,-0.152260877432123,-1.11195207086298,0.169306797972063,0.169306797972063,positive,0.0,False,0.96040772235456,3.18872381479362,heterogeneous pinniped
Leptonychotes_weddellii,Weddell seal,pinniped,marine,15,marine,CREB3L3,15,marine_specific,Endocrine / circadian / systemic regulation,-0.150758430810258,-0.640788880153334,0.0966043260525793,0.0966043260525793,positive,33.6003997394133,False,0.96040772235456,3.18872381479362,heterogeneous pinniped
Leptonychotes_weddellii,Weddell seal,pinniped,marine,15,marine,POLG,16,marine_specific,DNA repair / chromatin / cell-cycle,-0.124940186455302,1.14784681263534,-0.143412194792784,0.143412194792784,negative,84.1762526119029,False,0.96040772235456,3.18872381479362,heterogeneous pinniped
Leptonychotes_weddellii,Weddell seal,pinniped,marine,15,marine,RARS1,17,marine_specific,RNA processing / translation / protein homeostasis,-0.115426630752885,-0.0100085056612061,0.0011552480873442,0.0011552480873442,positive,55.5115839334456,False,0.96040772235456,3.18872381479362,heterogeneous pinniped
Leptonychotes_weddellii,Weddell seal,pinniped,marine,15,marine,FAM234A,18,marine_specific,Unassigned / low-confidence,-0.108556846491888,0.516603857755527,-0.056080885683484,0.056080885683484,negative,69.8785435683611,False,0.96040772235456,3.18872381479362,heterogeneous pinniped
Leptonychotes_weddellii,Weddell seal,pinniped,marine,15,marine,TREM2,19,marine_specific,Immune / inflammatory regulation,-0.0898257166079112,0.707714927784563,-0.0635710005423645,0.0635710005423645,negative,77.2563572516121,False,0.96040772235456,3.18872381479362,heterogeneous pinniped
Leptonychotes_weddellii,Weddell seal,pinniped,marine,15,marine,ATG2A,20,marine_specific,Membrane trafficking / ER / vesicle processing,-0.0892133442112914,-0.339294878784961,0.0302696308101711,0.0302696308101711,positive,53.0824069095557,False,0.96040772235456,3.18872381479362,heterogeneous pinniped
Leptonychotes_weddellii,Weddell seal,pinniped,marine,15,marine,NUBP2,21,shared,Metabolism / redox / lipid handling,-0.0844817154354269,-0.985621814782282,0.0832670216833858,0.0832670216833858,positive,20.2311210393986,False,0.96040772235456,3.18872381479362,heterogeneous pinniped
Leptonychotes_weddellii,Weddell seal,pinniped,marine,15,marine,SF3B3,22,marine_specific,RNA processing / translation / protein homeostasis,-0.0727218763044334,0.467441216016253,-0.0339932022907279,0.0339932022907279,negative,72.0461532437816,False,0.96040772235456,3.18872381479362,heterogeneous pinniped
Leptonychotes_weddellii,Weddell seal,pinniped,marine,15,marine,RTL4,23,marine_specific,Unassigned / low-confidence,-0.0665426884505536,-0.208547848038971,0.0138773344790906,0.0138773344790906,positive,46.4659239535989,False,0.96040772235456,3.18872381479362,heterogeneous pinniped
Leptonychotes_weddellii,Weddell seal,pinniped,marine,15,marine,SOX7,24,shared,Developmental / transcriptional signaling regulators,-0.0651622513698966,-0.455968034842148,0.0297119037030218,0.0297119037030218,positive,38.0873977631079,False,0.96040772235456,3.18872381479362,heterogeneous pinniped
Leptonychotes_weddellii,Weddell seal,pinniped,marine,15,marine,CTD_3088G3,25,marine_specific,Unassigned / low-confidence,-0.0645538212784956,-0.851406724608173,0.0549615575356653,0.0549615575356653,positive,80.6976658586702,False,0.96040772235456,3.18872381479362,heterogeneous pinniped
Leptonychotes_weddellii,Weddell seal,pinniped,marine,15,marine,COL4A1,26,marine_specific,Cytoskeletal / muscle / ECM / adhesion,-0.0505715443318336,-0.764437605161952,0.0386587902383684,0.0386587902383684,positive,40.6243551084603,False,0.96040772235456,3.18872381479362,heterogeneous pinniped
Leptonychotes_weddellii,Weddell seal,pinniped,marine,15,marine,IDUA,27,marine_specific,Metabolism / redox / lipid handling,-0.0503352858652507,-0.640739862441716,0.0322518241412652,0.0322518241412652,positive,41.704034442192,False,0.96040772235456,3.18872381479362,heterogeneous pinniped
Leptonychotes_weddellii,Weddell seal,pinniped,marine,15,marine,CYP21A2,28,marine_specific,Endocrine / circadian / systemic regulation,-0.0450852911002748,-0.738553003075812,0.0332978771366551,0.0332978771366551,positive,17.7802013827763,False,0.96040772235456,3.18872381479362,heterogeneous pinniped
Leptonychotes_weddellii,Weddell seal,pinniped,marine,15,marine,ACVR1,29,marine_specific,Developmental / transcriptional signaling regulators,-0.0383732664782303,-1.51662346995931,0.058197796559887,0.058197796559887,positive,0.0,False,0.96040772235456,3.18872381479362,heterogeneous pinniped
Leptonychotes_weddellii,Weddell seal,pinniped,marine,15,marine,KEL,30,marine_specific,Vascular / hematologic regulation,-0.0377052256901275,-0.970826766106383,0.0366052423220578,0.0366052423220578,positive,19.5582862636745,False,0.96040772235456,3.18872381479362,heterogeneous pinniped
Leptonychotes_weddellii,Weddell seal,pinniped,marine,15,marine,CATSPER4,31,marine_specific,Cilia / flagella / reproductive-cell function,-0.0348617965707268,-0.571378442489922,0.0199192790269824,0.0199192790269824,positive,30.340602623813,False,0.96040772235456,3.18872381479362,heterogeneous pinniped
Leptonychotes_weddellii,Weddell seal,pinniped,marine,15,marine,DCXR,32,marine_specific,Metabolism / redox / lipid handling,-0.0329559416768714,-0.150351271686231,0.0049549677407348,0.0049549677407348,positive,44.4135726123473,False,0.96040772235456,3.18872381479362,heterogeneous pinniped
Leptonychotes_weddellii,Weddell seal,pinniped,marine,15,marine,RDH12,33,marine_specific,Sensory systems,-0.0319401455848149,-0.716052918413915,0.022870834460572,0.022870834460572,positive,24.8808183751109,False,0.96040772235456,3.18872381479362,heterogeneous pinniped
Leptonychotes_weddellii,Weddell seal,pinniped,marine,15,marine,BAK1,34,marine_specific,Membrane trafficking / ER / vesicle processing,-0.0220699887647022,-1.22001861224148,0.0269257970648969,0.0269257970648969,positive,0.0,False,0.96040772235456,3.18872381479362,heterogeneous pinniped
Leptonychotes_weddellii,Weddell seal,pinniped,marine,15,marine,PECAM1,35,marine_specific,Vascular / hematologic regulation,-0.0082238428850923,0.226628777856273,-0.0018637594623305,0.0018637594623305,negative,53.6961939856284,False,0.96040772235456,3.18872381479362,heterogeneous pinniped
Leptonychotes_weddellii,Weddell seal,pinniped,marine,15,marine,ASH2L,36,marine_specific,DNA repair / chromatin / cell-cycle,-0.0067113727256146,-1.60809850259647,0.0107925484304276,0.0107925484304276,positive,0.0,False,0.96040772235456,3.18872381479362,heterogeneous pinniped
Leptonychotes_weddellii,Weddell seal,pinniped,marine,15,marine,STMN4,37,marine_specific,Sensory systems,-0.0025238444741929,-0.90189421768112,0.002276240737601,0.002276240737601,positive,0.0,False,0.96040772235456,3.18872381479362,heterogeneous pinniped
Leptonychotes_weddellii,Weddell seal,pinniped,marine,15,marine,OR10G3,38,marine_specific,Sensory systems,0.0313624648344271,5.48850380599659,0.172133007609188,0.172133007609188,positive,344.777445308142,False,0.96040772235456,3.18872381479362,heterogeneous pinniped
Leptonychotes_weddellii,Weddell seal,pinniped,marine,15,marine,TGM1,39,shared,Epithelial / body-surface interface,0.0321438716739072,0.403760578974913,0.0129784282375521,0.0129784282375521,positive,75.2286404890393,False,0.96040772235456,3.18872381479362,heterogeneous pinniped
Leptonychotes_weddellii,Weddell seal,pinniped,marine,15,marine,SLC2A7,40,marine_specific,Transport / endocytic / epithelial solute handling,0.0382557135453081,-1.25362466364382e-14,-4.79583060256912e-16,4.79583060256912e-16,negative,,True,0.96040772235456,3.18872381479362,heterogeneous pinniped
Leptonychotes_weddellii,Weddell seal,pinniped,marine,15,marine,NR2C2AP,41,marine_specific,Developmental / transcriptional signaling regulators,0.0628652617594018,-0.364399740883777,-0.0229080850957169,0.0229080850957169,negative,29.3406087934327,False,0.96040772235456,3.18872381479362,heterogeneous pinniped
Leptonychotes_weddellii,Weddell seal,pinniped,marine,15,marine,CAPN13,42,marine_specific,Unassigned / low-confidence,0.0728829596448735,2.04810689044533,0.149272091844714,0.149272091844714,positive,143.659368105605,False,0.96040772235456,3.18872381479362,heterogeneous pinniped
Leptonychotes_weddellii,Weddell seal,pinniped,marine,15,marine,TGM5,43,marine_specific,Epithelial / body-surface interface,0.0730096499546588,-0.804655274357172,-0.0587475999149871,0.0587475999149871,negative,25.8885774182771,False,0.96040772235456,3.18872381479362,heterogeneous pinniped
Leptonychotes_weddellii,Weddell seal,pinniped,marine,15,marine,TRIM66,44,marine_specific,DNA repair / chromatin / cell-cycle,0.0785377211171152,0.398022659960572,0.0312597926662758,0.0312597926662758,positive,71.0230668650332,False,0.96040772235456,3.18872381479362,heterogeneous pinniped
Leptonychotes_weddellii,Weddell seal,pinniped,marine,15,marine,RNF224,45,marine_specific,Developmental / transcriptional signaling regulators,0.0826571992947204,0.0,0.0,0.0,zero,,True,0.96040772235456,3.18872381479362,heterogeneous pinniped
Leptonychotes_weddellii,Weddell seal,pinniped,marine,15,marine,COL20A1,46,shared,Cytoskeletal / muscle / ECM / adhesion,0.0921292718400568,0.489513938670837,0.0450985627253025,0.0450985627253025,positive,86.8299397069798,False,0.96040772235456,3.18872381479362,heterogeneous pinniped
Leptonychotes_weddellii,Weddell seal,pinniped,marine,15,marine,PNPLA7,47,shared,Metabolism / redox / lipid handling,0.10673604147477,3.33429311568493,0.355889248284786,0.355889248284786,positive,177.670023591929,False,0.96040772235456,3.18872381479362,heterogeneous pinniped
Leptonychotes_weddellii,Weddell seal,pinniped,marine,15,marine,DBNL,48,shared,Cytoskeletal / muscle / ECM / adhesion,0.109704318050152,0.759010009706562,0.0832666755080973,0.0832666755080973,positive,100.440187367959,False,0.96040772235456,3.18872381479362,heterogeneous pinniped
Leptonychotes_weddellii,Weddell seal,pinniped,marine,15,marine,OR6B1,49,shared,Sensory systems,0.111781295712533,0.209571767404155,0.0234262037052021,0.0234262037052021,positive,97.8414468042107,False,0.96040772235456,3.18872381479362,heterogeneous pinniped
Leptonychotes_weddellii,Weddell seal,pinniped,marine,15,marine,SLC28A1,50,marine_specific,Transport / endocytic / epithelial solute handling,0.128656733732997,2.36249107051751,0.303950384606154,0.303950384606154,positive,131.684772278714,False,0.96040772235456,3.18872381479362,heterogeneous pinniped
Leptonychotes_weddellii,Weddell seal,pinniped,marine,15,marine,TOGARAM2,51,shared,Cilia / flagella / reproductive-cell function,0.129304237042922,1.86760939230449,0.241489807566128,0.241489807566128,positive,139.413652873739,False,0.96040772235456,3.18872381479362,heterogeneous pinniped
Leptonychotes_weddellii,Weddell seal,pinniped,marine,15,marine,SSTR4,52,marine_specific,Endocrine / circadian / systemic regulation,0.137940410562783,-0.125040899210024,-0.0172481929741703,0.0172481929741703,negative,84.619775918429,False,0.96040772235456,3.18872381479362,heterogeneous pinniped
Leptonychotes_weddellii,Weddell seal,pinniped,marine,15,marine,CALHM1,53,marine_specific,Ion channels / mechanosensation / membrane signaling,0.145696679568621,1.90629176663247,0.27774038068735,0.27774038068735,positive,227.467972112293,False,0.96040772235456,3.18872381479362,heterogeneous pinniped
Leptonychotes_weddellii,Weddell seal,pinniped,marine,15,marine,ALOX12B,54,marine_specific,Epithelial / body-surface interface,0.149753620737968,0.221099008692985,0.0331103770933501,0.0331103770933501,positive,61.7174133016751,False,0.96040772235456,3.18872381479362,heterogeneous pinniped
Leptonychotes_weddellii,Weddell seal,pinniped,marine,15,marine,ESYT3,55,marine_specific,Membrane trafficking / ER / vesicle processing,0.153832070750976,1.60727746525761,0.247250820751958,0.247250820751958,positive,129.077228052973,False,0.96040772235456,3.18872381479362,heterogeneous pinniped
Leptonychotes_weddellii,Weddell seal,pinniped,marine,15,marine,IL36G,56,marine_specific,Immune / inflammatory regulation,0.166019839478868,-0.520026947533984,-0.0863347903542779,0.0863347903542779,negative,21.0307352116559,False,0.96040772235456,3.18872381479362,heterogeneous pinniped
Leptonychotes_weddellii,Weddell seal,pinniped,marine,15,marine,KRT17,57,marine_specific,Epithelial / body-surface interface,0.189861649168978,0.136356305791388,0.0258888330921425,0.0258888330921425,positive,87.6029503751572,False,0.96040772235456,3.18872381479362,heterogeneous pinniped
Leptonychotes_weddellii,Weddell seal,pinniped,marine,15,marine,NKPD1,58,marine_specific,Unassigned / low-confidence,0.230941713295598,-0.0848730689658492,-0.0196007319596287,0.0196007319596287,negative,58.6089349201646,False,0.96040772235456,3.18872381479362,heterogeneous pinniped
Leptonychotes_weddellii,Weddell seal,pinniped,marine,15,marine,IL33,59,shared,Immune / inflammatory regulation,0.27044270721607,0.0520560533476413,0.0140781799943203,0.0140781799943203,positive,45.130126145593,False,0.96040772235456,3.18872381479362,heterogeneous pinniped
Leptonychotes_weddellii,Weddell seal,pinniped,marine,15,marine,HOXD10,60,marine_specific,Developmental / transcriptional signaling regulators,0.28020716230031,-0.60795096148977,-0.170352213736793,0.170352213736793,negative,0.0,False,0.96040772235456,3.18872381479362,heterogeneous pinniped
Leptonychotes_weddellii,Weddell seal,pinniped,marine,15,marine,OR52W1,61,shared,Sensory systems,0.282799403614638,2.30214078142419,0.651044040023699,0.651044040023699,positive,169.677381437637,False,0.96040772235456,3.18872381479362,heterogeneous pinniped
Leptonychotes_weddellii,Weddell seal,pinniped,marine,15,marine,HIGD1B,62,marine_specific,Vascular / hematologic regulation,0.328380050132626,-0.96800720760728,-0.317874255362822,0.317874255362822,negative,0.0,False,0.96040772235456,3.18872381479362,heterogeneous pinniped
Leptonychotes_weddellii,Weddell seal,pinniped,marine,15,marine,CAPN14,63,marine_specific,Epithelial / body-surface interface,0.342438899161804,-0.802708362835779,-0.274878568117458,0.274878568117458,negative,42.1917086907461,False,0.96040772235456,3.18872381479362,heterogeneous pinniped
Leptonychotes_weddellii,Weddell seal,pinniped,marine,15,marine,OMP,64,shared,Sensory systems,0.345615697623917,-0.398890087018647,-0.137862675700214,0.137862675700214,negative,43.8714510601707,False,0.96040772235456,3.18872381479362,heterogeneous pinniped
Leptonychotes_weddellii,Weddell seal,pinniped,marine,15,marine,ACP4,65,marine_specific,Cytoskeletal / muscle / ECM / adhesion,0.36185377349003,0.91111753497712,0.329691318124405,0.329691318124405,positive,114.94399920622,False,0.96040772235456,3.18872381479362,heterogeneous pinniped
Leptonychotes_weddellii,Weddell seal,pinniped,marine,15,marine,KRTDAP,66,shared,Epithelial / body-surface interface,0.386565925079529,0.964009740459459,0.372653317106387,0.372653317106387,positive,154.247762595919,False,0.96040772235456,3.18872381479362,heterogeneous pinniped
Leptonychotes_weddellii,Weddell seal,pinniped,marine,15,marine,MYH7B,67,marine_specific,Cytoskeletal / muscle / ECM / adhesion,0.397856553371577,1.98146456849877,0.78833866385082,0.78833866385082,positive,125.604081810447,False,0.96040772235456,3.18872381479362,heterogeneous pinniped
Leptonychotes_weddellii,Weddell seal,pinniped,marine,15,marine,SDR9C7,68,shared,Epithelial / body-surface interface,0.409389888665918,0.239916208567992,0.0982192699147994,0.0982192699147994,positive,66.2007039876055,False,0.96040772235456,3.18872381479362,heterogeneous pinniped
Leptonychotes_weddellii,Weddell seal,pinniped,marine,15,marine,KCNK18,69,shared,Ion channels / mechanosensation / membrane signaling,0.43928773003255,2.97001684570476,1.30469195830808,1.30469195830808,positive,160.221516107435,False,0.96040772235456,3.18872381479362,heterogeneous pinniped
Leptonychotes_weddellii,Weddell seal,pinniped,marine,15,marine,MYH13,70,marine_specific,Cytoskeletal / muscle / ECM / adhesion,0.480299625271563,0.89765606580735,0.431143872030016,0.431143872030016,positive,131.640120452791,False,0.96040772235456,3.18872381479362,heterogeneous pinniped
Leptonychotes_weddellii,Weddell seal,pinniped,marine,15,marine,TGM3,71,shared,Epithelial / body-surface interface,0.691315381170856,-0.230092297007236,-0.159066344010035,0.159066344010035,negative,51.1376419176443,False,0.96040772235456,3.18872381479362,heterogeneous pinniped
Odobenus_rosmarus_divergens,walrus,pinniped,marine,14,marine,EPOR,1,shared,Vascular / hematologic regulation,-0.562386788005208,0.242933853900482,-0.136622789792818,0.136622789792818,negative,59.5300842485318,False,0.935399878086405,2.67275781696453,heterogeneous pinniped
Odobenus_rosmarus_divergens,walrus,pinniped,marine,14,marine,TPX2,2,marine_specific,DNA repair / chromatin / cell-cycle,-0.547364151458345,-0.992565699038633,0.54329488162094,0.54329488162094,positive,19.5065749057072,False,0.935399878086405,2.67275781696453,heterogeneous pinniped
Odobenus_rosmarus_divergens,walrus,pinniped,marine,14,marine,HGFAC,3,shared,Vascular / hematologic regulation,-0.314672853107267,-0.20825566204649,0.0655324033519118,0.0655324033519118,positive,56.0454929728814,False,0.935399878086405,2.67275781696453,heterogeneous pinniped
Odobenus_rosmarus_divergens,walrus,pinniped,marine,14,marine,SYDE1,4,shared,Cytoskeletal / muscle / ECM / adhesion,-0.314258007626709,-0.70031675504987,0.220080148149574,0.220080148149574,positive,37.8597868017538,False,0.935399878086405,2.67275781696453,heterogeneous pinniped
Odobenus_rosmarus_divergens,walrus,pinniped,marine,14,marine,PUSL1,5,shared,Metabolism / redox / lipid handling,-0.270477624990477,0.285299280206371,-0.0771670717217117,0.0771670717217117,negative,63.9932378933914,False,0.935399878086405,2.67275781696453,heterogeneous pinniped
Odobenus_rosmarus_divergens,walrus,pinniped,marine,14,marine,CATSPERZ,6,shared,Cilia / flagella / reproductive-cell function,-0.264244206101874,-0.430035639843167,0.113634426245869,0.113634426245869,positive,28.1289722256836,False,0.935399878086405,2.67275781696453,heterogeneous pinniped
Odobenus_rosmarus_divergens,walrus,pinniped,marine,14,marine,F11,7,marine_specific,Vascular / hematologic regulation,-0.254306353084796,-1.18494945590621,0.301340174721322,0.301340174721322,positive,22.7860472606023,False,0.935399878086405,2.67275781696453,heterogeneous pinniped
Odobenus_rosmarus_divergens,walrus,pinniped,marine,14,marine,WDR93,8,shared,Cilia / flagella / reproductive-cell function,-0.242927446164409,-0.456102749495628,0.110799876123538,0.110799876123538,positive,38.8839851640481,False,0.935399878086405,2.67275781696453,heterogeneous pinniped
Odobenus_rosmarus_divergens,walrus,pinniped,marine,14,marine,CD34,9,shared,Vascular / hematologic regulation,-0.231912055829233,-0.360830346660357,0.083680907499578,0.083680907499578,positive,42.4420961601957,False,0.935399878086405,2.67275781696453,heterogeneous pinniped
Odobenus_rosmarus_divergens,walrus,pinniped,marine,14,marine,ASMTL,10,shared,Endocrine / circadian / systemic regulation,-0.225475311673798,-1.5677557564423,0.353490217812219,0.353490217812219,positive,27.818347657895,False,0.935399878086405,2.67275781696453,heterogeneous pinniped
Odobenus_rosmarus_divergens,walrus,pinniped,marine,14,marine,FN3K,11,shared,Metabolism / redox / lipid handling,-0.217860441354345,0.866261588300685,-0.188724131955503,0.188724131955503,negative,79.8799422607917,False,0.935399878086405,2.67275781696453,heterogeneous pinniped
Odobenus_rosmarus_divergens,walrus,pinniped,marine,14,marine,FANCM,12,marine_specific,DNA repair / chromatin / cell-cycle,-0.215464965565117,-0.445441850114713,0.0959771128962285,0.0959771128962285,positive,46.0908526480013,False,0.935399878086405,2.67275781696453,heterogeneous pinniped
Odobenus_rosmarus_divergens,walrus,pinniped,marine,14,marine,VEPH1,13,marine_specific,Developmental / transcriptional signaling regulators,-0.163677799839901,-0.653600229799587,0.10697984758845,0.10697984758845,positive,40.852323079266,False,0.935399878086405,2.67275781696453,heterogeneous pinniped
Odobenus_rosmarus_divergens,walrus,pinniped,marine,14,marine,APH1B,14,marine_specific,Membrane trafficking / ER / vesicle processing,-0.152260877432123,-0.732012837536459,0.111456916934879,0.111456916934879,positive,18.9043284584691,False,0.935399878086405,2.67275781696453,heterogeneous pinniped
Odobenus_rosmarus_divergens,walrus,pinniped,marine,14,marine,CREB3L3,15,marine_specific,Endocrine / circadian / systemic regulation,-0.150758430810258,-0.30128476858107,0.045421218938314,0.045421218938314,positive,43.8701398076676,False,0.935399878086405,2.67275781696453,heterogeneous pinniped
Odobenus_rosmarus_divergens,walrus,pinniped,marine,14,marine,POLG,16,marine_specific,DNA repair / chromatin / cell-cycle,-0.124940186455302,0.758485352233275,-0.0947653013316407,0.0947653013316407,negative,75.0384166558376,False,0.935399878086405,2.67275781696453,heterogeneous pinniped
Odobenus_rosmarus_divergens,walrus,pinniped,marine,14,marine,RARS1,17,marine_specific,RNA processing / translation / protein homeostasis,-0.115426630752885,-1.00018773016003,0.115448299812748,0.115448299812748,positive,17.9502431747829,False,0.935399878086405,2.67275781696453,heterogeneous pinniped
Odobenus_rosmarus_divergens,walrus,pinniped,marine,14,marine,FAM234A,18,marine_specific,Unassigned / low-confidence,-0.108556846491888,-0.908003339383921,0.0985699791276222,0.0985699791276222,positive,31.132879227343,False,0.935399878086405,2.67275781696453,heterogeneous pinniped
Odobenus_rosmarus_divergens,walrus,pinniped,marine,14,marine,TREM2,19,marine_specific,Immune / inflammatory regulation,-0.0898257166079112,-1.26619667888409,0.11373702404732,0.11373702404732,positive,10.8776168559979,False,0.935399878086405,2.67275781696453,heterogeneous pinniped
Odobenus_rosmarus_divergens,walrus,pinniped,marine,14,marine,ATG2A,20,marine_specific,Membrane trafficking / ER / vesicle processing,-0.0892133442112914,0.295932327672233,-0.0264011126118716,0.0264011126118716,negative,64.8982164033826,False,0.935399878086405,2.67275781696453,heterogeneous pinniped
Odobenus_rosmarus_divergens,walrus,pinniped,marine,14,marine,NUBP2,21,shared,Metabolism / redox / lipid handling,-0.0844817154354269,-0.267505280067306,0.0225993049481203,0.0225993049481203,positive,46.7312574871751,False,0.935399878086405,2.67275781696453,heterogeneous pinniped
Odobenus_rosmarus_divergens,walrus,pinniped,marine,14,marine,SF3B3,22,marine_specific,RNA processing / translation / protein homeostasis,-0.0727218763044334,0.295153198245038,-0.0214640943736336,0.0214640943736336,negative,66.9234748307232,False,0.935399878086405,2.67275781696453,heterogeneous pinniped
Odobenus_rosmarus_divergens,walrus,pinniped,marine,14,marine,RTL4,23,marine_specific,Unassigned / low-confidence,-0.0665426884505536,-0.959419873351974,0.06384237772573,0.06384237772573,positive,17.2574562429745,False,0.935399878086405,2.67275781696453,heterogeneous pinniped
Odobenus_rosmarus_divergens,walrus,pinniped,marine,14,marine,SOX7,24,shared,Developmental / transcriptional signaling regulators,-0.0651622513698966,0.0394116099583005,-0.0025681492349951,0.0025681492349951,negative,56.2636359194096,False,0.935399878086405,2.67275781696453,heterogeneous pinniped
Odobenus_rosmarus_divergens,walrus,pinniped,marine,14,marine,CTD_3088G3,25,marine_specific,Unassigned / low-confidence,-0.0645538212784956,-0.790647350439201,0.0510393077545682,0.0510393077545682,positive,82.6921348644887,False,0.935399878086405,2.67275781696453,heterogeneous pinniped
Odobenus_rosmarus_divergens,walrus,pinniped,marine,14,marine,COL4A1,26,marine_specific,Cytoskeletal / muscle / ECM / adhesion,-0.0505715443318336,0.471655816020283,-0.0238523630092369,0.0238523630092369,negative,69.1847333560986,False,0.935399878086405,2.67275781696453,heterogeneous pinniped
Odobenus_rosmarus_divergens,walrus,pinniped,marine,14,marine,IDUA,27,marine_specific,Metabolism / redox / lipid handling,-0.0503352858652507,0.131020689182559,-0.0065949638442662,0.0065949638442662,negative,63.8248032350694,False,0.935399878086405,2.67275781696453,heterogeneous pinniped
Odobenus_rosmarus_divergens,walrus,pinniped,marine,14,marine,CYP21A2,28,marine_specific,Endocrine / circadian / systemic regulation,-0.0450852911002748,-0.737841712090253,0.0332658083755142,0.0332658083755142,positive,17.8165086608832,False,0.935399878086405,2.67275781696453,heterogeneous pinniped
Odobenus_rosmarus_divergens,walrus,pinniped,marine,14,marine,ACVR1,29,marine_specific,Developmental / transcriptional signaling regulators,-0.0383732664782303,-0.800399647262777,0.0307139489534961,0.0307139489534961,positive,26.4306278792027,False,0.935399878086405,2.67275781696453,heterogeneous pinniped
Odobenus_rosmarus_divergens,walrus,pinniped,marine,14,marine,KEL,30,marine_specific,Vascular / hematologic regulation,-0.0377052256901275,0.0102073556073524,-0.0003848706468746,0.0003848706468746,negative,56.2784501916394,False,0.935399878086405,2.67275781696453,heterogeneous pinniped
Odobenus_rosmarus_divergens,walrus,pinniped,marine,14,marine,CATSPER4,31,marine_specific,Cilia / flagella / reproductive-cell function,-0.0348617965707268,0.419853649751649,-0.0146368525271192,0.0146368525271192,negative,72.9070234156668,False,0.935399878086405,2.67275781696453,heterogeneous pinniped
Odobenus_rosmarus_divergens,walrus,pinniped,marine,14,marine,DCXR,32,marine_specific,Metabolism / redox / lipid handling,-0.0329559416768714,0.547014498510228,-0.0180273779093061,0.0180273779093061,negative,130.724630731539,False,0.935399878086405,2.67275781696453,heterogeneous pinniped
Odobenus_rosmarus_divergens,walrus,pinniped,marine,14,marine,RDH12,33,marine_specific,Sensory systems,-0.0319401455848149,0.356306933081572,-0.0113804953155043,0.0113804953155043,negative,66.7659239372143,False,0.935399878086405,2.67275781696453,heterogeneous pinniped
Odobenus_rosmarus_divergens,walrus,pinniped,marine,14,marine,BAK1,34,marine_specific,Membrane trafficking / ER / vesicle processing,-0.0220699887647022,-0.811745282875779,0.0179152092728684,0.0179152092728684,positive,16.5138526178452,False,0.935399878086405,2.67275781696453,heterogeneous pinniped
Odobenus_rosmarus_divergens,walrus,pinniped,marine,14,marine,PECAM1,35,marine_specific,Vascular / hematologic regulation,-0.0082238428850923,-0.186563138083167,0.0015342659357457,0.0015342659357457,positive,43.4227030321461,False,0.935399878086405,2.67275781696453,heterogeneous pinniped
Odobenus_rosmarus_divergens,walrus,pinniped,marine,14,marine,ASH2L,36,marine_specific,DNA repair / chromatin / cell-cycle,-0.0067113727256146,-0.323058914357991,0.0021681687865888,0.0021681687865888,positive,46.0407655544826,False,0.935399878086405,2.67275781696453,heterogeneous pinniped
Odobenus_rosmarus_divergens,walrus,pinniped,marine,14,marine,STMN4,37,marine_specific,Sensory systems,-0.0025238444741929,-0.6357828939801,0.001604617143758,0.001604617143758,positive,17.8917697916477,False,0.935399878086405,2.67275781696453,heterogeneous pinniped
Odobenus_rosmarus_divergens,walrus,pinniped,marine,14,marine,OR10G3,38,marine_specific,Sensory systems,0.0313624648344271,2.71340236889746,0.0850989863761979,0.0850989863761979,positive,209.520453929937,False,0.935399878086405,2.67275781696453,heterogeneous pinniped
Odobenus_rosmarus_divergens,walrus,pinniped,marine,14,marine,TGM1,39,shared,Epithelial / body-surface interface,0.0321438716739072,-0.176057661159983,-0.0056591748675347,0.0056591748675347,negative,59.1988474164537,False,0.935399878086405,2.67275781696453,heterogeneous pinniped
Odobenus_rosmarus_divergens,walrus,pinniped,marine,14,marine,SLC2A7,40,marine_specific,Transport / endocytic / epithelial solute handling,0.0382557135453081,-1.25362466364382e-14,-4.79583060256912e-16,4.79583060256912e-16,negative,,True,0.935399878086405,2.67275781696453,heterogeneous pinniped
Odobenus_rosmarus_divergens,walrus,pinniped,marine,14,marine,NR2C2AP,41,marine_specific,Developmental / transcriptional signaling regulators,0.0628652617594018,-0.303544122508208,-0.0190823807170064,0.0190823807170064,negative,33.3517952377184,False,0.935399878086405,2.67275781696453,heterogeneous pinniped
Odobenus_rosmarus_divergens,walrus,pinniped,marine,14,marine,CAPN13,42,marine_specific,Unassigned / low-confidence,0.0728829596448735,-0.83196143008452,-0.0606358113349413,0.0606358113349413,negative,29.5802874148107,False,0.935399878086405,2.67275781696453,heterogeneous pinniped
Odobenus_rosmarus_divergens,walrus,pinniped,marine,14,marine,TGM5,43,marine_specific,Epithelial / body-surface interface,0.0730096499546588,0.90579460614858,0.0661317471257259,0.0661317471257259,positive,104.569348474835,False,0.935399878086405,2.67275781696453,heterogeneous pinniped
Odobenus_rosmarus_divergens,walrus,pinniped,marine,14,marine,TRIM66,44,marine_specific,DNA repair / chromatin / cell-cycle,0.0785377211171152,1.63651212465421,0.12852793285087,0.12852793285087,positive,100.756166600188,False,0.935399878086405,2.67275781696453,heterogeneous pinniped
Odobenus_rosmarus_divergens,walrus,pinniped,marine,14,marine,RNF224,45,marine_specific,Developmental / transcriptional signaling regulators,0.0826571992947204,0.0,0.0,0.0,zero,,True,0.935399878086405,2.67275781696453,heterogeneous pinniped
Odobenus_rosmarus_divergens,walrus,pinniped,marine,14,marine,COL20A1,46,shared,Cytoskeletal / muscle / ECM / adhesion,0.0921292718400568,0.113699881288978,0.0104750872714544,0.0104750872714544,positive,76.1051765756673,False,0.935399878086405,2.67275781696453,heterogeneous pinniped
Odobenus_rosmarus_divergens,walrus,pinniped,marine,14,marine,PNPLA7,47,shared,Metabolism / redox / lipid handling,0.10673604147477,0.438877884650094,0.0468440880983715,0.0468440880983715,positive,78.3756751821448,False,0.935399878086405,2.67275781696453,heterogeneous pinniped
Odobenus_rosmarus_divergens,walrus,pinniped,marine,14,marine,DBNL,48,shared,Cytoskeletal / muscle / ECM / adhesion,0.109704318050152,0.816358397613254,0.0895580412946765,0.0895580412946765,positive,103.454660042614,False,0.935399878086405,2.67275781696453,heterogeneous pinniped
Odobenus_rosmarus_divergens,walrus,pinniped,marine,14,marine,OR6B1,49,shared,Sensory systems,0.111781295712533,0.382433663284527,0.042748930406035,0.042748930406035,positive,110.140405390936,False,0.935399878086405,2.67275781696453,heterogeneous pinniped
Odobenus_rosmarus_divergens,walrus,pinniped,marine,14,marine,SLC28A1,50,marine_specific,Transport / endocytic / epithelial solute handling,0.128656733732997,0.279883614501921,0.0360089116672024,0.0360089116672024,positive,66.9102949221028,False,0.935399878086405,2.67275781696453,heterogeneous pinniped
Odobenus_rosmarus_divergens,walrus,pinniped,marine,14,marine,TOGARAM2,51,shared,Cilia / flagella / reproductive-cell function,0.129304237042922,0.234380635991612,0.0303064093145303,0.0303064093145303,positive,81.5026780892347,False,0.935399878086405,2.67275781696453,heterogeneous pinniped
Odobenus_rosmarus_divergens,walrus,pinniped,marine,14,marine,SSTR4,52,marine_specific,Endocrine / circadian / systemic regulation,0.137940410562783,1.78054093905245,0.245608548156738,0.245608548156738,positive,158.899044383187,False,0.935399878086405,2.67275781696453,heterogeneous pinniped
Odobenus_rosmarus_divergens,walrus,pinniped,marine,14,marine,CALHM1,53,marine_specific,Ion channels / mechanosensation / membrane signaling,0.145696679568621,0.0831318340244445,0.0121120321838113,0.0121120321838113,positive,90.2432487751662,False,0.935399878086405,2.67275781696453,heterogeneous pinniped
Odobenus_rosmarus_divergens,walrus,pinniped,marine,14,marine,ALOX12B,54,marine_specific,Epithelial / body-surface interface,0.149753620737968,1.62465318771469,0.243297697303756,0.243297697303756,positive,97.8566632432567,False,0.935399878086405,2.67275781696453,heterogeneous pinniped
Odobenus_rosmarus_divergens,walrus,pinniped,marine,14,marine,ESYT3,55,marine_specific,Membrane trafficking / ER / vesicle processing,0.153832070750976,-0.503753246232038,-0.0774934050154008,0.0774934050154008,negative,48.1548076412909,False,0.935399878086405,2.67275781696453,heterogeneous pinniped
Odobenus_rosmarus_divergens,walrus,pinniped,marine,14,marine,IL36G,56,marine_specific,Immune / inflammatory regulation,0.166019839478868,0.364216459600452,0.0604671581584288,0.0604671581584288,positive,100.202871760305,False,0.935399878086405,2.67275781696453,heterogeneous pinniped
Odobenus_rosmarus_divergens,walrus,pinniped,marine,14,marine,KRT17,57,marine_specific,Epithelial / body-surface interface,0.189861649168978,0.681112720500686,0.12931718438423,0.12931718438423,positive,126.86121846878,False,0.935399878086405,2.67275781696453,heterogeneous pinniped
Odobenus_rosmarus_divergens,walrus,pinniped,marine,14,marine,NKPD1,58,marine_specific,Unassigned / low-confidence,0.230941713295598,1.07858888866168,0.249091165889123,0.249091165889123,positive,98.7062288295639,False,0.935399878086405,2.67275781696453,heterogeneous pinniped
Odobenus_rosmarus_divergens,walrus,pinniped,marine,14,marine,IL33,59,shared,Immune / inflammatory regulation,0.27044270721607,-0.264484973015025,-0.0715280321201525,0.0715280321201525,negative,34.2109042130975,False,0.935399878086405,2.67275781696453,heterogeneous pinniped
Odobenus_rosmarus_divergens,walrus,pinniped,marine,14,marine,HOXD10,60,marine_specific,Developmental / transcriptional signaling regulators,0.28020716230031,-0.0885353062588642,-0.0248082269301852,0.0248082269301852,negative,81.2752564169162,False,0.935399878086405,2.67275781696453,heterogeneous pinniped
Odobenus_rosmarus_divergens,walrus,pinniped,marine,14,marine,OR52W1,61,shared,Sensory systems,0.282799403614638,-0.0782211694408033,-0.0221209000678987,0.0221209000678987,negative,68.508916355408,False,0.935399878086405,2.67275781696453,heterogeneous pinniped
Odobenus_rosmarus_divergens,walrus,pinniped,marine,14,marine,HIGD1B,62,marine_specific,Vascular / hematologic regulation,0.328380050132626,0.96950532557365,0.318366207415724,0.318366207415724,positive,130.155823521668,False,0.935399878086405,2.67275781696453,heterogeneous pinniped
Odobenus_rosmarus_divergens,walrus,pinniped,marine,14,marine,CAPN14,63,marine_specific,Epithelial / body-surface interface,0.342438899161804,0.0526283344011295,0.0180219888970421,0.0180219888970421,positive,101.47851034787,False,0.935399878086405,2.67275781696453,heterogeneous pinniped
Odobenus_rosmarus_divergens,walrus,pinniped,marine,14,marine,OMP,64,shared,Sensory systems,0.345615697623917,4.25545854736594e-16,1.47075327455754e-16,1.47075327455754e-16,positive,,True,0.935399878086405,2.67275781696453,heterogeneous pinniped
Odobenus_rosmarus_divergens,walrus,pinniped,marine,14,marine,ACP4,65,marine_specific,Cytoskeletal / muscle / ECM / adhesion,0.36185377349003,0.537477218782142,0.194488159781244,0.194488159781244,positive,94.6244261956422,False,0.935399878086405,2.67275781696453,heterogeneous pinniped
Odobenus_rosmarus_divergens,walrus,pinniped,marine,14,marine,KRTDAP,66,shared,Epithelial / body-surface interface,0.386565925079529,1.26900310147601,0.490553357850866,0.490553357850866,positive,180.982591312129,False,0.935399878086405,2.67275781696453,heterogeneous pinniped
Odobenus_rosmarus_divergens,walrus,pinniped,marine,14,marine,MYH7B,67,marine_specific,Cytoskeletal / muscle / ECM / adhesion,0.397856553371577,-0.132569582014857,-0.0527436769823418,0.0527436769823418,negative,62.4276623491157,False,0.935399878086405,2.67275781696453,heterogeneous pinniped
Odobenus_rosmarus_divergens,walrus,pinniped,marine,14,marine,SDR9C7,68,shared,Epithelial / body-surface interface,0.409389888665918,-0.746452747301687,-0.305590207112206,0.305590207112206,negative,22.4352851287772,False,0.935399878086405,2.67275781696453,heterogeneous pinniped
Odobenus_rosmarus_divergens,walrus,pinniped,marine,14,marine,KCNK18,69,shared,Ion channels / mechanosensation / membrane signaling,0.43928773003255,1.69322243041852,0.743811837898749,0.743811837898749,positive,117.770495780437,False,0.935399878086405,2.67275781696453,heterogeneous pinniped
Odobenus_rosmarus_divergens,walrus,pinniped,marine,14,marine,MYH13,70,marine_specific,Cytoskeletal / muscle / ECM / adhesion,0.480299625271563,1.12726790009121,0.541426349994472,0.541426349994472,positive,143.515106555021,False,0.935399878086405,2.67275781696453,heterogeneous pinniped
Odobenus_rosmarus_divergens,walrus,pinniped,marine,14,marine,TGM3,71,shared,Epithelial / body-surface interface,0.691315381170856,2.07004346738206,1.43105288869347,1.43105288869347,positive,130.228886873332,False,0.935399878086405,2.67275781696453,heterogeneous pinniped
Ursus_maritimus,polar bear,marine edge,marine,7,marine,EPOR,1,shared,Vascular / hematologic regulation,-0.562386788005208,1.24301246362381,-0.699053786867835,0.699053786867835,negative,88.727657287912,False,0.953796529066625,3.02739544310594,marine-edge decoupled
Ursus_maritimus,polar bear,marine edge,marine,7,marine,TPX2,2,marine_specific,DNA repair / chromatin / cell-cycle,-0.547364151458345,-0.325961101444722,0.178419421700718,0.178419421700718,positive,41.4396974409637,False,0.953796529066625,3.02739544310594,marine-edge decoupled
Ursus_maritimus,polar bear,marine edge,marine,7,marine,HGFAC,3,shared,Vascular / hematologic regulation,-0.314672853107267,-0.705894580695428,0.222125861700388,0.222125861700388,positive,34.2874577517543,False,0.953796529066625,3.02739544310594,marine-edge decoupled
Ursus_maritimus,polar bear,marine edge,marine,7,marine,SYDE1,4,shared,Cytoskeletal / muscle / ECM / adhesion,-0.314258007626709,-7.975404012265301e-16,2.50633457491256e-16,2.50633457491256e-16,positive,,True,0.953796529066625,3.02739544310594,marine-edge decoupled
Ursus_maritimus,polar bear,marine edge,marine,7,marine,PUSL1,5,shared,Metabolism / redox / lipid handling,-0.270477624990477,-1.67083747087067,0.451924150866194,0.451924150866194,positive,0.0,False,0.953796529066625,3.02739544310594,marine-edge decoupled
Ursus_maritimus,polar bear,marine edge,marine,7,marine,CATSPERZ,6,shared,Cilia / flagella / reproductive-cell function,-0.264244206101874,-0.401885832856532,0.106196002846765,0.106196002846765,positive,29.2041951229631,False,0.953796529066625,3.02739544310594,marine-edge decoupled
Ursus_maritimus,polar bear,marine edge,marine,7,marine,F11,7,marine_specific,Vascular / hematologic regulation,-0.254306353084796,-1.35509510392147,0.344609293961332,0.344609293961332,positive,17.3354346008457,False,0.953796529066625,3.02739544310594,marine-edge decoupled
Ursus_maritimus,polar bear,marine edge,marine,7,marine,WDR93,8,shared,Cilia / flagella / reproductive-cell function,-0.242927446164409,-1.96092042820439,0.47636139175531,0.47636139175531,positive,0.0,False,0.953796529066625,3.02739544310594,marine-edge decoupled
Ursus_maritimus,polar bear,marine edge,marine,7,marine,CD34,9,shared,Vascular / hematologic regulation,-0.231912055829233,-1.59329152110271,0.369503512194215,0.369503512194215,positive,0.0,False,0.953796529066625,3.02739544310594,marine-edge decoupled
Ursus_maritimus,polar bear,marine edge,marine,7,marine,ASMTL,10,shared,Endocrine / circadian / systemic regulation,-0.225475311673798,-0.863155934295614,0.194620353308392,0.194620353308392,positive,54.301716194776,False,0.953796529066625,3.02739544310594,marine-edge decoupled
Ursus_maritimus,polar bear,marine edge,marine,7,marine,FN3K,11,shared,Metabolism / redox / lipid handling,-0.217860441354345,0.0,0.0,0.0,zero,,True,0.953796529066625,3.02739544310594,marine-edge decoupled
Ursus_maritimus,polar bear,marine edge,marine,7,marine,FANCM,12,marine_specific,DNA repair / chromatin / cell-cycle,-0.215464965565117,-1.13124582181623,0.243743842043317,0.243743842043317,positive,30.757092559203,False,0.953796529066625,3.02739544310594,marine-edge decoupled
Ursus_maritimus,polar bear,marine edge,marine,7,marine,VEPH1,13,marine_specific,Developmental / transcriptional signaling regulators,-0.163677799839901,0.805958887454008,-0.131917577459887,0.131917577459887,negative,86.9173046912247,False,0.953796529066625,3.02739544310594,marine-edge decoupled
Ursus_maritimus,polar bear,marine edge,marine,7,marine,APH1B,14,marine_specific,Membrane trafficking / ER / vesicle processing,-0.152260877432123,0.250209143178027,-0.0380970636818261,0.0380970636818261,negative,67.7759513755931,False,0.953796529066625,3.02739544310594,marine-edge decoupled
Ursus_maritimus,polar bear,marine edge,marine,7,marine,CREB3L3,15,marine_specific,Endocrine / circadian / systemic regulation,-0.150758430810258,-1.75157394250025,0.264064539019475,0.264064539019475,positive,0.0,False,0.953796529066625,3.02739544310594,marine-edge decoupled
Ursus_maritimus,polar bear,marine edge,marine,7,marine,POLG,16,marine_specific,DNA repair / chromatin / cell-cycle,-0.124940186455302,0.856042074076493,-0.1069540563487,0.1069540563487,negative,77.3279532722615,False,0.953796529066625,3.02739544310594,marine-edge decoupled
Ursus_maritimus,polar bear,marine edge,marine,7,marine,RARS1,17,marine_specific,RNA processing / translation / protein homeostasis,-0.115426630752885,-0.858073320222538,0.099044512292229,0.099044512292229,positive,23.3411942736411,False,0.953796529066625,3.02739544310594,marine-edge decoupled
Ursus_maritimus,polar bear,marine edge,marine,7,marine,FAM234A,18,marine_specific,Unassigned / low-confidence,-0.108556846491888,0.0193688671558303,-0.0021026231385572,0.0021026231385572,negative,56.3550262907074,False,0.953796529066625,3.02739544310594,marine-edge decoupled
Ursus_maritimus,polar bear,marine edge,marine,7,marine,TREM2,19,marine_specific,Immune / inflammatory regulation,-0.0898257166079112,-1.58966551901242,0.142792844412178,0.142792844412178,positive,0.0,False,0.953796529066625,3.02739544310594,marine-edge decoupled
Ursus_maritimus,polar bear,marine edge,marine,7,marine,ATG2A,20,marine_specific,Membrane trafficking / ER / vesicle processing,-0.0892133442112914,0.986912733528173,-0.0880457854027554,0.0880457854027554,negative,77.7510866151234,False,0.953796529066625,3.02739544310594,marine-edge decoupled
Ursus_maritimus,polar bear,marine edge,marine,7,marine,NUBP2,21,shared,Metabolism / redox / lipid handling,-0.0844817154354269,-1.5338568234149,0.129582855674425,0.129582855674425,positive,0.0,False,0.953796529066625,3.02739544310594,marine-edge decoupled
Ursus_maritimus,polar bear,marine edge,marine,7,marine,SF3B3,22,marine_specific,RNA processing / translation / protein homeostasis,-0.0727218763044334,-1.35710238941043,0.0986910320951566,0.0986910320951566,positive,17.7965875333296,False,0.953796529066625,3.02739544310594,marine-edge decoupled
Ursus_maritimus,polar bear,marine edge,marine,7,marine,RTL4,23,marine_specific,Unassigned / low-confidence,-0.0665426884505536,-1.40306317738601,0.093363595889241,0.093363595889241,positive,0.0,False,0.953796529066625,3.02739544310594,marine-edge decoupled
Ursus_maritimus,polar bear,marine edge,marine,7,marine,SOX7,24,shared,Developmental / transcriptional signaling regulators,-0.0651622513698966,-9.682652841296059e-16,6.30943458371978e-17,6.30943458371978e-17,positive,,True,0.953796529066625,3.02739544310594,marine-edge decoupled
Ursus_maritimus,polar bear,marine edge,marine,7,marine,CTD_3088G3,25,marine_specific,Unassigned / low-confidence,-0.0645538212784956,0.393334852311829,-0.0253912677587412,0.0253912677587412,negative,121.557179791721,False,0.953796529066625,3.02739544310594,marine-edge decoupled
Ursus_maritimus,polar bear,marine edge,marine,7,marine,COL4A1,26,marine_specific,Cytoskeletal / muscle / ECM / adhesion,-0.0505715443318336,-0.644407204453298,0.032588667507763,0.032588667507763,positive,43.3977002187158,False,0.953796529066625,3.02739544310594,marine-edge decoupled
Ursus_maritimus,polar bear,marine edge,marine,7,marine,IDUA,27,marine_specific,Metabolism / redox / lipid handling,-0.0503352858652507,-2.0957312746944,0.105489232808489,0.105489232808489,positive,0.0,False,0.953796529066625,3.02739544310594,marine-edge decoupled
Ursus_maritimus,polar bear,marine edge,marine,7,marine,CYP21A2,28,marine_specific,Endocrine / circadian / systemic regulation,-0.0450852911002748,-1.08688252884623,0.0490024152048352,0.0490024152048352,positive,0.0,False,0.953796529066625,3.02739544310594,marine-edge decoupled
Ursus_maritimus,polar bear,marine edge,marine,7,marine,ACVR1,29,marine_specific,Developmental / transcriptional signaling regulators,-0.0383732664782303,-0.387790848251239,0.0148808015577638,0.0148808015577638,positive,41.6570267796193,False,0.953796529066625,3.02739544310594,marine-edge decoupled
Ursus_maritimus,polar bear,marine edge,marine,7,marine,KEL,30,marine_specific,Vascular / hematologic regulation,-0.0377052256901275,-0.803200789432937,0.0302848670400575,0.0302848670400575,positive,25.8325362676211,False,0.953796529066625,3.02739544310594,marine-edge decoupled
Ursus_maritimus,polar bear,marine edge,marine,7,marine,CATSPER4,31,marine_specific,Cilia / flagella / reproductive-cell function,-0.0348617965707268,-0.464383703019626,0.016189250185431,0.016189250185431,positive,34.9352713582646,False,0.953796529066625,3.02739544310594,marine-edge decoupled
Ursus_maritimus,polar bear,marine edge,marine,7,marine,DCXR,32,marine_specific,Metabolism / redox / lipid handling,-0.0329559416768714,-0.509198746701707,0.0167811241982375,0.0167811241982375,positive,0.0,False,0.953796529066625,3.02739544310594,marine-edge decoupled
Ursus_maritimus,polar bear,marine edge,marine,7,marine,RDH12,33,marine_specific,Sensory systems,-0.0319401455848149,-1.35306195395901,0.043216995794725,0.043216995794725,positive,0.0,False,0.953796529066625,3.02739544310594,marine-edge decoupled
Ursus_maritimus,polar bear,marine edge,marine,7,marine,BAK1,34,marine_specific,Membrane trafficking / ER / vesicle processing,-0.0220699887647022,-1.22001861224148,0.0269257970648969,0.0269257970648969,positive,0.0,False,0.953796529066625,3.02739544310594,marine-edge decoupled
Ursus_maritimus,polar bear,marine edge,marine,7,marine,PECAM1,35,marine_specific,Vascular / hematologic regulation,-0.0082238428850923,-0.638926631749859,0.0052544322346121,0.0052544322346121,positive,32.1752606679747,False,0.953796529066625,3.02739544310594,marine-edge decoupled
Ursus_maritimus,polar bear,marine edge,marine,7,marine,ASH2L,36,marine_specific,DNA repair / chromatin / cell-cycle,-0.0067113727256146,-0.798359741365771,0.0053580897934309,0.0053580897934309,positive,29.0115517120404,False,0.953796529066625,3.02739544310594,marine-edge decoupled
Ursus_maritimus,polar bear,marine edge,marine,7,marine,STMN4,37,marine_specific,Sensory systems,-0.0025238444741929,-0.90189421768112,0.002276240737601,0.002276240737601,positive,0.0,False,0.953796529066625,3.02739544310594,marine-edge decoupled
Ursus_maritimus,polar bear,marine edge,marine,7,marine,OR10G3,38,marine_specific,Sensory systems,0.0313624648344271,-1.58538105721624,-0.0497214576561112,0.0497214576561112,negative,0.0,False,0.953796529066625,3.02739544310594,marine-edge decoupled
Ursus_maritimus,polar bear,marine edge,marine,7,marine,TGM1,39,shared,Epithelial / body-surface interface,0.0321438716739072,0.567000147725331,0.0182255799875695,0.0182255799875695,positive,79.7416004602857,False,0.953796529066625,3.02739544310594,marine-edge decoupled
Ursus_maritimus,polar bear,marine edge,marine,7,marine,SLC2A7,40,marine_specific,Transport / endocytic / epithelial solute handling,0.0382557135453081,-1.25362466364382e-14,-4.79583060256912e-16,4.79583060256912e-16,negative,,True,0.953796529066625,3.02739544310594,marine-edge decoupled
Ursus_maritimus,polar bear,marine edge,marine,7,marine,NR2C2AP,41,marine_specific,Developmental / transcriptional signaling regulators,0.0628652617594018,-0.809540079394764,-0.0508919489958788,0.0508919489958788,negative,0.0,False,0.953796529066625,3.02739544310594,marine-edge decoupled
Ursus_maritimus,polar bear,marine edge,marine,7,marine,CAPN13,42,marine_specific,Unassigned / low-confidence,0.0728829596448735,-0.991110069934247,-0.0722350352306455,0.0722350352306455,negative,23.2764333021044,False,0.953796529066625,3.02739544310594,marine-edge decoupled
Ursus_maritimus,polar bear,marine edge,marine,7,marine,TGM5,43,marine_specific,Epithelial / body-surface interface,0.0730096499546588,-0.733694650079936,-0.053566789575942,0.053566789575942,negative,29.1527693109602,False,0.953796529066625,3.02739544310594,marine-edge decoupled
Ursus_maritimus,polar bear,marine edge,marine,7,marine,TRIM66,44,marine_specific,DNA repair / chromatin / cell-cycle,0.0785377211171152,-0.300276354021437,-0.0235830205501997,0.0235830205501997,negative,54.2586172515492,False,0.953796529066625,3.02739544310594,marine-edge decoupled
Ursus_maritimus,polar bear,marine edge,marine,7,marine,RNF224,45,marine_specific,Developmental / transcriptional signaling regulators,0.0826571992947204,0.0,0.0,0.0,zero,,True,0.953796529066625,3.02739544310594,marine-edge decoupled
Ursus_maritimus,polar bear,marine edge,marine,7,marine,COL20A1,46,shared,Cytoskeletal / muscle / ECM / adhesion,0.0921292718400568,-1.55000752023943,-0.142801064186271,0.142801064186271,negative,28.6272617645306,False,0.953796529066625,3.02739544310594,marine-edge decoupled
Ursus_maritimus,polar bear,marine edge,marine,7,marine,PNPLA7,47,shared,Metabolism / redox / lipid handling,0.10673604147477,-1.2486029321485,-0.133270934351322,0.133270934351322,negative,20.5058034062264,False,0.953796529066625,3.02739544310594,marine-edge decoupled
Ursus_maritimus,polar bear,marine edge,marine,7,marine,DBNL,48,shared,Cytoskeletal / muscle / ECM / adhesion,0.109704318050152,12.5764476365447,1.37969061146057,1.37969061146057,positive,721.614454175668,False,0.953796529066625,3.02739544310594,marine-edge decoupled
Ursus_maritimus,polar bear,marine edge,marine,7,marine,OR6B1,49,shared,Sensory systems,0.111781295712533,-0.663248064026925,-0.0741387279757588,0.0741387279757588,negative,35.7411504620235,False,0.953796529066625,3.02739544310594,marine-edge decoupled
Ursus_maritimus,polar bear,marine edge,marine,7,marine,SLC28A1,50,marine_specific,Transport / endocytic / epithelial solute handling,0.128656733732997,2.51017977750894,0.32295153125692,0.32295153125692,positive,136.278272978623,False,0.953796529066625,3.02739544310594,marine-edge decoupled
Ursus_maritimus,polar bear,marine edge,marine,7,marine,TOGARAM2,51,shared,Cilia / flagella / reproductive-cell function,0.129304237042922,0.723326680357441,0.0935292045364086,0.0935292045364086,positive,98.8397118248985,False,0.953796529066625,3.02739544310594,marine-edge decoupled
Ursus_maritimus,polar bear,marine edge,marine,7,marine,SSTR4,52,marine_specific,Endocrine / circadian / systemic regulation,0.137940410562783,-9.11423443282958e-15,-1.2572212396299701e-15,1.2572212396299701e-15,negative,,True,0.953796529066625,3.02739544310594,marine-edge decoupled
Ursus_maritimus,polar bear,marine edge,marine,7,marine,CALHM1,53,marine_specific,Ion channels / mechanosensation / membrane signaling,0.145696679568621,1.88804614028763e-16,2.75082053512258e-17,2.75082053512258e-17,positive,,True,0.953796529066625,3.02739544310594,marine-edge decoupled
Ursus_maritimus,polar bear,marine edge,marine,7,marine,ALOX12B,54,marine_specific,Epithelial / body-surface interface,0.149753620737968,0.346377561490866,0.0518712939756454,0.0518712939756454,positive,64.9431334053607,False,0.953796529066625,3.02739544310594,marine-edge decoupled
Ursus_maritimus,polar bear,marine edge,marine,7,marine,ESYT3,55,marine_specific,Membrane trafficking / ER / vesicle processing,0.153832070750976,0.0716237740434653,0.0110180334761063,0.0110180334761063,positive,70.2108113159601,False,0.953796529066625,3.02739544310594,marine-edge decoupled
Ursus_maritimus,polar bear,marine edge,marine,7,marine,IL36G,56,marine_specific,Immune / inflammatory regulation,0.166019839478868,-0.754911210720059,-0.125330238024542,0.125330238024542,negative,0.0,False,0.953796529066625,3.02739544310594,marine-edge decoupled
Ursus_maritimus,polar bear,marine edge,marine,7,marine,KRT17,57,marine_specific,Epithelial / body-surface interface,0.189861649168978,2.88868343220416,0.548450200365386,0.548450200365386,positive,285.951410884288,False,0.953796529066625,3.02739544310594,marine-edge decoupled
Ursus_maritimus,polar bear,marine edge,marine,7,marine,NKPD1,58,marine_specific,Unassigned / low-confidence,0.230941713295598,-8.246835252208169e-16,-1.90453826241149e-16,1.90453826241149e-16,negative,,True,0.953796529066625,3.02739544310594,marine-edge decoupled
Ursus_maritimus,polar bear,marine edge,marine,7,marine,IL33,59,shared,Immune / inflammatory regulation,0.27044270721607,-0.471965206230339,-0.127639548084724,0.127639548084724,negative,27.0537823097639,False,0.953796529066625,3.02739544310594,marine-edge decoupled
Ursus_maritimus,polar bear,marine edge,marine,7,marine,HOXD10,60,marine_specific,Developmental / transcriptional signaling regulators,0.28020716230031,1.03835422216346,0.290954290054969,0.290954290054969,positive,257.604626649985,False,0.953796529066625,3.02739544310594,marine-edge decoupled
Ursus_maritimus,polar bear,marine edge,marine,7,marine,OR52W1,61,shared,Sensory systems,0.282799403614638,-0.860860285697011,-0.243450775390642,0.243450775390642,negative,35.2457405278074,False,0.953796529066625,3.02739544310594,marine-edge decoupled
Ursus_maritimus,polar bear,marine edge,marine,7,marine,HIGD1B,62,marine_specific,Vascular / hematologic regulation,0.328380050132626,-0.96800720760728,-0.317874255362822,0.317874255362822,negative,0.0,False,0.953796529066625,3.02739544310594,marine-edge decoupled
Ursus_maritimus,polar bear,marine edge,marine,7,marine,CAPN14,63,marine_specific,Epithelial / body-surface interface,0.342438899161804,-0.536163673911033,-0.183603298264643,0.183603298264643,negative,60.6669853345404,False,0.953796529066625,3.02739544310594,marine-edge decoupled
Ursus_maritimus,polar bear,marine edge,marine,7,marine,OMP,64,shared,Sensory systems,0.345615697623917,4.25545854736594e-16,1.47075327455754e-16,1.47075327455754e-16,positive,,True,0.953796529066625,3.02739544310594,marine-edge decoupled
Ursus_maritimus,polar bear,marine edge,marine,7,marine,ACP4,65,marine_specific,Cytoskeletal / muscle / ECM / adhesion,0.36185377349003,4.77561040840409,1.72807264699928,1.72807264699928,positive,325.105594962605,False,0.953796529066625,3.02739544310594,marine-edge decoupled
Ursus_maritimus,polar bear,marine edge,marine,7,marine,KRTDAP,66,shared,Epithelial / body-surface interface,0.386565925079529,-0.7956627842008,-0.307576120225936,0.307576120225936,negative,0.0,False,0.953796529066625,3.02739544310594,marine-edge decoupled
Ursus_maritimus,polar bear,marine edge,marine,7,marine,MYH7B,67,marine_specific,Cytoskeletal / muscle / ECM / adhesion,0.397856553371577,-1.1023323499017,-0.438570149401883,0.438570149401883,negative,33.4469860496738,False,0.953796529066625,3.02739544310594,marine-edge decoupled
Ursus_maritimus,polar bear,marine edge,marine,7,marine,SDR9C7,68,shared,Epithelial / body-surface interface,0.409389888665918,-1.25209097364866,-0.512593384301628,0.512593384301628,negative,0.0,False,0.953796529066625,3.02739544310594,marine-edge decoupled
Ursus_maritimus,polar bear,marine edge,marine,7,marine,KCNK18,69,shared,Ion channels / mechanosensation / membrane signaling,0.43928773003255,6.81211216212532,2.99247728842716,2.99247728842716,positive,287.963981474554,False,0.953796529066625,3.02739544310594,marine-edge decoupled
Ursus_maritimus,polar bear,marine edge,marine,7,marine,MYH13,70,marine_specific,Cytoskeletal / muscle / ECM / adhesion,0.480299625271563,-0.068084198687501,-0.0327008151165214,0.0327008151165214,negative,81.6942966453714,False,0.953796529066625,3.02739544310594,marine-edge decoupled
Ursus_maritimus,polar bear,marine edge,marine,7,marine,TGM3,71,shared,Epithelial / body-surface interface,0.691315381170856,-0.303182447958206,-0.209594689574541,0.209594689574541,negative,48.6244028635808,False,0.953796529066625,3.02739544310594,marine-edge decoupled
Enhydra_lutris_kenyoni,sea otter,marine edge,marine,13,marine,EPOR,1,shared,Vascular / hematologic regulation,-0.562386788005208,-0.357917549477714,0.201288101021467,0.201288101021467,positive,41.9880604862174,False,0.847807751396366,1.7175093867169,marine-edge decoupled
Enhydra_lutris_kenyoni,sea otter,marine edge,marine,13,marine,TPX2,2,marine_specific,DNA repair / chromatin / cell-cycle,-0.547364151458345,-1.14628949219227,0.627437775219438,0.627437775219438,positive,14.44863980596,False,0.847807751396366,1.7175093867169,marine-edge decoupled
Enhydra_lutris_kenyoni,sea otter,marine edge,marine,13,marine,HGFAC,3,shared,Vascular / hematologic regulation,-0.314672853107267,-0.724939357944641,0.22811873609419,0.22811873609419,positive,33.4547718048997,False,0.847807751396366,1.7175093867169,marine-edge decoupled
Enhydra_lutris_kenyoni,sea otter,marine edge,marine,13,marine,SYDE1,4,shared,Cytoskeletal / muscle / ECM / adhesion,-0.314258007626709,-1.51967424452929,0.4775698003274,0.4775698003274,positive,15.9603879282336,False,0.847807751396366,1.7175093867169,marine-edge decoupled
Enhydra_lutris_kenyoni,sea otter,marine edge,marine,13,marine,PUSL1,5,shared,Metabolism / redox / lipid handling,-0.270477624990477,0.687071587790426,-0.18583749126399,0.18583749126399,negative,77.1368541789333,False,0.847807751396366,1.7175093867169,marine-edge decoupled
Enhydra_lutris_kenyoni,sea otter,marine edge,marine,13,marine,CATSPERZ,6,shared,Cilia / flagella / reproductive-cell function,-0.264244206101874,-0.364705089750285,0.0963712069023769,0.0963712069023769,positive,30.6243677850593,False,0.847807751396366,1.7175093867169,marine-edge decoupled
Enhydra_lutris_kenyoni,sea otter,marine edge,marine,13,marine,F11,7,marine_specific,Vascular / hematologic regulation,-0.254306353084796,-0.978342397639794,0.248798687212012,0.248798687212012,positive,29.4047005174932,False,0.847807751396366,1.7175093867169,marine-edge decoupled
Enhydra_lutris_kenyoni,sea otter,marine edge,marine,13,marine,WDR93,8,shared,Cilia / flagella / reproductive-cell function,-0.242927446164409,0.307816014769817,-0.0747769583565374,0.0747769583565374,negative,58.6233903534687,False,0.847807751396366,1.7175093867169,marine-edge decoupled
Enhydra_lutris_kenyoni,sea otter,marine edge,marine,13,marine,CD34,9,shared,Vascular / hematologic regulation,-0.231912055829233,-0.321695839620661,0.0746051435181386,0.0746051435181386,positive,43.7897658031864,False,0.847807751396366,1.7175093867169,marine-edge decoupled
Enhydra_lutris_kenyoni,sea otter,marine edge,marine,13,marine,ASMTL,10,shared,Endocrine / circadian / systemic regulation,-0.225475311673798,-0.718788853997745,0.162069140882794,0.162069140882794,positive,59.7279545671808,False,0.847807751396366,1.7175093867169,marine-edge decoupled
Enhydra_lutris_kenyoni,sea otter,marine edge,marine,13,marine,FN3K,11,shared,Metabolism / redox / lipid handling,-0.217860441354345,-0.92717505980903,0.201994767742736,0.201994767742736,positive,18.9707612178154,False,0.847807751396366,1.7175093867169,marine-edge decoupled
Enhydra_lutris_kenyoni,sea otter,marine edge,marine,13,marine,FANCM,12,marine_specific,DNA repair / chromatin / cell-cycle,-0.215464965565117,-1.30406819853713,0.280981009492367,0.280981009492367,positive,26.8929900285056,False,0.847807751396366,1.7175093867169,marine-edge decoupled
Enhydra_lutris_kenyoni,sea otter,marine edge,marine,13,marine,VEPH1,13,marine_specific,Developmental / transcriptional signaling regulators,-0.163677799839901,-0.891300722572377,0.145886141266361,0.145886141266361,positive,33.3502844846692,False,0.847807751396366,1.7175093867169,marine-edge decoupled
Enhydra_lutris_kenyoni,sea otter,marine edge,marine,13,marine,APH1B,14,marine_specific,Membrane trafficking / ER / vesicle processing,-0.152260877432123,-0.265732551868183,0.0404606715097266,0.0404606715097266,positive,42.1046586712918,False,0.847807751396366,1.7175093867169,marine-edge decoupled
Enhydra_lutris_kenyoni,sea otter,marine edge,marine,13,marine,CREB3L3,15,marine_specific,Endocrine / circadian / systemic regulation,-0.150758430810258,-0.693626487395441,0.104570040808168,0.104570040808168,positive,32.0021024767027,False,0.847807751396366,1.7175093867169,marine-edge decoupled
Enhydra_lutris_kenyoni,sea otter,marine edge,marine,13,marine,POLG,16,marine_specific,DNA repair / chromatin / cell-cycle,-0.124940186455302,-0.668525118093775,0.083525652904689,0.083525652904689,positive,41.5482310273709,False,0.847807751396366,1.7175093867169,marine-edge decoupled
Enhydra_lutris_kenyoni,sea otter,marine edge,marine,13,marine,RARS1,17,marine_specific,RNA processing / translation / protein homeostasis,-0.115426630752885,-0.170894415251569,0.0197257665669731,0.0197257665669731,positive,49.40855700269,False,0.847807751396366,1.7175093867169,marine-edge decoupled
Enhydra_lutris_kenyoni,sea otter,marine edge,marine,13,marine,FAM234A,18,marine_specific,Unassigned / low-confidence,-0.108556846491888,-1.31840126506731,0.143121483746624,0.143121483746624,positive,19.9711075426936,False,0.847807751396366,1.7175093867169,marine-edge decoupled
Enhydra_lutris_kenyoni,sea otter,marine edge,marine,13,marine,TREM2,19,marine_specific,Immune / inflammatory regulation,-0.0898257166079112,-0.513237405399545,0.0461019177299992,0.0461019177299992,positive,36.1981469011362,False,0.847807751396366,1.7175093867169,marine-edge decoupled
Enhydra_lutris_kenyoni,sea otter,marine edge,marine,13,marine,ATG2A,20,marine_specific,Membrane trafficking / ER / vesicle processing,-0.0892133442112914,-1.07215974314976,0.0956509562151093,0.0956509562151093,positive,39.4504472988376,False,0.847807751396366,1.7175093867169,marine-edge decoupled
Enhydra_lutris_kenyoni,sea otter,marine edge,marine,13,marine,NUBP2,21,shared,Metabolism / redox / lipid handling,-0.0844817154354269,-0.821863127620169,0.069432406874477,0.069432406874477,positive,26.2741897399782,False,0.847807751396366,1.7175093867169,marine-edge decoupled
Enhydra_lutris_kenyoni,sea otter,marine edge,marine,13,marine,SF3B3,22,marine_specific,RNA processing / translation / protein homeostasis,-0.0727218763044334,-0.700045036187959,0.0509085885291934,0.0509085885291934,positive,37.3330217150944,False,0.847807751396366,1.7175093867169,marine-edge decoupled
Enhydra_lutris_kenyoni,sea otter,marine edge,marine,13,marine,RTL4,23,marine_specific,Unassigned / low-confidence,-0.0665426884505536,-0.406380161606736,0.0270416284862826,0.0270416284862826,positive,38.7703665907401,False,0.847807751396366,1.7175093867169,marine-edge decoupled
Enhydra_lutris_kenyoni,sea otter,marine edge,marine,13,marine,SOX7,24,shared,Developmental / transcriptional signaling regulators,-0.0651622513698966,-1.17813081529278,0.0767696563327296,0.0767696563327296,positive,11.5901388973841,False,0.847807751396366,1.7175093867169,marine-edge decoupled
Enhydra_lutris_kenyoni,sea otter,marine edge,marine,13,marine,CTD_3088G3,25,marine_specific,Unassigned / low-confidence,-0.0645538212784956,-0.0206172912302125,0.0013309249333218,0.0013309249333218,positive,107.968910796542,False,0.847807751396366,1.7175093867169,marine-edge decoupled
Enhydra_lutris_kenyoni,sea otter,marine edge,marine,13,marine,COL4A1,26,marine_specific,Cytoskeletal / muscle / ECM / adhesion,-0.0505715443318336,0.0612627950578922,-0.0030981541561622,0.0030981541561622,negative,59.7024566057972,False,0.847807751396366,1.7175093867169,marine-edge decoupled
Enhydra_lutris_kenyoni,sea otter,marine edge,marine,13,marine,IDUA,27,marine_specific,Metabolism / redox / lipid handling,-0.0503352858652507,-0.48862125320066,0.0245948904596923,0.0245948904596923,positive,46.0641699492912,False,0.847807751396366,1.7175093867169,marine-edge decoupled
Enhydra_lutris_kenyoni,sea otter,marine edge,marine,13,marine,CYP21A2,28,marine_specific,Endocrine / circadian / systemic regulation,-0.0450852911002748,-0.427896388420741,0.0192918332327053,0.0192918332327053,positive,33.6374192205177,False,0.847807751396366,1.7175093867169,marine-edge decoupled
Enhydra_lutris_kenyoni,sea otter,marine edge,marine,13,marine,ACVR1,29,marine_specific,Developmental / transcriptional signaling regulators,-0.0383732664782303,0.082382947524983,-0.0031613027986382,0.0031613027986382,negative,59.0077323005929,False,0.847807751396366,1.7175093867169,marine-edge decoupled
Enhydra_lutris_kenyoni,sea otter,marine edge,marine,13,marine,KEL,30,marine_specific,Vascular / hematologic regulation,-0.0377052256901275,-0.508159988018162,0.0191602870349173,0.0191602870349173,positive,36.8759305325048,False,0.847807751396366,1.7175093867169,marine-edge decoupled
Enhydra_lutris_kenyoni,sea otter,marine edge,marine,13,marine,CATSPER4,31,marine_specific,Cilia / flagella / reproductive-cell function,-0.0348617965707268,-0.872876795689222,0.0304300532826255,0.0304300532826255,positive,17.3933767714798,False,0.847807751396366,1.7175093867169,marine-edge decoupled
Enhydra_lutris_kenyoni,sea otter,marine edge,marine,13,marine,DCXR,32,marine_specific,Metabolism / redox / lipid handling,-0.0329559416768714,0.0716634431087279,-0.002361736251455,0.002361736251455,negative,71.8917279376153,False,0.847807751396366,1.7175093867169,marine-edge decoupled
Enhydra_lutris_kenyoni,sea otter,marine edge,marine,13,marine,RDH12,33,marine_specific,Sensory systems,-0.0319401455848149,0.286617780574706,-0.0091546136387526,0.0091546136387526,negative,64.0439481888562,False,0.847807751396366,1.7175093867169,marine-edge decoupled
Enhydra_lutris_kenyoni,sea otter,marine edge,marine,13,marine,BAK1,34,marine_specific,Membrane trafficking / ER / vesicle processing,-0.0220699887647022,-0.38478023052849,0.0084920953646432,0.0084920953646432,positive,33.783748641639,False,0.847807751396366,1.7175093867169,marine-edge decoupled
Enhydra_lutris_kenyoni,sea otter,marine edge,marine,13,marine,PECAM1,35,marine_specific,Vascular / hematologic regulation,-0.0082238428850923,-0.965253618596715,0.0079380941036062,0.0079380941036062,positive,24.0615555882759,False,0.847807751396366,1.7175093867169,marine-edge decoupled
Enhydra_lutris_kenyoni,sea otter,marine edge,marine,13,marine,ASH2L,36,marine_specific,DNA repair / chromatin / cell-cycle,-0.0067113727256146,-1.03992672452632,0.0069793358556237,0.0069793358556237,positive,20.3566208140403,False,0.847807751396366,1.7175093867169,marine-edge decoupled
Enhydra_lutris_kenyoni,sea otter,marine edge,marine,13,marine,STMN4,37,marine_specific,Sensory systems,-0.0025238444741929,-0.700882025146973,0.0017689172262283,0.0017689172262283,positive,13.5148847637014,False,0.847807751396366,1.7175093867169,marine-edge decoupled
Enhydra_lutris_kenyoni,sea otter,marine edge,marine,13,marine,OR10G3,38,marine_specific,Sensory systems,0.0313624648344271,0.292617772997626,0.0091772146155664,0.0091772146155664,positive,91.5326799196356,False,0.847807751396366,1.7175093867169,marine-edge decoupled
Enhydra_lutris_kenyoni,sea otter,marine edge,marine,13,marine,TGM1,39,shared,Epithelial / body-surface interface,0.0321438716739072,-0.397890912413081,-0.0127897544288199,0.0127897544288199,negative,53.0659925525247,False,0.847807751396366,1.7175093867169,marine-edge decoupled
Enhydra_lutris_kenyoni,sea otter,marine edge,marine,13,marine,SLC2A7,40,marine_specific,Transport / endocytic / epithelial solute handling,0.0382557135453081,-1.25362466364382e-14,-4.79583060256912e-16,4.79583060256912e-16,negative,,True,0.847807751396366,1.7175093867169,marine-edge decoupled
Enhydra_lutris_kenyoni,sea otter,marine edge,marine,13,marine,NR2C2AP,41,marine_specific,Developmental / transcriptional signaling regulators,0.0628652617594018,-0.529621228308087,-0.0332947771509238,0.0332947771509238,negative,18.4503375522293,False,0.847807751396366,1.7175093867169,marine-edge decoupled
Enhydra_lutris_kenyoni,sea otter,marine edge,marine,13,marine,CAPN13,42,marine_specific,Unassigned / low-confidence,0.0728829596448735,-0.0450567027563206,-0.0032838658487199,0.0032838658487199,negative,60.7494674113207,False,0.847807751396366,1.7175093867169,marine-edge decoupled
Enhydra_lutris_kenyoni,sea otter,marine edge,marine,13,marine,TGM5,43,marine_specific,Epithelial / body-surface interface,0.0730096499546588,-0.252036694014005,-0.018401110805692,0.018401110805692,negative,51.3090568471887,False,0.847807751396366,1.7175093867169,marine-edge decoupled
Enhydra_lutris_kenyoni,sea otter,marine edge,marine,13,marine,TRIM66,44,marine_specific,DNA repair / chromatin / cell-cycle,0.0785377211171152,1.39418179862656,0.109495861287091,0.109495861287091,positive,94.9384087927649,False,0.847807751396366,1.7175093867169,marine-edge decoupled
Enhydra_lutris_kenyoni,sea otter,marine edge,marine,13,marine,RNF224,45,marine_specific,Developmental / transcriptional signaling regulators,0.0826571992947204,5.24365465359897,0.433425807735218,0.433425807735218,positive,340.056495395658,False,0.847807751396366,1.7175093867169,marine-edge decoupled
Enhydra_lutris_kenyoni,sea otter,marine edge,marine,13,marine,COL20A1,46,shared,Cytoskeletal / muscle / ECM / adhesion,0.0921292718400568,-2.4898633676073604e-15,-2.29389299038898e-16,2.29389299038898e-16,negative,,True,0.847807751396366,1.7175093867169,marine-edge decoupled
Enhydra_lutris_kenyoni,sea otter,marine edge,marine,13,marine,PNPLA7,47,shared,Metabolism / redox / lipid handling,0.10673604147477,1.04226668048387,0.111247419635897,0.111247419635897,positive,99.0680776665602,False,0.847807751396366,1.7175093867169,marine-edge decoupled
Enhydra_lutris_kenyoni,sea otter,marine edge,marine,13,marine,DBNL,48,shared,Cytoskeletal / muscle / ECM / adhesion,0.109704318050152,0.943692171124581,0.103527106082489,0.103527106082489,positive,110.147859185982,False,0.847807751396366,1.7175093867169,marine-edge decoupled
Enhydra_lutris_kenyoni,sea otter,marine edge,marine,13,marine,OR6B1,49,shared,Sensory systems,0.111781295712533,-0.64527731686945,-0.0721299345735739,0.0721299345735739,negative,37.0197519371297,False,0.847807751396366,1.7175093867169,marine-edge decoupled
Enhydra_lutris_kenyoni,sea otter,marine edge,marine,13,marine,SLC28A1,50,marine_specific,Transport / endocytic / epithelial solute handling,0.128656733732997,0.117833272150153,0.01516004391991,0.01516004391991,positive,61.8701102243212,False,0.847807751396366,1.7175093867169,marine-edge decoupled
Enhydra_lutris_kenyoni,sea otter,marine edge,marine,13,marine,TOGARAM2,51,shared,Cilia / flagella / reproductive-cell function,0.129304237042922,-0.809264869991805,-0.10464137657993,0.10464137657993,negative,44.497127980375,False,0.847807751396366,1.7175093867169,marine-edge decoupled
Enhydra_lutris_kenyoni,sea otter,marine edge,marine,13,marine,SSTR4,52,marine_specific,Endocrine / circadian / systemic regulation,0.137940410562783,-0.359776089778376,-0.0496276615347019,0.0496276615347019,negative,75.4698365727376,False,0.847807751396366,1.7175093867169,marine-edge decoupled
Enhydra_lutris_kenyoni,sea otter,marine edge,marine,13,marine,CALHM1,53,marine_specific,Ion channels / mechanosensation / membrane signaling,0.145696679568621,-0.180316830304529,-0.0262715634457084,0.0262715634457084,negative,70.4141216484175,False,0.847807751396366,1.7175093867169,marine-edge decoupled
Enhydra_lutris_kenyoni,sea otter,marine edge,marine,13,marine,ALOX12B,54,marine_specific,Epithelial / body-surface interface,0.149753620737968,0.303312544668811,0.0454221517794012,0.0454221517794012,positive,63.8342788773827,False,0.847807751396366,1.7175093867169,marine-edge decoupled
Enhydra_lutris_kenyoni,sea otter,marine edge,marine,13,marine,ESYT3,55,marine_specific,Membrane trafficking / ER / vesicle processing,0.153832070750976,-0.323217354288525,-0.0497211949128558,0.0497211949128558,negative,55.0753139455037,False,0.847807751396366,1.7175093867169,marine-edge decoupled
Enhydra_lutris_kenyoni,sea otter,marine edge,marine,13,marine,IL36G,56,marine_specific,Immune / inflammatory regulation,0.166019839478868,-0.146514566479428,-0.0243243248082306,0.0243243248082306,negative,54.473758927598,False,0.847807751396366,1.7175093867169,marine-edge decoupled
Enhydra_lutris_kenyoni,sea otter,marine edge,marine,13,marine,KRT17,57,marine_specific,Epithelial / body-surface interface,0.189861649168978,0.241042117735596,0.0457646539924633,0.0457646539924633,positive,95.1472097173761,False,0.847807751396366,1.7175093867169,marine-edge decoupled
Enhydra_lutris_kenyoni,sea otter,marine edge,marine,13,marine,NKPD1,58,marine_specific,Unassigned / low-confidence,0.230941713295598,0.24858598941276,0.0574088742962642,0.0574088742962642,positive,70.1011936768013,False,0.847807751396366,1.7175093867169,marine-edge decoupled
Enhydra_lutris_kenyoni,sea otter,marine edge,marine,13,marine,IL33,59,shared,Immune / inflammatory regulation,0.27044270721607,-0.164487177474236,-0.0444843575784625,0.0444843575784625,negative,37.6603721535318,False,0.847807751396366,1.7175093867169,marine-edge decoupled
Enhydra_lutris_kenyoni,sea otter,marine edge,marine,13,marine,HOXD10,60,marine_specific,Developmental / transcriptional signaling regulators,0.28020716230031,-0.0331331705869615,-0.0092841517081845,0.0092841517081845,negative,89.944272719047,False,0.847807751396366,1.7175093867169,marine-edge decoupled
Enhydra_lutris_kenyoni,sea otter,marine edge,marine,13,marine,OR52W1,61,shared,Sensory systems,0.282799403614638,2.10987276861445,0.596670760666933,0.596670760666933,positive,161.505741938315,False,0.847807751396366,1.7175093867169,marine-edge decoupled
Enhydra_lutris_kenyoni,sea otter,marine edge,marine,13,marine,HIGD1B,62,marine_specific,Vascular / hematologic regulation,0.328380050132626,2.50025927059677,0.821035264623131,0.821035264623131,positive,232.98692108181,False,0.847807751396366,1.7175093867169,marine-edge decoupled
Enhydra_lutris_kenyoni,sea otter,marine edge,marine,13,marine,CAPN14,63,marine_specific,Epithelial / body-surface interface,0.342438899161804,0.534903641555353,0.183171814171855,0.183171814171855,positive,134.906937506142,False,0.847807751396366,1.7175093867169,marine-edge decoupled
Enhydra_lutris_kenyoni,sea otter,marine edge,marine,13,marine,OMP,64,shared,Sensory systems,0.345615697623917,-0.293320383012197,-0.101376128802075,0.101376128802075,negative,54.447766462593,False,0.847807751396366,1.7175093867169,marine-edge decoupled
Enhydra_lutris_kenyoni,sea otter,marine edge,marine,13,marine,ACP4,65,marine_specific,Cytoskeletal / muscle / ECM / adhesion,0.36185377349003,0.591939612381435,0.214195582418448,0.214195582418448,positive,97.5862387600395,False,0.847807751396366,1.7175093867169,marine-edge decoupled
Enhydra_lutris_kenyoni,sea otter,marine edge,marine,13,marine,KRTDAP,66,shared,Epithelial / body-surface interface,0.386565925079529,-0.7956627842008,-0.307576120225936,0.307576120225936,negative,0.0,False,0.847807751396366,1.7175093867169,marine-edge decoupled
Enhydra_lutris_kenyoni,sea otter,marine edge,marine,13,marine,MYH7B,67,marine_specific,Cytoskeletal / muscle / ECM / adhesion,0.397856553371577,0.734336958132314,0.292160771175891,0.292160771175891,positive,88.3345528318464,False,0.847807751396366,1.7175093867169,marine-edge decoupled
Enhydra_lutris_kenyoni,sea otter,marine edge,marine,13,marine,SDR9C7,68,shared,Epithelial / body-surface interface,0.409389888665918,-0.653620013252236,-0.267585424455149,0.267585424455149,negative,26.5542950239155,False,0.847807751396366,1.7175093867169,marine-edge decoupled
Enhydra_lutris_kenyoni,sea otter,marine edge,marine,13,marine,KCNK18,69,shared,Ion channels / mechanosensation / membrane signaling,0.43928773003255,0.457112825137518,0.200804055323426,0.200804055323426,positive,76.6721691023575,False,0.847807751396366,1.7175093867169,marine-edge decoupled
Enhydra_lutris_kenyoni,sea otter,marine edge,marine,13,marine,MYH13,70,marine_specific,Cytoskeletal / muscle / ECM / adhesion,0.480299625271563,-0.251460791866205,-0.120776524103829,0.120776524103829,negative,72.2104888866681,False,0.847807751396366,1.7175093867169,marine-edge decoupled
Enhydra_lutris_kenyoni,sea otter,marine edge,marine,13,marine,TGM3,71,shared,Epithelial / body-surface interface,0.691315381170856,0.524820913608315,0.362816769937569,0.362816769937569,positive,77.0956860407189,False,0.847807751396366,1.7175093867169,marine-edge decoupled
Orcinus_orca,killer whale,cetacean,marine,18,binary_aquatic_dependence,ATF7IP2,1,aquatic_specific,DNA repair / chromatin / cell-cycle,-0.581769927151342,-1.24654021594137,0.725199610619427,0.725199610619427,positive,20.4007817217798,False,0.965065143541489,3.31871052214123,core cetacean
Orcinus_orca,killer whale,cetacean,marine,18,binary_aquatic_dependence,WDR93,2,shared,Cilia / flagella / reproductive-cell function,-0.4793197990576,-0.697001912048251,0.334086816425731,0.334086816425731,positive,32.7480383777357,False,0.965065143541489,3.31871052214123,core cetacean
Orcinus_orca,killer whale,cetacean,marine,18,binary_aquatic_dependence,PMIS2,3,aquatic_specific,Developmental / transcriptional signaling regulators,-0.39072525213697,1.15752045515747e-15,-4.52272471695104e-16,4.52272471695104e-16,negative,,True,0.965065143541489,3.31871052214123,core cetacean
Orcinus_orca,killer whale,cetacean,marine,18,binary_aquatic_dependence,PFKP,4,aquatic_specific,Metabolism / redox / lipid handling,-0.356881027792284,-0.87821438190962,0.313418051237871,0.313418051237871,positive,26.5370140797042,False,0.965065143541489,3.31871052214123,core cetacean
Orcinus_orca,killer whale,cetacean,marine,18,binary_aquatic_dependence,PDGFB,5,aquatic_specific,Vascular / hematologic regulation,-0.348561123284862,-0.417780515722695,0.145622045846832,0.145622045846832,positive,38.6925763747968,False,0.965065143541489,3.31871052214123,core cetacean
Orcinus_orca,killer whale,cetacean,marine,18,binary_aquatic_dependence,PUSL1,6,shared,Metabolism / redox / lipid handling,-0.314220898750119,-0.189771925772677,0.0596303050738313,0.0596303050738313,positive,48.4722806674438,False,0.965065143541489,3.31871052214123,core cetacean
Orcinus_orca,killer whale,cetacean,marine,18,binary_aquatic_dependence,SMCO3,7,aquatic_specific,Unassigned / low-confidence,-0.307082295991399,1.34365548931645,-0.412612812680742,0.412612812680742,negative,149.202562315723,False,0.965065143541489,3.31871052214123,core cetacean
Orcinus_orca,killer whale,cetacean,marine,18,binary_aquatic_dependence,GGTLC1,8,aquatic_specific,Metabolism / redox / lipid handling,-0.291163814888646,-0.596514311259884,0.173683382502101,0.173683382502101,positive,26.0512443662996,False,0.965065143541489,3.31871052214123,core cetacean
Orcinus_orca,killer whale,cetacean,marine,18,binary_aquatic_dependence,C16orf91,9,aquatic_specific,Unassigned / low-confidence,-0.262195862787636,1.44934578041064,-0.380012467372388,0.380012467372388,negative,110.67941897441,False,0.965065143541489,3.31871052214123,core cetacean
Orcinus_orca,killer whale,cetacean,marine,18,binary_aquatic_dependence,HGFAC,10,shared,Vascular / hematologic regulation,-0.251889764940469,-0.0554495991548307,0.0139671864971536,0.0139671864971536,positive,62.4907943541983,False,0.965065143541489,3.31871052214123,core cetacean
Orcinus_orca,killer whale,cetacean,marine,18,binary_aquatic_dependence,NLRP8,11,aquatic_specific,Immune / inflammatory regulation,-0.249357601464042,0.189872741510209,-0.0473462114063877,0.0473462114063877,negative,75.126162079027,False,0.965065143541489,3.31871052214123,core cetacean
Orcinus_orca,killer whale,cetacean,marine,18,binary_aquatic_dependence,FN3K,12,shared,Metabolism / redox / lipid handling,-0.244837253974046,1.38676085453828,-0.339530719543853,0.339530719543853,negative,97.4589170876575,False,0.965065143541489,3.31871052214123,core cetacean
Orcinus_orca,killer whale,cetacean,marine,18,binary_aquatic_dependence,NUBP2,13,shared,Metabolism / redox / lipid handling,-0.239999172123246,1.15810136052048,-0.27794336775972,0.27794336775972,negative,99.7225437456048,False,0.965065143541489,3.31871052214123,core cetacean
Orcinus_orca,killer whale,cetacean,marine,18,binary_aquatic_dependence,ACADSB,14,aquatic_specific,Metabolism / redox / lipid handling,-0.238865076823398,-0.856995597871789,0.204706319322958,0.204706319322958,positive,29.9134803840923,False,0.965065143541489,3.31871052214123,core cetacean
Orcinus_orca,killer whale,cetacean,marine,18,binary_aquatic_dependence,TTC28,15,aquatic_specific,Developmental / transcriptional signaling regulators,-0.237914556985983,-0.121497022355136,0.0289059102487384,0.0289059102487384,positive,53.8965957796877,False,0.965065143541489,3.31871052214123,core cetacean
Orcinus_orca,killer whale,cetacean,marine,18,binary_aquatic_dependence,SLC6A15,16,aquatic_specific,Transport / endocytic / epithelial solute handling,-0.23289351110375,-1.75837801236207,0.409514829146635,0.409514829146635,positive,0.0,False,0.965065143541489,3.31871052214123,core cetacean
Orcinus_orca,killer whale,cetacean,marine,18,binary_aquatic_dependence,CATSPERG,17,aquatic_specific,Cilia / flagella / reproductive-cell function,-0.232264279338058,-1.20622083493748,0.280162012949305,0.280162012949305,positive,18.8029955102588,False,0.965065143541489,3.31871052214123,core cetacean
Orcinus_orca,killer whale,cetacean,marine,18,binary_aquatic_dependence,SYDE1,18,shared,Cytoskeletal / muscle / ECM / adhesion,-0.232023025562006,-1.29254207407519,0.299899522693116,0.299899522693116,positive,21.3131380008282,False,0.965065143541489,3.31871052214123,core cetacean
Orcinus_orca,killer whale,cetacean,marine,18,binary_aquatic_dependence,SLC5A5,19,aquatic_specific,Transport / endocytic / epithelial solute handling,-0.231105741131879,-1.07078620211362,0.247464838833259,0.247464838833259,positive,21.9723369475876,False,0.965065143541489,3.31871052214123,core cetacean
Orcinus_orca,killer whale,cetacean,marine,18,binary_aquatic_dependence,SIGIRR,20,aquatic_specific,Immune / inflammatory regulation,-0.210302505536658,-0.794966747133911,0.167183498740588,0.167183498740588,positive,6.16295063098608,False,0.965065143541489,3.31871052214123,core cetacean
Orcinus_orca,killer whale,cetacean,marine,18,binary_aquatic_dependence,KEAP1,21,aquatic_specific,Developmental / transcriptional signaling regulators,-0.19883739251004,0.43389729352511,-0.0862750064616965,0.0862750064616965,negative,66.7148567528723,False,0.965065143541489,3.31871052214123,core cetacean
Orcinus_orca,killer whale,cetacean,marine,18,binary_aquatic_dependence,SYNPO2,22,aquatic_specific,Cytoskeletal / muscle / ECM / adhesion,-0.164171125185038,0.138944474089665,-0.0228106706495437,0.0228106706495437,negative,59.2155276019919,False,0.965065143541489,3.31871052214123,core cetacean
Orcinus_orca,killer whale,cetacean,marine,18,binary_aquatic_dependence,PI4KA,23,aquatic_specific,Ion channels / mechanosensation / membrane signaling,-0.161213914772254,-1.15208862823594,0.185732717922511,0.185732717922511,positive,24.4396881486101,False,0.965065143541489,3.31871052214123,core cetacean
Orcinus_orca,killer whale,cetacean,marine,18,binary_aquatic_dependence,H1_8,24,aquatic_specific,DNA repair / chromatin / cell-cycle,-0.160268979059258,-0.277258488601409,0.0444359349036607,0.0444359349036607,positive,47.0681194797355,False,0.965065143541489,3.31871052214123,core cetacean
Orcinus_orca,killer whale,cetacean,marine,18,binary_aquatic_dependence,CATSPERZ,25,shared,Cilia / flagella / reproductive-cell function,-0.154029925159516,-1.22018471549186,0.187944960407996,0.187944960407996,positive,0.0,False,0.965065143541489,3.31871052214123,core cetacean
Orcinus_orca,killer whale,cetacean,marine,18,binary_aquatic_dependence,TIGD7,26,aquatic_specific,Developmental / transcriptional signaling regulators,-0.153350666144971,-1.14039910084986,0.174880961786453,0.174880961786453,positive,0.0,False,0.965065143541489,3.31871052214123,core cetacean
Orcinus_orca,killer whale,cetacean,marine,18,binary_aquatic_dependence,CLASP2,27,aquatic_specific,Cytoskeletal / muscle / ECM / adhesion,-0.153215743294715,-0.874016433099684,0.133913077449164,0.133913077449164,positive,30.0130970738163,False,0.965065143541489,3.31871052214123,core cetacean
Orcinus_orca,killer whale,cetacean,marine,18,binary_aquatic_dependence,FAM20B,28,aquatic_specific,Developmental / transcriptional signaling regulators,-0.149046125022571,-0.586522586652192,0.0874189187787245,0.0874189187787245,positive,31.2984069053889,False,0.965065143541489,3.31871052214123,core cetacean
Orcinus_orca,killer whale,cetacean,marine,18,binary_aquatic_dependence,EHHADH,29,aquatic_specific,Metabolism / redox / lipid handling,-0.134704680594371,-1.15647549055005,0.155782661569763,0.155782661569763,positive,10.5038438909501,False,0.965065143541489,3.31871052214123,core cetacean
Orcinus_orca,killer whale,cetacean,marine,18,binary_aquatic_dependence,XCR1,30,aquatic_specific,Immune / inflammatory regulation,-0.128894917212046,-0.443396612215067,0.0571515696235629,0.0571515696235629,positive,36.384420325923,False,0.965065143541489,3.31871052214123,core cetacean
Orcinus_orca,killer whale,cetacean,marine,18,binary_aquatic_dependence,CLTCL1,31,aquatic_specific,Membrane trafficking / ER / vesicle processing,-0.122013377075862,1.03036935260103e-14,-1.2571884434632101e-15,1.2571884434632101e-15,negative,,True,0.965065143541489,3.31871052214123,core cetacean
Orcinus_orca,killer whale,cetacean,marine,18,binary_aquatic_dependence,SLC6A6,32,aquatic_specific,Transport / endocytic / epithelial solute handling,-0.121595276910313,-0.978662188288525,0.119000699786596,0.119000699786596,positive,0.0,False,0.965065143541489,3.31871052214123,core cetacean
Orcinus_orca,killer whale,cetacean,marine,18,binary_aquatic_dependence,ACOX3,33,aquatic_specific,Metabolism / redox / lipid handling,-0.118129521585615,-0.698472762006703,0.0825102532164351,0.0825102532164351,positive,41.5185826474444,False,0.965065143541489,3.31871052214123,core cetacean
Orcinus_orca,killer whale,cetacean,marine,18,binary_aquatic_dependence,CORO2A,34,aquatic_specific,Cytoskeletal / muscle / ECM / adhesion,-0.110434776748237,1.23579232931042,-0.136474449994581,0.136474449994581,negative,97.5220503775092,False,0.965065143541489,3.31871052214123,core cetacean
Orcinus_orca,killer whale,cetacean,marine,18,binary_aquatic_dependence,SEPTIN5,35,aquatic_specific,Cytoskeletal / muscle / ECM / adhesion,-0.106389612271777,-1.19363979495881,0.126990874977831,0.126990874977831,positive,0.0,False,0.965065143541489,3.31871052214123,core cetacean
Orcinus_orca,killer whale,cetacean,marine,18,binary_aquatic_dependence,MEFV,36,aquatic_specific,Immune / inflammatory regulation,-0.106234859098565,-1.55364008010089,0.165050734999402,0.165050734999402,positive,8.88548037072611,False,0.965065143541489,3.31871052214123,core cetacean
Orcinus_orca,killer whale,cetacean,marine,18,binary_aquatic_dependence,C1orf112,37,aquatic_specific,DNA repair / chromatin / cell-cycle,-0.10365191227098,-0.955553499619596,0.0990449475127987,0.0990449475127987,positive,29.7464394939906,False,0.965065143541489,3.31871052214123,core cetacean
Orcinus_orca,killer whale,cetacean,marine,18,binary_aquatic_dependence,HPRT1,38,aquatic_specific,Metabolism / redox / lipid handling,-0.099597493197772,-0.87763128091248,0.0874098755308328,0.0874098755308328,positive,0.0,False,0.965065143541489,3.31871052214123,core cetacean
Orcinus_orca,killer whale,cetacean,marine,18,binary_aquatic_dependence,CD34,39,shared,Vascular / hematologic regulation,-0.0959044894988044,1.48791201797764,-0.142697442503281,0.142697442503281,negative,103.904118670935,False,0.965065143541489,3.31871052214123,core cetacean
Orcinus_orca,killer whale,cetacean,marine,18,binary_aquatic_dependence,CASTOR1,40,aquatic_specific,Endocrine / circadian / systemic regulation,-0.0825057476543748,0.0850012685294944,-0.0070130932115962,0.0070130932115962,negative,59.3040271631628,False,0.965065143541489,3.31871052214123,core cetacean
Orcinus_orca,killer whale,cetacean,marine,18,binary_aquatic_dependence,RAC3,41,aquatic_specific,Developmental / transcriptional signaling regulators,-0.0814970345799135,-1.04721769203214,0.0853451364602407,0.0853451364602407,positive,0.0,False,0.965065143541489,3.31871052214123,core cetacean
Orcinus_orca,killer whale,cetacean,marine,18,binary_aquatic_dependence,URI1,42,aquatic_specific,Developmental / transcriptional signaling regulators,-0.078475489653661,-1.31986772901498,0.103577266312516,0.103577266312516,positive,0.0,False,0.965065143541489,3.31871052214123,core cetacean
Orcinus_orca,killer whale,cetacean,marine,18,binary_aquatic_dependence,SPINT4,43,aquatic_specific,Epithelial / body-surface interface,-0.0769933368325998,1.4113125605789801e-15,-1.0866166335273599e-16,1.0866166335273599e-16,negative,,True,0.965065143541489,3.31871052214123,core cetacean
Orcinus_orca,killer whale,cetacean,marine,18,binary_aquatic_dependence,GGTLC3,44,aquatic_specific,Metabolism / redox / lipid handling,-0.0726998898105257,-0.52296312476003,0.0380193615450223,0.0380193615450223,positive,21.3363089282829,False,0.965065143541489,3.31871052214123,core cetacean
Orcinus_orca,killer whale,cetacean,marine,18,binary_aquatic_dependence,KMO,45,aquatic_specific,Metabolism / redox / lipid handling,-0.0725495886342883,-0.26542030167785,0.0192561337019167,0.0192561337019167,positive,45.7410278940814,False,0.965065143541489,3.31871052214123,core cetacean
Orcinus_orca,killer whale,cetacean,marine,18,binary_aquatic_dependence,PDK1,46,aquatic_specific,Metabolism / redox / lipid handling,-0.0696000509826744,-1.30619216428056,0.0909110412270968,0.0909110412270968,positive,0.0,False,0.965065143541489,3.31871052214123,core cetacean
Orcinus_orca,killer whale,cetacean,marine,18,binary_aquatic_dependence,EPOR,47,shared,Vascular / hematologic regulation,-0.0639836237556098,1.72513634125187,-0.110380474585789,0.110380474585789,negative,102.480049988451,False,0.965065143541489,3.31871052214123,core cetacean
Orcinus_orca,killer whale,cetacean,marine,18,binary_aquatic_dependence,AC092835,48,aquatic_specific,Unassigned / low-confidence,-0.0481295116799046,-0.324776024465849,0.0156313114628821,0.0156313114628821,positive,43.4115684193668,False,0.965065143541489,3.31871052214123,core cetacean
Orcinus_orca,killer whale,cetacean,marine,18,binary_aquatic_dependence,CDHR4,49,aquatic_specific,Epithelial / body-surface interface,-0.043359831407413,-0.888924921970995,0.0385436347505101,0.0385436347505101,positive,31.3647099886105,False,0.965065143541489,3.31871052214123,core cetacean
Orcinus_orca,killer whale,cetacean,marine,18,binary_aquatic_dependence,PROB1,50,aquatic_specific,Unassigned / low-confidence,-0.031368805999096,-0.595445205823024,0.0186784051445542,0.0186784051445542,positive,44.2514881106408,False,0.965065143541489,3.31871052214123,core cetacean
Orcinus_orca,killer whale,cetacean,marine,18,binary_aquatic_dependence,PPP1R3A,51,aquatic_specific,Metabolism / redox / lipid handling,-0.0310971405758917,1.56323595522546,-0.0486121682529345,0.0486121682529345,negative,91.5660546472783,False,0.965065143541489,3.31871052214123,core cetacean
Orcinus_orca,killer whale,cetacean,marine,18,binary_aquatic_dependence,CDC14B,52,aquatic_specific,DNA repair / chromatin / cell-cycle,-0.0297700481634882,-1.2773323422659,0.038026245350037,0.038026245350037,positive,0.0,False,0.965065143541489,3.31871052214123,core cetacean
Orcinus_orca,killer whale,cetacean,marine,18,binary_aquatic_dependence,SOX7,53,shared,Developmental / transcriptional signaling regulators,-0.0288474092932838,-0.813859562468265,0.0234777399057749,0.0234777399057749,positive,24.7588348346733,False,0.965065143541489,3.31871052214123,core cetacean
Orcinus_orca,killer whale,cetacean,marine,18,binary_aquatic_dependence,MSN,54,aquatic_specific,Cytoskeletal / muscle / ECM / adhesion,-0.0286086021473059,-1.5324271734663,0.0438405993254177,0.0438405993254177,positive,0.0,False,0.965065143541489,3.31871052214123,core cetacean
Orcinus_orca,killer whale,cetacean,marine,18,binary_aquatic_dependence,COMMD4,55,aquatic_specific,DNA repair / chromatin / cell-cycle,-0.0187271239132032,-0.795274683135835,0.0148932075361182,0.0148932075361182,positive,0.0,False,0.965065143541489,3.31871052214123,core cetacean
Orcinus_orca,killer whale,cetacean,marine,18,binary_aquatic_dependence,NOXO1,56,aquatic_specific,Ion channels / mechanosensation / membrane signaling,-0.0179148306739576,-1.08119045243376,0.0193693438816504,0.0193693438816504,positive,24.6061418971858,False,0.965065143541489,3.31871052214123,core cetacean
Orcinus_orca,killer whale,cetacean,marine,18,binary_aquatic_dependence,CCDC174,57,aquatic_specific,RNA processing / translation / protein homeostasis,-0.0162180345629962,-0.172849987988229,0.0028032870794065,0.0028032870794065,positive,56.2942935501567,False,0.965065143541489,3.31871052214123,core cetacean
Orcinus_orca,killer whale,cetacean,marine,18,binary_aquatic_dependence,FLYWCH1,58,aquatic_specific,Developmental / transcriptional signaling regulators,-0.0104987023982283,-1.05641774205516,0.0110910154820454,0.0110910154820454,positive,15.4315220479393,False,0.965065143541489,3.31871052214123,core cetacean
Orcinus_orca,killer whale,cetacean,marine,18,binary_aquatic_dependence,RHCG,59,aquatic_specific,Transport / endocytic / epithelial solute handling,-0.0101117732108071,0.238724016188748,-0.0024139231116736,0.0024139231116736,negative,61.4042831525488,False,0.965065143541489,3.31871052214123,core cetacean
Orcinus_orca,killer whale,cetacean,marine,18,binary_aquatic_dependence,IP6K1,60,aquatic_specific,Ion channels / mechanosensation / membrane signaling,-0.0083253479404064,-1.38698614519953,0.0115471422473092,0.0115471422473092,positive,0.0,False,0.965065143541489,3.31871052214123,core cetacean
Orcinus_orca,killer whale,cetacean,marine,18,binary_aquatic_dependence,SORBS2,61,aquatic_specific,Cytoskeletal / muscle / ECM / adhesion,-0.0080058731823396,-0.990794411745204,0.0079321744102028,0.0079321744102028,positive,27.8198824086039,False,0.965065143541489,3.31871052214123,core cetacean
Orcinus_orca,killer whale,cetacean,marine,18,binary_aquatic_dependence,ASMTL,62,shared,Endocrine / circadian / systemic regulation,-0.006824245120571,-0.109422977976075,0.0007467292235315,0.0007467292235315,positive,81.2657286114474,False,0.965065143541489,3.31871052214123,core cetacean
Orcinus_orca,killer whale,cetacean,marine,18,binary_aquatic_dependence,TMPPE,63,aquatic_specific,Metabolism / redox / lipid handling,-0.0023245055880712,-1.64328586424533,0.0038198271742367,0.0038198271742367,positive,0.0,False,0.965065143541489,3.31871052214123,core cetacean
Orcinus_orca,killer whale,cetacean,marine,18,binary_aquatic_dependence,ITGA2B,64,aquatic_specific,Vascular / hematologic regulation,-0.001292049701436,1.49709823566067,-0.0019343253284057,0.0019343253284057,negative,89.4976466552112,False,0.965065143541489,3.31871052214123,core cetacean
Orcinus_orca,killer whale,cetacean,marine,18,binary_aquatic_dependence,RHOA,65,aquatic_specific,Cytoskeletal / muscle / ECM / adhesion,-0.0011344887901252,-0.717666446467379,0.0008141845385662,0.0008141845385662,positive,0.0,False,0.965065143541489,3.31871052214123,core cetacean
Orcinus_orca,killer whale,cetacean,marine,18,binary_aquatic_dependence,FP565260,66,aquatic_specific,Unassigned / low-confidence,1.70815408075916e-05,-0.215932437286972,-3.68845873920012e-06,3.68845873920012e-06,negative,59.4632701647935,False,0.965065143541489,3.31871052214123,core cetacean
Orcinus_orca,killer whale,cetacean,marine,18,binary_aquatic_dependence,LRIF1,67,aquatic_specific,DNA repair / chromatin / cell-cycle,0.0099754084269074,-1.29276356764879,-0.0128958445867227,0.0128958445867227,negative,0.0,False,0.965065143541489,3.31871052214123,core cetacean
Orcinus_orca,killer whale,cetacean,marine,18,binary_aquatic_dependence,BAMBI,68,aquatic_specific,Developmental / transcriptional signaling regulators,0.0120734458485713,-0.299181844886332,-0.0036121558031108,0.0036121558031108,negative,38.7546434907972,False,0.965065143541489,3.31871052214123,core cetacean
Orcinus_orca,killer whale,cetacean,marine,18,binary_aquatic_dependence,LLGL1,69,aquatic_specific,Membrane trafficking / ER / vesicle processing,0.0221096407434654,-0.513865464474512,-0.0113613808100055,0.0113613808100055,negative,44.9886735024536,False,0.965065143541489,3.31871052214123,core cetacean
Orcinus_orca,killer whale,cetacean,marine,18,binary_aquatic_dependence,COL20A1,70,shared,Cytoskeletal / muscle / ECM / adhesion,0.0288024871662898,2.27489514253256,0.0655226381474492,0.0655226381474492,positive,138.968039842092,False,0.965065143541489,3.31871052214123,core cetacean
Orcinus_orca,killer whale,cetacean,marine,18,binary_aquatic_dependence,TGM1,71,shared,Epithelial / body-surface interface,0.0320265937643637,2.78174208825034,0.0890897238176263,0.0890897238176263,positive,141.629421125406,False,0.965065143541489,3.31871052214123,core cetacean
Orcinus_orca,killer whale,cetacean,marine,18,binary_aquatic_dependence,PDE6C,72,aquatic_specific,Sensory systems,0.0369091575908715,2.29391172346025,0.084666349300742,0.084666349300742,positive,153.181252259238,False,0.965065143541489,3.31871052214123,core cetacean
Orcinus_orca,killer whale,cetacean,marine,18,binary_aquatic_dependence,TOGARAM2,73,shared,Cilia / flagella / reproductive-cell function,0.03936598299555,2.04660262809492,0.0805665242562325,0.0805665242562325,positive,147.472220203162,False,0.965065143541489,3.31871052214123,core cetacean
Orcinus_orca,killer whale,cetacean,marine,18,binary_aquatic_dependence,CSMD1,74,aquatic_specific,Immune / inflammatory regulation,0.0435717554769353,-1.11922253495049,-0.0487664906171386,0.0487664906171386,negative,42.954761462951,False,0.965065143541489,3.31871052214123,core cetacean
Orcinus_orca,killer whale,cetacean,marine,18,binary_aquatic_dependence,KRTDAP,75,shared,Epithelial / body-surface interface,0.0447305719374455,0.631011607666261,0.0282255101100788,0.0282255101100788,positive,126.625700538351,False,0.965065143541489,3.31871052214123,core cetacean
Orcinus_orca,killer whale,cetacean,marine,18,binary_aquatic_dependence,CNGA4,76,aquatic_specific,Sensory systems,0.0586555487526509,-2.4891126414704003e-15,-1.46000267892607e-16,1.46000267892607e-16,negative,,True,0.965065143541489,3.31871052214123,core cetacean
Orcinus_orca,killer whale,cetacean,marine,18,binary_aquatic_dependence,ARSA,77,aquatic_specific,Metabolism / redox / lipid handling,0.0862370240736283,-0.682898733042857,-0.0588911544812672,0.0588911544812672,negative,29.2471154092941,False,0.965065143541489,3.31871052214123,core cetacean
Orcinus_orca,killer whale,cetacean,marine,18,binary_aquatic_dependence,DEUP1,78,aquatic_specific,Cilia / flagella / reproductive-cell function,0.0985919084118505,3.15611740311815,0.311167637945272,0.311167637945272,positive,201.083846032311,False,0.965065143541489,3.31871052214123,core cetacean
Orcinus_orca,killer whale,cetacean,marine,18,binary_aquatic_dependence,PIEZO1,79,aquatic_specific,Ion channels / mechanosensation / membrane signaling,0.100220575454654,-0.306593497966815,-0.0307269767968893,0.0307269767968893,negative,60.3239279689628,False,0.965065143541489,3.31871052214123,core cetacean
Orcinus_orca,killer whale,cetacean,marine,18,binary_aquatic_dependence,DBNL,80,shared,Cytoskeletal / muscle / ECM / adhesion,0.116035395287358,0.940174302910408,0.109093496877225,0.109093496877225,positive,111.329487625349,False,0.965065143541489,3.31871052214123,core cetacean
Orcinus_orca,killer whale,cetacean,marine,18,binary_aquatic_dependence,OR6B1,81,shared,Sensory systems,0.1211331117984,1.48404492262134,0.17976697952574,0.17976697952574,positive,191.091126650773,False,0.965065143541489,3.31871052214123,core cetacean
Orcinus_orca,killer whale,cetacean,marine,18,binary_aquatic_dependence,ABHD8,82,aquatic_specific,Metabolism / redox / lipid handling,0.123391794658719,0.14394857854449,0.0177620734451762,0.0177620734451762,positive,53.7249772179344,False,0.965065143541489,3.31871052214123,core cetacean
Orcinus_orca,killer whale,cetacean,marine,18,binary_aquatic_dependence,FZD5,83,aquatic_specific,Developmental / transcriptional signaling regulators,0.130676120517993,-0.939487534770854,-0.122768586318869,0.122768586318869,negative,22.0846205871971,False,0.965065143541489,3.31871052214123,core cetacean
Orcinus_orca,killer whale,cetacean,marine,18,binary_aquatic_dependence,PNPLA7,84,shared,Metabolism / redox / lipid handling,0.137885581276299,-1.6371420026330501e-15,-2.25738276664903e-16,2.25738276664903e-16,negative,,True,0.965065143541489,3.31871052214123,core cetacean
Orcinus_orca,killer whale,cetacean,marine,18,binary_aquatic_dependence,SPEF2,85,aquatic_specific,Cilia / flagella / reproductive-cell function,0.174059525751515,0.932859300615016,0.16237304745794,0.16237304745794,positive,81.7347608568611,False,0.965065143541489,3.31871052214123,core cetacean
Orcinus_orca,killer whale,cetacean,marine,18,binary_aquatic_dependence,GCKR,86,aquatic_specific,Endocrine / circadian / systemic regulation,0.176184373124808,1.4771483249386801e-15,2.60250451641681e-16,2.60250451641681e-16,positive,,True,0.965065143541489,3.31871052214123,core cetacean
Orcinus_orca,killer whale,cetacean,marine,18,binary_aquatic_dependence,SEC61A2,87,aquatic_specific,Membrane trafficking / ER / vesicle processing,0.176583875943885,1.21718182971846,0.214934685220155,0.214934685220155,positive,98.4759224883044,False,0.965065143541489,3.31871052214123,core cetacean
Orcinus_orca,killer whale,cetacean,marine,18,binary_aquatic_dependence,OR52W1,88,shared,Sensory systems,0.190684677268266,-0.528007960530502,-0.100683027548834,0.100683027548834,negative,49.0720527949816,False,0.965065143541489,3.31871052214123,core cetacean
Orcinus_orca,killer whale,cetacean,marine,18,binary_aquatic_dependence,PRSS53,89,aquatic_specific,Epithelial / body-surface interface,0.194083977905306,-1.06116167191394,-0.205954478485702,0.205954478485702,negative,31.1167587899178,False,0.965065143541489,3.31871052214123,core cetacean
Orcinus_orca,killer whale,cetacean,marine,18,binary_aquatic_dependence,KCNK18,90,shared,Ion channels / mechanosensation / membrane signaling,0.217561248206336,-8.42782795295666e-16,-1.8335687691135003e-16,1.8335687691135003e-16,negative,,True,0.965065143541489,3.31871052214123,core cetacean
Orcinus_orca,killer whale,cetacean,marine,18,binary_aquatic_dependence,SDR9C7,91,shared,Epithelial / body-surface interface,0.220181989308241,0.877688675853448,0.193251238642728,0.193251238642728,positive,95.725761680237,False,0.965065143541489,3.31871052214123,core cetacean
Orcinus_orca,killer whale,cetacean,marine,18,binary_aquatic_dependence,OMP,92,shared,Sensory systems,0.231144543648012,3.68999118280489,0.852921328014624,0.852921328014624,positive,454.082679912094,False,0.965065143541489,3.31871052214123,core cetacean
Orcinus_orca,killer whale,cetacean,marine,18,binary_aquatic_dependence,SYTL5,93,aquatic_specific,Membrane trafficking / ER / vesicle processing,0.265993756746688,0.52232695035669,0.138935707775417,0.138935707775417,positive,81.5489332728133,False,0.965065143541489,3.31871052214123,core cetacean
Orcinus_orca,killer whale,cetacean,marine,18,binary_aquatic_dependence,IL33,94,shared,Immune / inflammatory regulation,0.340038935001018,-0.217950127845578,-0.074111529355946,0.074111529355946,negative,36.1581968398613,False,0.965065143541489,3.31871052214123,core cetacean
Orcinus_orca,killer whale,cetacean,marine,18,binary_aquatic_dependence,KIF18A,95,aquatic_specific,DNA repair / chromatin / cell-cycle,0.340198342633948,1.23333080302556,0.419577095108692,0.419577095108692,positive,83.2424443384212,False,0.965065143541489,3.31871052214123,core cetacean
Orcinus_orca,killer whale,cetacean,marine,18,binary_aquatic_dependence,FAM13A,96,aquatic_specific,Developmental / transcriptional signaling regulators,0.348973910716795,-0.287294780161249,-0.100258382961393,0.100258382961393,negative,50.2332272347959,False,0.965065143541489,3.31871052214123,core cetacean
Orcinus_orca,killer whale,cetacean,marine,18,binary_aquatic_dependence,NWD1,97,aquatic_specific,Developmental / transcriptional signaling regulators,0.404558879261438,1.59625557091257,0.645779364783216,0.645779364783216,positive,125.728763366115,False,0.965065143541489,3.31871052214123,core cetacean
Orcinus_orca,killer whale,cetacean,marine,18,binary_aquatic_dependence,LRP2,98,aquatic_specific,Transport / endocytic / epithelial solute handling,0.471378525654808,0.0536496910792949,0.0252893122827939,0.0252893122827939,positive,50.7966966636604,False,0.965065143541489,3.31871052214123,core cetacean
Orcinus_orca,killer whale,cetacean,marine,18,binary_aquatic_dependence,CACNA1G,99,aquatic_specific,Ion channels / mechanosensation / membrane signaling,0.593854706123962,1.09053661537703,0.647620301242147,0.647620301242147,positive,90.9681892742408,False,0.965065143541489,3.31871052214123,core cetacean
Orcinus_orca,killer whale,cetacean,marine,18,binary_aquatic_dependence,PER1,100,aquatic_specific,Endocrine / circadian / systemic regulation,0.784004329488712,-1.4165596736458,-1.11058891711742,1.11058891711742,negative,21.6934412453057,False,0.965065143541489,3.31871052214123,core cetacean
Orcinus_orca,killer whale,cetacean,marine,18,binary_aquatic_dependence,TGM3,101,shared,Epithelial / body-surface interface,1.04080869919882,4.05863918536433e-16,4.2242669710363797e-16,4.2242669710363797e-16,positive,,True,0.965065143541489,3.31871052214123,core cetacean
Zalophus_californianus,California sea lion,pinniped,marine,14,binary_aquatic_dependence,ATF7IP2,1,aquatic_specific,DNA repair / chromatin / cell-cycle,-0.581769927151342,-1.86768022728422,1.08656018976915,1.08656018976915,positive,0.0,False,0.992174555158986,4.84251847116478,core pinniped
Zalophus_californianus,California sea lion,pinniped,marine,14,binary_aquatic_dependence,WDR93,2,shared,Cilia / flagella / reproductive-cell function,-0.4793197990576,0.548974428309935,-0.263134312665279,0.263134312665279,negative,65.2818884209057,False,0.992174555158986,4.84251847116478,core pinniped
Zalophus_californianus,California sea lion,pinniped,marine,14,binary_aquatic_dependence,PMIS2,3,aquatic_specific,Developmental / transcriptional signaling regulators,-0.39072525213697,1.10114247978567,-0.430244173052984,0.430244173052984,negative,108.80777118264,False,0.992174555158986,4.84251847116478,core pinniped
Zalophus_californianus,California sea lion,pinniped,marine,14,binary_aquatic_dependence,PFKP,4,aquatic_specific,Metabolism / redox / lipid handling,-0.356881027792284,-1.12885362593691,0.402866442251411,0.402866442251411,positive,17.1040077532251,False,0.992174555158986,4.84251847116478,core pinniped
Zalophus_californianus,California sea lion,pinniped,marine,14,binary_aquatic_dependence,PDGFB,5,aquatic_specific,Vascular / hematologic regulation,-0.348561123284862,-1.26540545001707,0.441071145068738,0.441071145068738,positive,0.0,False,0.992174555158986,4.84251847116478,core pinniped
Zalophus_californianus,California sea lion,pinniped,marine,14,binary_aquatic_dependence,PUSL1,6,shared,Metabolism / redox / lipid handling,-0.314220898750119,-0.182814927238835,0.0574442707419244,0.0574442707419244,positive,48.7018267115718,False,0.992174555158986,4.84251847116478,core pinniped
Zalophus_californianus,California sea lion,pinniped,marine,14,binary_aquatic_dependence,SMCO3,7,aquatic_specific,Unassigned / low-confidence,-0.307082295991399,-1.04300225274641,0.32028752649757,0.32028752649757,positive,0.0,False,0.992174555158986,4.84251847116478,core pinniped
Zalophus_californianus,California sea lion,pinniped,marine,14,binary_aquatic_dependence,GGTLC1,8,aquatic_specific,Metabolism / redox / lipid handling,-0.291163814888646,-0.129086811005511,0.0375854083441741,0.0375854083441741,positive,53.653150137504,False,0.992174555158986,4.84251847116478,core pinniped
Zalophus_californianus,California sea lion,pinniped,marine,14,binary_aquatic_dependence,C16orf91,9,aquatic_specific,Unassigned / low-confidence,-0.262195862787636,-1.34946065917666,0.353823001830798,0.353823001830798,positive,0.0,False,0.992174555158986,4.84251847116478,core pinniped
Zalophus_californianus,California sea lion,pinniped,marine,14,binary_aquatic_dependence,HGFAC,10,shared,Vascular / hematologic regulation,-0.251889764940469,-1.082942835158,0.272782216191914,0.272782216191914,positive,17.3395430216187,False,0.992174555158986,4.84251847116478,core pinniped
Zalophus_californianus,California sea lion,pinniped,marine,14,binary_aquatic_dependence,NLRP8,11,aquatic_specific,Immune / inflammatory regulation,-0.249357601464042,-0.774580487093771,0.193147532402552,0.193147532402552,positive,48.8578200626636,False,0.992174555158986,4.84251847116478,core pinniped
Zalophus_californianus,California sea lion,pinniped,marine,14,binary_aquatic_dependence,FN3K,12,shared,Metabolism / redox / lipid handling,-0.244837253974046,1.50297787254061,-0.367984975096596,0.367984975096596,negative,101.405247316067,False,0.992174555158986,4.84251847116478,core pinniped
Zalophus_californianus,California sea lion,pinniped,marine,14,binary_aquatic_dependence,NUBP2,13,shared,Metabolism / redox / lipid handling,-0.239999172123246,-1.5002722057086,0.36006408732958,0.36006408732958,positive,0.0,False,0.992174555158986,4.84251847116478,core pinniped
Zalophus_californianus,California sea lion,pinniped,marine,14,binary_aquatic_dependence,ACADSB,14,aquatic_specific,Metabolism / redox / lipid handling,-0.238865076823398,0.0353012843043953,-0.008432243987334,0.008432243987334,negative,56.6826482277767,False,0.992174555158986,4.84251847116478,core pinniped
Zalophus_californianus,California sea lion,pinniped,marine,14,binary_aquatic_dependence,TTC28,15,aquatic_specific,Developmental / transcriptional signaling regulators,-0.237914556985983,-0.842139702968324,0.200357294352016,0.200357294352016,positive,34.5617766303702,False,0.992174555158986,4.84251847116478,core pinniped
Zalophus_californianus,California sea lion,pinniped,marine,14,binary_aquatic_dependence,SLC6A15,16,aquatic_specific,Transport / endocytic / epithelial solute handling,-0.23289351110375,0.29183395392218,-0.0679662341882265,0.0679662341882265,negative,64.21587476611,False,0.992174555158986,4.84251847116478,core pinniped
Zalophus_californianus,California sea lion,pinniped,marine,14,binary_aquatic_dependence,CATSPERG,17,aquatic_specific,Cilia / flagella / reproductive-cell function,-0.232264279338058,-1.22906228596276,0.285467266110726,0.285467266110726,positive,18.263077019941,False,0.992174555158986,4.84251847116478,core pinniped
Zalophus_californianus,California sea lion,pinniped,marine,14,binary_aquatic_dependence,SYDE1,18,shared,Cytoskeletal / muscle / ECM / adhesion,-0.232023025562006,-2.07455905390528,0.481345468394155,0.481345468394155,positive,0.0,False,0.992174555158986,4.84251847116478,core pinniped
Zalophus_californianus,California sea lion,pinniped,marine,14,binary_aquatic_dependence,SLC5A5,19,aquatic_specific,Transport / endocytic / epithelial solute handling,-0.231105741131879,0.262900508254032,-0.0607578168039957,0.0607578168039957,negative,62.7640044377987,False,0.992174555158986,4.84251847116478,core pinniped
Zalophus_californianus,California sea lion,pinniped,marine,14,binary_aquatic_dependence,SIGIRR,20,aquatic_specific,Immune / inflammatory regulation,-0.210302505536658,0.027994315017182,-0.0058872745888958,0.0058872745888958,negative,67.4153877794571,False,0.992174555158986,4.84251847116478,core pinniped
Zalophus_californianus,California sea lion,pinniped,marine,14,binary_aquatic_dependence,KEAP1,21,aquatic_specific,Developmental / transcriptional signaling regulators,-0.19883739251004,-2.00822504552793,0.399310231626132,0.399310231626132,positive,0.0,False,0.992174555158986,4.84251847116478,core pinniped
Zalophus_californianus,California sea lion,pinniped,marine,14,binary_aquatic_dependence,SYNPO2,22,aquatic_specific,Cytoskeletal / muscle / ECM / adhesion,-0.164171125185038,-0.996520052699621,0.16359981832115,0.16359981832115,positive,19.7305222704507,False,0.992174555158986,4.84251847116478,core pinniped
Zalophus_californianus,California sea lion,pinniped,marine,14,binary_aquatic_dependence,PI4KA,23,aquatic_specific,Ion channels / mechanosensation / membrane signaling,-0.161213914772254,-1.62596619634114,0.262128375799507,0.262128375799507,positive,9.55155554185583,False,0.992174555158986,4.84251847116478,core pinniped
Zalophus_californianus,California sea lion,pinniped,marine,14,binary_aquatic_dependence,H1_8,24,aquatic_specific,DNA repair / chromatin / cell-cycle,-0.160268979059258,0.617633157105411,-0.0989874355224305,0.0989874355224305,negative,73.385404049337,False,0.992174555158986,4.84251847116478,core pinniped
Zalophus_californianus,California sea lion,pinniped,marine,14,binary_aquatic_dependence,CATSPERZ,25,shared,Cilia / flagella / reproductive-cell function,-0.154029925159516,-1.22018471549186,0.187944960407996,0.187944960407996,positive,0.0,False,0.992174555158986,4.84251847116478,core pinniped
Zalophus_californianus,California sea lion,pinniped,marine,14,binary_aquatic_dependence,TIGD7,26,aquatic_specific,Developmental / transcriptional signaling regulators,-0.153350666144971,-1.14039910084986,0.174880961786453,0.174880961786453,positive,0.0,False,0.992174555158986,4.84251847116478,core pinniped
Zalophus_californianus,California sea lion,pinniped,marine,14,binary_aquatic_dependence,CLASP2,27,aquatic_specific,Cytoskeletal / muscle / ECM / adhesion,-0.153215743294715,0.925892856229752,-0.141861362178509,0.141861362178509,negative,83.7328853493412,False,0.992174555158986,4.84251847116478,core pinniped
Zalophus_californianus,California sea lion,pinniped,marine,14,binary_aquatic_dependence,FAM20B,28,aquatic_specific,Developmental / transcriptional signaling regulators,-0.149046125022571,-1.29900984422532,0.193612383647957,0.193612383647957,positive,0.0,False,0.992174555158986,4.84251847116478,core pinniped
Zalophus_californianus,California sea lion,pinniped,marine,14,binary_aquatic_dependence,EHHADH,29,aquatic_specific,Metabolism / redox / lipid handling,-0.134704680594371,0.644690499754637,-0.0868428278516741,0.0868428278516741,negative,87.8395201576764,False,0.992174555158986,4.84251847116478,core pinniped
Zalophus_californianus,California sea lion,pinniped,marine,14,binary_aquatic_dependence,XCR1,30,aquatic_specific,Immune / inflammatory regulation,-0.128894917212046,1.87390342054362,-0.241536626254341,0.241536626254341,negative,114.690614500979,False,0.992174555158986,4.84251847116478,core pinniped
Zalophus_californianus,California sea lion,pinniped,marine,14,binary_aquatic_dependence,CLTCL1,31,aquatic_specific,Membrane trafficking / ER / vesicle processing,-0.122013377075862,-1.14281560426956,0.139438791251922,0.139438791251922,positive,36.2258717808581,False,0.992174555158986,4.84251847116478,core pinniped
Zalophus_californianus,California sea lion,pinniped,marine,14,binary_aquatic_dependence,SLC6A6,32,aquatic_specific,Transport / endocytic / epithelial solute handling,-0.121595276910313,-0.559080245713997,0.0679815172926794,0.0679815172926794,positive,25.2211594264008,False,0.992174555158986,4.84251847116478,core pinniped
Zalophus_californianus,California sea lion,pinniped,marine,14,binary_aquatic_dependence,ACOX3,33,aquatic_specific,Metabolism / redox / lipid handling,-0.118129521585615,-0.620993713645644,0.0733576903006345,0.0733576903006345,positive,43.3196293746976,False,0.992174555158986,4.84251847116478,core pinniped
Zalophus_californianus,California sea lion,pinniped,marine,14,binary_aquatic_dependence,CORO2A,34,aquatic_specific,Cytoskeletal / muscle / ECM / adhesion,-0.110434776748237,-0.700487343294424,0.0773581633716857,0.0773581633716857,positive,32.4677042361752,False,0.992174555158986,4.84251847116478,core pinniped
Zalophus_californianus,California sea lion,pinniped,marine,14,binary_aquatic_dependence,SEPTIN5,35,aquatic_specific,Cytoskeletal / muscle / ECM / adhesion,-0.106389612271777,-1.19363979495881,0.126990874977831,0.126990874977831,positive,0.0,False,0.992174555158986,4.84251847116478,core pinniped
Zalophus_californianus,California sea lion,pinniped,marine,14,binary_aquatic_dependence,MEFV,36,aquatic_specific,Immune / inflammatory regulation,-0.106234859098565,-0.375814127896926,0.0399245609243802,0.0399245609243802,positive,48.4716142516636,False,0.992174555158986,4.84251847116478,core pinniped
Zalophus_californianus,California sea lion,pinniped,marine,14,binary_aquatic_dependence,C1orf112,37,aquatic_specific,DNA repair / chromatin / cell-cycle,-0.10365191227098,0.579836395632802,-0.0601011512116527,0.0601011512116527,negative,70.9753632589415,False,0.992174555158986,4.84251847116478,core pinniped
Zalophus_californianus,California sea lion,pinniped,marine,14,binary_aquatic_dependence,HPRT1,38,aquatic_specific,Metabolism / redox / lipid handling,-0.099597493197772,-0.87763128091248,0.0874098755308328,0.0874098755308328,positive,0.0,False,0.992174555158986,4.84251847116478,core pinniped
Zalophus_californianus,California sea lion,pinniped,marine,14,binary_aquatic_dependence,CD34,39,shared,Vascular / hematologic regulation,-0.0959044894988044,-0.681829974420602,0.0653905556217908,0.0653905556217908,positive,30.7517385317401,False,0.992174555158986,4.84251847116478,core pinniped
Zalophus_californianus,California sea lion,pinniped,marine,14,binary_aquatic_dependence,CASTOR1,40,aquatic_specific,Endocrine / circadian / systemic regulation,-0.0825057476543748,-1.23213944869363,0.101658586428917,0.101658586428917,positive,0.0,False,0.992174555158986,4.84251847116478,core pinniped
Zalophus_californianus,California sea lion,pinniped,marine,14,binary_aquatic_dependence,RAC3,41,aquatic_specific,Developmental / transcriptional signaling regulators,-0.0814970345799135,-1.04721769203214,0.0853451364602407,0.0853451364602407,positive,0.0,False,0.992174555158986,4.84251847116478,core pinniped
Zalophus_californianus,California sea lion,pinniped,marine,14,binary_aquatic_dependence,URI1,42,aquatic_specific,Developmental / transcriptional signaling regulators,-0.078475489653661,-0.607574802331559,0.0476797301141954,0.0476797301141954,positive,29.3733990598418,False,0.992174555158986,4.84251847116478,core pinniped
Zalophus_californianus,California sea lion,pinniped,marine,14,binary_aquatic_dependence,SPINT4,43,aquatic_specific,Epithelial / body-surface interface,-0.0769933368325998,-1.15218095632319,0.088710256462298,0.088710256462298,positive,0.0,False,0.992174555158986,4.84251847116478,core pinniped
Zalophus_californianus,California sea lion,pinniped,marine,14,binary_aquatic_dependence,GGTLC3,44,aquatic_specific,Metabolism / redox / lipid handling,-0.0726998898105257,-0.180439070759145,0.0131179005617035,0.0131179005617035,positive,43.9962503334953,False,0.992174555158986,4.84251847116478,core pinniped
Zalophus_californianus,California sea lion,pinniped,marine,14,binary_aquatic_dependence,KMO,45,aquatic_specific,Metabolism / redox / lipid handling,-0.0725495886342883,0.378837952529249,-0.027484537615053,0.027484537615053,negative,69.032226401758,False,0.992174555158986,4.84251847116478,core pinniped
Zalophus_californianus,California sea lion,pinniped,marine,14,binary_aquatic_dependence,PDK1,46,aquatic_specific,Metabolism / redox / lipid handling,-0.0696000509826744,-1.30619216428056,0.0909110412270968,0.0909110412270968,positive,0.0,False,0.992174555158986,4.84251847116478,core pinniped
Zalophus_californianus,California sea lion,pinniped,marine,14,binary_aquatic_dependence,EPOR,47,shared,Vascular / hematologic regulation,-0.0639836237556098,-1.80866150895072,0.115724717489957,0.115724717489957,positive,0.0,False,0.992174555158986,4.84251847116478,core pinniped
Zalophus_californianus,California sea lion,pinniped,marine,14,binary_aquatic_dependence,AC092835,48,aquatic_specific,Unassigned / low-confidence,-0.0481295116799046,-1.4233843111508,0.0685067918285254,0.0685067918285254,positive,0.0,False,0.992174555158986,4.84251847116478,core pinniped
Zalophus_californianus,California sea lion,pinniped,marine,14,binary_aquatic_dependence,CDHR4,49,aquatic_specific,Epithelial / body-surface interface,-0.043359831407413,3.64412150005329,-0.15800849387044,0.15800849387044,negative,131.707456265694,False,0.992174555158986,4.84251847116478,core pinniped
Zalophus_californianus,California sea lion,pinniped,marine,14,binary_aquatic_dependence,PROB1,50,aquatic_specific,Unassigned / low-confidence,-0.031368805999096,-1.21215710425534,0.0380239210438117,0.0380239210438117,positive,31.3724138708078,False,0.992174555158986,4.84251847116478,core pinniped
Zalophus_californianus,California sea lion,pinniped,marine,14,binary_aquatic_dependence,PPP1R3A,51,aquatic_specific,Metabolism / redox / lipid handling,-0.0310971405758917,-1.91455023792695,0.0595370378884215,0.0595370378884215,positive,12.565294864302,False,0.992174555158986,4.84251847116478,core pinniped
Zalophus_californianus,California sea lion,pinniped,marine,14,binary_aquatic_dependence,CDC14B,52,aquatic_specific,DNA repair / chromatin / cell-cycle,-0.0297700481634882,-1.2773323422659,0.038026245350037,0.038026245350037,positive,0.0,False,0.992174555158986,4.84251847116478,core pinniped
Zalophus_californianus,California sea lion,pinniped,marine,14,binary_aquatic_dependence,SOX7,53,shared,Developmental / transcriptional signaling regulators,-0.0288474092932838,-0.149465805558862,0.0043117012683068,0.0043117012683068,positive,49.4214087457246,False,0.992174555158986,4.84251847116478,core pinniped
Zalophus_californianus,California sea lion,pinniped,marine,14,binary_aquatic_dependence,MSN,54,aquatic_specific,Cytoskeletal / muscle / ECM / adhesion,-0.0286086021473059,-1.5324271734663,0.0438405993254177,0.0438405993254177,positive,0.0,False,0.992174555158986,4.84251847116478,core pinniped
Zalophus_californianus,California sea lion,pinniped,marine,14,binary_aquatic_dependence,COMMD4,55,aquatic_specific,DNA repair / chromatin / cell-cycle,-0.0187271239132032,-0.795274683135835,0.0148932075361182,0.0148932075361182,positive,0.0,False,0.992174555158986,4.84251847116478,core pinniped
Zalophus_californianus,California sea lion,pinniped,marine,14,binary_aquatic_dependence,NOXO1,56,aquatic_specific,Ion channels / mechanosensation / membrane signaling,-0.0179148306739576,-1.01338747088129,0.0181546649479485,0.0181546649479485,positive,26.903988546103,False,0.992174555158986,4.84251847116478,core pinniped
Zalophus_californianus,California sea lion,pinniped,marine,14,binary_aquatic_dependence,CCDC174,57,aquatic_specific,RNA processing / translation / protein homeostasis,-0.0162180345629962,-1.13081686625436,0.0183396270213322,0.0183396270213322,positive,0.0,False,0.992174555158986,4.84251847116478,core pinniped
Zalophus_californianus,California sea lion,pinniped,marine,14,binary_aquatic_dependence,FLYWCH1,58,aquatic_specific,Developmental / transcriptional signaling regulators,-0.0104987023982283,2.87589349499294,-0.0301931499329315,0.0301931499329315,negative,178.836705982931,False,0.992174555158986,4.84251847116478,core pinniped
Zalophus_californianus,California sea lion,pinniped,marine,14,binary_aquatic_dependence,RHCG,59,aquatic_specific,Transport / endocytic / epithelial solute handling,-0.0101117732108071,-1.32590010999113,0.0134072012124146,0.0134072012124146,positive,0.0,False,0.992174555158986,4.84251847116478,core pinniped
Zalophus_californianus,California sea lion,pinniped,marine,14,binary_aquatic_dependence,IP6K1,60,aquatic_specific,Ion channels / mechanosensation / membrane signaling,-0.0083253479404064,-1.38698614519953,0.0115471422473092,0.0115471422473092,positive,0.0,False,0.992174555158986,4.84251847116478,core pinniped
Zalophus_californianus,California sea lion,pinniped,marine,14,binary_aquatic_dependence,SORBS2,61,aquatic_specific,Cytoskeletal / muscle / ECM / adhesion,-0.0080058731823396,0.0870007289499521,-0.0006965168027444,0.0006965168027444,negative,58.1332867295349,False,0.992174555158986,4.84251847116478,core pinniped
Zalophus_californianus,California sea lion,pinniped,marine,14,binary_aquatic_dependence,ASMTL,62,shared,Endocrine / circadian / systemic regulation,-0.006824245120571,0.0184729022245955,-0.0001260636128689,0.0001260636128689,negative,86.0992436286091,False,0.992174555158986,4.84251847116478,core pinniped
Zalophus_californianus,California sea lion,pinniped,marine,14,binary_aquatic_dependence,TMPPE,63,aquatic_specific,Metabolism / redox / lipid handling,-0.0023245055880712,-1.64328586424533,0.0038198271742367,0.0038198271742367,positive,0.0,False,0.992174555158986,4.84251847116478,core pinniped
Zalophus_californianus,California sea lion,pinniped,marine,14,binary_aquatic_dependence,ITGA2B,64,aquatic_specific,Vascular / hematologic regulation,-0.001292049701436,-1.49592575759063,0.0019328104284654,0.0019328104284654,positive,13.2102551679183,False,0.992174555158986,4.84251847116478,core pinniped
Zalophus_californianus,California sea lion,pinniped,marine,14,binary_aquatic_dependence,RHOA,65,aquatic_specific,Cytoskeletal / muscle / ECM / adhesion,-0.0011344887901252,-0.717666446467379,0.0008141845385662,0.0008141845385662,positive,0.0,False,0.992174555158986,4.84251847116478,core pinniped
Zalophus_californianus,California sea lion,pinniped,marine,14,binary_aquatic_dependence,FP565260,66,aquatic_specific,Unassigned / low-confidence,1.70815408075916e-05,0.813116451702993,1.38892818510887e-05,1.38892818510887e-05,positive,90.4409087836788,False,0.992174555158986,4.84251847116478,core pinniped
Zalophus_californianus,California sea lion,pinniped,marine,14,binary_aquatic_dependence,LRIF1,67,aquatic_specific,DNA repair / chromatin / cell-cycle,0.0099754084269074,0.558758376926412,0.0055738430217968,0.0055738430217968,positive,65.8718991655375,False,0.992174555158986,4.84251847116478,core pinniped
Zalophus_californianus,California sea lion,pinniped,marine,14,binary_aquatic_dependence,BAMBI,68,aquatic_specific,Developmental / transcriptional signaling regulators,0.0120734458485713,0.393865072151386,0.0047553086202634,0.0047553086202634,positive,80.3010623422386,False,0.992174555158986,4.84251847116478,core pinniped
Zalophus_californianus,California sea lion,pinniped,marine,14,binary_aquatic_dependence,LLGL1,69,aquatic_specific,Membrane trafficking / ER / vesicle processing,0.0221096407434654,1.04010367554523,0.022996318602263,0.022996318602263,positive,92.2825346613807,False,0.992174555158986,4.84251847116478,core pinniped
Zalophus_californianus,California sea lion,pinniped,marine,14,binary_aquatic_dependence,COL20A1,70,shared,Cytoskeletal / muscle / ECM / adhesion,0.0288024871662898,-0.045310973011918,-0.0013050687186678,0.0013050687186678,negative,71.8135552513646,False,0.992174555158986,4.84251847116478,core pinniped
Zalophus_californianus,California sea lion,pinniped,marine,14,binary_aquatic_dependence,TGM1,71,shared,Epithelial / body-surface interface,0.0320265937643637,3.15416378226742,0.101017122120947,0.101017122120947,positive,152.036440343764,False,0.992174555158986,4.84251847116478,core pinniped
Zalophus_californianus,California sea lion,pinniped,marine,14,binary_aquatic_dependence,PDE6C,72,aquatic_specific,Sensory systems,0.0369091575908715,-0.491090089357333,-0.018125721499405,0.018125721499405,negative,43.9223077366155,False,0.992174555158986,4.84251847116478,core pinniped
Zalophus_californianus,California sea lion,pinniped,marine,14,binary_aquatic_dependence,TOGARAM2,73,shared,Cilia / flagella / reproductive-cell function,0.03936598299555,0.132773636597656,0.0052267647205606,0.0052267647205606,positive,78.59768061533,False,0.992174555158986,4.84251847116478,core pinniped
Zalophus_californianus,California sea lion,pinniped,marine,14,binary_aquatic_dependence,CSMD1,74,aquatic_specific,Immune / inflammatory regulation,0.0435717554769353,-0.694001511729949,-0.0302388641697208,0.0302388641697208,negative,50.3609842338799,False,0.992174555158986,4.84251847116478,core pinniped
Zalophus_californianus,California sea lion,pinniped,marine,14,binary_aquatic_dependence,KRTDAP,75,shared,Epithelial / body-surface interface,0.0447305719374455,-0.790419657023155,-0.0353559233292452,0.0353559233292452,negative,0.0,False,0.992174555158986,4.84251847116478,core pinniped
Zalophus_californianus,California sea lion,pinniped,marine,14,binary_aquatic_dependence,CNGA4,76,aquatic_specific,Sensory systems,0.0586555487526509,0.775662436692857,0.0454969058710378,0.0454969058710378,positive,91.2842406146815,False,0.992174555158986,4.84251847116478,core pinniped
Zalophus_californianus,California sea lion,pinniped,marine,14,binary_aquatic_dependence,ARSA,77,aquatic_specific,Metabolism / redox / lipid handling,0.0862370240736283,-1.649017438422,-0.142206356535031,0.142206356535031,negative,0.0,False,0.992174555158986,4.84251847116478,core pinniped
Zalophus_californianus,California sea lion,pinniped,marine,14,binary_aquatic_dependence,DEUP1,78,aquatic_specific,Cilia / flagella / reproductive-cell function,0.0985919084118505,-0.0135510556591193,-0.0013360244384277,0.0013360244384277,negative,66.2838016176693,False,0.992174555158986,4.84251847116478,core pinniped
Zalophus_californianus,California sea lion,pinniped,marine,14,binary_aquatic_dependence,PIEZO1,79,aquatic_specific,Ion channels / mechanosensation / membrane signaling,0.100220575454654,0.353242883451689,0.0354022050547894,0.0354022050547894,positive,80.2341505019612,False,0.992174555158986,4.84251847116478,core pinniped
Zalophus_californianus,California sea lion,pinniped,marine,14,binary_aquatic_dependence,DBNL,80,shared,Cytoskeletal / muscle / ECM / adhesion,0.116035395287358,1.49877342629113,0.173910766965878,0.173910766965878,positive,141.043111540083,False,0.992174555158986,4.84251847116478,core pinniped
Zalophus_californianus,California sea lion,pinniped,marine,14,binary_aquatic_dependence,OR6B1,81,shared,Sensory systems,0.1211331117984,3.0802394610978,0.373118991007004,0.373118991007004,positive,306.77518635533,False,0.992174555158986,4.84251847116478,core pinniped
Zalophus_californianus,California sea lion,pinniped,marine,14,binary_aquatic_dependence,ABHD8,82,aquatic_specific,Metabolism / redox / lipid handling,0.123391794658719,-0.438545784374469,-0.0541129513739813,0.0541129513739813,negative,36.5543082768659,False,0.992174555158986,4.84251847116478,core pinniped
Zalophus_californianus,California sea lion,pinniped,marine,14,binary_aquatic_dependence,FZD5,83,aquatic_specific,Developmental / transcriptional signaling regulators,0.130676120517993,-1.58059404971009,-0.206545898529939,0.206545898529939,negative,0.0,False,0.992174555158986,4.84251847116478,core pinniped
Zalophus_californianus,California sea lion,pinniped,marine,14,binary_aquatic_dependence,PNPLA7,84,shared,Metabolism / redox / lipid handling,0.137885581276299,-0.977056057615047,-0.13472194244378,0.13472194244378,negative,29.715721965492,False,0.992174555158986,4.84251847116478,core pinniped
Zalophus_californianus,California sea lion,pinniped,marine,14,binary_aquatic_dependence,SPEF2,85,aquatic_specific,Cilia / flagella / reproductive-cell function,0.174059525751515,-0.677185814285751,-0.117870641680232,0.117870641680232,negative,46.2363380938862,False,0.992174555158986,4.84251847116478,core pinniped
Zalophus_californianus,California sea lion,pinniped,marine,14,binary_aquatic_dependence,GCKR,86,aquatic_specific,Endocrine / circadian / systemic regulation,0.176184373124808,0.647950347569531,0.114158725802539,0.114158725802539,positive,137.821722401917,False,0.992174555158986,4.84251847116478,core pinniped
Zalophus_californianus,California sea lion,pinniped,marine,14,binary_aquatic_dependence,SEC61A2,87,aquatic_specific,Membrane trafficking / ER / vesicle processing,0.176583875943885,-1.31034677313231,-0.231386112030266,0.231386112030266,negative,0.0,False,0.992174555158986,4.84251847116478,core pinniped
Zalophus_californianus,California sea lion,pinniped,marine,14,binary_aquatic_dependence,OR52W1,88,shared,Sensory systems,0.190684677268266,-0.482259658942717,-0.091959527424996,0.091959527424996,negative,51.0157564344007,False,0.992174555158986,4.84251847116478,core pinniped
Zalophus_californianus,California sea lion,pinniped,marine,14,binary_aquatic_dependence,PRSS53,89,aquatic_specific,Epithelial / body-surface interface,0.194083977905306,5.36975495081359,1.04218340123061,1.04218340123061,positive,226.968534919523,False,0.992174555158986,4.84251847116478,core pinniped
Zalophus_californianus,California sea lion,pinniped,marine,14,binary_aquatic_dependence,KCNK18,90,shared,Ion channels / mechanosensation / membrane signaling,0.217561248206336,1.58612646751323,0.345079654085285,0.345079654085285,positive,114.969158607226,False,0.992174555158986,4.84251847116478,core pinniped
Zalophus_californianus,California sea lion,pinniped,marine,14,binary_aquatic_dependence,SDR9C7,91,shared,Epithelial / body-surface interface,0.220181989308241,0.99031350329494,0.218049197194293,0.218049197194293,positive,100.809710468218,False,0.992174555158986,4.84251847116478,core pinniped
Zalophus_californianus,California sea lion,pinniped,marine,14,binary_aquatic_dependence,OMP,92,shared,Sensory systems,0.231144543648012,1.50572770650832,0.348040743579033,0.348040743579033,positive,233.983278007475,False,0.992174555158986,4.84251847116478,core pinniped
Zalophus_californianus,California sea lion,pinniped,marine,14,binary_aquatic_dependence,SYTL5,93,aquatic_specific,Membrane trafficking / ER / vesicle processing,0.265993756746688,-0.314897415577072,-0.0837607465591682,0.0837607465591682,negative,55.5498957824227,False,0.992174555158986,4.84251847116478,core pinniped
Zalophus_californianus,California sea lion,pinniped,marine,14,binary_aquatic_dependence,IL33,94,shared,Immune / inflammatory regulation,0.340038935001018,-0.139529020260831,-0.0474452994512285,0.0474452994512285,negative,38.899565032005,False,0.992174555158986,4.84251847116478,core pinniped
Zalophus_californianus,California sea lion,pinniped,marine,14,binary_aquatic_dependence,KIF18A,95,aquatic_specific,DNA repair / chromatin / cell-cycle,0.340198342633948,-1.03836835895942,-0.353251194761526,0.353251194761526,negative,22.0705633061742,False,0.992174555158986,4.84251847116478,core pinniped
Zalophus_californianus,California sea lion,pinniped,marine,14,binary_aquatic_dependence,FAM13A,96,aquatic_specific,Developmental / transcriptional signaling regulators,0.348973910716795,0.722059184438499,0.251979817362483,0.251979817362483,positive,75.3313437444042,False,0.992174555158986,4.84251847116478,core pinniped
Zalophus_californianus,California sea lion,pinniped,marine,14,binary_aquatic_dependence,NWD1,97,aquatic_specific,Developmental / transcriptional signaling regulators,0.404558879261438,1.26349577593415,0.51115843506348,0.51115843506348,positive,114.652240258681,False,0.992174555158986,4.84251847116478,core pinniped
Zalophus_californianus,California sea lion,pinniped,marine,14,binary_aquatic_dependence,LRP2,98,aquatic_specific,Transport / endocytic / epithelial solute handling,0.471378525654808,-0.628596669515707,-0.296306971307837,0.296306971307837,negative,39.4961713859327,False,0.992174555158986,4.84251847116478,core pinniped
Zalophus_californianus,California sea lion,pinniped,marine,14,binary_aquatic_dependence,CACNA1G,99,aquatic_specific,Ion channels / mechanosensation / membrane signaling,0.593854706123962,1.98536882521121,1.17902062024348,1.17902062024348,positive,112.207867057484,False,0.992174555158986,4.84251847116478,core pinniped
Zalophus_californianus,California sea lion,pinniped,marine,14,binary_aquatic_dependence,PER1,100,aquatic_specific,Endocrine / circadian / systemic regulation,0.784004329488712,-0.650464785354289,-0.509967207897709,0.509967207897709,negative,44.890550711341,False,0.992174555158986,4.84251847116478,core pinniped
Zalophus_californianus,California sea lion,pinniped,marine,14,binary_aquatic_dependence,TGM3,101,shared,Epithelial / body-surface interface,1.04080869919882,-0.200581030085229,-0.208766481006966,0.208766481006966,negative,52.3615287988856,False,0.992174555158986,4.84251847116478,core pinniped
Leptonychotes_weddellii,Weddell seal,pinniped,marine,15,binary_aquatic_dependence,ATF7IP2,1,aquatic_specific,DNA repair / chromatin / cell-cycle,-0.581769927151342,0.862106952359869,-0.501547898871066,0.501547898871066,negative,89.6573902531812,False,0.971438201119649,3.52670753348251,heterogeneous pinniped
Leptonychotes_weddellii,Weddell seal,pinniped,marine,15,binary_aquatic_dependence,WDR93,2,shared,Cilia / flagella / reproductive-cell function,-0.4793197990576,-1.27376586084706,0.610541196467642,0.610541196467642,positive,17.6880800039414,False,0.971438201119649,3.52670753348251,heterogeneous pinniped
Leptonychotes_weddellii,Weddell seal,pinniped,marine,15,binary_aquatic_dependence,PMIS2,3,aquatic_specific,Developmental / transcriptional signaling regulators,-0.39072525213697,-0.819145501468592,0.32006083259818,0.32006083259818,positive,14.5064276811453,False,0.971438201119649,3.52670753348251,heterogeneous pinniped
Leptonychotes_weddellii,Weddell seal,pinniped,marine,15,binary_aquatic_dependence,PFKP,4,aquatic_specific,Metabolism / redox / lipid handling,-0.356881027792284,0.191418171583046,-0.0683135138126772,0.0683135138126772,negative,66.7934818298451,False,0.971438201119649,3.52670753348251,heterogeneous pinniped
Leptonychotes_weddellii,Weddell seal,pinniped,marine,15,binary_aquatic_dependence,PDGFB,5,aquatic_specific,Vascular / hematologic regulation,-0.348561123284862,-0.571763655811033,0.199294582122953,0.199294582122953,positive,31.6635188668804,False,0.971438201119649,3.52670753348251,heterogeneous pinniped
Leptonychotes_weddellii,Weddell seal,pinniped,marine,15,binary_aquatic_dependence,PUSL1,6,shared,Metabolism / redox / lipid handling,-0.314220898750119,-0.52028992968211,0.163485969315349,0.163485969315349,positive,37.5668449480833,False,0.971438201119649,3.52670753348251,heterogeneous pinniped
Leptonychotes_weddellii,Weddell seal,pinniped,marine,15,binary_aquatic_dependence,SMCO3,7,aquatic_specific,Unassigned / low-confidence,-0.307082295991399,-1.04300225274641,0.32028752649757,0.32028752649757,positive,0.0,False,0.971438201119649,3.52670753348251,heterogeneous pinniped
Leptonychotes_weddellii,Weddell seal,pinniped,marine,15,binary_aquatic_dependence,GGTLC1,8,aquatic_specific,Metabolism / redox / lipid handling,-0.291163814888646,-1.03768196589911,0.302135439832335,0.302135439832335,positive,0.0,False,0.971438201119649,3.52670753348251,heterogeneous pinniped
Leptonychotes_weddellii,Weddell seal,pinniped,marine,15,binary_aquatic_dependence,C16orf91,9,aquatic_specific,Unassigned / low-confidence,-0.262195862787636,-1.34946065917666,0.353823001830798,0.353823001830798,positive,0.0,False,0.971438201119649,3.52670753348251,heterogeneous pinniped
Leptonychotes_weddellii,Weddell seal,pinniped,marine,15,binary_aquatic_dependence,HGFAC,10,shared,Vascular / hematologic regulation,-0.251889764940469,0.057225331211845,-0.0144144752275922,0.0144144752275922,negative,67.4420815467604,False,0.971438201119649,3.52670753348251,heterogeneous pinniped
Leptonychotes_weddellii,Weddell seal,pinniped,marine,15,binary_aquatic_dependence,NLRP8,11,aquatic_specific,Immune / inflammatory regulation,-0.249357601464042,-0.928581710231231,0.231548908026638,0.231548908026638,positive,44.6633638875636,False,0.971438201119649,3.52670753348251,heterogeneous pinniped
Leptonychotes_weddellii,Weddell seal,pinniped,marine,15,binary_aquatic_dependence,FN3K,12,shared,Metabolism / redox / lipid handling,-0.244837253974046,-8.370020057499379e-16,2.04929272658583e-16,2.04929272658583e-16,positive,,True,0.971438201119649,3.52670753348251,heterogeneous pinniped
Leptonychotes_weddellii,Weddell seal,pinniped,marine,15,binary_aquatic_dependence,NUBP2,13,shared,Metabolism / redox / lipid handling,-0.239999172123246,-0.96095706826568,0.230628900829745,0.230628900829745,positive,20.2311210393986,False,0.971438201119649,3.52670753348251,heterogeneous pinniped
Leptonychotes_weddellii,Weddell seal,pinniped,marine,15,binary_aquatic_dependence,ACADSB,14,aquatic_specific,Metabolism / redox / lipid handling,-0.238865076823398,-0.645376709532751,0.154157957302572,0.154157957302572,positive,36.26210902328,False,0.971438201119649,3.52670753348251,heterogeneous pinniped
Leptonychotes_weddellii,Weddell seal,pinniped,marine,15,binary_aquatic_dependence,TTC28,15,aquatic_specific,Developmental / transcriptional signaling regulators,-0.237914556985983,-1.58899057033009e-15,3.7804398759498797e-16,3.7804398759498797e-16,positive,,True,0.971438201119649,3.52670753348251,heterogeneous pinniped
Leptonychotes_weddellii,Weddell seal,pinniped,marine,15,binary_aquatic_dependence,SLC6A15,16,aquatic_specific,Transport / endocytic / epithelial solute handling,-0.23289351110375,-0.578153133641364,0.134648113249373,0.134648113249373,positive,36.9665060267571,False,0.971438201119649,3.52670753348251,heterogeneous pinniped
Leptonychotes_weddellii,Weddell seal,pinniped,marine,15,binary_aquatic_dependence,CATSPERG,17,aquatic_specific,Cilia / flagella / reproductive-cell function,-0.232264279338058,0.195647481781967,-0.0454419213603945,0.0454419213603945,negative,51.9398844211215,False,0.971438201119649,3.52670753348251,heterogeneous pinniped
Leptonychotes_weddellii,Weddell seal,pinniped,marine,15,binary_aquatic_dependence,SYDE1,18,shared,Cytoskeletal / muscle / ECM / adhesion,-0.232023025562006,-0.464684523923708,0.107817509172619,0.107817509172619,positive,43.8756176738907,False,0.971438201119649,3.52670753348251,heterogeneous pinniped
Leptonychotes_weddellii,Weddell seal,pinniped,marine,15,binary_aquatic_dependence,SLC5A5,19,aquatic_specific,Transport / endocytic / epithelial solute handling,-0.231105741131879,1.00011898881661,-0.231133240130527,0.231133240130527,negative,85.3123067437107,False,0.971438201119649,3.52670753348251,heterogeneous pinniped
Leptonychotes_weddellii,Weddell seal,pinniped,marine,15,binary_aquatic_dependence,SIGIRR,20,aquatic_specific,Immune / inflammatory regulation,-0.210302505536658,0.310280358665216,-0.0652527368461078,0.0652527368461078,negative,88.4257477365206,False,0.971438201119649,3.52670753348251,heterogeneous pinniped
Leptonychotes_weddellii,Weddell seal,pinniped,marine,15,binary_aquatic_dependence,KEAP1,21,aquatic_specific,Developmental / transcriptional signaling regulators,-0.19883739251004,0.106167674510182,-0.0211101035684593,0.0211101035684593,negative,57.7618103650601,False,0.971438201119649,3.52670753348251,heterogeneous pinniped
Leptonychotes_weddellii,Weddell seal,pinniped,marine,15,binary_aquatic_dependence,SYNPO2,22,aquatic_specific,Cytoskeletal / muscle / ECM / adhesion,-0.164171125185038,-0.418521448792502,0.0687091371623373,0.0687091371623373,positive,39.8300299331249,False,0.971438201119649,3.52670753348251,heterogeneous pinniped
Leptonychotes_weddellii,Weddell seal,pinniped,marine,15,binary_aquatic_dependence,PI4KA,23,aquatic_specific,Ion channels / mechanosensation / membrane signaling,-0.161213914772254,-0.844867167455272,0.13620434352801,0.13620434352801,positive,34.0918729229015,False,0.971438201119649,3.52670753348251,heterogeneous pinniped
Leptonychotes_weddellii,Weddell seal,pinniped,marine,15,binary_aquatic_dependence,H1_8,24,aquatic_specific,DNA repair / chromatin / cell-cycle,-0.160268979059258,-0.786013851770107,0.12597363754963,0.12597363754963,positive,32.1064649229468,False,0.971438201119649,3.52670753348251,heterogeneous pinniped
Leptonychotes_weddellii,Weddell seal,pinniped,marine,15,binary_aquatic_dependence,CATSPERZ,25,shared,Cilia / flagella / reproductive-cell function,-0.154029925159516,-0.776241856585384,0.11956447507553,0.11956447507553,positive,16.2352591646865,False,0.971438201119649,3.52670753348251,heterogeneous pinniped
Leptonychotes_weddellii,Weddell seal,pinniped,marine,15,binary_aquatic_dependence,TIGD7,26,aquatic_specific,Developmental / transcriptional signaling regulators,-0.153350666144971,-0.0490124112430859,0.0075160859134985,0.0075160859134985,positive,105.834696255204,False,0.971438201119649,3.52670753348251,heterogeneous pinniped
Leptonychotes_weddellii,Weddell seal,pinniped,marine,15,binary_aquatic_dependence,CLASP2,27,aquatic_specific,Cytoskeletal / muscle / ECM / adhesion,-0.153215743294715,-1.07001315513172,0.16394286089863,0.16394286089863,positive,24.1634120520892,False,0.971438201119649,3.52670753348251,heterogeneous pinniped
Leptonychotes_weddellii,Weddell seal,pinniped,marine,15,binary_aquatic_dependence,FAM20B,28,aquatic_specific,Developmental / transcriptional signaling regulators,-0.149046125022571,-0.321681486634789,0.0479453790744153,0.0479453790744153,positive,42.9324458660994,False,0.971438201119649,3.52670753348251,heterogeneous pinniped
Leptonychotes_weddellii,Weddell seal,pinniped,marine,15,binary_aquatic_dependence,EHHADH,29,aquatic_specific,Metabolism / redox / lipid handling,-0.134704680594371,-0.635160709686149,0.0855591205243669,0.0855591205243669,positive,32.8872507190626,False,0.971438201119649,3.52670753348251,heterogeneous pinniped
Leptonychotes_weddellii,Weddell seal,pinniped,marine,15,binary_aquatic_dependence,XCR1,30,aquatic_specific,Immune / inflammatory regulation,-0.128894917212046,-1.0619331323934,0.136877783184577,0.136877783184577,positive,15.4828365134086,False,0.971438201119649,3.52670753348251,heterogeneous pinniped
Leptonychotes_weddellii,Weddell seal,pinniped,marine,15,binary_aquatic_dependence,CLTCL1,31,aquatic_specific,Membrane trafficking / ER / vesicle processing,-0.122013377075862,1.03036935260103e-14,-1.2571884434632101e-15,1.2571884434632101e-15,negative,,True,0.971438201119649,3.52670753348251,heterogeneous pinniped
Leptonychotes_weddellii,Weddell seal,pinniped,marine,15,binary_aquatic_dependence,SLC6A6,32,aquatic_specific,Transport / endocytic / epithelial solute handling,-0.121595276910313,-0.0972296649473699,0.0118226680331724,0.0118226680331724,positive,52.9830956460985,False,0.971438201119649,3.52670753348251,heterogeneous pinniped
Leptonychotes_weddellii,Weddell seal,pinniped,marine,15,binary_aquatic_dependence,ACOX3,33,aquatic_specific,Metabolism / redox / lipid handling,-0.118129521585615,0.151223229745013,-0.0178639277824099,0.0178639277824099,negative,61.2702731686428,False,0.971438201119649,3.52670753348251,heterogeneous pinniped
Leptonychotes_weddellii,Weddell seal,pinniped,marine,15,binary_aquatic_dependence,CORO2A,34,aquatic_specific,Cytoskeletal / muscle / ECM / adhesion,-0.110434776748237,1.95773412484365,-0.216201931009514,0.216201931009514,negative,121.777560635143,False,0.971438201119649,3.52670753348251,heterogeneous pinniped
Leptonychotes_weddellii,Weddell seal,pinniped,marine,15,binary_aquatic_dependence,SEPTIN5,35,aquatic_specific,Cytoskeletal / muscle / ECM / adhesion,-0.106389612271777,-1.19363979495881,0.126990874977831,0.126990874977831,positive,0.0,False,0.971438201119649,3.52670753348251,heterogeneous pinniped
Leptonychotes_weddellii,Weddell seal,pinniped,marine,15,binary_aquatic_dependence,MEFV,36,aquatic_specific,Immune / inflammatory regulation,-0.106234859098565,0.401319570922464,-0.0426341280704447,0.0426341280704447,negative,74.590684380223,False,0.971438201119649,3.52670753348251,heterogeneous pinniped
Leptonychotes_weddellii,Weddell seal,pinniped,marine,15,binary_aquatic_dependence,C1orf112,37,aquatic_specific,DNA repair / chromatin / cell-cycle,-0.10365191227098,-0.272360953305683,0.0282307336380813,0.0282307336380813,positive,48.0918079869418,False,0.971438201119649,3.52670753348251,heterogeneous pinniped
Leptonychotes_weddellii,Weddell seal,pinniped,marine,15,binary_aquatic_dependence,HPRT1,38,aquatic_specific,Metabolism / redox / lipid handling,-0.099597493197772,-0.87763128091248,0.0874098755308328,0.0874098755308328,positive,0.0,False,0.971438201119649,3.52670753348251,heterogeneous pinniped
Leptonychotes_weddellii,Weddell seal,pinniped,marine,15,binary_aquatic_dependence,CD34,39,shared,Vascular / hematologic regulation,-0.0959044894988044,2.10751093571893e-16,-2.02119760403272e-17,2.02119760403272e-17,negative,,True,0.971438201119649,3.52670753348251,heterogeneous pinniped
Leptonychotes_weddellii,Weddell seal,pinniped,marine,15,binary_aquatic_dependence,CASTOR1,40,aquatic_specific,Endocrine / circadian / systemic regulation,-0.0825057476543748,-0.714838312086606,0.0589782693906968,0.0589782693906968,positive,23.2913919186669,False,0.971438201119649,3.52670753348251,heterogeneous pinniped
Leptonychotes_weddellii,Weddell seal,pinniped,marine,15,binary_aquatic_dependence,RAC3,41,aquatic_specific,Developmental / transcriptional signaling regulators,-0.0814970345799135,1.65362333414218,-0.134765398044737,0.134765398044737,negative,135.299481248117,False,0.971438201119649,3.52670753348251,heterogeneous pinniped
Leptonychotes_weddellii,Weddell seal,pinniped,marine,15,binary_aquatic_dependence,URI1,42,aquatic_specific,Developmental / transcriptional signaling regulators,-0.078475489653661,0.442571858221309,-0.0347310432808478,0.0347310432808478,negative,72.6791455810187,False,0.971438201119649,3.52670753348251,heterogeneous pinniped
Leptonychotes_weddellii,Weddell seal,pinniped,marine,15,binary_aquatic_dependence,SPINT4,43,aquatic_specific,Epithelial / body-surface interface,-0.0769933368325998,-0.305188940261082,0.0234975148751057,0.0234975148751057,positive,29.850001250537,False,0.971438201119649,3.52670753348251,heterogeneous pinniped
Leptonychotes_weddellii,Weddell seal,pinniped,marine,15,binary_aquatic_dependence,GGTLC3,44,aquatic_specific,Metabolism / redox / lipid handling,-0.0726998898105257,-0.845479361710653,0.061466256433438,0.061466256433438,positive,0.0,False,0.971438201119649,3.52670753348251,heterogeneous pinniped
Leptonychotes_weddellii,Weddell seal,pinniped,marine,15,binary_aquatic_dependence,KMO,45,aquatic_specific,Metabolism / redox / lipid handling,-0.0725495886342883,-0.464958427642542,0.0337325426575119,0.0337325426575119,positive,38.5273335854021,False,0.971438201119649,3.52670753348251,heterogeneous pinniped
Leptonychotes_weddellii,Weddell seal,pinniped,marine,15,binary_aquatic_dependence,PDK1,46,aquatic_specific,Metabolism / redox / lipid handling,-0.0696000509826744,-1.30619216428056,0.0909110412270968,0.0909110412270968,positive,0.0,False,0.971438201119649,3.52670753348251,heterogeneous pinniped
Leptonychotes_weddellii,Weddell seal,pinniped,marine,15,binary_aquatic_dependence,EPOR,47,shared,Vascular / hematologic regulation,-0.0639836237556098,-1.40819683361744,0.0901015363760194,0.0901015363760194,positive,11.6134656498279,False,0.971438201119649,3.52670753348251,heterogeneous pinniped
Leptonychotes_weddellii,Weddell seal,pinniped,marine,15,binary_aquatic_dependence,AC092835,48,aquatic_specific,Unassigned / low-confidence,-0.0481295116799046,-1.09423910389889,0.0526651937317101,0.0526651937317101,positive,13.0061914311961,False,0.971438201119649,3.52670753348251,heterogeneous pinniped
Leptonychotes_weddellii,Weddell seal,pinniped,marine,15,binary_aquatic_dependence,CDHR4,49,aquatic_specific,Epithelial / body-surface interface,-0.043359831407413,-0.570729713915998,0.0247467441745987,0.0247467441745987,positive,38.4082251119761,False,0.971438201119649,3.52670753348251,heterogeneous pinniped
Leptonychotes_weddellii,Weddell seal,pinniped,marine,15,binary_aquatic_dependence,PROB1,50,aquatic_specific,Unassigned / low-confidence,-0.031368805999096,0.214306274488218,-0.0067225319488099,0.0067225319488099,negative,61.1618954779274,False,0.971438201119649,3.52670753348251,heterogeneous pinniped
Leptonychotes_weddellii,Weddell seal,pinniped,marine,15,binary_aquatic_dependence,PPP1R3A,51,aquatic_specific,Metabolism / redox / lipid handling,-0.0310971405758917,-0.127901780092176,0.0039773796354331,0.0039773796354331,positive,53.1504768723107,False,0.971438201119649,3.52670753348251,heterogeneous pinniped
Leptonychotes_weddellii,Weddell seal,pinniped,marine,15,binary_aquatic_dependence,CDC14B,52,aquatic_specific,DNA repair / chromatin / cell-cycle,-0.0297700481634882,2.5931231689332,-0.0771974016329985,0.0771974016329985,negative,159.333706828103,False,0.971438201119649,3.52670753348251,heterogeneous pinniped
Leptonychotes_weddellii,Weddell seal,pinniped,marine,15,binary_aquatic_dependence,SOX7,53,shared,Developmental / transcriptional signaling regulators,-0.0288474092932838,-0.454796715655753,0.0131197070017627,0.0131197070017627,positive,38.0873977631079,False,0.971438201119649,3.52670753348251,heterogeneous pinniped
Leptonychotes_weddellii,Weddell seal,pinniped,marine,15,binary_aquatic_dependence,MSN,54,aquatic_specific,Cytoskeletal / muscle / ECM / adhesion,-0.0286086021473059,-0.055888951482364,0.001598904777389,0.001598904777389,positive,52.9114079615415,False,0.971438201119649,3.52670753348251,heterogeneous pinniped
Leptonychotes_weddellii,Weddell seal,pinniped,marine,15,binary_aquatic_dependence,COMMD4,55,aquatic_specific,DNA repair / chromatin / cell-cycle,-0.0187271239132032,1.0783246921295,-0.0201939201281757,0.0201939201281757,negative,141.379370662385,False,0.971438201119649,3.52670753348251,heterogeneous pinniped
Leptonychotes_weddellii,Weddell seal,pinniped,marine,15,binary_aquatic_dependence,NOXO1,56,aquatic_specific,Ion channels / mechanosensation / membrane signaling,-0.0179148306739576,-0.237442790265223,0.0042537473823534,0.0042537473823534,positive,53.2007950179399,False,0.971438201119649,3.52670753348251,heterogeneous pinniped
Leptonychotes_weddellii,Weddell seal,pinniped,marine,15,binary_aquatic_dependence,CCDC174,57,aquatic_specific,RNA processing / translation / protein homeostasis,-0.0162180345629962,-0.688712962360342,0.0111695706275435,0.0111695706275435,positive,25.979945142285,False,0.971438201119649,3.52670753348251,heterogeneous pinniped
Leptonychotes_weddellii,Weddell seal,pinniped,marine,15,binary_aquatic_dependence,FLYWCH1,58,aquatic_specific,Developmental / transcriptional signaling regulators,-0.0104987023982283,-0.253912896104485,0.0026657559312732,0.0026657559312732,positive,48.7792008190966,False,0.971438201119649,3.52670753348251,heterogeneous pinniped
Leptonychotes_weddellii,Weddell seal,pinniped,marine,15,binary_aquatic_dependence,RHCG,59,aquatic_specific,Transport / endocytic / epithelial solute handling,-0.0101117732108071,0.0982898007431509,-0.0009938841740501,0.0009938841740501,negative,55.8928876772779,False,0.971438201119649,3.52670753348251,heterogeneous pinniped
Leptonychotes_weddellii,Weddell seal,pinniped,marine,15,binary_aquatic_dependence,IP6K1,60,aquatic_specific,Ion channels / mechanosensation / membrane signaling,-0.0083253479404064,0.39588707423082,-0.0032958976380811,0.0032958976380811,negative,73.5130335980478,False,0.971438201119649,3.52670753348251,heterogeneous pinniped
Leptonychotes_weddellii,Weddell seal,pinniped,marine,15,binary_aquatic_dependence,SORBS2,61,aquatic_specific,Cytoskeletal / muscle / ECM / adhesion,-0.0080058731823396,-0.401151920094214,0.0032115713991263,0.0032115713991263,positive,44.4038050663821,False,0.971438201119649,3.52670753348251,heterogeneous pinniped
Leptonychotes_weddellii,Weddell seal,pinniped,marine,15,binary_aquatic_dependence,ASMTL,62,shared,Endocrine / circadian / systemic regulation,-0.006824245120571,0.163815242708888,-0.0011179153707312,0.0011179153707312,negative,91.5921053553356,False,0.971438201119649,3.52670753348251,heterogeneous pinniped
Leptonychotes_weddellii,Weddell seal,pinniped,marine,15,binary_aquatic_dependence,TMPPE,63,aquatic_specific,Metabolism / redox / lipid handling,-0.0023245055880712,-0.242648779655393,0.0005640384442476,0.0005640384442476,positive,50.1572858182375,False,0.971438201119649,3.52670753348251,heterogeneous pinniped
Leptonychotes_weddellii,Weddell seal,pinniped,marine,15,binary_aquatic_dependence,ITGA2B,64,aquatic_specific,Vascular / hematologic regulation,-0.001292049701436,2.7877102819994e-16,-3.60186023754746e-19,3.60186023754746e-19,negative,,True,0.971438201119649,3.52670753348251,heterogeneous pinniped
Leptonychotes_weddellii,Weddell seal,pinniped,marine,15,binary_aquatic_dependence,RHOA,65,aquatic_specific,Cytoskeletal / muscle / ECM / adhesion,-0.0011344887901252,-0.717666446467379,0.0008141845385662,0.0008141845385662,positive,0.0,False,0.971438201119649,3.52670753348251,heterogeneous pinniped
Leptonychotes_weddellii,Weddell seal,pinniped,marine,15,binary_aquatic_dependence,FP565260,66,aquatic_specific,Unassigned / low-confidence,1.70815408075916e-05,0.564464024910743,9.64191527593023e-06,9.64191527593023e-06,positive,82.955681306839,False,0.971438201119649,3.52670753348251,heterogeneous pinniped
Leptonychotes_weddellii,Weddell seal,pinniped,marine,15,binary_aquatic_dependence,LRIF1,67,aquatic_specific,DNA repair / chromatin / cell-cycle,0.0099754084269074,-0.580994557719027,-0.0057956580070577,0.0057956580070577,negative,25.3227225249035,False,0.971438201119649,3.52670753348251,heterogeneous pinniped
Leptonychotes_weddellii,Weddell seal,pinniped,marine,15,binary_aquatic_dependence,BAMBI,68,aquatic_specific,Developmental / transcriptional signaling regulators,0.0120734458485713,0.715640197502555,0.0086402431716079,0.0086402431716079,positive,99.5906714656093,False,0.971438201119649,3.52670753348251,heterogeneous pinniped
Leptonychotes_weddellii,Weddell seal,pinniped,marine,15,binary_aquatic_dependence,LLGL1,69,aquatic_specific,Membrane trafficking / ER / vesicle processing,0.0221096407434654,0.250209460781597,0.0055320412884973,0.0055320412884973,positive,68.2427089266197,False,0.971438201119649,3.52670753348251,heterogeneous pinniped
Leptonychotes_weddellii,Weddell seal,pinniped,marine,15,binary_aquatic_dependence,COL20A1,70,shared,Cytoskeletal / muscle / ECM / adhesion,0.0288024871662898,0.47350928537625,0.0136382451151685,0.0136382451151685,positive,86.8299397069798,False,0.971438201119649,3.52670753348251,heterogeneous pinniped
Leptonychotes_weddellii,Weddell seal,pinniped,marine,15,binary_aquatic_dependence,TGM1,71,shared,Epithelial / body-surface interface,0.0320265937643637,0.40554860865823,0.0129883405412,0.0129883405412,positive,75.2286404890393,False,0.971438201119649,3.52670753348251,heterogeneous pinniped
Leptonychotes_weddellii,Weddell seal,pinniped,marine,15,binary_aquatic_dependence,PDE6C,72,aquatic_specific,Sensory systems,0.0369091575908715,0.140281381923458,0.0051776676324781,0.0051776676324781,positive,68.6917639848484,False,0.971438201119649,3.52670753348251,heterogeneous pinniped
Leptonychotes_weddellii,Weddell seal,pinniped,marine,15,binary_aquatic_dependence,TOGARAM2,73,shared,Cilia / flagella / reproductive-cell function,0.03936598299555,1.82267779495226,0.0717515030824574,0.0717515030824574,positive,139.413652873739,False,0.971438201119649,3.52670753348251,heterogeneous pinniped
Leptonychotes_weddellii,Weddell seal,pinniped,marine,15,binary_aquatic_dependence,CSMD1,74,aquatic_specific,Immune / inflammatory regulation,0.0435717554769353,1.15120958999074,0.0501602227577796,0.0501602227577796,positive,82.4996691352766,False,0.971438201119649,3.52670753348251,heterogeneous pinniped
Leptonychotes_weddellii,Weddell seal,pinniped,marine,15,binary_aquatic_dependence,KRTDAP,75,shared,Epithelial / body-surface interface,0.0447305719374455,0.941081857519899,0.0420951297268187,0.0420951297268187,positive,154.247762595919,False,0.971438201119649,3.52670753348251,heterogeneous pinniped
Leptonychotes_weddellii,Weddell seal,pinniped,marine,15,binary_aquatic_dependence,CNGA4,76,aquatic_specific,Sensory systems,0.0586555487526509,0.165121327406941,0.0096852820698202,0.0096852820698202,positive,70.3700139368682,False,0.971438201119649,3.52670753348251,heterogeneous pinniped
Leptonychotes_weddellii,Weddell seal,pinniped,marine,15,binary_aquatic_dependence,ARSA,77,aquatic_specific,Metabolism / redox / lipid handling,0.0862370240736283,-0.885548480189163,-0.0763670656044378,0.0763670656044378,negative,23.1123407594996,False,0.971438201119649,3.52670753348251,heterogeneous pinniped
Leptonychotes_weddellii,Weddell seal,pinniped,marine,15,binary_aquatic_dependence,DEUP1,78,aquatic_specific,Cilia / flagella / reproductive-cell function,0.0985919084118505,3.59977797672322,0.354908980584092,0.354908980584092,positive,219.95189668328,False,0.971438201119649,3.52670753348251,heterogeneous pinniped
Leptonychotes_weddellii,Weddell seal,pinniped,marine,15,binary_aquatic_dependence,PIEZO1,79,aquatic_specific,Ion channels / mechanosensation / membrane signaling,0.100220575454654,0.75847125224521,0.0760144253658267,0.0760144253658267,positive,92.4617075548447,False,0.971438201119649,3.52670753348251,heterogeneous pinniped
Leptonychotes_weddellii,Weddell seal,pinniped,marine,15,binary_aquatic_dependence,DBNL,80,shared,Cytoskeletal / muscle / ECM / adhesion,0.116035395287358,0.735461690424549,0.0853395879671208,0.0853395879671208,positive,100.440187367959,False,0.971438201119649,3.52670753348251,heterogeneous pinniped
Leptonychotes_weddellii,Weddell seal,pinniped,marine,15,binary_aquatic_dependence,OR6B1,81,shared,Sensory systems,0.1211331117984,0.197397219680319,0.0239113394802294,0.0239113394802294,positive,97.8414468042107,False,0.971438201119649,3.52670753348251,heterogeneous pinniped
Leptonychotes_weddellii,Weddell seal,pinniped,marine,15,binary_aquatic_dependence,ABHD8,82,aquatic_specific,Metabolism / redox / lipid handling,0.123391794658719,-0.719066138272856,-0.0887268612798023,0.0887268612798023,negative,28.2851773896873,False,0.971438201119649,3.52670753348251,heterogeneous pinniped
Leptonychotes_weddellii,Weddell seal,pinniped,marine,15,binary_aquatic_dependence,FZD5,83,aquatic_specific,Developmental / transcriptional signaling regulators,0.130676120517993,-1.0313366608223101e-15,-1.34771073784241e-16,1.34771073784241e-16,negative,,True,0.971438201119649,3.52670753348251,heterogeneous pinniped
Leptonychotes_weddellii,Weddell seal,pinniped,marine,15,binary_aquatic_dependence,PNPLA7,84,shared,Metabolism / redox / lipid handling,0.137885581276299,3.28416197812638,0.452838583359477,0.452838583359477,positive,177.670023591929,False,0.971438201119649,3.52670753348251,heterogeneous pinniped
Leptonychotes_weddellii,Weddell seal,pinniped,marine,15,binary_aquatic_dependence,SPEF2,85,aquatic_specific,Cilia / flagella / reproductive-cell function,0.174059525751515,-0.2661920286769,-0.046333258270335,0.046333258270335,negative,55.2979668765043,False,0.971438201119649,3.52670753348251,heterogeneous pinniped
Leptonychotes_weddellii,Weddell seal,pinniped,marine,15,binary_aquatic_dependence,GCKR,86,aquatic_specific,Endocrine / circadian / systemic regulation,0.176184373124808,2.69808612631422,0.475360612801413,0.475360612801413,positive,275.88454821578,False,0.971438201119649,3.52670753348251,heterogeneous pinniped
Leptonychotes_weddellii,Weddell seal,pinniped,marine,15,binary_aquatic_dependence,SEC61A2,87,aquatic_specific,Membrane trafficking / ER / vesicle processing,0.176583875943885,0.0230832167365905,0.0040761238805999,0.0040761238805999,positive,51.952230403172,False,0.971438201119649,3.52670753348251,heterogeneous pinniped
Leptonychotes_weddellii,Weddell seal,pinniped,marine,15,binary_aquatic_dependence,OR52W1,88,shared,Sensory systems,0.190684677268266,2.31063926733967,0.440603502976048,0.440603502976048,positive,169.677381437637,False,0.971438201119649,3.52670753348251,heterogeneous pinniped
Leptonychotes_weddellii,Weddell seal,pinniped,marine,15,binary_aquatic_dependence,PRSS53,89,aquatic_specific,Epithelial / body-surface interface,0.194083977905306,0.0313685534075216,0.0060881336264668,0.0060881336264668,positive,64.3894627693598,False,0.971438201119649,3.52670753348251,heterogeneous pinniped
Leptonychotes_weddellii,Weddell seal,pinniped,marine,15,binary_aquatic_dependence,KCNK18,90,shared,Ion channels / mechanosensation / membrane signaling,0.217561248206336,2.92798482551006,0.63701603336718,0.63701603336718,positive,160.221516107435,False,0.971438201119649,3.52670753348251,heterogeneous pinniped
Leptonychotes_weddellii,Weddell seal,pinniped,marine,15,binary_aquatic_dependence,SDR9C7,91,shared,Epithelial / body-surface interface,0.220181989308241,0.22361943430366,0.0492369718929634,0.0492369718929634,positive,66.2007039876055,False,0.971438201119649,3.52670753348251,heterogeneous pinniped
Leptonychotes_weddellii,Weddell seal,pinniped,marine,15,binary_aquatic_dependence,OMP,92,shared,Sensory systems,0.231144543648012,-0.380939483041621,-0.088052082965165,0.088052082965165,negative,43.8714510601707,False,0.971438201119649,3.52670753348251,heterogeneous pinniped
Leptonychotes_weddellii,Weddell seal,pinniped,marine,15,binary_aquatic_dependence,SYTL5,93,aquatic_specific,Membrane trafficking / ER / vesicle processing,0.265993756746688,0.669479340496177,0.178077324842873,0.178077324842873,positive,86.1185811040373,False,0.971438201119649,3.52670753348251,heterogeneous pinniped
Leptonychotes_weddellii,Weddell seal,pinniped,marine,15,binary_aquatic_dependence,IL33,94,shared,Immune / inflammatory regulation,0.340038935001018,0.0387058862366948,0.0131615083341963,0.0131615083341963,positive,45.130126145593,False,0.971438201119649,3.52670753348251,heterogeneous pinniped
Leptonychotes_weddellii,Weddell seal,pinniped,marine,15,binary_aquatic_dependence,KIF18A,95,aquatic_specific,DNA repair / chromatin / cell-cycle,0.340198342633948,0.193946254882851,0.0659801944712073,0.0659801944712073,positive,55.2540957975055,False,0.971438201119649,3.52670753348251,heterogeneous pinniped
Leptonychotes_weddellii,Weddell seal,pinniped,marine,15,binary_aquatic_dependence,FAM13A,96,aquatic_specific,Developmental / transcriptional signaling regulators,0.348973910716795,-0.904767313265687,-0.315740187599055,0.315740187599055,negative,34.8794483615108,False,0.971438201119649,3.52670753348251,heterogeneous pinniped
Leptonychotes_weddellii,Weddell seal,pinniped,marine,15,binary_aquatic_dependence,NWD1,97,aquatic_specific,Developmental / transcriptional signaling regulators,0.404558879261438,0.0918730745709116,0.0371680680827106,0.0371680680827106,positive,75.6526191485476,False,0.971438201119649,3.52670753348251,heterogeneous pinniped
Leptonychotes_weddellii,Weddell seal,pinniped,marine,15,binary_aquatic_dependence,LRP2,98,aquatic_specific,Transport / endocytic / epithelial solute handling,0.471378525654808,-1.14441066544321,-0.539450612220261,0.539450612220261,negative,30.9523821680599,False,0.971438201119649,3.52670753348251,heterogeneous pinniped
Leptonychotes_weddellii,Weddell seal,pinniped,marine,15,binary_aquatic_dependence,CACNA1G,99,aquatic_specific,Ion channels / mechanosensation / membrane signaling,0.593854706123962,1.98379144277349,1.17808388425948,1.17808388425948,positive,112.170426412914,False,0.971438201119649,3.52670753348251,heterogeneous pinniped
Leptonychotes_weddellii,Weddell seal,pinniped,marine,15,binary_aquatic_dependence,PER1,100,aquatic_specific,Endocrine / circadian / systemic regulation,0.784004329488712,0.172507992420974,0.13524701292945,0.13524701292945,positive,69.8099045738821,False,0.971438201119649,3.52670753348251,heterogeneous pinniped
Leptonychotes_weddellii,Weddell seal,pinniped,marine,15,binary_aquatic_dependence,TGM3,101,shared,Epithelial / body-surface interface,1.04080869919882,-0.235535403725722,-0.245147297167036,0.245147297167036,negative,51.1376419176443,False,0.971438201119649,3.52670753348251,heterogeneous pinniped
Odobenus_rosmarus_divergens,walrus,pinniped,marine,14,binary_aquatic_dependence,ATF7IP2,1,aquatic_specific,DNA repair / chromatin / cell-cycle,-0.581769927151342,-1.30271391010778,0.757879776582445,0.757879776582445,positive,18.555807557714,False,0.954123739021385,3.03484557524118,heterogeneous pinniped
Odobenus_rosmarus_divergens,walrus,pinniped,marine,14,binary_aquatic_dependence,WDR93,2,shared,Cilia / flagella / reproductive-cell function,-0.4793197990576,-0.462008374200827,0.221449761084869,0.221449761084869,positive,38.8839851640481,False,0.954123739021385,3.03484557524118,heterogeneous pinniped
Odobenus_rosmarus_divergens,walrus,pinniped,marine,14,binary_aquatic_dependence,PMIS2,3,aquatic_specific,Developmental / transcriptional signaling regulators,-0.39072525213697,-0.641276609188014,0.250562964814528,0.250562964814528,positive,23.241198545162,False,0.954123739021385,3.03484557524118,heterogeneous pinniped
Odobenus_rosmarus_divergens,walrus,pinniped,marine,14,binary_aquatic_dependence,PFKP,4,aquatic_specific,Metabolism / redox / lipid handling,-0.356881027792284,-0.591069921400611,0.210941641046554,0.210941641046554,positive,37.3439231218492,False,0.954123739021385,3.03484557524118,heterogeneous pinniped
Odobenus_rosmarus_divergens,walrus,pinniped,marine,14,binary_aquatic_dependence,PDGFB,5,aquatic_specific,Vascular / hematologic regulation,-0.348561123284862,-0.879881818492797,0.306692595011777,0.306692595011777,positive,17.5984706838054,False,0.954123739021385,3.03484557524118,heterogeneous pinniped
Odobenus_rosmarus_divergens,walrus,pinniped,marine,14,binary_aquatic_dependence,PUSL1,6,shared,Metabolism / redox / lipid handling,-0.314220898750119,0.280631635634472,-0.0881803247667797,0.0881803247667797,negative,63.9932378933914,False,0.954123739021385,3.03484557524118,heterogeneous pinniped
Odobenus_rosmarus_divergens,walrus,pinniped,marine,14,binary_aquatic_dependence,SMCO3,7,aquatic_specific,Unassigned / low-confidence,-0.307082295991399,-0.68919691425272,0.211640170818912,0.211640170818912,positive,22.1182376232186,False,0.954123739021385,3.03484557524118,heterogeneous pinniped
Odobenus_rosmarus_divergens,walrus,pinniped,marine,14,binary_aquatic_dependence,GGTLC1,8,aquatic_specific,Metabolism / redox / lipid handling,-0.291163814888646,0.02282725947364,-0.0066464719517979,0.0066464719517979,negative,62.6237773607712,False,0.954123739021385,3.03484557524118,heterogeneous pinniped
Odobenus_rosmarus_divergens,walrus,pinniped,marine,14,binary_aquatic_dependence,C16orf91,9,aquatic_specific,Unassigned / low-confidence,-0.262195862787636,0.392647168204167,-0.102950463038414,0.102950463038414,negative,68.8920389055963,False,0.954123739021385,3.03484557524118,heterogeneous pinniped
Odobenus_rosmarus_divergens,walrus,pinniped,marine,14,binary_aquatic_dependence,HGFAC,10,shared,Vascular / hematologic regulation,-0.251889764940469,-0.202123354097397,0.0509128041525726,0.0509128041525726,positive,56.0454929728814,False,0.954123739021385,3.03484557524118,heterogeneous pinniped
Odobenus_rosmarus_divergens,walrus,pinniped,marine,14,binary_aquatic_dependence,NLRP8,11,aquatic_specific,Immune / inflammatory regulation,-0.249357601464042,-1.13335896222581,0.282611672418403,0.282611672418403,positive,39.0859457888645,False,0.954123739021385,3.03484557524118,heterogeneous pinniped
Odobenus_rosmarus_divergens,walrus,pinniped,marine,14,binary_aquatic_dependence,FN3K,12,shared,Metabolism / redox / lipid handling,-0.244837253974046,0.8690707688964,-0.212780900565707,0.212780900565707,negative,79.8799422607917,False,0.954123739021385,3.03484557524118,heterogeneous pinniped
Odobenus_rosmarus_divergens,walrus,pinniped,marine,14,binary_aquatic_dependence,NUBP2,13,shared,Metabolism / redox / lipid handling,-0.239999172123246,-0.254524404314129,0.0610856463205533,0.0610856463205533,positive,46.7312574871751,False,0.954123739021385,3.03484557524118,heterogeneous pinniped
Odobenus_rosmarus_divergens,walrus,pinniped,marine,14,binary_aquatic_dependence,ACADSB,14,aquatic_specific,Metabolism / redox / lipid handling,-0.238865076823398,-0.631807974242994,0.150916860305188,0.150916860305188,positive,36.66917505663,False,0.954123739021385,3.03484557524118,heterogeneous pinniped
Odobenus_rosmarus_divergens,walrus,pinniped,marine,14,binary_aquatic_dependence,TTC28,15,aquatic_specific,Developmental / transcriptional signaling regulators,-0.237914556985983,-0.0550358525795465,0.0130938304848087,0.0130938304848087,positive,55.6797467539954,False,0.954123739021385,3.03484557524118,heterogeneous pinniped
Odobenus_rosmarus_divergens,walrus,pinniped,marine,14,binary_aquatic_dependence,SLC6A15,16,aquatic_specific,Transport / endocytic / epithelial solute handling,-0.23289351110375,0.361304983827853,-0.0841455862629523,0.0841455862629523,negative,66.3918170733733,False,0.954123739021385,3.03484557524118,heterogeneous pinniped
Odobenus_rosmarus_divergens,walrus,pinniped,marine,14,binary_aquatic_dependence,CATSPERG,17,aquatic_specific,Cilia / flagella / reproductive-cell function,-0.232264279338058,-0.678082242765738,0.157494283447918,0.157494283447918,positive,31.2869568421539,False,0.954123739021385,3.03484557524118,heterogeneous pinniped
Odobenus_rosmarus_divergens,walrus,pinniped,marine,14,binary_aquatic_dependence,SYDE1,18,shared,Cytoskeletal / muscle / ECM / adhesion,-0.232023025562006,-0.685416069396472,0.159032310190187,0.159032310190187,positive,37.8597868017538,False,0.954123739021385,3.03484557524118,heterogeneous pinniped
Odobenus_rosmarus_divergens,walrus,pinniped,marine,14,binary_aquatic_dependence,SLC5A5,19,aquatic_specific,Transport / endocytic / epithelial solute handling,-0.231105741131879,-0.712017807133358,0.16455140301665,0.16455140301665,positive,32.94549950538,False,0.954123739021385,3.03484557524118,heterogeneous pinniped
Odobenus_rosmarus_divergens,walrus,pinniped,marine,14,binary_aquatic_dependence,SIGIRR,20,aquatic_specific,Immune / inflammatory regulation,-0.210302505536658,-0.292123625992727,0.061434330472724,0.061434330472724,positive,43.5892252019044,False,0.954123739021385,3.03484557524118,heterogeneous pinniped
Odobenus_rosmarus_divergens,walrus,pinniped,marine,14,binary_aquatic_dependence,KEAP1,21,aquatic_specific,Developmental / transcriptional signaling regulators,-0.19883739251004,-0.768664230679109,0.15283919134397,0.15283919134397,positive,33.8628089496858,False,0.954123739021385,3.03484557524118,heterogeneous pinniped
Odobenus_rosmarus_divergens,walrus,pinniped,marine,14,binary_aquatic_dependence,SYNPO2,22,aquatic_specific,Cytoskeletal / muscle / ECM / adhesion,-0.164171125185038,0.27520467182655,-0.045180660629944,0.045180660629944,negative,63.9538831447505,False,0.954123739021385,3.03484557524118,heterogeneous pinniped
Odobenus_rosmarus_divergens,walrus,pinniped,marine,14,binary_aquatic_dependence,PI4KA,23,aquatic_specific,Ion channels / mechanosensation / membrane signaling,-0.161213914772254,0.378920750883129,-0.0610872976383112,0.0610872976383112,negative,72.5404470633024,False,0.954123739021385,3.03484557524118,heterogeneous pinniped
Odobenus_rosmarus_divergens,walrus,pinniped,marine,14,binary_aquatic_dependence,H1_8,24,aquatic_specific,DNA repair / chromatin / cell-cycle,-0.160268979059258,-0.594333425128997,0.0952532112662164,0.0952532112662164,positive,37.7434695352229,False,0.954123739021385,3.03484557524118,heterogeneous pinniped
Odobenus_rosmarus_divergens,walrus,pinniped,marine,14,binary_aquatic_dependence,CATSPERZ,25,shared,Cilia / flagella / reproductive-cell function,-0.154029925159516,-0.451015820724054,0.0694699331118838,0.0694699331118838,positive,28.1289722256836,False,0.954123739021385,3.03484557524118,heterogeneous pinniped
Odobenus_rosmarus_divergens,walrus,pinniped,marine,14,binary_aquatic_dependence,TIGD7,26,aquatic_specific,Developmental / transcriptional signaling regulators,-0.153350666144971,0.407032621334491,-0.0624187236243781,0.0624187236243781,negative,150.058606956307,False,0.954123739021385,3.03484557524118,heterogeneous pinniped
Odobenus_rosmarus_divergens,walrus,pinniped,marine,14,binary_aquatic_dependence,CLASP2,27,aquatic_specific,Cytoskeletal / muscle / ECM / adhesion,-0.153215743294715,-0.621285601473915,0.0951907352281303,0.0951907352281303,positive,37.5560587364519,False,0.954123739021385,3.03484557524118,heterogeneous pinniped
Odobenus_rosmarus_divergens,walrus,pinniped,marine,14,binary_aquatic_dependence,FAM20B,28,aquatic_specific,Developmental / transcriptional signaling regulators,-0.149046125022571,-1.29900984422532,0.193612383647957,0.193612383647957,positive,0.0,False,0.954123739021385,3.03484557524118,heterogeneous pinniped
Odobenus_rosmarus_divergens,walrus,pinniped,marine,14,binary_aquatic_dependence,EHHADH,29,aquatic_specific,Metabolism / redox / lipid handling,-0.134704680594371,0.0210289014198619,-0.002832691449013,0.002832691449013,negative,61.0617041604687,False,0.954123739021385,3.03484557524118,heterogeneous pinniped
Odobenus_rosmarus_divergens,walrus,pinniped,marine,14,binary_aquatic_dependence,XCR1,30,aquatic_specific,Immune / inflammatory regulation,-0.128894917212046,0.694506140995975,-0.0895183115469341,0.0895183115469341,negative,74.8364259728558,False,0.954123739021385,3.03484557524118,heterogeneous pinniped
Odobenus_rosmarus_divergens,walrus,pinniped,marine,14,binary_aquatic_dependence,CLTCL1,31,aquatic_specific,Membrane trafficking / ER / vesicle processing,-0.122013377075862,-1.02798514439641,0.125427939051624,0.125427939051624,positive,38.7598586126952,False,0.954123739021385,3.03484557524118,heterogeneous pinniped
Odobenus_rosmarus_divergens,walrus,pinniped,marine,14,binary_aquatic_dependence,SLC6A6,32,aquatic_specific,Transport / endocytic / epithelial solute handling,-0.121595276910313,-0.335006731408617,0.0407352362724496,0.0407352362724496,positive,38.6902658251493,False,0.954123739021385,3.03484557524118,heterogeneous pinniped
Odobenus_rosmarus_divergens,walrus,pinniped,marine,14,binary_aquatic_dependence,ACOX3,33,aquatic_specific,Metabolism / redox / lipid handling,-0.118129521585615,-0.586127998193046,0.0692390200144789,0.0692390200144789,positive,44.1301037421242,False,0.954123739021385,3.03484557524118,heterogeneous pinniped
Odobenus_rosmarus_divergens,walrus,pinniped,marine,14,binary_aquatic_dependence,CORO2A,34,aquatic_specific,Cytoskeletal / muscle / ECM / adhesion,-0.110434776748237,0.83851037656799,-0.0926007062373665,0.0926007062373665,negative,84.1743310190539,False,0.954123739021385,3.03484557524118,heterogeneous pinniped
Odobenus_rosmarus_divergens,walrus,pinniped,marine,14,binary_aquatic_dependence,SEPTIN5,35,aquatic_specific,Cytoskeletal / muscle / ECM / adhesion,-0.106389612271777,0.62241064157788,-0.0662180268312988,0.0662180268312988,negative,86.9909280897576,False,0.954123739021385,3.03484557524118,heterogeneous pinniped
Odobenus_rosmarus_divergens,walrus,pinniped,marine,14,binary_aquatic_dependence,MEFV,36,aquatic_specific,Immune / inflammatory regulation,-0.106234859098565,0.902199487086207,-0.0958450353894012,0.0958450353894012,negative,91.4250047502475,False,0.954123739021385,3.03484557524118,heterogeneous pinniped
Odobenus_rosmarus_divergens,walrus,pinniped,marine,14,binary_aquatic_dependence,C1orf112,37,aquatic_specific,DNA repair / chromatin / cell-cycle,-0.10365191227098,0.410879248331237,-0.0425884198019958,0.0425884198019958,negative,66.4384561403137,False,0.954123739021385,3.03484557524118,heterogeneous pinniped
Odobenus_rosmarus_divergens,walrus,pinniped,marine,14,binary_aquatic_dependence,HPRT1,38,aquatic_specific,Metabolism / redox / lipid handling,-0.099597493197772,-0.228855814201955,0.0227934653982498,0.0227934653982498,positive,38.8087204619196,False,0.954123739021385,3.03484557524118,heterogeneous pinniped
Odobenus_rosmarus_divergens,walrus,pinniped,marine,14,binary_aquatic_dependence,CD34,39,shared,Vascular / hematologic regulation,-0.0959044894988044,-0.335087191692981,0.0321363660569034,0.0321363660569034,positive,42.4420961601957,False,0.954123739021385,3.03484557524118,heterogeneous pinniped
Odobenus_rosmarus_divergens,walrus,pinniped,marine,14,binary_aquatic_dependence,CASTOR1,40,aquatic_specific,Endocrine / circadian / systemic regulation,-0.0825057476543748,0.108898708109409,-0.0089847693311623,0.0089847693311623,negative,60.3800051414043,False,0.954123739021385,3.03484557524118,heterogeneous pinniped
Odobenus_rosmarus_divergens,walrus,pinniped,marine,14,binary_aquatic_dependence,RAC3,41,aquatic_specific,Developmental / transcriptional signaling regulators,-0.0814970345799135,0.950537116156334,-0.077465956224884,0.077465956224884,negative,100.078155874172,False,0.954123739021385,3.03484557524118,heterogeneous pinniped
Odobenus_rosmarus_divergens,walrus,pinniped,marine,14,binary_aquatic_dependence,URI1,42,aquatic_specific,Developmental / transcriptional signaling regulators,-0.078475489653661,-0.258052076229921,0.0202507630382869,0.0202507630382869,positive,43.7869501841957,False,0.954123739021385,3.03484557524118,heterogeneous pinniped
Odobenus_rosmarus_divergens,walrus,pinniped,marine,14,binary_aquatic_dependence,SPINT4,43,aquatic_specific,Epithelial / body-surface interface,-0.0769933368325998,-0.187132734226497,0.014407973638706,0.014407973638706,positive,34.0105810800258,False,0.954123739021385,3.03484557524118,heterogeneous pinniped
Odobenus_rosmarus_divergens,walrus,pinniped,marine,14,binary_aquatic_dependence,GGTLC3,44,aquatic_specific,Metabolism / redox / lipid handling,-0.0726998898105257,-0.0679670316894544,0.0049411957145718,0.0049411957145718,positive,51.436924310329,False,0.954123739021385,3.03484557524118,heterogeneous pinniped
Odobenus_rosmarus_divergens,walrus,pinniped,marine,14,binary_aquatic_dependence,KMO,45,aquatic_specific,Metabolism / redox / lipid handling,-0.0725495886342883,-0.41997999999205,0.0304693762340516,0.0304693762340516,positive,40.1533918937432,False,0.954123739021385,3.03484557524118,heterogeneous pinniped
Odobenus_rosmarus_divergens,walrus,pinniped,marine,14,binary_aquatic_dependence,PDK1,46,aquatic_specific,Metabolism / redox / lipid handling,-0.0696000509826744,-0.991392556705771,0.0690009724905656,0.0690009724905656,positive,12.2896162895811,False,0.954123739021385,3.03484557524118,heterogeneous pinniped
Odobenus_rosmarus_divergens,walrus,pinniped,marine,14,binary_aquatic_dependence,EPOR,47,shared,Vascular / hematologic regulation,-0.0639836237556098,0.2441017729129,-0.0156185159961363,0.0156185159961363,negative,59.5300842485318,False,0.954123739021385,3.03484557524118,heterogeneous pinniped
Odobenus_rosmarus_divergens,walrus,pinniped,marine,14,binary_aquatic_dependence,AC092835,48,aquatic_specific,Unassigned / low-confidence,-0.0481295116799046,-0.497910044310052,0.0239641672931625,0.0239641672931625,positive,36.5701678589667,False,0.954123739021385,3.03484557524118,heterogeneous pinniped
Odobenus_rosmarus_divergens,walrus,pinniped,marine,14,binary_aquatic_dependence,CDHR4,49,aquatic_specific,Epithelial / body-surface interface,-0.043359831407413,-0.468695574923032,0.0203225611100632,0.0203225611100632,positive,40.6668354961159,False,0.954123739021385,3.03484557524118,heterogeneous pinniped
Odobenus_rosmarus_divergens,walrus,pinniped,marine,14,binary_aquatic_dependence,PROB1,50,aquatic_specific,Unassigned / low-confidence,-0.031368805999096,0.988781656737668,-0.0310168999656686,0.0310168999656686,negative,77.3356160924785,False,0.954123739021385,3.03484557524118,heterogeneous pinniped
Odobenus_rosmarus_divergens,walrus,pinniped,marine,14,binary_aquatic_dependence,PPP1R3A,51,aquatic_specific,Metabolism / redox / lipid handling,-0.0310971405758917,0.22008933067369,-0.0068441488552136,0.0068441488552136,negative,61.0553797678236,False,0.954123739021385,3.03484557524118,heterogeneous pinniped
Odobenus_rosmarus_divergens,walrus,pinniped,marine,14,binary_aquatic_dependence,CDC14B,52,aquatic_specific,DNA repair / chromatin / cell-cycle,-0.0297700481634882,-0.982434523936149,0.0292471230950527,0.0292471230950527,positive,12.1399567554886,False,0.954123739021385,3.03484557524118,heterogeneous pinniped
Odobenus_rosmarus_divergens,walrus,pinniped,marine,14,binary_aquatic_dependence,SOX7,53,shared,Developmental / transcriptional signaling regulators,-0.0288474092932838,0.034859359930664,-0.0010056022236217,0.0010056022236217,negative,56.2636359194096,False,0.954123739021385,3.03484557524118,heterogeneous pinniped
Odobenus_rosmarus_divergens,walrus,pinniped,marine,14,binary_aquatic_dependence,MSN,54,aquatic_specific,Cytoskeletal / muscle / ECM / adhesion,-0.0286086021473059,-1.13621728324569,0.0325055882092687,0.0325055882092687,positive,14.1980903898932,False,0.954123739021385,3.03484557524118,heterogeneous pinniped
Odobenus_rosmarus_divergens,walrus,pinniped,marine,14,binary_aquatic_dependence,COMMD4,55,aquatic_specific,DNA repair / chromatin / cell-cycle,-0.0187271239132032,-0.535621476865756,0.0100306497678379,0.0100306497678379,positive,19.5930930472986,False,0.954123739021385,3.03484557524118,heterogeneous pinniped
Odobenus_rosmarus_divergens,walrus,pinniped,marine,14,binary_aquatic_dependence,NOXO1,56,aquatic_specific,Ion channels / mechanosensation / membrane signaling,-0.0179148306739576,0.173910864163797,-0.003115583683856,0.003115583683856,negative,67.1415922322649,False,0.954123739021385,3.03484557524118,heterogeneous pinniped
Odobenus_rosmarus_divergens,walrus,pinniped,marine,14,binary_aquatic_dependence,CCDC174,57,aquatic_specific,RNA processing / translation / protein homeostasis,-0.0162180345629962,-0.834931283779651,0.0135409444180651,0.0135409444180651,positive,17.3875216513101,False,0.954123739021385,3.03484557524118,heterogeneous pinniped
Odobenus_rosmarus_divergens,walrus,pinniped,marine,14,binary_aquatic_dependence,FLYWCH1,58,aquatic_specific,Developmental / transcriptional signaling regulators,-0.0104987023982283,0.212549578685777,-0.0022314947714907,0.0022314947714907,negative,68.1628105836921,False,0.954123739021385,3.03484557524118,heterogeneous pinniped
Odobenus_rosmarus_divergens,walrus,pinniped,marine,14,binary_aquatic_dependence,RHCG,59,aquatic_specific,Transport / endocytic / epithelial solute handling,-0.0101117732108071,-0.815493410917509,0.0082460844261054,0.0082460844261054,positive,20.0311096757761,False,0.954123739021385,3.03484557524118,heterogeneous pinniped
Odobenus_rosmarus_divergens,walrus,pinniped,marine,14,binary_aquatic_dependence,IP6K1,60,aquatic_specific,Ion channels / mechanosensation / membrane signaling,-0.0083253479404064,0.973838826833736,-0.0081075470712681,0.0081075470712681,negative,97.3436605568867,False,0.954123739021385,3.03484557524118,heterogeneous pinniped
Odobenus_rosmarus_divergens,walrus,pinniped,marine,14,binary_aquatic_dependence,SORBS2,61,aquatic_specific,Cytoskeletal / muscle / ECM / adhesion,-0.0080058731823396,-0.586423044530618,0.0046948285257136,0.0046948285257136,positive,39.1929831838378,False,0.954123739021385,3.03484557524118,heterogeneous pinniped
Odobenus_rosmarus_divergens,walrus,pinniped,marine,14,binary_aquatic_dependence,ASMTL,62,shared,Endocrine / circadian / systemic regulation,-0.006824245120571,-1.52365254118308,0.0103977784196143,0.0103977784196143,positive,27.818347657895,False,0.954123739021385,3.03484557524118,heterogeneous pinniped
Odobenus_rosmarus_divergens,walrus,pinniped,marine,14,binary_aquatic_dependence,TMPPE,63,aquatic_specific,Metabolism / redox / lipid handling,-0.0023245055880712,-0.252002740070207,0.0005857817775024,0.0005857817775024,positive,49.8223173448048,False,0.954123739021385,3.03484557524118,heterogeneous pinniped
Odobenus_rosmarus_divergens,walrus,pinniped,marine,14,binary_aquatic_dependence,ITGA2B,64,aquatic_specific,Vascular / hematologic regulation,-0.001292049701436,-0.807749266524525,0.0010436521986481,0.0010436521986481,positive,30.7507725525725,False,0.954123739021385,3.03484557524118,heterogeneous pinniped
Odobenus_rosmarus_divergens,walrus,pinniped,marine,14,binary_aquatic_dependence,RHOA,65,aquatic_specific,Cytoskeletal / muscle / ECM / adhesion,-0.0011344887901252,-0.717666446467379,0.0008141845385662,0.0008141845385662,positive,0.0,False,0.954123739021385,3.03484557524118,heterogeneous pinniped
Odobenus_rosmarus_divergens,walrus,pinniped,marine,14,binary_aquatic_dependence,FP565260,66,aquatic_specific,Unassigned / low-confidence,1.70815408075916e-05,-0.2493002649107,-4.2584326484155e-06,4.2584326484155e-06,negative,58.4587926159769,False,0.954123739021385,3.03484557524118,heterogeneous pinniped
Odobenus_rosmarus_divergens,walrus,pinniped,marine,14,binary_aquatic_dependence,LRIF1,67,aquatic_specific,DNA repair / chromatin / cell-cycle,0.0099754084269074,-0.686929539944194,-0.006852402721451,0.006852402721451,negative,21.5538563293477,False,0.954123739021385,3.03484557524118,heterogeneous pinniped
Odobenus_rosmarus_divergens,walrus,pinniped,marine,14,binary_aquatic_dependence,BAMBI,68,aquatic_specific,Developmental / transcriptional signaling regulators,0.0120734458485713,-0.0986499170992264,-0.0011910444320635,0.0011910444320635,negative,50.7760279888927,False,0.954123739021385,3.03484557524118,heterogeneous pinniped
Odobenus_rosmarus_divergens,walrus,pinniped,marine,14,binary_aquatic_dependence,LLGL1,69,aquatic_specific,Membrane trafficking / ER / vesicle processing,0.0221096407434654,0.748877443685975,0.0165574112407817,0.0165574112407817,positive,83.4192872385817,False,0.954123739021385,3.03484557524118,heterogeneous pinniped
Odobenus_rosmarus_divergens,walrus,pinniped,marine,14,binary_aquatic_dependence,COL20A1,70,shared,Cytoskeletal / muscle / ECM / adhesion,0.0288024871662898,0.102965737068337,0.0029656693204783,0.0029656693204783,positive,76.1051765756673,False,0.954123739021385,3.03484557524118,heterogeneous pinniped
Odobenus_rosmarus_divergens,walrus,pinniped,marine,14,binary_aquatic_dependence,TGM1,71,shared,Epithelial / body-surface interface,0.0320265937643637,-0.168087565694626,-0.0053832721833425,0.0053832721833425,negative,59.1988474164537,False,0.954123739021385,3.03484557524118,heterogeneous pinniped
Odobenus_rosmarus_divergens,walrus,pinniped,marine,14,binary_aquatic_dependence,PDE6C,72,aquatic_specific,Sensory systems,0.0369091575908715,-0.379971556285853,-0.0140244300510032,0.0140244300510032,negative,48.2816203892738,False,0.954123739021385,3.03484557524118,heterogeneous pinniped
Odobenus_rosmarus_divergens,walrus,pinniped,marine,14,binary_aquatic_dependence,TOGARAM2,73,shared,Cilia / flagella / reproductive-cell function,0.03936598299555,0.213495314289529,0.0084044529119512,0.0084044529119512,positive,81.5026780892347,False,0.954123739021385,3.03484557524118,heterogeneous pinniped
Odobenus_rosmarus_divergens,walrus,pinniped,marine,14,binary_aquatic_dependence,CSMD1,74,aquatic_specific,Immune / inflammatory regulation,0.0435717554769353,-0.932848705913598,-0.0406458557110428,0.0406458557110428,negative,46.2008994033189,False,0.954123739021385,3.03484557524118,heterogeneous pinniped
Odobenus_rosmarus_divergens,walrus,pinniped,marine,14,binary_aquatic_dependence,KRTDAP,75,shared,Epithelial / body-surface interface,0.0447305719374455,1.24119250829437,0.0555192507804796,0.0555192507804796,positive,180.982591312129,False,0.954123739021385,3.03484557524118,heterogeneous pinniped
Odobenus_rosmarus_divergens,walrus,pinniped,marine,14,binary_aquatic_dependence,CNGA4,76,aquatic_specific,Sensory systems,0.0586555487526509,0.832534866065449,0.0488327894247836,0.0488327894247836,positive,93.2324188151756,False,0.954123739021385,3.03484557524118,heterogeneous pinniped
Odobenus_rosmarus_divergens,walrus,pinniped,marine,14,binary_aquatic_dependence,ARSA,77,aquatic_specific,Metabolism / redox / lipid handling,0.0862370240736283,0.302237119168471,0.0260640297216755,0.0260640297216755,positive,59.0699330434385,False,0.954123739021385,3.03484557524118,heterogeneous pinniped
Odobenus_rosmarus_divergens,walrus,pinniped,marine,14,binary_aquatic_dependence,DEUP1,78,aquatic_specific,Cilia / flagella / reproductive-cell function,0.0985919084118505,0.485644022022923,0.0478805709400467,0.0478805709400467,positive,87.5136303894356,False,0.954123739021385,3.03484557524118,heterogeneous pinniped
Odobenus_rosmarus_divergens,walrus,pinniped,marine,14,binary_aquatic_dependence,PIEZO1,79,aquatic_specific,Ion channels / mechanosensation / membrane signaling,0.100220575454654,0.182818222791565,0.0183221474917677,0.0183221474917677,positive,75.0916742541993,False,0.954123739021385,3.03484557524118,heterogeneous pinniped
Odobenus_rosmarus_divergens,walrus,pinniped,marine,14,binary_aquatic_dependence,DBNL,80,shared,Cytoskeletal / muscle / ECM / adhesion,0.116035395287358,0.79213205141281,0.0919153557054709,0.0919153557054709,positive,103.454660042614,False,0.954123739021385,3.03484557524118,heterogeneous pinniped
Odobenus_rosmarus_divergens,walrus,pinniped,marine,14,binary_aquatic_dependence,OR6B1,81,shared,Sensory systems,0.1211331117984,0.367096749375383,0.0444675715829176,0.0444675715829176,positive,110.140405390936,False,0.954123739021385,3.03484557524118,heterogeneous pinniped
Odobenus_rosmarus_divergens,walrus,pinniped,marine,14,binary_aquatic_dependence,ABHD8,82,aquatic_specific,Metabolism / redox / lipid handling,0.123391794658719,-0.296236168934669,-0.0365531125276722,0.0365531125276722,negative,40.7492867168333,False,0.954123739021385,3.03484557524118,heterogeneous pinniped
Odobenus_rosmarus_divergens,walrus,pinniped,marine,14,binary_aquatic_dependence,FZD5,83,aquatic_specific,Developmental / transcriptional signaling regulators,0.130676120517993,0.835691393514636,0.109204909254768,0.109204909254768,positive,83.2353844494046,False,0.954123739021385,3.03484557524118,heterogeneous pinniped
Odobenus_rosmarus_divergens,walrus,pinniped,marine,14,binary_aquatic_dependence,PNPLA7,84,shared,Metabolism / redox / lipid handling,0.137885581276299,0.424394714588016,0.0585179119115577,0.0585179119115577,positive,78.3756751821448,False,0.954123739021385,3.03484557524118,heterogeneous pinniped
Odobenus_rosmarus_divergens,walrus,pinniped,marine,14,binary_aquatic_dependence,SPEF2,85,aquatic_specific,Cilia / flagella / reproductive-cell function,0.174059525751515,-0.0749834375752018,-0.013051581583558,0.013051581583558,negative,59.5137514778316,False,0.954123739021385,3.03484557524118,heterogeneous pinniped
Odobenus_rosmarus_divergens,walrus,pinniped,marine,14,binary_aquatic_dependence,GCKR,86,aquatic_specific,Endocrine / circadian / systemic regulation,0.176184373124808,0.815342056443458,0.143650529096783,0.143650529096783,positive,149.094425695304,False,0.954123739021385,3.03484557524118,heterogeneous pinniped
Odobenus_rosmarus_divergens,walrus,pinniped,marine,14,binary_aquatic_dependence,SEC61A2,87,aquatic_specific,Membrane trafficking / ER / vesicle processing,0.176583875943885,0.362616431388366,0.0640322149354975,0.0640322149354975,positive,65.1809022728162,False,0.954123739021385,3.03484557524118,heterogeneous pinniped
Odobenus_rosmarus_divergens,walrus,pinniped,marine,14,binary_aquatic_dependence,OR52W1,88,shared,Sensory systems,0.190684677268266,-0.0705290125830795,-0.013448802002454,0.013448802002454,negative,68.508916355408,False,0.954123739021385,3.03484557524118,heterogeneous pinniped
Odobenus_rosmarus_divergens,walrus,pinniped,marine,14,binary_aquatic_dependence,PRSS53,89,aquatic_specific,Epithelial / body-surface interface,0.194083977905306,-0.741811844508102,-0.143973793639404,0.143973793639404,negative,40.8424689138953,False,0.954123739021385,3.03484557524118,heterogeneous pinniped
Odobenus_rosmarus_divergens,walrus,pinniped,marine,14,binary_aquatic_dependence,KCNK18,90,shared,Ion channels / mechanosensation / membrane signaling,0.217561248206336,1.6691939121082,0.363151911016677,0.363151911016677,positive,117.770495780437,False,0.954123739021385,3.03484557524118,heterogeneous pinniped
Odobenus_rosmarus_divergens,walrus,pinniped,marine,14,binary_aquatic_dependence,SDR9C7,91,shared,Epithelial / body-surface interface,0.220181989308241,-0.745916836111372,-0.164237452833511,0.164237452833511,negative,22.4352851287772,False,0.954123739021385,3.03484557524118,heterogeneous pinniped
Odobenus_rosmarus_divergens,walrus,pinniped,marine,14,binary_aquatic_dependence,OMP,92,shared,Sensory systems,0.231144543648012,-2.82056658516719e-16,-6.51958576157301e-17,6.51958576157301e-17,negative,,True,0.954123739021385,3.03484557524118,heterogeneous pinniped
Odobenus_rosmarus_divergens,walrus,pinniped,marine,14,binary_aquatic_dependence,SYTL5,93,aquatic_specific,Membrane trafficking / ER / vesicle processing,0.265993756746688,0.173769636594371,0.0462216384462434,0.0462216384462434,positive,70.7248877280455,False,0.954123739021385,3.03484557524118,heterogeneous pinniped
Odobenus_rosmarus_divergens,walrus,pinniped,marine,14,binary_aquatic_dependence,IL33,94,shared,Immune / inflammatory regulation,0.340038935001018,-0.273655466887617,-0.0930535135176718,0.0930535135176718,negative,34.2109042130975,False,0.954123739021385,3.03484557524118,heterogeneous pinniped
Odobenus_rosmarus_divergens,walrus,pinniped,marine,14,binary_aquatic_dependence,KIF18A,95,aquatic_specific,DNA repair / chromatin / cell-cycle,0.340198342633948,-1.49637334632442,-0.509063732381182,0.509063732381182,negative,9.73749250696384,False,0.954123739021385,3.03484557524118,heterogeneous pinniped
Odobenus_rosmarus_divergens,walrus,pinniped,marine,14,binary_aquatic_dependence,FAM13A,96,aquatic_specific,Developmental / transcriptional signaling regulators,0.348973910716795,-0.743315918022293,-0.259397862810285,0.259397862810285,negative,38.8940221092489,False,0.954123739021385,3.03484557524118,heterogeneous pinniped
Odobenus_rosmarus_divergens,walrus,pinniped,marine,14,binary_aquatic_dependence,NWD1,97,aquatic_specific,Developmental / transcriptional signaling regulators,0.404558879261438,-0.136239743722582,-0.0551169980312732,0.0551169980312732,negative,68.0594635418325,False,0.954123739021385,3.03484557524118,heterogeneous pinniped
Odobenus_rosmarus_divergens,walrus,pinniped,marine,14,binary_aquatic_dependence,LRP2,98,aquatic_specific,Transport / endocytic / epithelial solute handling,0.471378525654808,-0.580017306398336,-0.273407702744321,0.273407702744321,negative,40.3008254707196,False,0.954123739021385,3.03484557524118,heterogeneous pinniped
Odobenus_rosmarus_divergens,walrus,pinniped,marine,14,binary_aquatic_dependence,CACNA1G,99,aquatic_specific,Ion channels / mechanosensation / membrane signaling,0.593854706123962,-0.0159573531605784,-0.0094763492716915,0.0094763492716915,negative,64.7045220721004,False,0.954123739021385,3.03484557524118,heterogeneous pinniped
Odobenus_rosmarus_divergens,walrus,pinniped,marine,14,binary_aquatic_dependence,PER1,100,aquatic_specific,Endocrine / circadian / systemic regulation,0.784004329488712,1.43907513093735,1.12824113311442,1.12824113311442,positive,108.161154539497,False,0.954123739021385,3.03484557524118,heterogeneous pinniped
Odobenus_rosmarus_divergens,walrus,pinniped,marine,14,binary_aquatic_dependence,TGM3,101,shared,Epithelial / body-surface interface,1.04080869919882,2.02332117055908,2.10589027559102,2.10589027559102,positive,130.228886873332,False,0.954123739021385,3.03484557524118,heterogeneous pinniped
Ursus_maritimus,polar bear,marine edge,marine,7,binary_aquatic_dependence,ATF7IP2,1,aquatic_specific,DNA repair / chromatin / cell-cycle,-0.581769927151342,-1.86768022728422,1.08656018976915,1.08656018976915,positive,0.0,False,0.946994007558615,2.88288779325788,marine-edge decoupled
Ursus_maritimus,polar bear,marine edge,marine,7,binary_aquatic_dependence,WDR93,2,shared,Cilia / flagella / reproductive-cell function,-0.4793197990576,-1.95118120400594,0.935239782629095,0.935239782629095,positive,0.0,False,0.946994007558615,2.88288779325788,marine-edge decoupled
Ursus_maritimus,polar bear,marine edge,marine,7,binary_aquatic_dependence,PMIS2,3,aquatic_specific,Developmental / transcriptional signaling regulators,-0.39072525213697,-0.611015480962672,0.238739177858732,0.238739177858732,positive,24.7272595294404,False,0.946994007558615,2.88288779325788,marine-edge decoupled
Ursus_maritimus,polar bear,marine edge,marine,7,binary_aquatic_dependence,PFKP,4,aquatic_specific,Metabolism / redox / lipid handling,-0.356881027792284,-0.445745525232592,0.159078121178819,0.159078121178819,positive,42.813321793892,False,0.946994007558615,2.88288779325788,marine-edge decoupled
Ursus_maritimus,polar bear,marine edge,marine,7,binary_aquatic_dependence,PDGFB,5,aquatic_specific,Vascular / hematologic regulation,-0.348561123284862,-1.26540545001707,0.441071145068738,0.441071145068738,positive,0.0,False,0.946994007558615,2.88288779325788,marine-edge decoupled
Ursus_maritimus,polar bear,marine edge,marine,7,binary_aquatic_dependence,PUSL1,6,shared,Metabolism / redox / lipid handling,-0.314220898750119,-1.658852287477,0.521246056664714,0.521246056664714,positive,0.0,False,0.946994007558615,2.88288779325788,marine-edge decoupled
Ursus_maritimus,polar bear,marine edge,marine,7,binary_aquatic_dependence,SMCO3,7,aquatic_specific,Unassigned / low-confidence,-0.307082295991399,0.0813388286932791,-0.0249777142683832,0.0249777142683832,negative,70.2884905996775,False,0.946994007558615,2.88288779325788,marine-edge decoupled
Ursus_maritimus,polar bear,marine edge,marine,7,binary_aquatic_dependence,GGTLC1,8,aquatic_specific,Metabolism / redox / lipid handling,-0.291163814888646,0.211028906937364,-0.061443981595664,0.061443981595664,negative,73.7372102171012,False,0.946994007558615,2.88288779325788,marine-edge decoupled
Ursus_maritimus,polar bear,marine edge,marine,7,binary_aquatic_dependence,C16orf91,9,aquatic_specific,Unassigned / low-confidence,-0.262195862787636,0.0,0.0,0.0,zero,,True,0.946994007558615,2.88288779325788,marine-edge decoupled
Ursus_maritimus,polar bear,marine edge,marine,7,binary_aquatic_dependence,HGFAC,10,shared,Vascular / hematologic regulation,-0.251889764940469,-0.697264316055528,0.175633744672604,0.175633744672604,positive,34.2874577517543,False,0.946994007558615,2.88288779325788,marine-edge decoupled
Ursus_maritimus,polar bear,marine edge,marine,7,binary_aquatic_dependence,NLRP8,11,aquatic_specific,Immune / inflammatory regulation,-0.249357601464042,-2.2142429145082,0.552138302220514,0.552138302220514,positive,9.6464369599598,False,0.946994007558615,2.88288779325788,marine-edge decoupled
Ursus_maritimus,polar bear,marine edge,marine,7,binary_aquatic_dependence,FN3K,12,shared,Metabolism / redox / lipid handling,-0.244837253974046,-8.370020057499379e-16,2.04929272658583e-16,2.04929272658583e-16,positive,,True,0.946994007558615,2.88288779325788,marine-edge decoupled
Ursus_maritimus,polar bear,marine edge,marine,7,binary_aquatic_dependence,NUBP2,13,shared,Metabolism / redox / lipid handling,-0.239999172123246,-1.5002722057086,0.36006408732958,0.36006408732958,positive,0.0,False,0.946994007558615,2.88288779325788,marine-edge decoupled
Ursus_maritimus,polar bear,marine edge,marine,7,binary_aquatic_dependence,ACADSB,14,aquatic_specific,Metabolism / redox / lipid handling,-0.238865076823398,-1.85410187467603,0.442880186732896,0.442880186732896,positive,0.0,False,0.946994007558615,2.88288779325788,marine-edge decoupled
Ursus_maritimus,polar bear,marine edge,marine,7,binary_aquatic_dependence,TTC28,15,aquatic_specific,Developmental / transcriptional signaling regulators,-0.237914556985983,-0.245257375987704,0.0583502999556593,0.0583502999556593,positive,50.5761096085034,False,0.946994007558615,2.88288779325788,marine-edge decoupled
Ursus_maritimus,polar bear,marine edge,marine,7,binary_aquatic_dependence,SLC6A15,16,aquatic_specific,Transport / endocytic / epithelial solute handling,-0.23289351110375,-1.75837801236207,0.409514829146635,0.409514829146635,positive,0.0,False,0.946994007558615,2.88288779325788,marine-edge decoupled
Ursus_maritimus,polar bear,marine edge,marine,7,binary_aquatic_dependence,CATSPERG,17,aquatic_specific,Cilia / flagella / reproductive-cell function,-0.232264279338058,-1.7027379813463,0.395485210138937,0.395485210138937,positive,7.06649121334331,False,0.946994007558615,2.88288779325788,marine-edge decoupled
Ursus_maritimus,polar bear,marine edge,marine,7,binary_aquatic_dependence,SYDE1,18,shared,Cytoskeletal / muscle / ECM / adhesion,-0.232023025562006,2.60710780476216e-16,-6.04909040827236e-17,6.04909040827236e-17,negative,,True,0.946994007558615,2.88288779325788,marine-edge decoupled
Ursus_maritimus,polar bear,marine edge,marine,7,binary_aquatic_dependence,SLC5A5,19,aquatic_specific,Transport / endocytic / epithelial solute handling,-0.231105741131879,-1.23733142522671,0.285954396052784,0.285954396052784,positive,16.8784439736976,False,0.946994007558615,2.88288779325788,marine-edge decoupled
Ursus_maritimus,polar bear,marine edge,marine,7,binary_aquatic_dependence,SIGIRR,20,aquatic_specific,Immune / inflammatory regulation,-0.210302505536658,4.89382562981977,-1.02918379161061,1.02918379161061,negative,429.575932782603,False,0.946994007558615,2.88288779325788,marine-edge decoupled
Ursus_maritimus,polar bear,marine edge,marine,7,binary_aquatic_dependence,KEAP1,21,aquatic_specific,Developmental / transcriptional signaling regulators,-0.19883739251004,1.82253461968111,-0.36238803153667,0.36238803153667,negative,104.650196360843,False,0.946994007558615,2.88288779325788,marine-edge decoupled
Ursus_maritimus,polar bear,marine edge,marine,7,binary_aquatic_dependence,SYNPO2,22,aquatic_specific,Cytoskeletal / muscle / ECM / adhesion,-0.164171125185038,-0.58010878029823,0.0952371111912805,0.0952371111912805,positive,34.2109405688323,False,0.946994007558615,2.88288779325788,marine-edge decoupled
Ursus_maritimus,polar bear,marine edge,marine,7,binary_aquatic_dependence,PI4KA,23,aquatic_specific,Ion channels / mechanosensation / membrane signaling,-0.161213914772254,-1.03458582431405,0.166789630905547,0.166789630905547,positive,28.1313533469639,False,0.946994007558615,2.88288779325788,marine-edge decoupled
Ursus_maritimus,polar bear,marine edge,marine,7,binary_aquatic_dependence,H1_8,24,aquatic_specific,DNA repair / chromatin / cell-cycle,-0.160268979059258,-1.16924389013557,0.187393524543303,0.187393524543303,positive,20.8363027489361,False,0.946994007558615,2.88288779325788,marine-edge decoupled
Ursus_maritimus,polar bear,marine edge,marine,7,binary_aquatic_dependence,CATSPERZ,25,shared,Cilia / flagella / reproductive-cell function,-0.154029925159516,-0.421614532938133,0.064941254954625,0.064941254954625,positive,29.2041951229631,False,0.946994007558615,2.88288779325788,marine-edge decoupled
Ursus_maritimus,polar bear,marine edge,marine,7,binary_aquatic_dependence,TIGD7,26,aquatic_specific,Developmental / transcriptional signaling regulators,-0.153350666144971,-0.166024860736591,0.0254600229905823,0.0254600229905823,positive,94.4876850004814,False,0.946994007558615,2.88288779325788,marine-edge decoupled
Ursus_maritimus,polar bear,marine edge,marine,7,binary_aquatic_dependence,CLASP2,27,aquatic_specific,Cytoskeletal / muscle / ECM / adhesion,-0.153215743294715,-1.33305945919722,0.204245695896953,0.204245695896953,positive,16.3125765434162,False,0.946994007558615,2.88288779325788,marine-edge decoupled
Ursus_maritimus,polar bear,marine edge,marine,7,binary_aquatic_dependence,FAM20B,28,aquatic_specific,Developmental / transcriptional signaling regulators,-0.149046125022571,-0.248640354518402,0.0370588813652062,0.0370588813652062,positive,46.1410240540038,False,0.946994007558615,2.88288779325788,marine-edge decoupled
Ursus_maritimus,polar bear,marine edge,marine,7,binary_aquatic_dependence,EHHADH,29,aquatic_specific,Metabolism / redox / lipid handling,-0.134704680594371,-1.4011124717875,0.188736407988926,0.188736407988926,positive,0.0,False,0.946994007558615,2.88288779325788,marine-edge decoupled
Ursus_maritimus,polar bear,marine edge,marine,7,binary_aquatic_dependence,XCR1,30,aquatic_specific,Immune / inflammatory regulation,-0.128894917212046,-1.52011371360658,0.195934931268217,0.195934931268217,positive,0.0,False,0.946994007558615,2.88288779325788,marine-edge decoupled
Ursus_maritimus,polar bear,marine edge,marine,7,binary_aquatic_dependence,CLTCL1,31,aquatic_specific,Membrane trafficking / ER / vesicle processing,-0.122013377075862,-0.965041799665842,0.117748008996597,0.117748008996597,positive,40.1488420485818,False,0.946994007558615,2.88288779325788,marine-edge decoupled
Ursus_maritimus,polar bear,marine edge,marine,7,binary_aquatic_dependence,SLC6A6,32,aquatic_specific,Transport / endocytic / epithelial solute handling,-0.121595276910313,1.4258500973872,-0.173376637424394,0.173376637424394,negative,144.535742714893,False,0.946994007558615,2.88288779325788,marine-edge decoupled
Ursus_maritimus,polar bear,marine edge,marine,7,binary_aquatic_dependence,ACOX3,33,aquatic_specific,Metabolism / redox / lipid handling,-0.118129521585615,-2.07564579847057,0.245195045154521,0.245195045154521,positive,9.5053733650334,False,0.946994007558615,2.88288779325788,marine-edge decoupled
Ursus_maritimus,polar bear,marine edge,marine,7,binary_aquatic_dependence,CORO2A,34,aquatic_specific,Cytoskeletal / muscle / ECM / adhesion,-0.110434776748237,-0.934215400014091,0.103169869135322,0.103169869135322,positive,24.6150029348557,False,0.946994007558615,2.88288779325788,marine-edge decoupled
Ursus_maritimus,polar bear,marine edge,marine,7,binary_aquatic_dependence,SEPTIN5,35,aquatic_specific,Cytoskeletal / muscle / ECM / adhesion,-0.106389612271777,-5.93340695997027e-16,6.31252865921902e-17,6.31252865921902e-17,positive,,True,0.946994007558615,2.88288779325788,marine-edge decoupled
Ursus_maritimus,polar bear,marine edge,marine,7,binary_aquatic_dependence,MEFV,36,aquatic_specific,Immune / inflammatory regulation,-0.106234859098565,-1.47932589150819,0.157155977645232,0.157155977645232,positive,11.3831426215698,False,0.946994007558615,2.88288779325788,marine-edge decoupled
Ursus_maritimus,polar bear,marine edge,marine,7,binary_aquatic_dependence,C1orf112,37,aquatic_specific,DNA repair / chromatin / cell-cycle,-0.10365191227098,0.190165141247568,-0.0197109805375915,0.0197109805375915,negative,60.5117497558706,False,0.946994007558615,2.88288779325788,marine-edge decoupled
Ursus_maritimus,polar bear,marine edge,marine,7,binary_aquatic_dependence,HPRT1,38,aquatic_specific,Metabolism / redox / lipid handling,-0.099597493197772,-0.87763128091248,0.0874098755308328,0.0874098755308328,positive,0.0,False,0.946994007558615,2.88288779325788,marine-edge decoupled
Ursus_maritimus,polar bear,marine edge,marine,7,binary_aquatic_dependence,CD34,39,shared,Vascular / hematologic regulation,-0.0959044894988044,-1.59394436228612,0.152866420354548,0.152866420354548,positive,0.0,False,0.946994007558615,2.88288779325788,marine-edge decoupled
Ursus_maritimus,polar bear,marine edge,marine,7,binary_aquatic_dependence,CASTOR1,40,aquatic_specific,Endocrine / circadian / systemic regulation,-0.0825057476543748,-0.225622114526472,0.0186151212463676,0.0186151212463676,positive,45.3182644383559,False,0.946994007558615,2.88288779325788,marine-edge decoupled
Ursus_maritimus,polar bear,marine edge,marine,7,binary_aquatic_dependence,RAC3,41,aquatic_specific,Developmental / transcriptional signaling regulators,-0.0814970345799135,-1.04721769203214,0.0853451364602407,0.0853451364602407,positive,0.0,False,0.946994007558615,2.88288779325788,marine-edge decoupled
Ursus_maritimus,polar bear,marine edge,marine,7,binary_aquatic_dependence,URI1,42,aquatic_specific,Developmental / transcriptional signaling regulators,-0.078475489653661,-0.792452850299548,0.0621881254546964,0.0621881254546964,positive,21.7494335858987,False,0.946994007558615,2.88288779325788,marine-edge decoupled
Ursus_maritimus,polar bear,marine edge,marine,7,binary_aquatic_dependence,SPINT4,43,aquatic_specific,Epithelial / body-surface interface,-0.0769933368325998,-1.15218095632319,0.088710256462298,0.088710256462298,positive,0.0,False,0.946994007558615,2.88288779325788,marine-edge decoupled
Ursus_maritimus,polar bear,marine edge,marine,7,binary_aquatic_dependence,GGTLC3,44,aquatic_specific,Metabolism / redox / lipid handling,-0.0726998898105257,0.0670120696364411,-0.0048717700785445,0.0048717700785445,negative,60.3665702468597,False,0.946994007558615,2.88288779325788,marine-edge decoupled
Ursus_maritimus,polar bear,marine edge,marine,7,binary_aquatic_dependence,KMO,45,aquatic_specific,Metabolism / redox / lipid handling,-0.0725495886342883,0.257518077523614,-0.0186828305902309,0.0186828305902309,negative,64.6462751574695,False,0.946994007558615,2.88288779325788,marine-edge decoupled
Ursus_maritimus,polar bear,marine edge,marine,7,binary_aquatic_dependence,PDK1,46,aquatic_specific,Metabolism / redox / lipid handling,-0.0696000509826744,-1.30619216428056,0.0909110412270968,0.0909110412270968,positive,0.0,False,0.946994007558615,2.88288779325788,marine-edge decoupled
Ursus_maritimus,polar bear,marine edge,marine,7,binary_aquatic_dependence,EPOR,47,shared,Vascular / hematologic regulation,-0.0639836237556098,1.25091549762637,-0.080038106550187,0.080038106550187,negative,88.727657287912,False,0.946994007558615,2.88288779325788,marine-edge decoupled
Ursus_maritimus,polar bear,marine edge,marine,7,binary_aquatic_dependence,AC092835,48,aquatic_specific,Unassigned / low-confidence,-0.0481295116799046,2.79280332724271,-0.134416260358205,0.134416260358205,negative,166.602892360575,False,0.946994007558615,2.88288779325788,marine-edge decoupled
Ursus_maritimus,polar bear,marine edge,marine,7,binary_aquatic_dependence,CDHR4,49,aquatic_specific,Epithelial / body-surface interface,-0.043359831407413,-0.607283454887885,0.02633170822045,0.02633170822045,positive,37.5990777054992,False,0.946994007558615,2.88288779325788,marine-edge decoupled
Ursus_maritimus,polar bear,marine edge,marine,7,binary_aquatic_dependence,PROB1,50,aquatic_specific,Unassigned / low-confidence,-0.031368805999096,-3.40241970290549e-16,1.0672984358794401e-17,1.0672984358794401e-17,positive,,True,0.946994007558615,2.88288779325788,marine-edge decoupled
Ursus_maritimus,polar bear,marine edge,marine,7,binary_aquatic_dependence,PPP1R3A,51,aquatic_specific,Metabolism / redox / lipid handling,-0.0310971405758917,-2.08646902070018,0.0648832204439566,0.0648832204439566,positive,8.66001900611646,False,0.946994007558615,2.88288779325788,marine-edge decoupled
Ursus_maritimus,polar bear,marine edge,marine,7,binary_aquatic_dependence,CDC14B,52,aquatic_specific,DNA repair / chromatin / cell-cycle,-0.0297700481634882,-0.20435775844707,0.0060837403115517,0.0060837403115517,positive,44.1707745451465,False,0.946994007558615,2.88288779325788,marine-edge decoupled
Ursus_maritimus,polar bear,marine edge,marine,7,binary_aquatic_dependence,SOX7,53,shared,Developmental / transcriptional signaling regulators,-0.0288474092932838,1.7227404707353702e-15,-4.96965994654077e-17,4.96965994654077e-17,negative,,True,0.946994007558615,2.88288779325788,marine-edge decoupled
Ursus_maritimus,polar bear,marine edge,marine,7,binary_aquatic_dependence,MSN,54,aquatic_specific,Cytoskeletal / muscle / ECM / adhesion,-0.0286086021473059,-1.5324271734663,0.0438405993254177,0.0438405993254177,positive,0.0,False,0.946994007558615,2.88288779325788,marine-edge decoupled
Ursus_maritimus,polar bear,marine edge,marine,7,binary_aquatic_dependence,COMMD4,55,aquatic_specific,DNA repair / chromatin / cell-cycle,-0.0187271239132032,-0.795274683135835,0.0148932075361182,0.0148932075361182,positive,0.0,False,0.946994007558615,2.88288779325788,marine-edge decoupled
Ursus_maritimus,polar bear,marine edge,marine,7,binary_aquatic_dependence,NOXO1,56,aquatic_specific,Ion channels / mechanosensation / membrane signaling,-0.0179148306739576,-1.80724838407096,0.0323765487864146,0.0323765487864146,positive,0.0,False,0.946994007558615,2.88288779325788,marine-edge decoupled
Ursus_maritimus,polar bear,marine edge,marine,7,binary_aquatic_dependence,CCDC174,57,aquatic_specific,RNA processing / translation / protein homeostasis,-0.0162180345629962,-0.665939303110424,0.0108002266347024,0.0108002266347024,positive,27.3182242499578,False,0.946994007558615,2.88288779325788,marine-edge decoupled
Ursus_maritimus,polar bear,marine edge,marine,7,binary_aquatic_dependence,FLYWCH1,58,aquatic_specific,Developmental / transcriptional signaling regulators,-0.0104987023982283,-1.08854594110384,0.0114283198824486,0.0114283198824486,positive,14.0964511548757,False,0.946994007558615,2.88288779325788,marine-edge decoupled
Ursus_maritimus,polar bear,marine edge,marine,7,binary_aquatic_dependence,RHCG,59,aquatic_specific,Transport / endocytic / epithelial solute handling,-0.0101117732108071,-0.669587146998001,0.0067707133753151,0.0067707133753151,positive,25.7572578244171,False,0.946994007558615,2.88288779325788,marine-edge decoupled
Ursus_maritimus,polar bear,marine edge,marine,7,binary_aquatic_dependence,IP6K1,60,aquatic_specific,Ion channels / mechanosensation / membrane signaling,-0.0083253479404064,-1.38698614519953,0.0115471422473092,0.0115471422473092,positive,0.0,False,0.946994007558615,2.88288779325788,marine-edge decoupled
Ursus_maritimus,polar bear,marine edge,marine,7,binary_aquatic_dependence,SORBS2,61,aquatic_specific,Cytoskeletal / muscle / ECM / adhesion,-0.0080058731823396,-1.27461567802689,0.0102044114745051,0.0102044114745051,positive,19.8372997499677,False,0.946994007558615,2.88288779325788,marine-edge decoupled
Ursus_maritimus,polar bear,marine edge,marine,7,binary_aquatic_dependence,ASMTL,62,shared,Endocrine / circadian / systemic regulation,-0.006824245120571,-0.822896731451043,0.0056156490043386,0.0056156490043386,positive,54.301716194776,False,0.946994007558615,2.88288779325788,marine-edge decoupled
Ursus_maritimus,polar bear,marine edge,marine,7,binary_aquatic_dependence,TMPPE,63,aquatic_specific,Metabolism / redox / lipid handling,-0.0023245055880712,-1.64328586424533,0.0038198271742367,0.0038198271742367,positive,0.0,False,0.946994007558615,2.88288779325788,marine-edge decoupled
Ursus_maritimus,polar bear,marine edge,marine,7,binary_aquatic_dependence,ITGA2B,64,aquatic_specific,Vascular / hematologic regulation,-0.001292049701436,-1.2920399691898,0.001669379856435,0.001669379856435,positive,18.4069776110062,False,0.946994007558615,2.88288779325788,marine-edge decoupled
Ursus_maritimus,polar bear,marine edge,marine,7,binary_aquatic_dependence,RHOA,65,aquatic_specific,Cytoskeletal / muscle / ECM / adhesion,-0.0011344887901252,-0.717666446467379,0.0008141845385662,0.0008141845385662,positive,0.0,False,0.946994007558615,2.88288779325788,marine-edge decoupled
Ursus_maritimus,polar bear,marine edge,marine,7,binary_aquatic_dependence,FP565260,66,aquatic_specific,Unassigned / low-confidence,1.70815408075916e-05,-1.1327701892452,-1.93494602132151e-05,1.93494602132151e-05,negative,31.8635430223932,False,0.946994007558615,2.88288779325788,marine-edge decoupled
Ursus_maritimus,polar bear,marine edge,marine,7,binary_aquatic_dependence,LRIF1,67,aquatic_specific,DNA repair / chromatin / cell-cycle,0.0099754084269074,-0.0164887942300252,-0.0001644824569117,0.0001644824569117,negative,45.4062364361814,False,0.946994007558615,2.88288779325788,marine-edge decoupled
Ursus_maritimus,polar bear,marine edge,marine,7,binary_aquatic_dependence,BAMBI,68,aquatic_specific,Developmental / transcriptional signaling regulators,0.0120734458485713,0.0316341856896111,0.0003819336278871,0.0003819336278871,positive,58.5862321339242,False,0.946994007558615,2.88288779325788,marine-edge decoupled
Ursus_maritimus,polar bear,marine edge,marine,7,binary_aquatic_dependence,LLGL1,69,aquatic_specific,Membrane trafficking / ER / vesicle processing,0.0221096407434654,4.45669035576254,0.0985358226707769,0.0985358226707769,positive,196.263734757532,False,0.946994007558615,2.88288779325788,marine-edge decoupled
Ursus_maritimus,polar bear,marine edge,marine,7,binary_aquatic_dependence,COL20A1,70,shared,Cytoskeletal / muscle / ECM / adhesion,0.0288024871662898,-1.53740942133635,-0.0442812151273732,0.0442812151273732,negative,28.6272617645306,False,0.946994007558615,2.88288779325788,marine-edge decoupled
Ursus_maritimus,polar bear,marine edge,marine,7,binary_aquatic_dependence,TGM1,71,shared,Epithelial / body-surface interface,0.0320265937643637,0.567047704821909,0.0181606064873461,0.0181606064873461,positive,79.7416004602857,False,0.946994007558615,2.88288779325788,marine-edge decoupled
Ursus_maritimus,polar bear,marine edge,marine,7,binary_aquatic_dependence,PDE6C,72,aquatic_specific,Sensory systems,0.0369091575908715,-0.832186912745028,-0.030715317907567,0.030715317907567,negative,30.5406723165455,False,0.946994007558615,2.88288779325788,marine-edge decoupled
Ursus_maritimus,polar bear,marine edge,marine,7,binary_aquatic_dependence,TOGARAM2,73,shared,Cilia / flagella / reproductive-cell function,0.03936598299555,0.695242531598569,0.0273689056766924,0.0273689056766924,positive,98.8397118248985,False,0.946994007558615,2.88288779325788,marine-edge decoupled
Ursus_maritimus,polar bear,marine edge,marine,7,binary_aquatic_dependence,CSMD1,74,aquatic_specific,Immune / inflammatory regulation,0.0435717554769353,-2.44388890904568,-0.106484529957733,0.106484529957733,negative,19.8825855168921,False,0.946994007558615,2.88288779325788,marine-edge decoupled
Ursus_maritimus,polar bear,marine edge,marine,7,binary_aquatic_dependence,KRTDAP,75,shared,Epithelial / body-surface interface,0.0447305719374455,-0.790419657023155,-0.0353559233292452,0.0353559233292452,negative,0.0,False,0.946994007558615,2.88288779325788,marine-edge decoupled
Ursus_maritimus,polar bear,marine edge,marine,7,binary_aquatic_dependence,CNGA4,76,aquatic_specific,Sensory systems,0.0586555487526509,1.2219730595354,0.0716755003680048,0.0716755003680048,positive,106.572714057137,False,0.946994007558615,2.88288779325788,marine-edge decoupled
Ursus_maritimus,polar bear,marine edge,marine,7,binary_aquatic_dependence,ARSA,77,aquatic_specific,Metabolism / redox / lipid handling,0.0862370240736283,-1.649017438422,-0.142206356535031,0.142206356535031,negative,0.0,False,0.946994007558615,2.88288779325788,marine-edge decoupled
Ursus_maritimus,polar bear,marine edge,marine,7,binary_aquatic_dependence,DEUP1,78,aquatic_specific,Cilia / flagella / reproductive-cell function,0.0985919084118505,-1.57213863793855,-0.155000148602369,0.155000148602369,negative,0.0,False,0.946994007558615,2.88288779325788,marine-edge decoupled
Ursus_maritimus,polar bear,marine edge,marine,7,binary_aquatic_dependence,PIEZO1,79,aquatic_specific,Ion channels / mechanosensation / membrane signaling,0.100220575454654,4.70956009487196e-16,4.7199482284634e-17,4.7199482284634e-17,positive,,True,0.946994007558615,2.88288779325788,marine-edge decoupled
Ursus_maritimus,polar bear,marine edge,marine,7,binary_aquatic_dependence,DBNL,80,shared,Cytoskeletal / muscle / ECM / adhesion,0.116035395287358,12.413182385186,1.44036852483912,1.44036852483912,positive,721.614454175668,False,0.946994007558615,2.88288779325788,marine-edge decoupled
Ursus_maritimus,polar bear,marine edge,marine,7,binary_aquatic_dependence,OR6B1,81,shared,Sensory systems,0.1211331117984,-0.659455090934641,-0.0798818472562102,0.0798818472562102,negative,35.7411504620235,False,0.946994007558615,2.88288779325788,marine-edge decoupled
Ursus_maritimus,polar bear,marine edge,marine,7,binary_aquatic_dependence,ABHD8,82,aquatic_specific,Metabolism / redox / lipid handling,0.123391794658719,1.2052155324110501e-15,1.48713707494763e-16,1.48713707494763e-16,positive,,True,0.946994007558615,2.88288779325788,marine-edge decoupled
Ursus_maritimus,polar bear,marine edge,marine,7,binary_aquatic_dependence,FZD5,83,aquatic_specific,Developmental / transcriptional signaling regulators,0.130676120517993,-1.0313366608223101e-15,-1.34771073784241e-16,1.34771073784241e-16,negative,,True,0.946994007558615,2.88288779325788,marine-edge decoupled
Ursus_maritimus,polar bear,marine edge,marine,7,binary_aquatic_dependence,PNPLA7,84,shared,Metabolism / redox / lipid handling,0.137885581276299,-1.24231006267629,-0.171296645117517,0.171296645117517,negative,20.5058034062264,False,0.946994007558615,2.88288779325788,marine-edge decoupled
Ursus_maritimus,polar bear,marine edge,marine,7,binary_aquatic_dependence,SPEF2,85,aquatic_specific,Cilia / flagella / reproductive-cell function,0.174059525751515,-1.91491368171705,-0.333308967294758,0.333308967294758,negative,18.9468002437001,False,0.946994007558615,2.88288779325788,marine-edge decoupled
Ursus_maritimus,polar bear,marine edge,marine,7,binary_aquatic_dependence,GCKR,86,aquatic_specific,Endocrine / circadian / systemic regulation,0.176184373124808,-1.13182563400673,-0.199409989814065,0.199409989814065,negative,17.9658065744701,False,0.946994007558615,2.88288779325788,marine-edge decoupled
Ursus_maritimus,polar bear,marine edge,marine,7,binary_aquatic_dependence,SEC61A2,87,aquatic_specific,Membrane trafficking / ER / vesicle processing,0.176583875943885,-1.31034677313231,-0.231386112030266,0.231386112030266,negative,0.0,False,0.946994007558615,2.88288779325788,marine-edge decoupled
Ursus_maritimus,polar bear,marine edge,marine,7,binary_aquatic_dependence,OR52W1,88,shared,Sensory systems,0.190684677268266,-0.853433241739846,-0.162736642271173,0.162736642271173,negative,35.2457405278074,False,0.946994007558615,2.88288779325788,marine-edge decoupled
Ursus_maritimus,polar bear,marine edge,marine,7,binary_aquatic_dependence,PRSS53,89,aquatic_specific,Epithelial / body-surface interface,0.194083977905306,0.476393528082346,0.0924603509785647,0.0924603509785647,positive,77.9425745301418,False,0.946994007558615,2.88288779325788,marine-edge decoupled
Ursus_maritimus,polar bear,marine edge,marine,7,binary_aquatic_dependence,KCNK18,90,shared,Ion channels / mechanosensation / membrane signaling,0.217561248206336,6.71590448965567,1.46112056360403,1.46112056360403,positive,287.963981474554,False,0.946994007558615,2.88288779325788,marine-edge decoupled
Ursus_maritimus,polar bear,marine edge,marine,7,binary_aquatic_dependence,SDR9C7,91,shared,Epithelial / body-surface interface,0.220181989308241,-1.24292619273643,-0.273669961680025,0.273669961680025,negative,0.0,False,0.946994007558615,2.88288779325788,marine-edge decoupled
Ursus_maritimus,polar bear,marine edge,marine,7,binary_aquatic_dependence,OMP,92,shared,Sensory systems,0.231144543648012,-2.82056658516719e-16,-6.51958576157301e-17,6.51958576157301e-17,negative,,True,0.946994007558615,2.88288779325788,marine-edge decoupled
Ursus_maritimus,polar bear,marine edge,marine,7,binary_aquatic_dependence,SYTL5,93,aquatic_specific,Membrane trafficking / ER / vesicle processing,0.265993756746688,-1.48392277110541,-0.394714192608283,0.394714192608283,negative,19.2471610767738,False,0.946994007558615,2.88288779325788,marine-edge decoupled
Ursus_maritimus,polar bear,marine edge,marine,7,binary_aquatic_dependence,IL33,94,shared,Immune / inflammatory regulation,0.340038935001018,-0.478396088153661,-0.162673296324424,0.162673296324424,negative,27.0537823097639,False,0.946994007558615,2.88288779325788,marine-edge decoupled
Ursus_maritimus,polar bear,marine edge,marine,7,binary_aquatic_dependence,KIF18A,95,aquatic_specific,DNA repair / chromatin / cell-cycle,0.340198342633948,-1.85798808163465,-0.632084466005735,0.632084466005735,negative,0.0,False,0.946994007558615,2.88288779325788,marine-edge decoupled
Ursus_maritimus,polar bear,marine edge,marine,7,binary_aquatic_dependence,FAM13A,96,aquatic_specific,Developmental / transcriptional signaling regulators,0.348973910716795,-1.08324595301585,-0.378024576492084,0.378024576492084,negative,30.4414832352705,False,0.946994007558615,2.88288779325788,marine-edge decoupled
Ursus_maritimus,polar bear,marine edge,marine,7,binary_aquatic_dependence,NWD1,97,aquatic_specific,Developmental / transcriptional signaling regulators,0.404558879261438,-1.50608790841859,-0.609301236299028,0.609301236299028,negative,22.4615425222114,False,0.946994007558615,2.88288779325788,marine-edge decoupled
Ursus_maritimus,polar bear,marine edge,marine,7,binary_aquatic_dependence,LRP2,98,aquatic_specific,Transport / endocytic / epithelial solute handling,0.471378525654808,-1.49674810576912,-0.705534915374073,0.705534915374073,negative,25.1163698700679,False,0.946994007558615,2.88288779325788,marine-edge decoupled
Ursus_maritimus,polar bear,marine edge,marine,7,binary_aquatic_dependence,CACNA1G,99,aquatic_specific,Ion channels / mechanosensation / membrane signaling,0.593854706123962,-0.32901011982756,-0.195384208022006,0.195384208022006,negative,57.2739224355589,False,0.946994007558615,2.88288779325788,marine-edge decoupled
Ursus_maritimus,polar bear,marine edge,marine,7,binary_aquatic_dependence,PER1,100,aquatic_specific,Endocrine / circadian / systemic regulation,0.784004329488712,1.28498946054675,1.00743730041601,1.00743730041601,positive,103.495489466115,False,0.946994007558615,2.88288779325788,marine-edge decoupled
Ursus_maritimus,polar bear,marine edge,marine,7,binary_aquatic_dependence,TGM3,101,shared,Epithelial / body-surface interface,1.04080869919882,-0.307313848523263,-0.319854926927279,0.319854926927279,negative,48.6244028635808,False,0.946994007558615,2.88288779325788,marine-edge decoupled
Enhydra_lutris_kenyoni,sea otter,marine edge,marine,13,binary_aquatic_dependence,ATF7IP2,1,aquatic_specific,DNA repair / chromatin / cell-cycle,-0.581769927151342,-0.47711932055003,0.277573672358889,0.277573672358889,positive,45.671714929125,False,0.947979632638984,2.90269769555183,marine-edge decoupled
Enhydra_lutris_kenyoni,sea otter,marine edge,marine,13,binary_aquatic_dependence,WDR93,2,shared,Cilia / flagella / reproductive-cell function,-0.4793197990576,0.293968302587385,-0.140904827725489,0.140904827725489,negative,58.6233903534687,False,0.947979632638984,2.90269769555183,marine-edge decoupled
Enhydra_lutris_kenyoni,sea otter,marine edge,marine,13,binary_aquatic_dependence,PMIS2,3,aquatic_specific,Developmental / transcriptional signaling regulators,-0.39072525213697,-0.381966330084321,0.149243890630029,0.149243890630029,positive,35.9753863034241,False,0.947979632638984,2.90269769555183,marine-edge decoupled
Enhydra_lutris_kenyoni,sea otter,marine edge,marine,13,binary_aquatic_dependence,PFKP,4,aquatic_specific,Metabolism / redox / lipid handling,-0.356881027792284,-0.165495822322339,0.0590623191657254,0.0590623191657254,positive,53.3607411767021,False,0.947979632638984,2.90269769555183,marine-edge decoupled
Enhydra_lutris_kenyoni,sea otter,marine edge,marine,13,binary_aquatic_dependence,PDGFB,5,aquatic_specific,Vascular / hematologic regulation,-0.348561123284862,-1.26540545001707,0.441071145068738,0.441071145068738,positive,0.0,False,0.947979632638984,2.90269769555183,marine-edge decoupled
Enhydra_lutris_kenyoni,sea otter,marine edge,marine,13,binary_aquatic_dependence,PUSL1,6,shared,Metabolism / redox / lipid handling,-0.314220898750119,0.678983607132185,-0.213350839269673,0.213350839269673,negative,77.1368541789333,False,0.947979632638984,2.90269769555183,marine-edge decoupled
Enhydra_lutris_kenyoni,sea otter,marine edge,marine,13,binary_aquatic_dependence,SMCO3,7,aquatic_specific,Unassigned / low-confidence,-0.307082295991399,-1.04300225274641,0.32028752649757,0.32028752649757,positive,0.0,False,0.947979632638984,2.90269769555183,marine-edge decoupled
Enhydra_lutris_kenyoni,sea otter,marine edge,marine,13,binary_aquatic_dependence,GGTLC1,8,aquatic_specific,Metabolism / redox / lipid handling,-0.291163814888646,0.490166860251707,-0.142718852962876,0.142718852962876,negative,90.2204926092506,False,0.947979632638984,2.90269769555183,marine-edge decoupled
Enhydra_lutris_kenyoni,sea otter,marine edge,marine,13,binary_aquatic_dependence,C16orf91,9,aquatic_specific,Unassigned / low-confidence,-0.262195862787636,-0.374644915051714,0.098230346740985,0.098230346740985,positive,38.5493039607146,False,0.947979632638984,2.90269769555183,marine-edge decoupled
Enhydra_lutris_kenyoni,sea otter,marine edge,marine,13,binary_aquatic_dependence,HGFAC,10,shared,Vascular / hematologic regulation,-0.251889764940469,-0.716213495820356,0.180406849109381,0.180406849109381,positive,33.4547718048997,False,0.947979632638984,2.90269769555183,marine-edge decoupled
Enhydra_lutris_kenyoni,sea otter,marine edge,marine,13,binary_aquatic_dependence,NLRP8,11,aquatic_specific,Immune / inflammatory regulation,-0.249357601464042,-0.620643424713409,0.154762155750964,0.154762155750964,positive,53.0505287225275,False,0.947979632638984,2.90269769555183,marine-edge decoupled
Enhydra_lutris_kenyoni,sea otter,marine edge,marine,13,binary_aquatic_dependence,FN3K,12,shared,Metabolism / redox / lipid handling,-0.244837253974046,-0.924667458791637,0.226393041449704,0.226393041449704,positive,18.9707612178154,False,0.947979632638984,2.90269769555183,marine-edge decoupled
Enhydra_lutris_kenyoni,sea otter,marine edge,marine,13,binary_aquatic_dependence,NUBP2,13,shared,Metabolism / redox / lipid handling,-0.239999172123246,-0.79986276110973,0.191966400478549,0.191966400478549,positive,26.2741897399782,False,0.947979632638984,2.90269769555183,marine-edge decoupled
Enhydra_lutris_kenyoni,sea otter,marine edge,marine,13,binary_aquatic_dependence,ACADSB,14,aquatic_specific,Metabolism / redox / lipid handling,-0.238865076823398,0.601438793895999,-0.14366272370854,0.14366272370854,negative,73.6669393528361,False,0.947979632638984,2.90269769555183,marine-edge decoupled
Enhydra_lutris_kenyoni,sea otter,marine edge,marine,13,binary_aquatic_dependence,TTC28,15,aquatic_specific,Developmental / transcriptional signaling regulators,-0.237914556985983,-0.141242442779052,0.0336036332013963,0.0336036332013963,positive,53.3668268065278,False,0.947979632638984,2.90269769555183,marine-edge decoupled
Enhydra_lutris_kenyoni,sea otter,marine edge,marine,13,binary_aquatic_dependence,SLC6A15,16,aquatic_specific,Transport / endocytic / epithelial solute handling,-0.23289351110375,-0.532609942133044,0.12404139947213,0.12404139947213,positive,38.3929906685611,False,0.947979632638984,2.90269769555183,marine-edge decoupled
Enhydra_lutris_kenyoni,sea otter,marine edge,marine,13,binary_aquatic_dependence,CATSPERG,17,aquatic_specific,Cilia / flagella / reproductive-cell function,-0.232264279338058,-0.899949625740163,0.209026151263094,0.209026151263094,positive,26.0425307181853,False,0.947979632638984,2.90269769555183,marine-edge decoupled
Enhydra_lutris_kenyoni,sea otter,marine edge,marine,13,binary_aquatic_dependence,SYDE1,18,shared,Cytoskeletal / muscle / ECM / adhesion,-0.232023025562006,-1.48894400444288,0.345469292803247,0.345469292803247,positive,15.9603879282336,False,0.947979632638984,2.90269769555183,marine-edge decoupled
Enhydra_lutris_kenyoni,sea otter,marine edge,marine,13,binary_aquatic_dependence,SLC5A5,19,aquatic_specific,Transport / endocytic / epithelial solute handling,-0.231105741131879,0.312896908691329,-0.0723122719809835,0.0723122719809835,negative,64.2931765638248,False,0.947979632638984,2.90269769555183,marine-edge decoupled
Enhydra_lutris_kenyoni,sea otter,marine edge,marine,13,binary_aquatic_dependence,SIGIRR,20,aquatic_specific,Immune / inflammatory regulation,-0.210302505536658,1.3870782771518,-0.291706037060494,0.291706037060494,negative,168.57109100623,False,0.947979632638984,2.90269769555183,marine-edge decoupled
Enhydra_lutris_kenyoni,sea otter,marine edge,marine,13,binary_aquatic_dependence,KEAP1,21,aquatic_specific,Developmental / transcriptional signaling regulators,-0.19883739251004,-0.230198464468832,0.0457720624347978,0.0457720624347978,positive,48.5728281344634,False,0.947979632638984,2.90269769555183,marine-edge decoupled
Enhydra_lutris_kenyoni,sea otter,marine edge,marine,13,binary_aquatic_dependence,SYNPO2,22,aquatic_specific,Cytoskeletal / muscle / ECM / adhesion,-0.164171125185038,-0.228885678988873,0.0375764194583447,0.0375764194583447,positive,46.4244846299353,False,0.947979632638984,2.90269769555183,marine-edge decoupled
Enhydra_lutris_kenyoni,sea otter,marine edge,marine,13,binary_aquatic_dependence,PI4KA,23,aquatic_specific,Ion channels / mechanosensation / membrane signaling,-0.161213914772254,-0.562820160657816,0.0907344414123954,0.0907344414123954,positive,42.9531348208405,False,0.947979632638984,2.90269769555183,marine-edge decoupled
Enhydra_lutris_kenyoni,sea otter,marine edge,marine,13,binary_aquatic_dependence,H1_8,24,aquatic_specific,DNA repair / chromatin / cell-cycle,-0.160268979059258,-0.935490707079984,0.149930140543132,0.149930140543132,positive,27.7105976057901,False,0.947979632638984,2.90269769555183,marine-edge decoupled
Enhydra_lutris_kenyoni,sea otter,marine edge,marine,13,binary_aquatic_dependence,CATSPERZ,25,shared,Cilia / flagella / reproductive-cell function,-0.154029925159516,-0.382780812739619,0.0589596999387822,0.0589596999387822,positive,30.6243677850593,False,0.947979632638984,2.90269769555183,marine-edge decoupled
Enhydra_lutris_kenyoni,sea otter,marine edge,marine,13,binary_aquatic_dependence,TIGD7,26,aquatic_specific,Developmental / transcriptional signaling regulators,-0.153350666144971,0.213091547986582,-0.0326777308336055,0.0326777308336055,negative,131.2516205924,False,0.947979632638984,2.90269769555183,marine-edge decoupled
Enhydra_lutris_kenyoni,sea otter,marine edge,marine,13,binary_aquatic_dependence,CLASP2,27,aquatic_specific,Cytoskeletal / muscle / ECM / adhesion,-0.153215743294715,-0.690540129480777,0.105801619213226,0.105801619213226,positive,35.4890998048515,False,0.947979632638984,2.90269769555183,marine-edge decoupled
Enhydra_lutris_kenyoni,sea otter,marine edge,marine,13,binary_aquatic_dependence,FAM20B,28,aquatic_specific,Developmental / transcriptional signaling regulators,-0.149046125022571,-0.922226184882877,0.137454239251142,0.137454239251142,positive,16.5514936022428,False,0.947979632638984,2.90269769555183,marine-edge decoupled
Enhydra_lutris_kenyoni,sea otter,marine edge,marine,13,binary_aquatic_dependence,EHHADH,29,aquatic_specific,Metabolism / redox / lipid handling,-0.134704680594371,-0.0294419787028847,0.0039659723372383,0.0039659723372383,positive,58.8946636616587,False,0.947979632638984,2.90269769555183,marine-edge decoupled
Enhydra_lutris_kenyoni,sea otter,marine edge,marine,13,binary_aquatic_dependence,XCR1,30,aquatic_specific,Immune / inflammatory regulation,-0.128894917212046,0.394350287016062,-0.050829747597482,0.050829747597482,negative,64.6935604602921,False,0.947979632638984,2.90269769555183,marine-edge decoupled
Enhydra_lutris_kenyoni,sea otter,marine edge,marine,13,binary_aquatic_dependence,CLTCL1,31,aquatic_specific,Membrane trafficking / ER / vesicle processing,-0.122013377075862,-0.6534852241283,0.0797339390650707,0.0797339390650707,positive,47.02402360456,False,0.947979632638984,2.90269769555183,marine-edge decoupled
Enhydra_lutris_kenyoni,sea otter,marine edge,marine,13,binary_aquatic_dependence,SLC6A6,32,aquatic_specific,Transport / endocytic / epithelial solute handling,-0.121595276910313,-0.568206162825181,0.0690911857108743,0.0690911857108743,positive,24.6725986161786,False,0.947979632638984,2.90269769555183,marine-edge decoupled
Enhydra_lutris_kenyoni,sea otter,marine edge,marine,13,binary_aquatic_dependence,ACOX3,33,aquatic_specific,Metabolism / redox / lipid handling,-0.118129521585615,-0.48024040955632,0.0567305698269681,0.0567305698269681,positive,46.591523945457,False,0.947979632638984,2.90269769555183,marine-edge decoupled
Enhydra_lutris_kenyoni,sea otter,marine edge,marine,13,binary_aquatic_dependence,CORO2A,34,aquatic_specific,Cytoskeletal / muscle / ECM / adhesion,-0.110434776748237,-0.416341131199281,0.0459785398751013,0.0459785398751013,positive,42.01433445593,False,0.947979632638984,2.90269769555183,marine-edge decoupled
Enhydra_lutris_kenyoni,sea otter,marine edge,marine,13,binary_aquatic_dependence,SEPTIN5,35,aquatic_specific,Cytoskeletal / muscle / ECM / adhesion,-0.106389612271777,0.295477898756055,-0.0314357790835361,0.0314357790835361,negative,71.3304694654709,False,0.947979632638984,2.90269769555183,marine-edge decoupled
Enhydra_lutris_kenyoni,sea otter,marine edge,marine,13,binary_aquatic_dependence,MEFV,36,aquatic_specific,Immune / inflammatory regulation,-0.106234859098565,-0.657513187796815,0.0698508208610432,0.0698508208610432,positive,39.0038514820756,False,0.947979632638984,2.90269769555183,marine-edge decoupled
Enhydra_lutris_kenyoni,sea otter,marine edge,marine,13,binary_aquatic_dependence,C1orf112,37,aquatic_specific,DNA repair / chromatin / cell-cycle,-0.10365191227098,0.162456937949709,-0.0168389722801754,0.0168389722801754,negative,59.7677176341512,False,0.947979632638984,2.90269769555183,marine-edge decoupled
Enhydra_lutris_kenyoni,sea otter,marine edge,marine,13,binary_aquatic_dependence,HPRT1,38,aquatic_specific,Metabolism / redox / lipid handling,-0.099597493197772,-0.231627437114844,0.023069512092463,0.023069512092463,positive,38.6429263707874,False,0.947979632638984,2.90269769555183,marine-edge decoupled
Enhydra_lutris_kenyoni,sea otter,marine edge,marine,13,binary_aquatic_dependence,CD34,39,shared,Vascular / hematologic regulation,-0.0959044894988044,-0.295114529002946,0.0283028082477077,0.0283028082477077,positive,43.7897658031864,False,0.947979632638984,2.90269769555183,marine-edge decoupled
Enhydra_lutris_kenyoni,sea otter,marine edge,marine,13,binary_aquatic_dependence,CASTOR1,40,aquatic_specific,Endocrine / circadian / systemic regulation,-0.0825057476543748,-0.255581533877406,0.0210869455392073,0.0210869455392073,positive,43.969346896177,False,0.947979632638984,2.90269769555183,marine-edge decoupled
Enhydra_lutris_kenyoni,sea otter,marine edge,marine,13,binary_aquatic_dependence,RAC3,41,aquatic_specific,Developmental / transcriptional signaling regulators,-0.0814970345799135,-1.04721769203214,0.0853451364602407,0.0853451364602407,positive,0.0,False,0.947979632638984,2.90269769555183,marine-edge decoupled
Enhydra_lutris_kenyoni,sea otter,marine edge,marine,13,binary_aquatic_dependence,URI1,42,aquatic_specific,Developmental / transcriptional signaling regulators,-0.078475489653661,-0.972075708313133,0.0762841171903025,0.0762841171903025,positive,14.3421806271068,False,0.947979632638984,2.90269769555183,marine-edge decoupled
Enhydra_lutris_kenyoni,sea otter,marine edge,marine,13,binary_aquatic_dependence,SPINT4,43,aquatic_specific,Epithelial / body-surface interface,-0.0769933368325998,-0.622368770133619,0.0479182483529886,0.0479182483529886,positive,18.6718341146072,False,0.947979632638984,2.90269769555183,marine-edge decoupled
Enhydra_lutris_kenyoni,sea otter,marine edge,marine,13,binary_aquatic_dependence,GGTLC3,44,aquatic_specific,Metabolism / redox / lipid handling,-0.0726998898105257,0.271629850362396,-0.0197474601905957,0.0197474601905957,negative,73.9032164109938,False,0.947979632638984,2.90269769555183,marine-edge decoupled
Enhydra_lutris_kenyoni,sea otter,marine edge,marine,13,binary_aquatic_dependence,KMO,45,aquatic_specific,Metabolism / redox / lipid handling,-0.0725495886342883,0.998669441904029,-0.0724530571917716,0.0724530571917716,negative,91.4403494891436,False,0.947979632638984,2.90269769555183,marine-edge decoupled
Enhydra_lutris_kenyoni,sea otter,marine edge,marine,13,binary_aquatic_dependence,PDK1,46,aquatic_specific,Metabolism / redox / lipid handling,-0.0696000509826744,0.829692266781545,-0.0577466240679263,0.0577466240679263,negative,83.3838399573208,False,0.947979632638984,2.90269769555183,marine-edge decoupled
Enhydra_lutris_kenyoni,sea otter,marine edge,marine,13,binary_aquatic_dependence,EPOR,47,shared,Vascular / hematologic regulation,-0.0639836237556098,-0.360796115665954,0.0230850429172559,0.0230850429172559,positive,41.9880604862174,False,0.947979632638984,2.90269769555183,marine-edge decoupled
Enhydra_lutris_kenyoni,sea otter,marine edge,marine,13,binary_aquatic_dependence,AC092835,48,aquatic_specific,Unassigned / low-confidence,-0.0481295116799046,-0.407654933305487,0.0196202328738972,0.0196202328738972,positive,40.1366036614811,False,0.947979632638984,2.90269769555183,marine-edge decoupled
Enhydra_lutris_kenyoni,sea otter,marine edge,marine,13,binary_aquatic_dependence,CDHR4,49,aquatic_specific,Epithelial / body-surface interface,-0.043359831407413,-0.278692705423368,0.0120840687216331,0.0120840687216331,positive,44.8727067692384,False,0.947979632638984,2.90269769555183,marine-edge decoupled
Enhydra_lutris_kenyoni,sea otter,marine edge,marine,13,binary_aquatic_dependence,PROB1,50,aquatic_specific,Unassigned / low-confidence,-0.031368805999096,0.475344374384897,-0.0149109854628415,0.0149109854628415,negative,66.6132724929328,False,0.947979632638984,2.90269769555183,marine-edge decoupled
Enhydra_lutris_kenyoni,sea otter,marine edge,marine,13,binary_aquatic_dependence,PPP1R3A,51,aquatic_specific,Metabolism / redox / lipid handling,-0.0310971405758917,0.378888831197222,-0.0117823592463753,0.0117823592463753,negative,64.6626403921878,False,0.947979632638984,2.90269769555183,marine-edge decoupled
Enhydra_lutris_kenyoni,sea otter,marine edge,marine,13,binary_aquatic_dependence,CDC14B,52,aquatic_specific,DNA repair / chromatin / cell-cycle,-0.0297700481634882,-1.2773323422659,0.038026245350037,0.038026245350037,positive,0.0,False,0.947979632638984,2.90269769555183,marine-edge decoupled
Enhydra_lutris_kenyoni,sea otter,marine edge,marine,13,binary_aquatic_dependence,SOX7,53,shared,Developmental / transcriptional signaling regulators,-0.0288474092932838,-1.16861569615197,0.0337115352934516,0.0337115352934516,positive,11.5901388973841,False,0.947979632638984,2.90269769555183,marine-edge decoupled
Enhydra_lutris_kenyoni,sea otter,marine edge,marine,13,binary_aquatic_dependence,MSN,54,aquatic_specific,Cytoskeletal / muscle / ECM / adhesion,-0.0286086021473059,-0.216777683938674,0.0062017065142159,0.0062017065142159,positive,47.1459971969133,False,0.947979632638984,2.90269769555183,marine-edge decoupled
Enhydra_lutris_kenyoni,sea otter,marine edge,marine,13,binary_aquatic_dependence,COMMD4,55,aquatic_specific,DNA repair / chromatin / cell-cycle,-0.0187271239132032,0.368623538647307,-0.0069032586855715,0.0069032586855715,negative,87.8262451851355,False,0.947979632638984,2.90269769555183,marine-edge decoupled
Enhydra_lutris_kenyoni,sea otter,marine edge,marine,13,binary_aquatic_dependence,NOXO1,56,aquatic_specific,Ion channels / mechanosensation / membrane signaling,-0.0179148306739576,0.785483125383602,-0.0140717971884982,0.0140717971884982,negative,87.8678086734577,False,0.947979632638984,2.90269769555183,marine-edge decoupled
Enhydra_lutris_kenyoni,sea otter,marine edge,marine,13,binary_aquatic_dependence,CCDC174,57,aquatic_specific,RNA processing / translation / protein homeostasis,-0.0162180345629962,-0.124620808568212,0.0020211045806277,0.0020211045806277,positive,59.1284495586271,False,0.947979632638984,2.90269769555183,marine-edge decoupled
Enhydra_lutris_kenyoni,sea otter,marine edge,marine,13,binary_aquatic_dependence,FLYWCH1,58,aquatic_specific,Developmental / transcriptional signaling regulators,-0.0104987023982283,0.074042244483698,-0.0007773474897312,0.0007773474897312,negative,62.4072090920294,False,0.947979632638984,2.90269769555183,marine-edge decoupled
Enhydra_lutris_kenyoni,sea otter,marine edge,marine,13,binary_aquatic_dependence,RHCG,59,aquatic_specific,Transport / endocytic / epithelial solute handling,-0.0101117732108071,0.0692171945404351,-0.0006999085734811,0.0006999085734811,negative,54.7519219249392,False,0.947979632638984,2.90269769555183,marine-edge decoupled
Enhydra_lutris_kenyoni,sea otter,marine edge,marine,13,binary_aquatic_dependence,IP6K1,60,aquatic_specific,Ion channels / mechanosensation / membrane signaling,-0.0083253479404064,-0.239011309899085,0.0019898523166022,0.0019898523166022,positive,47.3343318624299,False,0.947979632638984,2.90269769555183,marine-edge decoupled
Enhydra_lutris_kenyoni,sea otter,marine edge,marine,13,binary_aquatic_dependence,SORBS2,61,aquatic_specific,Cytoskeletal / muscle / ECM / adhesion,-0.0080058731823396,0.0028129889542262,-2.25204328308575e-05,2.25204328308575e-05,negative,55.7654740488154,False,0.947979632638984,2.90269769555183,marine-edge decoupled
Enhydra_lutris_kenyoni,sea otter,marine edge,marine,13,binary_aquatic_dependence,ASMTL,62,shared,Endocrine / circadian / systemic regulation,-0.006824245120571,-0.679317259709817,0.0046358274948943,0.0046358274948943,positive,59.7279545671808,False,0.947979632638984,2.90269769555183,marine-edge decoupled
Enhydra_lutris_kenyoni,sea otter,marine edge,marine,13,binary_aquatic_dependence,TMPPE,63,aquatic_specific,Metabolism / redox / lipid handling,-0.0023245055880712,-0.53961001056234,0.0012543264849313,0.0012543264849313,positive,39.5230041050012,False,0.947979632638984,2.90269769555183,marine-edge decoupled
Enhydra_lutris_kenyoni,sea otter,marine edge,marine,13,binary_aquatic_dependence,ITGA2B,64,aquatic_specific,Vascular / hematologic regulation,-0.001292049701436,-0.257703035164205,0.000332965129643,0.000332965129643,positive,44.7705706839975,False,0.947979632638984,2.90269769555183,marine-edge decoupled
Enhydra_lutris_kenyoni,sea otter,marine edge,marine,13,binary_aquatic_dependence,RHOA,65,aquatic_specific,Cytoskeletal / muscle / ECM / adhesion,-0.0011344887901252,-0.717666446467379,0.0008141845385662,0.0008141845385662,positive,0.0,False,0.947979632638984,2.90269769555183,marine-edge decoupled
Enhydra_lutris_kenyoni,sea otter,marine edge,marine,13,binary_aquatic_dependence,FP565260,66,aquatic_specific,Unassigned / low-confidence,1.70815408075916e-05,2.71051841640454,4.62998309395426e-05,4.62998309395426e-05,positive,147.5587318591,False,0.947979632638984,2.90269769555183,marine-edge decoupled
Enhydra_lutris_kenyoni,sea otter,marine edge,marine,13,binary_aquatic_dependence,LRIF1,67,aquatic_specific,DNA repair / chromatin / cell-cycle,0.0099754084269074,-0.168516364936927,-0.0016810195668636,0.0016810195668636,negative,39.9975266786072,False,0.947979632638984,2.90269769555183,marine-edge decoupled
Enhydra_lutris_kenyoni,sea otter,marine edge,marine,13,binary_aquatic_dependence,BAMBI,68,aquatic_specific,Developmental / transcriptional signaling regulators,0.0120734458485713,0.368222424425145,0.0044457135015266,0.0044457135015266,positive,78.7638501323524,False,0.947979632638984,2.90269769555183,marine-edge decoupled
Enhydra_lutris_kenyoni,sea otter,marine edge,marine,13,binary_aquatic_dependence,LLGL1,69,aquatic_specific,Membrane trafficking / ER / vesicle processing,0.0221096407434654,0.10079364795075,0.0022285113454144,0.0022285113454144,positive,63.6953530461287,False,0.947979632638984,2.90269769555183,marine-edge decoupled
Enhydra_lutris_kenyoni,sea otter,marine edge,marine,13,binary_aquatic_dependence,COL20A1,70,shared,Cytoskeletal / muscle / ECM / adhesion,0.0288024871662898,-9.81977963743573e-16,-2.8283407698303704e-17,2.8283407698303704e-17,negative,,True,0.947979632638984,2.90269769555183,marine-edge decoupled
Enhydra_lutris_kenyoni,sea otter,marine edge,marine,13,binary_aquatic_dependence,TGM1,71,shared,Epithelial / body-surface interface,0.0320265937643637,-0.387555614101448,-0.0124120862139256,0.0124120862139256,negative,53.0659925525247,False,0.947979632638984,2.90269769555183,marine-edge decoupled
Enhydra_lutris_kenyoni,sea otter,marine edge,marine,13,binary_aquatic_dependence,PDE6C,72,aquatic_specific,Sensory systems,0.0369091575908715,-0.522459053615035,-0.0192835235446549,0.0192835235446549,negative,42.6916658354898,False,0.947979632638984,2.90269769555183,marine-edge decoupled
Enhydra_lutris_kenyoni,sea otter,marine edge,marine,13,binary_aquatic_dependence,TOGARAM2,73,shared,Cilia / flagella / reproductive-cell function,0.03936598299555,-0.814784440006677,-0.0320747904103416,0.0320747904103416,negative,44.497127980375,False,0.947979632638984,2.90269769555183,marine-edge decoupled
Enhydra_lutris_kenyoni,sea otter,marine edge,marine,13,binary_aquatic_dependence,CSMD1,74,aquatic_specific,Immune / inflammatory regulation,0.0435717554769353,0.221832481443259,0.0096656306382874,0.0096656306382874,positive,66.3123841041355,False,0.947979632638984,2.90269769555183,marine-edge decoupled
Enhydra_lutris_kenyoni,sea otter,marine edge,marine,13,binary_aquatic_dependence,KRTDAP,75,shared,Epithelial / body-surface interface,0.0447305719374455,-0.790419657023155,-0.0353559233292452,0.0353559233292452,negative,0.0,False,0.947979632638984,2.90269769555183,marine-edge decoupled
Enhydra_lutris_kenyoni,sea otter,marine edge,marine,13,binary_aquatic_dependence,CNGA4,76,aquatic_specific,Sensory systems,0.0586555487526509,0.514672133911131,0.0301883764422552,0.0301883764422552,positive,82.3439575279746,False,0.947979632638984,2.90269769555183,marine-edge decoupled
Enhydra_lutris_kenyoni,sea otter,marine edge,marine,13,binary_aquatic_dependence,ARSA,77,aquatic_specific,Metabolism / redox / lipid handling,0.0862370240736283,2.30123709529696,0.198451838786251,0.198451838786251,positive,119.585253448152,False,0.947979632638984,2.90269769555183,marine-edge decoupled
Enhydra_lutris_kenyoni,sea otter,marine edge,marine,13,binary_aquatic_dependence,DEUP1,78,aquatic_specific,Cilia / flagella / reproductive-cell function,0.0985919084118505,-0.445912301892318,-0.0439633448278848,0.0439633448278848,negative,47.8962901307777,False,0.947979632638984,2.90269769555183,marine-edge decoupled
Enhydra_lutris_kenyoni,sea otter,marine edge,marine,13,binary_aquatic_dependence,PIEZO1,79,aquatic_specific,Ion channels / mechanosensation / membrane signaling,0.100220575454654,0.892594630717986,0.0894563475382905,0.0894563475382905,positive,96.5088113331021,False,0.947979632638984,2.90269769555183,marine-edge decoupled
Enhydra_lutris_kenyoni,sea otter,marine edge,marine,13,binary_aquatic_dependence,DBNL,80,shared,Cytoskeletal / muscle / ECM / adhesion,0.116035395287358,0.917960364540378,0.10651589375757,0.10651589375757,positive,110.147859185982,False,0.947979632638984,2.90269769555183,marine-edge decoupled
Enhydra_lutris_kenyoni,sea otter,marine edge,marine,13,binary_aquatic_dependence,OR6B1,81,shared,Sensory systems,0.1211331117984,-0.641813103813299,-0.0777448184578946,0.0777448184578946,negative,37.0197519371297,False,0.947979632638984,2.90269769555183,marine-edge decoupled
Enhydra_lutris_kenyoni,sea otter,marine edge,marine,13,binary_aquatic_dependence,ABHD8,82,aquatic_specific,Metabolism / redox / lipid handling,0.123391794658719,-0.700091335309028,-0.0863855262888,0.0863855262888,negative,28.8445133775606,False,0.947979632638984,2.90269769555183,marine-edge decoupled
Enhydra_lutris_kenyoni,sea otter,marine edge,marine,13,binary_aquatic_dependence,FZD5,83,aquatic_specific,Developmental / transcriptional signaling regulators,0.130676120517993,0.42287888460656,0.0552601720893614,0.0552601720893614,positive,69.0149586380278,False,0.947979632638984,2.90269769555183,marine-edge decoupled
Enhydra_lutris_kenyoni,sea otter,marine edge,marine,13,binary_aquatic_dependence,PNPLA7,84,shared,Metabolism / redox / lipid handling,0.137885581276299,1.02035466776356,0.140692196472564,0.140692196472564,positive,99.0680776665602,False,0.947979632638984,2.90269769555183,marine-edge decoupled
Enhydra_lutris_kenyoni,sea otter,marine edge,marine,13,binary_aquatic_dependence,SPEF2,85,aquatic_specific,Cilia / flagella / reproductive-cell function,0.174059525751515,-0.448637759134636,-0.0780896755891973,0.0780896755891973,negative,51.2753866325416,False,0.947979632638984,2.90269769555183,marine-edge decoupled
Enhydra_lutris_kenyoni,sea otter,marine edge,marine,13,binary_aquatic_dependence,GCKR,86,aquatic_specific,Endocrine / circadian / systemic regulation,0.176184373124808,5.04355967802436,0.88859640019028,0.88859640019028,positive,433.83638232262,False,0.947979632638984,2.90269769555183,marine-edge decoupled
Enhydra_lutris_kenyoni,sea otter,marine edge,marine,13,binary_aquatic_dependence,SEC61A2,87,aquatic_specific,Membrane trafficking / ER / vesicle processing,0.176583875943885,1.26033117220754,0.222554163361307,0.222554163361307,positive,100.157079054281,False,0.947979632638984,2.90269769555183,marine-edge decoupled
Enhydra_lutris_kenyoni,sea otter,marine edge,marine,13,binary_aquatic_dependence,OR52W1,88,shared,Sensory systems,0.190684677268266,2.11830612523917,0.403928519846623,0.403928519846623,positive,161.505741938315,False,0.947979632638984,2.90269769555183,marine-edge decoupled
Enhydra_lutris_kenyoni,sea otter,marine edge,marine,13,binary_aquatic_dependence,PRSS53,89,aquatic_specific,Epithelial / body-surface interface,0.194083977905306,0.567427709487118,0.110128627030956,0.110128627030956,positive,80.7149951915478,False,0.947979632638984,2.90269769555183,marine-edge decoupled
Enhydra_lutris_kenyoni,sea otter,marine edge,marine,13,binary_aquatic_dependence,KCNK18,90,shared,Ion channels / mechanosensation / membrane signaling,0.217561248206336,0.450514130565094,0.0980144165803343,0.0980144165803343,positive,76.6721691023575,False,0.947979632638984,2.90269769555183,marine-edge decoupled
Enhydra_lutris_kenyoni,sea otter,marine edge,marine,13,binary_aquatic_dependence,SDR9C7,91,shared,Epithelial / body-surface interface,0.220181989308241,-0.65466832083001,-0.144146173217437,0.144146173217437,negative,26.5542950239155,False,0.947979632638984,2.90269769555183,marine-edge decoupled
Enhydra_lutris_kenyoni,sea otter,marine edge,marine,13,binary_aquatic_dependence,OMP,92,shared,Sensory systems,0.231144543648012,-0.275980272578545,-0.0637913341610218,0.0637913341610218,negative,54.447766462593,False,0.947979632638984,2.90269769555183,marine-edge decoupled
Enhydra_lutris_kenyoni,sea otter,marine edge,marine,13,binary_aquatic_dependence,SYTL5,93,aquatic_specific,Membrane trafficking / ER / vesicle processing,0.265993756746688,0.0731890539758851,0.0194678314197818,0.0194678314197818,positive,67.6014736891017,False,0.947979632638984,2.90269769555183,marine-edge decoupled
Enhydra_lutris_kenyoni,sea otter,marine edge,marine,13,binary_aquatic_dependence,IL33,94,shared,Immune / inflammatory regulation,0.340038935001018,-0.174978062939409,-0.0594993541704578,0.0594993541704578,negative,37.6603721535318,False,0.947979632638984,2.90269769555183,marine-edge decoupled
Enhydra_lutris_kenyoni,sea otter,marine edge,marine,13,binary_aquatic_dependence,KIF18A,95,aquatic_specific,DNA repair / chromatin / cell-cycle,0.340198342633948,0.544461222593375,0.185224805554719,0.185224805554719,positive,64.6926958831236,False,0.947979632638984,2.90269769555183,marine-edge decoupled
Enhydra_lutris_kenyoni,sea otter,marine edge,marine,13,binary_aquatic_dependence,FAM13A,96,aquatic_specific,Developmental / transcriptional signaling regulators,0.348973910716795,-0.257052662715064,-0.0897046729678413,0.0897046729678413,negative,50.9852133702668,False,0.947979632638984,2.90269769555183,marine-edge decoupled
Enhydra_lutris_kenyoni,sea otter,marine edge,marine,13,binary_aquatic_dependence,NWD1,97,aquatic_specific,Developmental / transcriptional signaling regulators,0.404558879261438,-0.0442165822184871,-0.0178882109470824,0.0178882109470824,negative,71.122624086469,False,0.947979632638984,2.90269769555183,marine-edge decoupled
Enhydra_lutris_kenyoni,sea otter,marine edge,marine,13,binary_aquatic_dependence,LRP2,98,aquatic_specific,Transport / endocytic / epithelial solute handling,0.471378525654808,-0.0782548819564345,-0.0368876708819152,0.0368876708819152,negative,48.6118686485455,False,0.947979632638984,2.90269769555183,marine-edge decoupled
Enhydra_lutris_kenyoni,sea otter,marine edge,marine,13,binary_aquatic_dependence,CACNA1G,99,aquatic_specific,Ion channels / mechanosensation / membrane signaling,0.593854706123962,-0.182657296890945,-0.108471895366569,0.108471895366569,negative,60.7477433012805,False,0.947979632638984,2.90269769555183,marine-edge decoupled
Enhydra_lutris_kenyoni,sea otter,marine edge,marine,13,binary_aquatic_dependence,PER1,100,aquatic_specific,Endocrine / circadian / systemic regulation,0.784004329488712,0.785685343158253,0.615980710651895,0.615980710651895,positive,88.3767196571513,False,0.947979632638984,2.90269769555183,marine-edge decoupled
Enhydra_lutris_kenyoni,sea otter,marine edge,marine,13,binary_aquatic_dependence,TGM3,101,shared,Epithelial / body-surface interface,1.04080869919882,0.505829821411823,0.526472078439609,0.526472078439609,positive,77.0956860407189,False,0.947979632638984,2.90269769555183,marine-edge decoupled
