perm_id	seed	matched_terminal_positive_count	matched_terminal_negative_count	post_ASR_screened_branch_positive_count	post_ASR_screened_branch_negative_count	count_scope_note	n_positive	n_negative	n_tested_genes	n_sig_FDR_0_01	n_slow	n_fast	slow_proportion	slow_proportion_defined	positive_t_all	negative_t_all	notes	permutation_source	public_count_scope
1	20260520	17	251	17	550	matched_terminal_* are fixed sampled terminal labels; post_ASR_screened_branch_* are per-permutation branch-state counts after deterministic ASR and screening; legacy n_positive/n_negative duplicate the post-ASR screened branch counts for backward compatibility.	17	550	17258	4	0	4	0.0	True	7614	9644	Matched-positive eligible-terminal-label permutation followed by deterministic ASR; old BH/FDR while-loop rule.	matched_positive_ttest_FDR_control	terminal_label_matched_positive_count_permutation
2	20260520	17	251	18	549	matched_terminal_* are fixed sampled terminal labels; post_ASR_screened_branch_* are per-permutation branch-state counts after deterministic ASR and screening; legacy n_positive/n_negative duplicate the post-ASR screened branch counts for backward compatibility.	18	549	17331	16	0	16	0.0	True	6799	10532	Matched-positive eligible-terminal-label permutation followed by deterministic ASR; old BH/FDR while-loop rule.	matched_positive_ttest_FDR_control	terminal_label_matched_positive_count_permutation
3	20260520	17	251	18	549	matched_terminal_* are fixed sampled terminal labels; post_ASR_screened_branch_* are per-permutation branch-state counts after deterministic ASR and screening; legacy n_positive/n_negative duplicate the post-ASR screened branch counts for backward compatibility.	18	549	17256	23	0	23	0.0	True	7240	10016	Matched-positive eligible-terminal-label permutation followed by deterministic ASR; old BH/FDR while-loop rule.	matched_positive_ttest_FDR_control	terminal_label_matched_positive_count_permutation
4	20260520	17	251	18	549	matched_terminal_* are fixed sampled terminal labels; post_ASR_screened_branch_* are per-permutation branch-state counts after deterministic ASR and screening; legacy n_positive/n_negative duplicate the post-ASR screened branch counts for backward compatibility.	18	549	17307	3	1	2	0.333333333333333	True	8350	8957	Matched-positive eligible-terminal-label permutation followed by deterministic ASR; old BH/FDR while-loop rule.	matched_positive_ttest_FDR_control	terminal_label_matched_positive_count_permutation
5	20260520	17	251	18	549	matched_terminal_* are fixed sampled terminal labels; post_ASR_screened_branch_* are per-permutation branch-state counts after deterministic ASR and screening; legacy n_positive/n_negative duplicate the post-ASR screened branch counts for backward compatibility.	18	549	17314	9	2	7	0.222222222222222	True	6843	10471	Matched-positive eligible-terminal-label permutation followed by deterministic ASR; old BH/FDR while-loop rule.	matched_positive_ttest_FDR_control	terminal_label_matched_positive_count_permutation
6	20260520	17	251	17	550	matched_terminal_* are fixed sampled terminal labels; post_ASR_screened_branch_* are per-permutation branch-state counts after deterministic ASR and screening; legacy n_positive/n_negative duplicate the post-ASR screened branch counts for backward compatibility.	17	550	17289	15	1	14	0.0666666666666667	True	5873	11416	Matched-positive eligible-terminal-label permutation followed by deterministic ASR; old BH/FDR while-loop rule.	matched_positive_ttest_FDR_control	terminal_label_matched_positive_count_permutation
7	20260520	17	251	17	550	matched_terminal_* are fixed sampled terminal labels; post_ASR_screened_branch_* are per-permutation branch-state counts after deterministic ASR and screening; legacy n_positive/n_negative duplicate the post-ASR screened branch counts for backward compatibility.	17	550	17345	92	0	92	0.0	True	6009	11336	Matched-positive eligible-terminal-label permutation followed by deterministic ASR; old BH/FDR while-loop rule.	matched_positive_ttest_FDR_control	terminal_label_matched_positive_count_permutation
8	20260520	17	251	17	550	matched_terminal_* are fixed sampled terminal labels; post_ASR_screened_branch_* are per-permutation branch-state counts after deterministic ASR and screening; legacy n_positive/n_negative duplicate the post-ASR screened branch counts for backward compatibility.	17	550	17315	6	0	6	0.0	True	7473	9842	Matched-positive eligible-terminal-label permutation followed by deterministic ASR; old BH/FDR while-loop rule.	matched_positive_ttest_FDR_control	terminal_label_matched_positive_count_permutation
9	20260520	17	251	19	548	matched_terminal_* are fixed sampled terminal labels; post_ASR_screened_branch_* are per-permutation branch-state counts after deterministic ASR and screening; legacy n_positive/n_negative duplicate the post-ASR screened branch counts for backward compatibility.	19	548	17310	9	0	9	0.0	True	8428	8882	Matched-positive eligible-terminal-label permutation followed by deterministic ASR; old BH/FDR while-loop rule.	matched_positive_ttest_FDR_control	terminal_label_matched_positive_count_permutation
10	20260520	17	251	18	549	matched_terminal_* are fixed sampled terminal labels; post_ASR_screened_branch_* are per-permutation branch-state counts after deterministic ASR and screening; legacy n_positive/n_negative duplicate the post-ASR screened branch counts for backward compatibility.	18	549	17315	2	1	1	0.5	True	7702	9613	Matched-positive eligible-terminal-label permutation followed by deterministic ASR; old BH/FDR while-loop rule.	matched_positive_ttest_FDR_control	terminal_label_matched_positive_count_permutation
11	20260520	17	251	17	550	matched_terminal_* are fixed sampled terminal labels; post_ASR_screened_branch_* are per-permutation branch-state counts after deterministic ASR and screening; legacy n_positive/n_negative duplicate the post-ASR screened branch counts for backward compatibility.	17	550	17385	36	0	36	0.0	True	5753	11632	Matched-positive eligible-terminal-label permutation followed by deterministic ASR; old BH/FDR while-loop rule.	matched_positive_ttest_FDR_control	terminal_label_matched_positive_count_permutation
12	20260520	17	251	17	550	matched_terminal_* are fixed sampled terminal labels; post_ASR_screened_branch_* are per-permutation branch-state counts after deterministic ASR and screening; legacy n_positive/n_negative duplicate the post-ASR screened branch counts for backward compatibility.	17	550	17292	27	1	26	0.037037037037037	True	6378	10914	Matched-positive eligible-terminal-label permutation followed by deterministic ASR; old BH/FDR while-loop rule.	matched_positive_ttest_FDR_control	terminal_label_matched_positive_count_permutation
13	20260520	17	251	18	549	matched_terminal_* are fixed sampled terminal labels; post_ASR_screened_branch_* are per-permutation branch-state counts after deterministic ASR and screening; legacy n_positive/n_negative duplicate the post-ASR screened branch counts for backward compatibility.	18	549	17253	0	0	0		False	6275	10978	Matched-positive eligible-terminal-label permutation followed by deterministic ASR; old BH/FDR while-loop rule.	matched_positive_ttest_FDR_control	terminal_label_matched_positive_count_permutation
14	20260520	17	251	17	550	matched_terminal_* are fixed sampled terminal labels; post_ASR_screened_branch_* are per-permutation branch-state counts after deterministic ASR and screening; legacy n_positive/n_negative duplicate the post-ASR screened branch counts for backward compatibility.	17	550	17352	31	0	31	0.0	True	5355	11997	Matched-positive eligible-terminal-label permutation followed by deterministic ASR; old BH/FDR while-loop rule.	matched_positive_ttest_FDR_control	terminal_label_matched_positive_count_permutation
15	20260520	17	251	17	550	matched_terminal_* are fixed sampled terminal labels; post_ASR_screened_branch_* are per-permutation branch-state counts after deterministic ASR and screening; legacy n_positive/n_negative duplicate the post-ASR screened branch counts for backward compatibility.	17	550	17302	28	0	28	0.0	True	6755	10547	Matched-positive eligible-terminal-label permutation followed by deterministic ASR; old BH/FDR while-loop rule.	matched_positive_ttest_FDR_control	terminal_label_matched_positive_count_permutation
16	20260520	17	251	17	550	matched_terminal_* are fixed sampled terminal labels; post_ASR_screened_branch_* are per-permutation branch-state counts after deterministic ASR and screening; legacy n_positive/n_negative duplicate the post-ASR screened branch counts for backward compatibility.	17	550	17308	3	0	3	0.0	True	7635	9673	Matched-positive eligible-terminal-label permutation followed by deterministic ASR; old BH/FDR while-loop rule.	matched_positive_ttest_FDR_control	terminal_label_matched_positive_count_permutation
17	20260520	17	251	17	550	matched_terminal_* are fixed sampled terminal labels; post_ASR_screened_branch_* are per-permutation branch-state counts after deterministic ASR and screening; legacy n_positive/n_negative duplicate the post-ASR screened branch counts for backward compatibility.	17	550	17350	20	0	20	0.0	True	6405	10945	Matched-positive eligible-terminal-label permutation followed by deterministic ASR; old BH/FDR while-loop rule.	matched_positive_ttest_FDR_control	terminal_label_matched_positive_count_permutation
18	20260520	17	251	17	550	matched_terminal_* are fixed sampled terminal labels; post_ASR_screened_branch_* are per-permutation branch-state counts after deterministic ASR and screening; legacy n_positive/n_negative duplicate the post-ASR screened branch counts for backward compatibility.	17	550	17300	3	0	3	0.0	True	7868	9432	Matched-positive eligible-terminal-label permutation followed by deterministic ASR; old BH/FDR while-loop rule.	matched_positive_ttest_FDR_control	terminal_label_matched_positive_count_permutation
19	20260520	17	251	18	549	matched_terminal_* are fixed sampled terminal labels; post_ASR_screened_branch_* are per-permutation branch-state counts after deterministic ASR and screening; legacy n_positive/n_negative duplicate the post-ASR screened branch counts for backward compatibility.	18	549	17347	6	0	6	0.0	True	6487	10860	Matched-positive eligible-terminal-label permutation followed by deterministic ASR; old BH/FDR while-loop rule.	matched_positive_ttest_FDR_control	terminal_label_matched_positive_count_permutation
20	20260520	17	251	17	550	matched_terminal_* are fixed sampled terminal labels; post_ASR_screened_branch_* are per-permutation branch-state counts after deterministic ASR and screening; legacy n_positive/n_negative duplicate the post-ASR screened branch counts for backward compatibility.	17	550	17314	4	0	4	0.0	True	7033	10281	Matched-positive eligible-terminal-label permutation followed by deterministic ASR; old BH/FDR while-loop rule.	matched_positive_ttest_FDR_control	terminal_label_matched_positive_count_permutation
21	20260520	17	251	17	550	matched_terminal_* are fixed sampled terminal labels; post_ASR_screened_branch_* are per-permutation branch-state counts after deterministic ASR and screening; legacy n_positive/n_negative duplicate the post-ASR screened branch counts for backward compatibility.	17	550	17344	6	0	6	0.0	True	7459	9885	Matched-positive eligible-terminal-label permutation followed by deterministic ASR; old BH/FDR while-loop rule.	matched_positive_ttest_FDR_control	terminal_label_matched_positive_count_permutation
22	20260520	17	251	17	550	matched_terminal_* are fixed sampled terminal labels; post_ASR_screened_branch_* are per-permutation branch-state counts after deterministic ASR and screening; legacy n_positive/n_negative duplicate the post-ASR screened branch counts for backward compatibility.	17	550	17320	2	1	1	0.5	True	6412	10908	Matched-positive eligible-terminal-label permutation followed by deterministic ASR; old BH/FDR while-loop rule.	matched_positive_ttest_FDR_control	terminal_label_matched_positive_count_permutation
23	20260520	17	251	17	550	matched_terminal_* are fixed sampled terminal labels; post_ASR_screened_branch_* are per-permutation branch-state counts after deterministic ASR and screening; legacy n_positive/n_negative duplicate the post-ASR screened branch counts for backward compatibility.	17	550	17309	28	1	27	0.0357142857142857	True	6501	10808	Matched-positive eligible-terminal-label permutation followed by deterministic ASR; old BH/FDR while-loop rule.	matched_positive_ttest_FDR_control	terminal_label_matched_positive_count_permutation
24	20260520	17	251	17	550	matched_terminal_* are fixed sampled terminal labels; post_ASR_screened_branch_* are per-permutation branch-state counts after deterministic ASR and screening; legacy n_positive/n_negative duplicate the post-ASR screened branch counts for backward compatibility.	17	550	17355	56	0	56	0.0	True	5086	12269	Matched-positive eligible-terminal-label permutation followed by deterministic ASR; old BH/FDR while-loop rule.	matched_positive_ttest_FDR_control	terminal_label_matched_positive_count_permutation
25	20260520	17	251	17	550	matched_terminal_* are fixed sampled terminal labels; post_ASR_screened_branch_* are per-permutation branch-state counts after deterministic ASR and screening; legacy n_positive/n_negative duplicate the post-ASR screened branch counts for backward compatibility.	17	550	17291	71	1	70	0.0140845070422535	True	6545	10746	Matched-positive eligible-terminal-label permutation followed by deterministic ASR; old BH/FDR while-loop rule.	matched_positive_ttest_FDR_control	terminal_label_matched_positive_count_permutation
26	20260520	17	251	19	548	matched_terminal_* are fixed sampled terminal labels; post_ASR_screened_branch_* are per-permutation branch-state counts after deterministic ASR and screening; legacy n_positive/n_negative duplicate the post-ASR screened branch counts for backward compatibility.	19	548	17269	12	0	12	0.0	True	7995	9274	Matched-positive eligible-terminal-label permutation followed by deterministic ASR; old BH/FDR while-loop rule.	matched_positive_ttest_FDR_control	terminal_label_matched_positive_count_permutation
27	20260520	17	251	17	550	matched_terminal_* are fixed sampled terminal labels; post_ASR_screened_branch_* are per-permutation branch-state counts after deterministic ASR and screening; legacy n_positive/n_negative duplicate the post-ASR screened branch counts for backward compatibility.	17	550	17295	21	0	21	0.0	True	6376	10919	Matched-positive eligible-terminal-label permutation followed by deterministic ASR; old BH/FDR while-loop rule.	matched_positive_ttest_FDR_control	terminal_label_matched_positive_count_permutation
28	20260520	17	251	17	550	matched_terminal_* are fixed sampled terminal labels; post_ASR_screened_branch_* are per-permutation branch-state counts after deterministic ASR and screening; legacy n_positive/n_negative duplicate the post-ASR screened branch counts for backward compatibility.	17	550	17349	8	1	7	0.125	True	8307	9042	Matched-positive eligible-terminal-label permutation followed by deterministic ASR; old BH/FDR while-loop rule.	matched_positive_ttest_FDR_control	terminal_label_matched_positive_count_permutation
29	20260520	17	251	17	550	matched_terminal_* are fixed sampled terminal labels; post_ASR_screened_branch_* are per-permutation branch-state counts after deterministic ASR and screening; legacy n_positive/n_negative duplicate the post-ASR screened branch counts for backward compatibility.	17	550	17315	59	2	57	0.0338983050847458	True	5113	12202	Matched-positive eligible-terminal-label permutation followed by deterministic ASR; old BH/FDR while-loop rule.	matched_positive_ttest_FDR_control	terminal_label_matched_positive_count_permutation
30	20260520	17	251	17	550	matched_terminal_* are fixed sampled terminal labels; post_ASR_screened_branch_* are per-permutation branch-state counts after deterministic ASR and screening; legacy n_positive/n_negative duplicate the post-ASR screened branch counts for backward compatibility.	17	550	17243	2	0	2	0.0	True	8912	8331	Matched-positive eligible-terminal-label permutation followed by deterministic ASR; old BH/FDR while-loop rule.	matched_positive_ttest_FDR_control	terminal_label_matched_positive_count_permutation
31	20260520	17	251	18	549	matched_terminal_* are fixed sampled terminal labels; post_ASR_screened_branch_* are per-permutation branch-state counts after deterministic ASR and screening; legacy n_positive/n_negative duplicate the post-ASR screened branch counts for backward compatibility.	18	549	17312	12	0	12	0.0	True	7928	9384	Matched-positive eligible-terminal-label permutation followed by deterministic ASR; old BH/FDR while-loop rule.	matched_positive_ttest_FDR_control	terminal_label_matched_positive_count_permutation
32	20260520	17	251	18	549	matched_terminal_* are fixed sampled terminal labels; post_ASR_screened_branch_* are per-permutation branch-state counts after deterministic ASR and screening; legacy n_positive/n_negative duplicate the post-ASR screened branch counts for backward compatibility.	18	549	17269	28	0	28	0.0	True	5440	11829	Matched-positive eligible-terminal-label permutation followed by deterministic ASR; old BH/FDR while-loop rule.	matched_positive_ttest_FDR_control	terminal_label_matched_positive_count_permutation
33	20260520	17	251	17	550	matched_terminal_* are fixed sampled terminal labels; post_ASR_screened_branch_* are per-permutation branch-state counts after deterministic ASR and screening; legacy n_positive/n_negative duplicate the post-ASR screened branch counts for backward compatibility.	17	550	17320	7	0	7	0.0	True	8220	9100	Matched-positive eligible-terminal-label permutation followed by deterministic ASR; old BH/FDR while-loop rule.	matched_positive_ttest_FDR_control	terminal_label_matched_positive_count_permutation
34	20260520	17	251	18	549	matched_terminal_* are fixed sampled terminal labels; post_ASR_screened_branch_* are per-permutation branch-state counts after deterministic ASR and screening; legacy n_positive/n_negative duplicate the post-ASR screened branch counts for backward compatibility.	18	549	17256	5	0	5	0.0	True	6362	10894	Matched-positive eligible-terminal-label permutation followed by deterministic ASR; old BH/FDR while-loop rule.	matched_positive_ttest_FDR_control	terminal_label_matched_positive_count_permutation
35	20260520	17	251	17	550	matched_terminal_* are fixed sampled terminal labels; post_ASR_screened_branch_* are per-permutation branch-state counts after deterministic ASR and screening; legacy n_positive/n_negative duplicate the post-ASR screened branch counts for backward compatibility.	17	550	17344	4	0	4	0.0	True	6711	10633	Matched-positive eligible-terminal-label permutation followed by deterministic ASR; old BH/FDR while-loop rule.	matched_positive_ttest_FDR_control	terminal_label_matched_positive_count_permutation
36	20260520	17	251	17	550	matched_terminal_* are fixed sampled terminal labels; post_ASR_screened_branch_* are per-permutation branch-state counts after deterministic ASR and screening; legacy n_positive/n_negative duplicate the post-ASR screened branch counts for backward compatibility.	17	550	17345	4	0	4	0.0	True	6880	10465	Matched-positive eligible-terminal-label permutation followed by deterministic ASR; old BH/FDR while-loop rule.	matched_positive_ttest_FDR_control	terminal_label_matched_positive_count_permutation
37	20260520	17	251	17	550	matched_terminal_* are fixed sampled terminal labels; post_ASR_screened_branch_* are per-permutation branch-state counts after deterministic ASR and screening; legacy n_positive/n_negative duplicate the post-ASR screened branch counts for backward compatibility.	17	550	17339	18	0	18	0.0	True	6153	11186	Matched-positive eligible-terminal-label permutation followed by deterministic ASR; old BH/FDR while-loop rule.	matched_positive_ttest_FDR_control	terminal_label_matched_positive_count_permutation
38	20260520	17	251	17	550	matched_terminal_* are fixed sampled terminal labels; post_ASR_screened_branch_* are per-permutation branch-state counts after deterministic ASR and screening; legacy n_positive/n_negative duplicate the post-ASR screened branch counts for backward compatibility.	17	550	17337	12	0	12	0.0	True	7244	10093	Matched-positive eligible-terminal-label permutation followed by deterministic ASR; old BH/FDR while-loop rule.	matched_positive_ttest_FDR_control	terminal_label_matched_positive_count_permutation
39	20260520	17	251	17	550	matched_terminal_* are fixed sampled terminal labels; post_ASR_screened_branch_* are per-permutation branch-state counts after deterministic ASR and screening; legacy n_positive/n_negative duplicate the post-ASR screened branch counts for backward compatibility.	17	550	17346	20	1	19	0.05	True	5725	11621	Matched-positive eligible-terminal-label permutation followed by deterministic ASR; old BH/FDR while-loop rule.	matched_positive_ttest_FDR_control	terminal_label_matched_positive_count_permutation
40	20260520	17	251	19	548	matched_terminal_* are fixed sampled terminal labels; post_ASR_screened_branch_* are per-permutation branch-state counts after deterministic ASR and screening; legacy n_positive/n_negative duplicate the post-ASR screened branch counts for backward compatibility.	19	548	17342	3	0	3	0.0	True	6892	10450	Matched-positive eligible-terminal-label permutation followed by deterministic ASR; old BH/FDR while-loop rule.	matched_positive_ttest_FDR_control	terminal_label_matched_positive_count_permutation
41	20260520	17	251	18	549	matched_terminal_* are fixed sampled terminal labels; post_ASR_screened_branch_* are per-permutation branch-state counts after deterministic ASR and screening; legacy n_positive/n_negative duplicate the post-ASR screened branch counts for backward compatibility.	18	549	17356	9	0	9	0.0	True	6571	10785	Matched-positive eligible-terminal-label permutation followed by deterministic ASR; old BH/FDR while-loop rule.	matched_positive_ttest_FDR_control	terminal_label_matched_positive_count_permutation
42	20260520	17	251	18	549	matched_terminal_* are fixed sampled terminal labels; post_ASR_screened_branch_* are per-permutation branch-state counts after deterministic ASR and screening; legacy n_positive/n_negative duplicate the post-ASR screened branch counts for backward compatibility.	18	549	17340	32	0	32	0.0	True	5901	11439	Matched-positive eligible-terminal-label permutation followed by deterministic ASR; old BH/FDR while-loop rule.	matched_positive_ttest_FDR_control	terminal_label_matched_positive_count_permutation
43	20260520	17	251	17	550	matched_terminal_* are fixed sampled terminal labels; post_ASR_screened_branch_* are per-permutation branch-state counts after deterministic ASR and screening; legacy n_positive/n_negative duplicate the post-ASR screened branch counts for backward compatibility.	17	550	17310	2	0	2	0.0	True	8203	9107	Matched-positive eligible-terminal-label permutation followed by deterministic ASR; old BH/FDR while-loop rule.	matched_positive_ttest_FDR_control	terminal_label_matched_positive_count_permutation
44	20260520	17	251	17	550	matched_terminal_* are fixed sampled terminal labels; post_ASR_screened_branch_* are per-permutation branch-state counts after deterministic ASR and screening; legacy n_positive/n_negative duplicate the post-ASR screened branch counts for backward compatibility.	17	550	17338	4	1	3	0.25	True	5547	11791	Matched-positive eligible-terminal-label permutation followed by deterministic ASR; old BH/FDR while-loop rule.	matched_positive_ttest_FDR_control	terminal_label_matched_positive_count_permutation
45	20260520	17	251	17	550	matched_terminal_* are fixed sampled terminal labels; post_ASR_screened_branch_* are per-permutation branch-state counts after deterministic ASR and screening; legacy n_positive/n_negative duplicate the post-ASR screened branch counts for backward compatibility.	17	550	17378	9	0	9	0.0	True	6812	10566	Matched-positive eligible-terminal-label permutation followed by deterministic ASR; old BH/FDR while-loop rule.	matched_positive_ttest_FDR_control	terminal_label_matched_positive_count_permutation
46	20260520	17	251	17	550	matched_terminal_* are fixed sampled terminal labels; post_ASR_screened_branch_* are per-permutation branch-state counts after deterministic ASR and screening; legacy n_positive/n_negative duplicate the post-ASR screened branch counts for backward compatibility.	17	550	17290	14	0	14	0.0	True	6489	10801	Matched-positive eligible-terminal-label permutation followed by deterministic ASR; old BH/FDR while-loop rule.	matched_positive_ttest_FDR_control	terminal_label_matched_positive_count_permutation
47	20260520	17	251	17	550	matched_terminal_* are fixed sampled terminal labels; post_ASR_screened_branch_* are per-permutation branch-state counts after deterministic ASR and screening; legacy n_positive/n_negative duplicate the post-ASR screened branch counts for backward compatibility.	17	550	17284	11	0	11	0.0	True	7200	10084	Matched-positive eligible-terminal-label permutation followed by deterministic ASR; old BH/FDR while-loop rule.	matched_positive_ttest_FDR_control	terminal_label_matched_positive_count_permutation
48	20260520	17	251	17	550	matched_terminal_* are fixed sampled terminal labels; post_ASR_screened_branch_* are per-permutation branch-state counts after deterministic ASR and screening; legacy n_positive/n_negative duplicate the post-ASR screened branch counts for backward compatibility.	17	550	17359	17	0	17	0.0	True	6315	11044	Matched-positive eligible-terminal-label permutation followed by deterministic ASR; old BH/FDR while-loop rule.	matched_positive_ttest_FDR_control	terminal_label_matched_positive_count_permutation
49	20260520	17	251	18	549	matched_terminal_* are fixed sampled terminal labels; post_ASR_screened_branch_* are per-permutation branch-state counts after deterministic ASR and screening; legacy n_positive/n_negative duplicate the post-ASR screened branch counts for backward compatibility.	18	549	17317	2	0	2	0.0	True	7902	9415	Matched-positive eligible-terminal-label permutation followed by deterministic ASR; old BH/FDR while-loop rule.	matched_positive_ttest_FDR_control	terminal_label_matched_positive_count_permutation
50	20260520	17	251	17	550	matched_terminal_* are fixed sampled terminal labels; post_ASR_screened_branch_* are per-permutation branch-state counts after deterministic ASR and screening; legacy n_positive/n_negative duplicate the post-ASR screened branch counts for backward compatibility.	17	550	17288	19	0	19	0.0	True	6210	11078	Matched-positive eligible-terminal-label permutation followed by deterministic ASR; old BH/FDR while-loop rule.	matched_positive_ttest_FDR_control	terminal_label_matched_positive_count_permutation
51	20260520	17	251	17	550	matched_terminal_* are fixed sampled terminal labels; post_ASR_screened_branch_* are per-permutation branch-state counts after deterministic ASR and screening; legacy n_positive/n_negative duplicate the post-ASR screened branch counts for backward compatibility.	17	550	17350	6	0	6	0.0	True	6710	10640	Matched-positive eligible-terminal-label permutation followed by deterministic ASR; old BH/FDR while-loop rule.	matched_positive_ttest_FDR_control	terminal_label_matched_positive_count_permutation
52	20260520	17	251	18	549	matched_terminal_* are fixed sampled terminal labels; post_ASR_screened_branch_* are per-permutation branch-state counts after deterministic ASR and screening; legacy n_positive/n_negative duplicate the post-ASR screened branch counts for backward compatibility.	18	549	17267	12	0	12	0.0	True	7553	9714	Matched-positive eligible-terminal-label permutation followed by deterministic ASR; old BH/FDR while-loop rule.	matched_positive_ttest_FDR_control	terminal_label_matched_positive_count_permutation
53	20260520	17	251	17	550	matched_terminal_* are fixed sampled terminal labels; post_ASR_screened_branch_* are per-permutation branch-state counts after deterministic ASR and screening; legacy n_positive/n_negative duplicate the post-ASR screened branch counts for backward compatibility.	17	550	17296	20	0	20	0.0	True	6472	10824	Matched-positive eligible-terminal-label permutation followed by deterministic ASR; old BH/FDR while-loop rule.	matched_positive_ttest_FDR_control	terminal_label_matched_positive_count_permutation
54	20260520	17	251	17	550	matched_terminal_* are fixed sampled terminal labels; post_ASR_screened_branch_* are per-permutation branch-state counts after deterministic ASR and screening; legacy n_positive/n_negative duplicate the post-ASR screened branch counts for backward compatibility.	17	550	17340	4	0	4	0.0	True	6713	10627	Matched-positive eligible-terminal-label permutation followed by deterministic ASR; old BH/FDR while-loop rule.	matched_positive_ttest_FDR_control	terminal_label_matched_positive_count_permutation
55	20260520	17	251	18	549	matched_terminal_* are fixed sampled terminal labels; post_ASR_screened_branch_* are per-permutation branch-state counts after deterministic ASR and screening; legacy n_positive/n_negative duplicate the post-ASR screened branch counts for backward compatibility.	18	549	17350	12	0	12	0.0	True	7083	10267	Matched-positive eligible-terminal-label permutation followed by deterministic ASR; old BH/FDR while-loop rule.	matched_positive_ttest_FDR_control	terminal_label_matched_positive_count_permutation
56	20260520	17	251	17	550	matched_terminal_* are fixed sampled terminal labels; post_ASR_screened_branch_* are per-permutation branch-state counts after deterministic ASR and screening; legacy n_positive/n_negative duplicate the post-ASR screened branch counts for backward compatibility.	17	550	17301	4	0	4	0.0	True	6442	10859	Matched-positive eligible-terminal-label permutation followed by deterministic ASR; old BH/FDR while-loop rule.	matched_positive_ttest_FDR_control	terminal_label_matched_positive_count_permutation
57	20260520	17	251	17	550	matched_terminal_* are fixed sampled terminal labels; post_ASR_screened_branch_* are per-permutation branch-state counts after deterministic ASR and screening; legacy n_positive/n_negative duplicate the post-ASR screened branch counts for backward compatibility.	17	550	17344	9	1	8	0.111111111111111	True	8208	9136	Matched-positive eligible-terminal-label permutation followed by deterministic ASR; old BH/FDR while-loop rule.	matched_positive_ttest_FDR_control	terminal_label_matched_positive_count_permutation
58	20260520	17	251	17	550	matched_terminal_* are fixed sampled terminal labels; post_ASR_screened_branch_* are per-permutation branch-state counts after deterministic ASR and screening; legacy n_positive/n_negative duplicate the post-ASR screened branch counts for backward compatibility.	17	550	17282	26	1	25	0.0384615384615385	True	5351	11931	Matched-positive eligible-terminal-label permutation followed by deterministic ASR; old BH/FDR while-loop rule.	matched_positive_ttest_FDR_control	terminal_label_matched_positive_count_permutation
59	20260520	17	251	17	550	matched_terminal_* are fixed sampled terminal labels; post_ASR_screened_branch_* are per-permutation branch-state counts after deterministic ASR and screening; legacy n_positive/n_negative duplicate the post-ASR screened branch counts for backward compatibility.	17	550	17307	19	0	19	0.0	True	6567	10740	Matched-positive eligible-terminal-label permutation followed by deterministic ASR; old BH/FDR while-loop rule.	matched_positive_ttest_FDR_control	terminal_label_matched_positive_count_permutation
60	20260520	17	251	18	549	matched_terminal_* are fixed sampled terminal labels; post_ASR_screened_branch_* are per-permutation branch-state counts after deterministic ASR and screening; legacy n_positive/n_negative duplicate the post-ASR screened branch counts for backward compatibility.	18	549	17308	4	0	4	0.0	True	7881	9427	Matched-positive eligible-terminal-label permutation followed by deterministic ASR; old BH/FDR while-loop rule.	matched_positive_ttest_FDR_control	terminal_label_matched_positive_count_permutation
61	20260520	17	251	18	549	matched_terminal_* are fixed sampled terminal labels; post_ASR_screened_branch_* are per-permutation branch-state counts after deterministic ASR and screening; legacy n_positive/n_negative duplicate the post-ASR screened branch counts for backward compatibility.	18	549	17381	18	1	17	0.0555555555555556	True	7147	10234	Matched-positive eligible-terminal-label permutation followed by deterministic ASR; old BH/FDR while-loop rule.	matched_positive_ttest_FDR_control	terminal_label_matched_positive_count_permutation
62	20260520	17	251	17	550	matched_terminal_* are fixed sampled terminal labels; post_ASR_screened_branch_* are per-permutation branch-state counts after deterministic ASR and screening; legacy n_positive/n_negative duplicate the post-ASR screened branch counts for backward compatibility.	17	550	17306	3	0	3	0.0	True	7915	9391	Matched-positive eligible-terminal-label permutation followed by deterministic ASR; old BH/FDR while-loop rule.	matched_positive_ttest_FDR_control	terminal_label_matched_positive_count_permutation
63	20260520	17	251	17	550	matched_terminal_* are fixed sampled terminal labels; post_ASR_screened_branch_* are per-permutation branch-state counts after deterministic ASR and screening; legacy n_positive/n_negative duplicate the post-ASR screened branch counts for backward compatibility.	17	550	17349	5	0	5	0.0	True	5301	12048	Matched-positive eligible-terminal-label permutation followed by deterministic ASR; old BH/FDR while-loop rule.	matched_positive_ttest_FDR_control	terminal_label_matched_positive_count_permutation
64	20260520	17	251	17	550	matched_terminal_* are fixed sampled terminal labels; post_ASR_screened_branch_* are per-permutation branch-state counts after deterministic ASR and screening; legacy n_positive/n_negative duplicate the post-ASR screened branch counts for backward compatibility.	17	550	17276	1	1	0	1.0	True	9215	8061	Matched-positive eligible-terminal-label permutation followed by deterministic ASR; old BH/FDR while-loop rule.	matched_positive_ttest_FDR_control	terminal_label_matched_positive_count_permutation
65	20260520	17	251	17	550	matched_terminal_* are fixed sampled terminal labels; post_ASR_screened_branch_* are per-permutation branch-state counts after deterministic ASR and screening; legacy n_positive/n_negative duplicate the post-ASR screened branch counts for backward compatibility.	17	550	17322	21	1	20	0.0476190476190476	True	6792	10530	Matched-positive eligible-terminal-label permutation followed by deterministic ASR; old BH/FDR while-loop rule.	matched_positive_ttest_FDR_control	terminal_label_matched_positive_count_permutation
66	20260520	17	251	18	549	matched_terminal_* are fixed sampled terminal labels; post_ASR_screened_branch_* are per-permutation branch-state counts after deterministic ASR and screening; legacy n_positive/n_negative duplicate the post-ASR screened branch counts for backward compatibility.	18	549	17313	8	0	8	0.0	True	7416	9897	Matched-positive eligible-terminal-label permutation followed by deterministic ASR; old BH/FDR while-loop rule.	matched_positive_ttest_FDR_control	terminal_label_matched_positive_count_permutation
67	20260520	17	251	19	548	matched_terminal_* are fixed sampled terminal labels; post_ASR_screened_branch_* are per-permutation branch-state counts after deterministic ASR and screening; legacy n_positive/n_negative duplicate the post-ASR screened branch counts for backward compatibility.	19	548	17356	10	0	10	0.0	True	6906	10450	Matched-positive eligible-terminal-label permutation followed by deterministic ASR; old BH/FDR while-loop rule.	matched_positive_ttest_FDR_control	terminal_label_matched_positive_count_permutation
68	20260520	17	251	17	550	matched_terminal_* are fixed sampled terminal labels; post_ASR_screened_branch_* are per-permutation branch-state counts after deterministic ASR and screening; legacy n_positive/n_negative duplicate the post-ASR screened branch counts for backward compatibility.	17	550	17281	0	0	0		False	6886	10395	Matched-positive eligible-terminal-label permutation followed by deterministic ASR; old BH/FDR while-loop rule.	matched_positive_ttest_FDR_control	terminal_label_matched_positive_count_permutation
69	20260520	17	251	17	550	matched_terminal_* are fixed sampled terminal labels; post_ASR_screened_branch_* are per-permutation branch-state counts after deterministic ASR and screening; legacy n_positive/n_negative duplicate the post-ASR screened branch counts for backward compatibility.	17	550	17333	25	0	25	0.0	True	5036	12297	Matched-positive eligible-terminal-label permutation followed by deterministic ASR; old BH/FDR while-loop rule.	matched_positive_ttest_FDR_control	terminal_label_matched_positive_count_permutation
70	20260520	17	251	18	549	matched_terminal_* are fixed sampled terminal labels; post_ASR_screened_branch_* are per-permutation branch-state counts after deterministic ASR and screening; legacy n_positive/n_negative duplicate the post-ASR screened branch counts for backward compatibility.	18	549	17323	25	1	24	0.04	True	6478	10845	Matched-positive eligible-terminal-label permutation followed by deterministic ASR; old BH/FDR while-loop rule.	matched_positive_ttest_FDR_control	terminal_label_matched_positive_count_permutation
71	20260520	17	251	17	550	matched_terminal_* are fixed sampled terminal labels; post_ASR_screened_branch_* are per-permutation branch-state counts after deterministic ASR and screening; legacy n_positive/n_negative duplicate the post-ASR screened branch counts for backward compatibility.	17	550	17296	5	0	5	0.0	True	7240	10056	Matched-positive eligible-terminal-label permutation followed by deterministic ASR; old BH/FDR while-loop rule.	matched_positive_ttest_FDR_control	terminal_label_matched_positive_count_permutation
72	20260520	17	251	17	550	matched_terminal_* are fixed sampled terminal labels; post_ASR_screened_branch_* are per-permutation branch-state counts after deterministic ASR and screening; legacy n_positive/n_negative duplicate the post-ASR screened branch counts for backward compatibility.	17	550	17342	4	1	3	0.25	True	6497	10845	Matched-positive eligible-terminal-label permutation followed by deterministic ASR; old BH/FDR while-loop rule.	matched_positive_ttest_FDR_control	terminal_label_matched_positive_count_permutation
73	20260520	17	251	17	550	matched_terminal_* are fixed sampled terminal labels; post_ASR_screened_branch_* are per-permutation branch-state counts after deterministic ASR and screening; legacy n_positive/n_negative duplicate the post-ASR screened branch counts for backward compatibility.	17	550	17303	8	0	8	0.0	True	7913	9390	Matched-positive eligible-terminal-label permutation followed by deterministic ASR; old BH/FDR while-loop rule.	matched_positive_ttest_FDR_control	terminal_label_matched_positive_count_permutation
74	20260520	17	251	18	549	matched_terminal_* are fixed sampled terminal labels; post_ASR_screened_branch_* are per-permutation branch-state counts after deterministic ASR and screening; legacy n_positive/n_negative duplicate the post-ASR screened branch counts for backward compatibility.	18	549	17282	27	0	27	0.0	True	6404	10878	Matched-positive eligible-terminal-label permutation followed by deterministic ASR; old BH/FDR while-loop rule.	matched_positive_ttest_FDR_control	terminal_label_matched_positive_count_permutation
75	20260520	17	251	17	550	matched_terminal_* are fixed sampled terminal labels; post_ASR_screened_branch_* are per-permutation branch-state counts after deterministic ASR and screening; legacy n_positive/n_negative duplicate the post-ASR screened branch counts for backward compatibility.	17	550	17281	34	0	34	0.0	True	5561	11720	Matched-positive eligible-terminal-label permutation followed by deterministic ASR; old BH/FDR while-loop rule.	matched_positive_ttest_FDR_control	terminal_label_matched_positive_count_permutation
76	20260520	17	251	18	549	matched_terminal_* are fixed sampled terminal labels; post_ASR_screened_branch_* are per-permutation branch-state counts after deterministic ASR and screening; legacy n_positive/n_negative duplicate the post-ASR screened branch counts for backward compatibility.	18	549	17313	3	0	3	0.0	True	7914	9399	Matched-positive eligible-terminal-label permutation followed by deterministic ASR; old BH/FDR while-loop rule.	matched_positive_ttest_FDR_control	terminal_label_matched_positive_count_permutation
77	20260520	17	251	17	550	matched_terminal_* are fixed sampled terminal labels; post_ASR_screened_branch_* are per-permutation branch-state counts after deterministic ASR and screening; legacy n_positive/n_negative duplicate the post-ASR screened branch counts for backward compatibility.	17	550	17371	16	0	16	0.0	True	6729	10642	Matched-positive eligible-terminal-label permutation followed by deterministic ASR; old BH/FDR while-loop rule.	matched_positive_ttest_FDR_control	terminal_label_matched_positive_count_permutation
78	20260520	17	251	17	550	matched_terminal_* are fixed sampled terminal labels; post_ASR_screened_branch_* are per-permutation branch-state counts after deterministic ASR and screening; legacy n_positive/n_negative duplicate the post-ASR screened branch counts for backward compatibility.	17	550	17351	3	0	3	0.0	True	7308	10043	Matched-positive eligible-terminal-label permutation followed by deterministic ASR; old BH/FDR while-loop rule.	matched_positive_ttest_FDR_control	terminal_label_matched_positive_count_permutation
79	20260520	17	251	17	550	matched_terminal_* are fixed sampled terminal labels; post_ASR_screened_branch_* are per-permutation branch-state counts after deterministic ASR and screening; legacy n_positive/n_negative duplicate the post-ASR screened branch counts for backward compatibility.	17	550	17290	6	0	6	0.0	True	6571	10719	Matched-positive eligible-terminal-label permutation followed by deterministic ASR; old BH/FDR while-loop rule.	matched_positive_ttest_FDR_control	terminal_label_matched_positive_count_permutation
80	20260520	17	251	17	550	matched_terminal_* are fixed sampled terminal labels; post_ASR_screened_branch_* are per-permutation branch-state counts after deterministic ASR and screening; legacy n_positive/n_negative duplicate the post-ASR screened branch counts for backward compatibility.	17	550	17357	69	0	69	0.0	True	5624	11733	Matched-positive eligible-terminal-label permutation followed by deterministic ASR; old BH/FDR while-loop rule.	matched_positive_ttest_FDR_control	terminal_label_matched_positive_count_permutation
81	20260520	17	251	17	550	matched_terminal_* are fixed sampled terminal labels; post_ASR_screened_branch_* are per-permutation branch-state counts after deterministic ASR and screening; legacy n_positive/n_negative duplicate the post-ASR screened branch counts for backward compatibility.	17	550	17347	5	0	5	0.0	True	7173	10174	Matched-positive eligible-terminal-label permutation followed by deterministic ASR; old BH/FDR while-loop rule.	matched_positive_ttest_FDR_control	terminal_label_matched_positive_count_permutation
82	20260520	17	251	17	550	matched_terminal_* are fixed sampled terminal labels; post_ASR_screened_branch_* are per-permutation branch-state counts after deterministic ASR and screening; legacy n_positive/n_negative duplicate the post-ASR screened branch counts for backward compatibility.	17	550	17285	2	0	2	0.0	True	9048	8237	Matched-positive eligible-terminal-label permutation followed by deterministic ASR; old BH/FDR while-loop rule.	matched_positive_ttest_FDR_control	terminal_label_matched_positive_count_permutation
83	20260520	17	251	18	549	matched_terminal_* are fixed sampled terminal labels; post_ASR_screened_branch_* are per-permutation branch-state counts after deterministic ASR and screening; legacy n_positive/n_negative duplicate the post-ASR screened branch counts for backward compatibility.	18	549	17271	0	0	0		False	7393	9878	Matched-positive eligible-terminal-label permutation followed by deterministic ASR; old BH/FDR while-loop rule.	matched_positive_ttest_FDR_control	terminal_label_matched_positive_count_permutation
84	20260520	17	251	17	550	matched_terminal_* are fixed sampled terminal labels; post_ASR_screened_branch_* are per-permutation branch-state counts after deterministic ASR and screening; legacy n_positive/n_negative duplicate the post-ASR screened branch counts for backward compatibility.	17	550	17245	25	0	25	0.0	True	7233	10012	Matched-positive eligible-terminal-label permutation followed by deterministic ASR; old BH/FDR while-loop rule.	matched_positive_ttest_FDR_control	terminal_label_matched_positive_count_permutation
85	20260520	17	251	17	550	matched_terminal_* are fixed sampled terminal labels; post_ASR_screened_branch_* are per-permutation branch-state counts after deterministic ASR and screening; legacy n_positive/n_negative duplicate the post-ASR screened branch counts for backward compatibility.	17	550	17285	5	0	5	0.0	True	8910	8375	Matched-positive eligible-terminal-label permutation followed by deterministic ASR; old BH/FDR while-loop rule.	matched_positive_ttest_FDR_control	terminal_label_matched_positive_count_permutation
86	20260520	17	251	17	550	matched_terminal_* are fixed sampled terminal labels; post_ASR_screened_branch_* are per-permutation branch-state counts after deterministic ASR and screening; legacy n_positive/n_negative duplicate the post-ASR screened branch counts for backward compatibility.	17	550	17273	3	0	3	0.0	True	8031	9242	Matched-positive eligible-terminal-label permutation followed by deterministic ASR; old BH/FDR while-loop rule.	matched_positive_ttest_FDR_control	terminal_label_matched_positive_count_permutation
87	20260520	17	251	17	550	matched_terminal_* are fixed sampled terminal labels; post_ASR_screened_branch_* are per-permutation branch-state counts after deterministic ASR and screening; legacy n_positive/n_negative duplicate the post-ASR screened branch counts for backward compatibility.	17	550	17302	2	0	2	0.0	True	7494	9808	Matched-positive eligible-terminal-label permutation followed by deterministic ASR; old BH/FDR while-loop rule.	matched_positive_ttest_FDR_control	terminal_label_matched_positive_count_permutation
88	20260520	17	251	17	550	matched_terminal_* are fixed sampled terminal labels; post_ASR_screened_branch_* are per-permutation branch-state counts after deterministic ASR and screening; legacy n_positive/n_negative duplicate the post-ASR screened branch counts for backward compatibility.	17	550	17276	5	0	5	0.0	True	6018	11258	Matched-positive eligible-terminal-label permutation followed by deterministic ASR; old BH/FDR while-loop rule.	matched_positive_ttest_FDR_control	terminal_label_matched_positive_count_permutation
89	20260520	17	251	17	550	matched_terminal_* are fixed sampled terminal labels; post_ASR_screened_branch_* are per-permutation branch-state counts after deterministic ASR and screening; legacy n_positive/n_negative duplicate the post-ASR screened branch counts for backward compatibility.	17	550	17368	21	0	21	0.0	True	6018	11350	Matched-positive eligible-terminal-label permutation followed by deterministic ASR; old BH/FDR while-loop rule.	matched_positive_ttest_FDR_control	terminal_label_matched_positive_count_permutation
90	20260520	17	251	17	550	matched_terminal_* are fixed sampled terminal labels; post_ASR_screened_branch_* are per-permutation branch-state counts after deterministic ASR and screening; legacy n_positive/n_negative duplicate the post-ASR screened branch counts for backward compatibility.	17	550	17265	5	0	5	0.0	True	7311	9954	Matched-positive eligible-terminal-label permutation followed by deterministic ASR; old BH/FDR while-loop rule.	matched_positive_ttest_FDR_control	terminal_label_matched_positive_count_permutation
91	20260520	17	251	18	549	matched_terminal_* are fixed sampled terminal labels; post_ASR_screened_branch_* are per-permutation branch-state counts after deterministic ASR and screening; legacy n_positive/n_negative duplicate the post-ASR screened branch counts for backward compatibility.	18	549	17356	58	2	56	0.0344827586206897	True	6635	10721	Matched-positive eligible-terminal-label permutation followed by deterministic ASR; old BH/FDR while-loop rule.	matched_positive_ttest_FDR_control	terminal_label_matched_positive_count_permutation
92	20260520	17	251	17	550	matched_terminal_* are fixed sampled terminal labels; post_ASR_screened_branch_* are per-permutation branch-state counts after deterministic ASR and screening; legacy n_positive/n_negative duplicate the post-ASR screened branch counts for backward compatibility.	17	550	17334	34	2	32	0.0588235294117647	True	6235	11099	Matched-positive eligible-terminal-label permutation followed by deterministic ASR; old BH/FDR while-loop rule.	matched_positive_ttest_FDR_control	terminal_label_matched_positive_count_permutation
93	20260520	17	251	17	550	matched_terminal_* are fixed sampled terminal labels; post_ASR_screened_branch_* are per-permutation branch-state counts after deterministic ASR and screening; legacy n_positive/n_negative duplicate the post-ASR screened branch counts for backward compatibility.	17	550	17382	21	0	21	0.0	True	6140	11242	Matched-positive eligible-terminal-label permutation followed by deterministic ASR; old BH/FDR while-loop rule.	matched_positive_ttest_FDR_control	terminal_label_matched_positive_count_permutation
94	20260520	17	251	17	550	matched_terminal_* are fixed sampled terminal labels; post_ASR_screened_branch_* are per-permutation branch-state counts after deterministic ASR and screening; legacy n_positive/n_negative duplicate the post-ASR screened branch counts for backward compatibility.	17	550	17277	13	0	13	0.0	True	6903	10374	Matched-positive eligible-terminal-label permutation followed by deterministic ASR; old BH/FDR while-loop rule.	matched_positive_ttest_FDR_control	terminal_label_matched_positive_count_permutation
95	20260520	17	251	17	550	matched_terminal_* are fixed sampled terminal labels; post_ASR_screened_branch_* are per-permutation branch-state counts after deterministic ASR and screening; legacy n_positive/n_negative duplicate the post-ASR screened branch counts for backward compatibility.	17	550	17300	1	0	1	0.0	True	6947	10353	Matched-positive eligible-terminal-label permutation followed by deterministic ASR; old BH/FDR while-loop rule.	matched_positive_ttest_FDR_control	terminal_label_matched_positive_count_permutation
96	20260520	17	251	18	549	matched_terminal_* are fixed sampled terminal labels; post_ASR_screened_branch_* are per-permutation branch-state counts after deterministic ASR and screening; legacy n_positive/n_negative duplicate the post-ASR screened branch counts for backward compatibility.	18	549	17288	0	0	0		False	7500	9788	Matched-positive eligible-terminal-label permutation followed by deterministic ASR; old BH/FDR while-loop rule.	matched_positive_ttest_FDR_control	terminal_label_matched_positive_count_permutation
97	20260520	17	251	17	550	matched_terminal_* are fixed sampled terminal labels; post_ASR_screened_branch_* are per-permutation branch-state counts after deterministic ASR and screening; legacy n_positive/n_negative duplicate the post-ASR screened branch counts for backward compatibility.	17	550	17272	7	0	7	0.0	True	8303	8969	Matched-positive eligible-terminal-label permutation followed by deterministic ASR; old BH/FDR while-loop rule.	matched_positive_ttest_FDR_control	terminal_label_matched_positive_count_permutation
98	20260520	17	251	17	550	matched_terminal_* are fixed sampled terminal labels; post_ASR_screened_branch_* are per-permutation branch-state counts after deterministic ASR and screening; legacy n_positive/n_negative duplicate the post-ASR screened branch counts for backward compatibility.	17	550	17371	16	0	16	0.0	True	6173	11198	Matched-positive eligible-terminal-label permutation followed by deterministic ASR; old BH/FDR while-loop rule.	matched_positive_ttest_FDR_control	terminal_label_matched_positive_count_permutation
99	20260520	17	251	17	550	matched_terminal_* are fixed sampled terminal labels; post_ASR_screened_branch_* are per-permutation branch-state counts after deterministic ASR and screening; legacy n_positive/n_negative duplicate the post-ASR screened branch counts for backward compatibility.	17	550	17246	20	0	20	0.0	True	6558	10688	Matched-positive eligible-terminal-label permutation followed by deterministic ASR; old BH/FDR while-loop rule.	matched_positive_ttest_FDR_control	terminal_label_matched_positive_count_permutation
100	20260520	17	251	18	549	matched_terminal_* are fixed sampled terminal labels; post_ASR_screened_branch_* are per-permutation branch-state counts after deterministic ASR and screening; legacy n_positive/n_negative duplicate the post-ASR screened branch counts for backward compatibility.	18	549	17253	12	1	11	0.0833333333333333	True	8157	9096	Matched-positive eligible-terminal-label permutation followed by deterministic ASR; old BH/FDR while-loop rule.	matched_positive_ttest_FDR_control	terminal_label_matched_positive_count_permutation
101	20260520	17	251	17	550	matched_terminal_* are fixed sampled terminal labels; post_ASR_screened_branch_* are per-permutation branch-state counts after deterministic ASR and screening; legacy n_positive/n_negative duplicate the post-ASR screened branch counts for backward compatibility.	17	550	17317	25	0	25	0.0	True	6512	10805	Matched-positive eligible-terminal-label permutation followed by deterministic ASR; old BH/FDR while-loop rule.	matched_positive_ttest_FDR_control	terminal_label_matched_positive_count_permutation
102	20260520	17	251	17	550	matched_terminal_* are fixed sampled terminal labels; post_ASR_screened_branch_* are per-permutation branch-state counts after deterministic ASR and screening; legacy n_positive/n_negative duplicate the post-ASR screened branch counts for backward compatibility.	17	550	17274	4	0	4	0.0	True	8269	9005	Matched-positive eligible-terminal-label permutation followed by deterministic ASR; old BH/FDR while-loop rule.	matched_positive_ttest_FDR_control	terminal_label_matched_positive_count_permutation
103	20260520	17	251	17	550	matched_terminal_* are fixed sampled terminal labels; post_ASR_screened_branch_* are per-permutation branch-state counts after deterministic ASR and screening; legacy n_positive/n_negative duplicate the post-ASR screened branch counts for backward compatibility.	17	550	17311	1	0	1	0.0	True	6885	10426	Matched-positive eligible-terminal-label permutation followed by deterministic ASR; old BH/FDR while-loop rule.	matched_positive_ttest_FDR_control	terminal_label_matched_positive_count_permutation
104	20260520	17	251	17	550	matched_terminal_* are fixed sampled terminal labels; post_ASR_screened_branch_* are per-permutation branch-state counts after deterministic ASR and screening; legacy n_positive/n_negative duplicate the post-ASR screened branch counts for backward compatibility.	17	550	17309	25	0	25	0.0	True	6506	10803	Matched-positive eligible-terminal-label permutation followed by deterministic ASR; old BH/FDR while-loop rule.	matched_positive_ttest_FDR_control	terminal_label_matched_positive_count_permutation
105	20260520	17	251	17	550	matched_terminal_* are fixed sampled terminal labels; post_ASR_screened_branch_* are per-permutation branch-state counts after deterministic ASR and screening; legacy n_positive/n_negative duplicate the post-ASR screened branch counts for backward compatibility.	17	550	17358	2	0	2	0.0	True	6338	11020	Matched-positive eligible-terminal-label permutation followed by deterministic ASR; old BH/FDR while-loop rule.	matched_positive_ttest_FDR_control	terminal_label_matched_positive_count_permutation
106	20260520	17	251	17	550	matched_terminal_* are fixed sampled terminal labels; post_ASR_screened_branch_* are per-permutation branch-state counts after deterministic ASR and screening; legacy n_positive/n_negative duplicate the post-ASR screened branch counts for backward compatibility.	17	550	17289	16	0	16	0.0	True	7125	10164	Matched-positive eligible-terminal-label permutation followed by deterministic ASR; old BH/FDR while-loop rule.	matched_positive_ttest_FDR_control	terminal_label_matched_positive_count_permutation
107	20260520	17	251	17	550	matched_terminal_* are fixed sampled terminal labels; post_ASR_screened_branch_* are per-permutation branch-state counts after deterministic ASR and screening; legacy n_positive/n_negative duplicate the post-ASR screened branch counts for backward compatibility.	17	550	17307	3	1	2	0.333333333333333	True	6032	11275	Matched-positive eligible-terminal-label permutation followed by deterministic ASR; old BH/FDR while-loop rule.	matched_positive_ttest_FDR_control	terminal_label_matched_positive_count_permutation
108	20260520	17	251	17	550	matched_terminal_* are fixed sampled terminal labels; post_ASR_screened_branch_* are per-permutation branch-state counts after deterministic ASR and screening; legacy n_positive/n_negative duplicate the post-ASR screened branch counts for backward compatibility.	17	550	17371	4	0	4	0.0	True	7475	9896	Matched-positive eligible-terminal-label permutation followed by deterministic ASR; old BH/FDR while-loop rule.	matched_positive_ttest_FDR_control	terminal_label_matched_positive_count_permutation
109	20260520	17	251	17	550	matched_terminal_* are fixed sampled terminal labels; post_ASR_screened_branch_* are per-permutation branch-state counts after deterministic ASR and screening; legacy n_positive/n_negative duplicate the post-ASR screened branch counts for backward compatibility.	17	550	17350	9	0	9	0.0	True	7198	10152	Matched-positive eligible-terminal-label permutation followed by deterministic ASR; old BH/FDR while-loop rule.	matched_positive_ttest_FDR_control	terminal_label_matched_positive_count_permutation
110	20260520	17	251	17	550	matched_terminal_* are fixed sampled terminal labels; post_ASR_screened_branch_* are per-permutation branch-state counts after deterministic ASR and screening; legacy n_positive/n_negative duplicate the post-ASR screened branch counts for backward compatibility.	17	550	17358	49	2	47	0.0408163265306122	True	6134	11224	Matched-positive eligible-terminal-label permutation followed by deterministic ASR; old BH/FDR while-loop rule.	matched_positive_ttest_FDR_control	terminal_label_matched_positive_count_permutation
111	20260520	17	251	17	550	matched_terminal_* are fixed sampled terminal labels; post_ASR_screened_branch_* are per-permutation branch-state counts after deterministic ASR and screening; legacy n_positive/n_negative duplicate the post-ASR screened branch counts for backward compatibility.	17	550	17308	10	0	10	0.0	True	7283	10025	Matched-positive eligible-terminal-label permutation followed by deterministic ASR; old BH/FDR while-loop rule.	matched_positive_ttest_FDR_control	terminal_label_matched_positive_count_permutation
112	20260520	17	251	17	550	matched_terminal_* are fixed sampled terminal labels; post_ASR_screened_branch_* are per-permutation branch-state counts after deterministic ASR and screening; legacy n_positive/n_negative duplicate the post-ASR screened branch counts for backward compatibility.	17	550	17346	4	0	4	0.0	True	7318	10028	Matched-positive eligible-terminal-label permutation followed by deterministic ASR; old BH/FDR while-loop rule.	matched_positive_ttest_FDR_control	terminal_label_matched_positive_count_permutation
113	20260520	17	251	17	550	matched_terminal_* are fixed sampled terminal labels; post_ASR_screened_branch_* are per-permutation branch-state counts after deterministic ASR and screening; legacy n_positive/n_negative duplicate the post-ASR screened branch counts for backward compatibility.	17	550	17326	25	1	24	0.04	True	6325	11001	Matched-positive eligible-terminal-label permutation followed by deterministic ASR; old BH/FDR while-loop rule.	matched_positive_ttest_FDR_control	terminal_label_matched_positive_count_permutation
114	20260520	17	251	18	549	matched_terminal_* are fixed sampled terminal labels; post_ASR_screened_branch_* are per-permutation branch-state counts after deterministic ASR and screening; legacy n_positive/n_negative duplicate the post-ASR screened branch counts for backward compatibility.	18	549	17259	6	0	6	0.0	True	7324	9935	Matched-positive eligible-terminal-label permutation followed by deterministic ASR; old BH/FDR while-loop rule.	matched_positive_ttest_FDR_control	terminal_label_matched_positive_count_permutation
115	20260520	17	251	18	549	matched_terminal_* are fixed sampled terminal labels; post_ASR_screened_branch_* are per-permutation branch-state counts after deterministic ASR and screening; legacy n_positive/n_negative duplicate the post-ASR screened branch counts for backward compatibility.	18	549	17290	2	0	2	0.0	True	8513	8777	Matched-positive eligible-terminal-label permutation followed by deterministic ASR; old BH/FDR while-loop rule.	matched_positive_ttest_FDR_control	terminal_label_matched_positive_count_permutation
116	20260520	17	251	17	550	matched_terminal_* are fixed sampled terminal labels; post_ASR_screened_branch_* are per-permutation branch-state counts after deterministic ASR and screening; legacy n_positive/n_negative duplicate the post-ASR screened branch counts for backward compatibility.	17	550	17293	2	0	2	0.0	True	7254	10039	Matched-positive eligible-terminal-label permutation followed by deterministic ASR; old BH/FDR while-loop rule.	matched_positive_ttest_FDR_control	terminal_label_matched_positive_count_permutation
117	20260520	17	251	17	550	matched_terminal_* are fixed sampled terminal labels; post_ASR_screened_branch_* are per-permutation branch-state counts after deterministic ASR and screening; legacy n_positive/n_negative duplicate the post-ASR screened branch counts for backward compatibility.	17	550	17358	1	0	1	0.0	True	8721	8637	Matched-positive eligible-terminal-label permutation followed by deterministic ASR; old BH/FDR while-loop rule.	matched_positive_ttest_FDR_control	terminal_label_matched_positive_count_permutation
118	20260520	17	251	17	550	matched_terminal_* are fixed sampled terminal labels; post_ASR_screened_branch_* are per-permutation branch-state counts after deterministic ASR and screening; legacy n_positive/n_negative duplicate the post-ASR screened branch counts for backward compatibility.	17	550	17342	27	1	26	0.037037037037037	True	6634	10708	Matched-positive eligible-terminal-label permutation followed by deterministic ASR; old BH/FDR while-loop rule.	matched_positive_ttest_FDR_control	terminal_label_matched_positive_count_permutation
119	20260520	17	251	17	550	matched_terminal_* are fixed sampled terminal labels; post_ASR_screened_branch_* are per-permutation branch-state counts after deterministic ASR and screening; legacy n_positive/n_negative duplicate the post-ASR screened branch counts for backward compatibility.	17	550	17371	19	0	19	0.0	True	5651	11720	Matched-positive eligible-terminal-label permutation followed by deterministic ASR; old BH/FDR while-loop rule.	matched_positive_ttest_FDR_control	terminal_label_matched_positive_count_permutation
120	20260520	17	251	18	549	matched_terminal_* are fixed sampled terminal labels; post_ASR_screened_branch_* are per-permutation branch-state counts after deterministic ASR and screening; legacy n_positive/n_negative duplicate the post-ASR screened branch counts for backward compatibility.	18	549	17290	4	0	4	0.0	True	8588	8702	Matched-positive eligible-terminal-label permutation followed by deterministic ASR; old BH/FDR while-loop rule.	matched_positive_ttest_FDR_control	terminal_label_matched_positive_count_permutation
121	20260520	17	251	17	550	matched_terminal_* are fixed sampled terminal labels; post_ASR_screened_branch_* are per-permutation branch-state counts after deterministic ASR and screening; legacy n_positive/n_negative duplicate the post-ASR screened branch counts for backward compatibility.	17	550	17319	2	1	1	0.5	True	9062	8257	Matched-positive eligible-terminal-label permutation followed by deterministic ASR; old BH/FDR while-loop rule.	matched_positive_ttest_FDR_control	terminal_label_matched_positive_count_permutation
122	20260520	17	251	18	549	matched_terminal_* are fixed sampled terminal labels; post_ASR_screened_branch_* are per-permutation branch-state counts after deterministic ASR and screening; legacy n_positive/n_negative duplicate the post-ASR screened branch counts for backward compatibility.	18	549	17361	25	1	24	0.04	True	6744	10617	Matched-positive eligible-terminal-label permutation followed by deterministic ASR; old BH/FDR while-loop rule.	matched_positive_ttest_FDR_control	terminal_label_matched_positive_count_permutation
123	20260520	17	251	17	550	matched_terminal_* are fixed sampled terminal labels; post_ASR_screened_branch_* are per-permutation branch-state counts after deterministic ASR and screening; legacy n_positive/n_negative duplicate the post-ASR screened branch counts for backward compatibility.	17	550	17363	10	0	10	0.0	True	4775	12588	Matched-positive eligible-terminal-label permutation followed by deterministic ASR; old BH/FDR while-loop rule.	matched_positive_ttest_FDR_control	terminal_label_matched_positive_count_permutation
124	20260520	17	251	17	550	matched_terminal_* are fixed sampled terminal labels; post_ASR_screened_branch_* are per-permutation branch-state counts after deterministic ASR and screening; legacy n_positive/n_negative duplicate the post-ASR screened branch counts for backward compatibility.	17	550	17254	5	0	5	0.0	True	7448	9806	Matched-positive eligible-terminal-label permutation followed by deterministic ASR; old BH/FDR while-loop rule.	matched_positive_ttest_FDR_control	terminal_label_matched_positive_count_permutation
125	20260520	17	251	17	550	matched_terminal_* are fixed sampled terminal labels; post_ASR_screened_branch_* are per-permutation branch-state counts after deterministic ASR and screening; legacy n_positive/n_negative duplicate the post-ASR screened branch counts for backward compatibility.	17	550	17247	1	0	1	0.0	True	7892	9355	Matched-positive eligible-terminal-label permutation followed by deterministic ASR; old BH/FDR while-loop rule.	matched_positive_ttest_FDR_control	terminal_label_matched_positive_count_permutation
126	20260520	17	251	17	550	matched_terminal_* are fixed sampled terminal labels; post_ASR_screened_branch_* are per-permutation branch-state counts after deterministic ASR and screening; legacy n_positive/n_negative duplicate the post-ASR screened branch counts for backward compatibility.	17	550	17336	8	0	8	0.0	True	7174	10162	Matched-positive eligible-terminal-label permutation followed by deterministic ASR; old BH/FDR while-loop rule.	matched_positive_ttest_FDR_control	terminal_label_matched_positive_count_permutation
127	20260520	17	251	17	550	matched_terminal_* are fixed sampled terminal labels; post_ASR_screened_branch_* are per-permutation branch-state counts after deterministic ASR and screening; legacy n_positive/n_negative duplicate the post-ASR screened branch counts for backward compatibility.	17	550	17381	29	0	29	0.0	True	5300	12081	Matched-positive eligible-terminal-label permutation followed by deterministic ASR; old BH/FDR while-loop rule.	matched_positive_ttest_FDR_control	terminal_label_matched_positive_count_permutation
128	20260520	17	251	17	550	matched_terminal_* are fixed sampled terminal labels; post_ASR_screened_branch_* are per-permutation branch-state counts after deterministic ASR and screening; legacy n_positive/n_negative duplicate the post-ASR screened branch counts for backward compatibility.	17	550	17317	14	0	14	0.0	True	6168	11149	Matched-positive eligible-terminal-label permutation followed by deterministic ASR; old BH/FDR while-loop rule.	matched_positive_ttest_FDR_control	terminal_label_matched_positive_count_permutation
129	20260520	17	251	17	550	matched_terminal_* are fixed sampled terminal labels; post_ASR_screened_branch_* are per-permutation branch-state counts after deterministic ASR and screening; legacy n_positive/n_negative duplicate the post-ASR screened branch counts for backward compatibility.	17	550	17354	7	0	7	0.0	True	7106	10248	Matched-positive eligible-terminal-label permutation followed by deterministic ASR; old BH/FDR while-loop rule.	matched_positive_ttest_FDR_control	terminal_label_matched_positive_count_permutation
130	20260520	17	251	18	549	matched_terminal_* are fixed sampled terminal labels; post_ASR_screened_branch_* are per-permutation branch-state counts after deterministic ASR and screening; legacy n_positive/n_negative duplicate the post-ASR screened branch counts for backward compatibility.	18	549	17345	8	1	7	0.125	True	6863	10482	Matched-positive eligible-terminal-label permutation followed by deterministic ASR; old BH/FDR while-loop rule.	matched_positive_ttest_FDR_control	terminal_label_matched_positive_count_permutation
131	20260520	17	251	17	550	matched_terminal_* are fixed sampled terminal labels; post_ASR_screened_branch_* are per-permutation branch-state counts after deterministic ASR and screening; legacy n_positive/n_negative duplicate the post-ASR screened branch counts for backward compatibility.	17	550	17304	7	2	5	0.285714285714286	True	9058	8246	Matched-positive eligible-terminal-label permutation followed by deterministic ASR; old BH/FDR while-loop rule.	matched_positive_ttest_FDR_control	terminal_label_matched_positive_count_permutation
132	20260520	17	251	18	549	matched_terminal_* are fixed sampled terminal labels; post_ASR_screened_branch_* are per-permutation branch-state counts after deterministic ASR and screening; legacy n_positive/n_negative duplicate the post-ASR screened branch counts for backward compatibility.	18	549	17348	2	0	2	0.0	True	7419	9929	Matched-positive eligible-terminal-label permutation followed by deterministic ASR; old BH/FDR while-loop rule.	matched_positive_ttest_FDR_control	terminal_label_matched_positive_count_permutation
133	20260520	17	251	20	547	matched_terminal_* are fixed sampled terminal labels; post_ASR_screened_branch_* are per-permutation branch-state counts after deterministic ASR and screening; legacy n_positive/n_negative duplicate the post-ASR screened branch counts for backward compatibility.	20	547	17336	3	0	3	0.0	True	7947	9389	Matched-positive eligible-terminal-label permutation followed by deterministic ASR; old BH/FDR while-loop rule.	matched_positive_ttest_FDR_control	terminal_label_matched_positive_count_permutation
134	20260520	17	251	19	548	matched_terminal_* are fixed sampled terminal labels; post_ASR_screened_branch_* are per-permutation branch-state counts after deterministic ASR and screening; legacy n_positive/n_negative duplicate the post-ASR screened branch counts for backward compatibility.	19	548	17410	37	0	37	0.0	True	6592	10818	Matched-positive eligible-terminal-label permutation followed by deterministic ASR; old BH/FDR while-loop rule.	matched_positive_ttest_FDR_control	terminal_label_matched_positive_count_permutation
135	20260520	17	251	17	550	matched_terminal_* are fixed sampled terminal labels; post_ASR_screened_branch_* are per-permutation branch-state counts after deterministic ASR and screening; legacy n_positive/n_negative duplicate the post-ASR screened branch counts for backward compatibility.	17	550	17312	23	1	22	0.0434782608695652	True	7114	10198	Matched-positive eligible-terminal-label permutation followed by deterministic ASR; old BH/FDR while-loop rule.	matched_positive_ttest_FDR_control	terminal_label_matched_positive_count_permutation
136	20260520	17	251	17	550	matched_terminal_* are fixed sampled terminal labels; post_ASR_screened_branch_* are per-permutation branch-state counts after deterministic ASR and screening; legacy n_positive/n_negative duplicate the post-ASR screened branch counts for backward compatibility.	17	550	17284	7	1	6	0.142857142857143	True	8465	8819	Matched-positive eligible-terminal-label permutation followed by deterministic ASR; old BH/FDR while-loop rule.	matched_positive_ttest_FDR_control	terminal_label_matched_positive_count_permutation
137	20260520	17	251	18	549	matched_terminal_* are fixed sampled terminal labels; post_ASR_screened_branch_* are per-permutation branch-state counts after deterministic ASR and screening; legacy n_positive/n_negative duplicate the post-ASR screened branch counts for backward compatibility.	18	549	17365	20	0	20	0.0	True	5994	11371	Matched-positive eligible-terminal-label permutation followed by deterministic ASR; old BH/FDR while-loop rule.	matched_positive_ttest_FDR_control	terminal_label_matched_positive_count_permutation
138	20260520	17	251	20	547	matched_terminal_* are fixed sampled terminal labels; post_ASR_screened_branch_* are per-permutation branch-state counts after deterministic ASR and screening; legacy n_positive/n_negative duplicate the post-ASR screened branch counts for backward compatibility.	20	547	17364	129	2	127	0.0155038759689922	True	5321	12043	Matched-positive eligible-terminal-label permutation followed by deterministic ASR; old BH/FDR while-loop rule.	matched_positive_ttest_FDR_control	terminal_label_matched_positive_count_permutation
139	20260520	17	251	18	549	matched_terminal_* are fixed sampled terminal labels; post_ASR_screened_branch_* are per-permutation branch-state counts after deterministic ASR and screening; legacy n_positive/n_negative duplicate the post-ASR screened branch counts for backward compatibility.	18	549	17336	10	1	9	0.1	True	5942	11394	Matched-positive eligible-terminal-label permutation followed by deterministic ASR; old BH/FDR while-loop rule.	matched_positive_ttest_FDR_control	terminal_label_matched_positive_count_permutation
140	20260520	17	251	17	550	matched_terminal_* are fixed sampled terminal labels; post_ASR_screened_branch_* are per-permutation branch-state counts after deterministic ASR and screening; legacy n_positive/n_negative duplicate the post-ASR screened branch counts for backward compatibility.	17	550	17277	0	0	0		False	8430	8847	Matched-positive eligible-terminal-label permutation followed by deterministic ASR; old BH/FDR while-loop rule.	matched_positive_ttest_FDR_control	terminal_label_matched_positive_count_permutation
141	20260520	17	251	18	549	matched_terminal_* are fixed sampled terminal labels; post_ASR_screened_branch_* are per-permutation branch-state counts after deterministic ASR and screening; legacy n_positive/n_negative duplicate the post-ASR screened branch counts for backward compatibility.	18	549	17346	35	1	34	0.0285714285714286	True	6425	10921	Matched-positive eligible-terminal-label permutation followed by deterministic ASR; old BH/FDR while-loop rule.	matched_positive_ttest_FDR_control	terminal_label_matched_positive_count_permutation
142	20260520	17	251	17	550	matched_terminal_* are fixed sampled terminal labels; post_ASR_screened_branch_* are per-permutation branch-state counts after deterministic ASR and screening; legacy n_positive/n_negative duplicate the post-ASR screened branch counts for backward compatibility.	17	550	17382	6	0	6	0.0	True	7467	9915	Matched-positive eligible-terminal-label permutation followed by deterministic ASR; old BH/FDR while-loop rule.	matched_positive_ttest_FDR_control	terminal_label_matched_positive_count_permutation
143	20260520	17	251	17	550	matched_terminal_* are fixed sampled terminal labels; post_ASR_screened_branch_* are per-permutation branch-state counts after deterministic ASR and screening; legacy n_positive/n_negative duplicate the post-ASR screened branch counts for backward compatibility.	17	550	17368	4	0	4	0.0	True	7985	9383	Matched-positive eligible-terminal-label permutation followed by deterministic ASR; old BH/FDR while-loop rule.	matched_positive_ttest_FDR_control	terminal_label_matched_positive_count_permutation
144	20260520	17	251	17	550	matched_terminal_* are fixed sampled terminal labels; post_ASR_screened_branch_* are per-permutation branch-state counts after deterministic ASR and screening; legacy n_positive/n_negative duplicate the post-ASR screened branch counts for backward compatibility.	17	550	17343	5	0	5	0.0	True	6924	10419	Matched-positive eligible-terminal-label permutation followed by deterministic ASR; old BH/FDR while-loop rule.	matched_positive_ttest_FDR_control	terminal_label_matched_positive_count_permutation
145	20260520	17	251	17	550	matched_terminal_* are fixed sampled terminal labels; post_ASR_screened_branch_* are per-permutation branch-state counts after deterministic ASR and screening; legacy n_positive/n_negative duplicate the post-ASR screened branch counts for backward compatibility.	17	550	17269	18	0	18	0.0	True	7007	10262	Matched-positive eligible-terminal-label permutation followed by deterministic ASR; old BH/FDR while-loop rule.	matched_positive_ttest_FDR_control	terminal_label_matched_positive_count_permutation
146	20260520	17	251	18	549	matched_terminal_* are fixed sampled terminal labels; post_ASR_screened_branch_* are per-permutation branch-state counts after deterministic ASR and screening; legacy n_positive/n_negative duplicate the post-ASR screened branch counts for backward compatibility.	18	549	17369	36	0	36	0.0	True	6119	11250	Matched-positive eligible-terminal-label permutation followed by deterministic ASR; old BH/FDR while-loop rule.	matched_positive_ttest_FDR_control	terminal_label_matched_positive_count_permutation
147	20260520	17	251	17	550	matched_terminal_* are fixed sampled terminal labels; post_ASR_screened_branch_* are per-permutation branch-state counts after deterministic ASR and screening; legacy n_positive/n_negative duplicate the post-ASR screened branch counts for backward compatibility.	17	550	17265	4	0	4	0.0	True	9002	8263	Matched-positive eligible-terminal-label permutation followed by deterministic ASR; old BH/FDR while-loop rule.	matched_positive_ttest_FDR_control	terminal_label_matched_positive_count_permutation
148	20260520	17	251	17	550	matched_terminal_* are fixed sampled terminal labels; post_ASR_screened_branch_* are per-permutation branch-state counts after deterministic ASR and screening; legacy n_positive/n_negative duplicate the post-ASR screened branch counts for backward compatibility.	17	550	17296	2	0	2	0.0	True	7324	9972	Matched-positive eligible-terminal-label permutation followed by deterministic ASR; old BH/FDR while-loop rule.	matched_positive_ttest_FDR_control	terminal_label_matched_positive_count_permutation
149	20260520	17	251	17	550	matched_terminal_* are fixed sampled terminal labels; post_ASR_screened_branch_* are per-permutation branch-state counts after deterministic ASR and screening; legacy n_positive/n_negative duplicate the post-ASR screened branch counts for backward compatibility.	17	550	17294	9	0	9	0.0	True	6520	10774	Matched-positive eligible-terminal-label permutation followed by deterministic ASR; old BH/FDR while-loop rule.	matched_positive_ttest_FDR_control	terminal_label_matched_positive_count_permutation
150	20260520	17	251	17	550	matched_terminal_* are fixed sampled terminal labels; post_ASR_screened_branch_* are per-permutation branch-state counts after deterministic ASR and screening; legacy n_positive/n_negative duplicate the post-ASR screened branch counts for backward compatibility.	17	550	17342	8	0	8	0.0	True	6516	10826	Matched-positive eligible-terminal-label permutation followed by deterministic ASR; old BH/FDR while-loop rule.	matched_positive_ttest_FDR_control	terminal_label_matched_positive_count_permutation
151	20260520	17	251	17	550	matched_terminal_* are fixed sampled terminal labels; post_ASR_screened_branch_* are per-permutation branch-state counts after deterministic ASR and screening; legacy n_positive/n_negative duplicate the post-ASR screened branch counts for backward compatibility.	17	550	17389	79	1	78	0.0126582278481013	True	5496	11893	Matched-positive eligible-terminal-label permutation followed by deterministic ASR; old BH/FDR while-loop rule.	matched_positive_ttest_FDR_control	terminal_label_matched_positive_count_permutation
152	20260520	17	251	17	550	matched_terminal_* are fixed sampled terminal labels; post_ASR_screened_branch_* are per-permutation branch-state counts after deterministic ASR and screening; legacy n_positive/n_negative duplicate the post-ASR screened branch counts for backward compatibility.	17	550	17271	15	1	14	0.0666666666666667	True	9314	7957	Matched-positive eligible-terminal-label permutation followed by deterministic ASR; old BH/FDR while-loop rule.	matched_positive_ttest_FDR_control	terminal_label_matched_positive_count_permutation
153	20260520	17	251	18	549	matched_terminal_* are fixed sampled terminal labels; post_ASR_screened_branch_* are per-permutation branch-state counts after deterministic ASR and screening; legacy n_positive/n_negative duplicate the post-ASR screened branch counts for backward compatibility.	18	549	17325	3	1	2	0.333333333333333	True	7392	9933	Matched-positive eligible-terminal-label permutation followed by deterministic ASR; old BH/FDR while-loop rule.	matched_positive_ttest_FDR_control	terminal_label_matched_positive_count_permutation
154	20260520	17	251	17	550	matched_terminal_* are fixed sampled terminal labels; post_ASR_screened_branch_* are per-permutation branch-state counts after deterministic ASR and screening; legacy n_positive/n_negative duplicate the post-ASR screened branch counts for backward compatibility.	17	550	17283	1	0	1	0.0	True	5972	11311	Matched-positive eligible-terminal-label permutation followed by deterministic ASR; old BH/FDR while-loop rule.	matched_positive_ttest_FDR_control	terminal_label_matched_positive_count_permutation
155	20260520	17	251	17	550	matched_terminal_* are fixed sampled terminal labels; post_ASR_screened_branch_* are per-permutation branch-state counts after deterministic ASR and screening; legacy n_positive/n_negative duplicate the post-ASR screened branch counts for backward compatibility.	17	550	17252	14	0	14	0.0	True	7356	9896	Matched-positive eligible-terminal-label permutation followed by deterministic ASR; old BH/FDR while-loop rule.	matched_positive_ttest_FDR_control	terminal_label_matched_positive_count_permutation
156	20260520	17	251	17	550	matched_terminal_* are fixed sampled terminal labels; post_ASR_screened_branch_* are per-permutation branch-state counts after deterministic ASR and screening; legacy n_positive/n_negative duplicate the post-ASR screened branch counts for backward compatibility.	17	550	17392	20	0	20	0.0	True	5315	12077	Matched-positive eligible-terminal-label permutation followed by deterministic ASR; old BH/FDR while-loop rule.	matched_positive_ttest_FDR_control	terminal_label_matched_positive_count_permutation
157	20260520	17	251	18	549	matched_terminal_* are fixed sampled terminal labels; post_ASR_screened_branch_* are per-permutation branch-state counts after deterministic ASR and screening; legacy n_positive/n_negative duplicate the post-ASR screened branch counts for backward compatibility.	18	549	17357	22	0	22	0.0	True	6655	10702	Matched-positive eligible-terminal-label permutation followed by deterministic ASR; old BH/FDR while-loop rule.	matched_positive_ttest_FDR_control	terminal_label_matched_positive_count_permutation
158	20260520	17	251	17	550	matched_terminal_* are fixed sampled terminal labels; post_ASR_screened_branch_* are per-permutation branch-state counts after deterministic ASR and screening; legacy n_positive/n_negative duplicate the post-ASR screened branch counts for backward compatibility.	17	550	17358	5	0	5	0.0	True	6595	10763	Matched-positive eligible-terminal-label permutation followed by deterministic ASR; old BH/FDR while-loop rule.	matched_positive_ttest_FDR_control	terminal_label_matched_positive_count_permutation
159	20260520	17	251	17	550	matched_terminal_* are fixed sampled terminal labels; post_ASR_screened_branch_* are per-permutation branch-state counts after deterministic ASR and screening; legacy n_positive/n_negative duplicate the post-ASR screened branch counts for backward compatibility.	17	550	17383	29	1	28	0.0344827586206897	True	6690	10693	Matched-positive eligible-terminal-label permutation followed by deterministic ASR; old BH/FDR while-loop rule.	matched_positive_ttest_FDR_control	terminal_label_matched_positive_count_permutation
160	20260520	17	251	17	550	matched_terminal_* are fixed sampled terminal labels; post_ASR_screened_branch_* are per-permutation branch-state counts after deterministic ASR and screening; legacy n_positive/n_negative duplicate the post-ASR screened branch counts for backward compatibility.	17	550	17339	16	0	16	0.0	True	6788	10551	Matched-positive eligible-terminal-label permutation followed by deterministic ASR; old BH/FDR while-loop rule.	matched_positive_ttest_FDR_control	terminal_label_matched_positive_count_permutation
161	20260520	17	251	17	550	matched_terminal_* are fixed sampled terminal labels; post_ASR_screened_branch_* are per-permutation branch-state counts after deterministic ASR and screening; legacy n_positive/n_negative duplicate the post-ASR screened branch counts for backward compatibility.	17	550	17339	46	1	45	0.0217391304347826	True	5100	12239	Matched-positive eligible-terminal-label permutation followed by deterministic ASR; old BH/FDR while-loop rule.	matched_positive_ttest_FDR_control	terminal_label_matched_positive_count_permutation
162	20260520	17	251	17	550	matched_terminal_* are fixed sampled terminal labels; post_ASR_screened_branch_* are per-permutation branch-state counts after deterministic ASR and screening; legacy n_positive/n_negative duplicate the post-ASR screened branch counts for backward compatibility.	17	550	17374	100	0	100	0.0	True	4959	12415	Matched-positive eligible-terminal-label permutation followed by deterministic ASR; old BH/FDR while-loop rule.	matched_positive_ttest_FDR_control	terminal_label_matched_positive_count_permutation
163	20260520	17	251	18	549	matched_terminal_* are fixed sampled terminal labels; post_ASR_screened_branch_* are per-permutation branch-state counts after deterministic ASR and screening; legacy n_positive/n_negative duplicate the post-ASR screened branch counts for backward compatibility.	18	549	17351	4	0	4	0.0	True	7152	10199	Matched-positive eligible-terminal-label permutation followed by deterministic ASR; old BH/FDR while-loop rule.	matched_positive_ttest_FDR_control	terminal_label_matched_positive_count_permutation
164	20260520	17	251	17	550	matched_terminal_* are fixed sampled terminal labels; post_ASR_screened_branch_* are per-permutation branch-state counts after deterministic ASR and screening; legacy n_positive/n_negative duplicate the post-ASR screened branch counts for backward compatibility.	17	550	17347	7	2	5	0.285714285714286	True	5883	11464	Matched-positive eligible-terminal-label permutation followed by deterministic ASR; old BH/FDR while-loop rule.	matched_positive_ttest_FDR_control	terminal_label_matched_positive_count_permutation
165	20260520	17	251	17	550	matched_terminal_* are fixed sampled terminal labels; post_ASR_screened_branch_* are per-permutation branch-state counts after deterministic ASR and screening; legacy n_positive/n_negative duplicate the post-ASR screened branch counts for backward compatibility.	17	550	17292	5	0	5	0.0	True	8014	9278	Matched-positive eligible-terminal-label permutation followed by deterministic ASR; old BH/FDR while-loop rule.	matched_positive_ttest_FDR_control	terminal_label_matched_positive_count_permutation
166	20260520	17	251	17	550	matched_terminal_* are fixed sampled terminal labels; post_ASR_screened_branch_* are per-permutation branch-state counts after deterministic ASR and screening; legacy n_positive/n_negative duplicate the post-ASR screened branch counts for backward compatibility.	17	550	17354	4	0	4	0.0	True	7018	10336	Matched-positive eligible-terminal-label permutation followed by deterministic ASR; old BH/FDR while-loop rule.	matched_positive_ttest_FDR_control	terminal_label_matched_positive_count_permutation
167	20260520	17	251	17	550	matched_terminal_* are fixed sampled terminal labels; post_ASR_screened_branch_* are per-permutation branch-state counts after deterministic ASR and screening; legacy n_positive/n_negative duplicate the post-ASR screened branch counts for backward compatibility.	17	550	17361	14	0	14	0.0	True	5651	11710	Matched-positive eligible-terminal-label permutation followed by deterministic ASR; old BH/FDR while-loop rule.	matched_positive_ttest_FDR_control	terminal_label_matched_positive_count_permutation
168	20260520	17	251	17	550	matched_terminal_* are fixed sampled terminal labels; post_ASR_screened_branch_* are per-permutation branch-state counts after deterministic ASR and screening; legacy n_positive/n_negative duplicate the post-ASR screened branch counts for backward compatibility.	17	550	17361	20	1	19	0.05	True	6074	11287	Matched-positive eligible-terminal-label permutation followed by deterministic ASR; old BH/FDR while-loop rule.	matched_positive_ttest_FDR_control	terminal_label_matched_positive_count_permutation
169	20260520	17	251	17	550	matched_terminal_* are fixed sampled terminal labels; post_ASR_screened_branch_* are per-permutation branch-state counts after deterministic ASR and screening; legacy n_positive/n_negative duplicate the post-ASR screened branch counts for backward compatibility.	17	550	17344	5	0	5	0.0	True	7734	9610	Matched-positive eligible-terminal-label permutation followed by deterministic ASR; old BH/FDR while-loop rule.	matched_positive_ttest_FDR_control	terminal_label_matched_positive_count_permutation
170	20260520	17	251	18	549	matched_terminal_* are fixed sampled terminal labels; post_ASR_screened_branch_* are per-permutation branch-state counts after deterministic ASR and screening; legacy n_positive/n_negative duplicate the post-ASR screened branch counts for backward compatibility.	18	549	17251	36	1	35	0.0277777777777778	True	6962	10289	Matched-positive eligible-terminal-label permutation followed by deterministic ASR; old BH/FDR while-loop rule.	matched_positive_ttest_FDR_control	terminal_label_matched_positive_count_permutation
171	20260520	17	251	17	550	matched_terminal_* are fixed sampled terminal labels; post_ASR_screened_branch_* are per-permutation branch-state counts after deterministic ASR and screening; legacy n_positive/n_negative duplicate the post-ASR screened branch counts for backward compatibility.	17	550	17271	4	0	4	0.0	True	6080	11191	Matched-positive eligible-terminal-label permutation followed by deterministic ASR; old BH/FDR while-loop rule.	matched_positive_ttest_FDR_control	terminal_label_matched_positive_count_permutation
172	20260520	17	251	17	550	matched_terminal_* are fixed sampled terminal labels; post_ASR_screened_branch_* are per-permutation branch-state counts after deterministic ASR and screening; legacy n_positive/n_negative duplicate the post-ASR screened branch counts for backward compatibility.	17	550	17338	4	1	3	0.25	True	6888	10450	Matched-positive eligible-terminal-label permutation followed by deterministic ASR; old BH/FDR while-loop rule.	matched_positive_ttest_FDR_control	terminal_label_matched_positive_count_permutation
173	20260520	17	251	18	549	matched_terminal_* are fixed sampled terminal labels; post_ASR_screened_branch_* are per-permutation branch-state counts after deterministic ASR and screening; legacy n_positive/n_negative duplicate the post-ASR screened branch counts for backward compatibility.	18	549	17286	10	0	10	0.0	True	6725	10561	Matched-positive eligible-terminal-label permutation followed by deterministic ASR; old BH/FDR while-loop rule.	matched_positive_ttest_FDR_control	terminal_label_matched_positive_count_permutation
174	20260520	17	251	18	549	matched_terminal_* are fixed sampled terminal labels; post_ASR_screened_branch_* are per-permutation branch-state counts after deterministic ASR and screening; legacy n_positive/n_negative duplicate the post-ASR screened branch counts for backward compatibility.	18	549	17321	28	1	27	0.0357142857142857	True	5777	11544	Matched-positive eligible-terminal-label permutation followed by deterministic ASR; old BH/FDR while-loop rule.	matched_positive_ttest_FDR_control	terminal_label_matched_positive_count_permutation
175	20260520	17	251	17	550	matched_terminal_* are fixed sampled terminal labels; post_ASR_screened_branch_* are per-permutation branch-state counts after deterministic ASR and screening; legacy n_positive/n_negative duplicate the post-ASR screened branch counts for backward compatibility.	17	550	17280	11	0	11	0.0	True	6676	10604	Matched-positive eligible-terminal-label permutation followed by deterministic ASR; old BH/FDR while-loop rule.	matched_positive_ttest_FDR_control	terminal_label_matched_positive_count_permutation
176	20260520	17	251	17	550	matched_terminal_* are fixed sampled terminal labels; post_ASR_screened_branch_* are per-permutation branch-state counts after deterministic ASR and screening; legacy n_positive/n_negative duplicate the post-ASR screened branch counts for backward compatibility.	17	550	17293	12	1	11	0.0833333333333333	True	6943	10350	Matched-positive eligible-terminal-label permutation followed by deterministic ASR; old BH/FDR while-loop rule.	matched_positive_ttest_FDR_control	terminal_label_matched_positive_count_permutation
177	20260520	17	251	19	548	matched_terminal_* are fixed sampled terminal labels; post_ASR_screened_branch_* are per-permutation branch-state counts after deterministic ASR and screening; legacy n_positive/n_negative duplicate the post-ASR screened branch counts for backward compatibility.	19	548	17349	10	0	10	0.0	True	7120	10229	Matched-positive eligible-terminal-label permutation followed by deterministic ASR; old BH/FDR while-loop rule.	matched_positive_ttest_FDR_control	terminal_label_matched_positive_count_permutation
178	20260520	17	251	18	549	matched_terminal_* are fixed sampled terminal labels; post_ASR_screened_branch_* are per-permutation branch-state counts after deterministic ASR and screening; legacy n_positive/n_negative duplicate the post-ASR screened branch counts for backward compatibility.	18	549	17311	51	0	51	0.0	True	5370	11941	Matched-positive eligible-terminal-label permutation followed by deterministic ASR; old BH/FDR while-loop rule.	matched_positive_ttest_FDR_control	terminal_label_matched_positive_count_permutation
179	20260520	17	251	17	550	matched_terminal_* are fixed sampled terminal labels; post_ASR_screened_branch_* are per-permutation branch-state counts after deterministic ASR and screening; legacy n_positive/n_negative duplicate the post-ASR screened branch counts for backward compatibility.	17	550	17284	25	1	24	0.04	True	6497	10787	Matched-positive eligible-terminal-label permutation followed by deterministic ASR; old BH/FDR while-loop rule.	matched_positive_ttest_FDR_control	terminal_label_matched_positive_count_permutation
180	20260520	17	251	17	550	matched_terminal_* are fixed sampled terminal labels; post_ASR_screened_branch_* are per-permutation branch-state counts after deterministic ASR and screening; legacy n_positive/n_negative duplicate the post-ASR screened branch counts for backward compatibility.	17	550	17314	49	0	49	0.0	True	5060	12254	Matched-positive eligible-terminal-label permutation followed by deterministic ASR; old BH/FDR while-loop rule.	matched_positive_ttest_FDR_control	terminal_label_matched_positive_count_permutation
181	20260520	17	251	18	549	matched_terminal_* are fixed sampled terminal labels; post_ASR_screened_branch_* are per-permutation branch-state counts after deterministic ASR and screening; legacy n_positive/n_negative duplicate the post-ASR screened branch counts for backward compatibility.	18	549	17362	7	0	7	0.0	True	7964	9398	Matched-positive eligible-terminal-label permutation followed by deterministic ASR; old BH/FDR while-loop rule.	matched_positive_ttest_FDR_control	terminal_label_matched_positive_count_permutation
182	20260520	17	251	17	550	matched_terminal_* are fixed sampled terminal labels; post_ASR_screened_branch_* are per-permutation branch-state counts after deterministic ASR and screening; legacy n_positive/n_negative duplicate the post-ASR screened branch counts for backward compatibility.	17	550	17356	28	0	28	0.0	True	6850	10506	Matched-positive eligible-terminal-label permutation followed by deterministic ASR; old BH/FDR while-loop rule.	matched_positive_ttest_FDR_control	terminal_label_matched_positive_count_permutation
183	20260520	17	251	18	549	matched_terminal_* are fixed sampled terminal labels; post_ASR_screened_branch_* are per-permutation branch-state counts after deterministic ASR and screening; legacy n_positive/n_negative duplicate the post-ASR screened branch counts for backward compatibility.	18	549	17314	12	1	11	0.0833333333333333	True	8698	8616	Matched-positive eligible-terminal-label permutation followed by deterministic ASR; old BH/FDR while-loop rule.	matched_positive_ttest_FDR_control	terminal_label_matched_positive_count_permutation
184	20260520	17	251	17	550	matched_terminal_* are fixed sampled terminal labels; post_ASR_screened_branch_* are per-permutation branch-state counts after deterministic ASR and screening; legacy n_positive/n_negative duplicate the post-ASR screened branch counts for backward compatibility.	17	550	17303	18	0	18	0.0	True	6722	10581	Matched-positive eligible-terminal-label permutation followed by deterministic ASR; old BH/FDR while-loop rule.	matched_positive_ttest_FDR_control	terminal_label_matched_positive_count_permutation
185	20260520	17	251	17	550	matched_terminal_* are fixed sampled terminal labels; post_ASR_screened_branch_* are per-permutation branch-state counts after deterministic ASR and screening; legacy n_positive/n_negative duplicate the post-ASR screened branch counts for backward compatibility.	17	550	17354	2	0	2	0.0	True	8042	9312	Matched-positive eligible-terminal-label permutation followed by deterministic ASR; old BH/FDR while-loop rule.	matched_positive_ttest_FDR_control	terminal_label_matched_positive_count_permutation
186	20260520	17	251	18	549	matched_terminal_* are fixed sampled terminal labels; post_ASR_screened_branch_* are per-permutation branch-state counts after deterministic ASR and screening; legacy n_positive/n_negative duplicate the post-ASR screened branch counts for backward compatibility.	18	549	17342	16	0	16	0.0	True	6679	10663	Matched-positive eligible-terminal-label permutation followed by deterministic ASR; old BH/FDR while-loop rule.	matched_positive_ttest_FDR_control	terminal_label_matched_positive_count_permutation
187	20260520	17	251	17	550	matched_terminal_* are fixed sampled terminal labels; post_ASR_screened_branch_* are per-permutation branch-state counts after deterministic ASR and screening; legacy n_positive/n_negative duplicate the post-ASR screened branch counts for backward compatibility.	17	550	17298	3	0	3	0.0	True	8866	8432	Matched-positive eligible-terminal-label permutation followed by deterministic ASR; old BH/FDR while-loop rule.	matched_positive_ttest_FDR_control	terminal_label_matched_positive_count_permutation
188	20260520	17	251	18	549	matched_terminal_* are fixed sampled terminal labels; post_ASR_screened_branch_* are per-permutation branch-state counts after deterministic ASR and screening; legacy n_positive/n_negative duplicate the post-ASR screened branch counts for backward compatibility.	18	549	17343	23	0	23	0.0	True	6910	10433	Matched-positive eligible-terminal-label permutation followed by deterministic ASR; old BH/FDR while-loop rule.	matched_positive_ttest_FDR_control	terminal_label_matched_positive_count_permutation
189	20260520	17	251	17	550	matched_terminal_* are fixed sampled terminal labels; post_ASR_screened_branch_* are per-permutation branch-state counts after deterministic ASR and screening; legacy n_positive/n_negative duplicate the post-ASR screened branch counts for backward compatibility.	17	550	17264	8	1	7	0.125	True	6224	11040	Matched-positive eligible-terminal-label permutation followed by deterministic ASR; old BH/FDR while-loop rule.	matched_positive_ttest_FDR_control	terminal_label_matched_positive_count_permutation
190	20260520	17	251	17	550	matched_terminal_* are fixed sampled terminal labels; post_ASR_screened_branch_* are per-permutation branch-state counts after deterministic ASR and screening; legacy n_positive/n_negative duplicate the post-ASR screened branch counts for backward compatibility.	17	550	17296	3	0	3	0.0	True	7307	9989	Matched-positive eligible-terminal-label permutation followed by deterministic ASR; old BH/FDR while-loop rule.	matched_positive_ttest_FDR_control	terminal_label_matched_positive_count_permutation
191	20260520	17	251	18	549	matched_terminal_* are fixed sampled terminal labels; post_ASR_screened_branch_* are per-permutation branch-state counts after deterministic ASR and screening; legacy n_positive/n_negative duplicate the post-ASR screened branch counts for backward compatibility.	18	549	17295	40	0	40	0.0	True	6543	10752	Matched-positive eligible-terminal-label permutation followed by deterministic ASR; old BH/FDR while-loop rule.	matched_positive_ttest_FDR_control	terminal_label_matched_positive_count_permutation
192	20260520	17	251	17	550	matched_terminal_* are fixed sampled terminal labels; post_ASR_screened_branch_* are per-permutation branch-state counts after deterministic ASR and screening; legacy n_positive/n_negative duplicate the post-ASR screened branch counts for backward compatibility.	17	550	17347	18	0	18	0.0	True	5131	12216	Matched-positive eligible-terminal-label permutation followed by deterministic ASR; old BH/FDR while-loop rule.	matched_positive_ttest_FDR_control	terminal_label_matched_positive_count_permutation
193	20260520	17	251	18	549	matched_terminal_* are fixed sampled terminal labels; post_ASR_screened_branch_* are per-permutation branch-state counts after deterministic ASR and screening; legacy n_positive/n_negative duplicate the post-ASR screened branch counts for backward compatibility.	18	549	17328	151	0	151	0.0	True	4551	12777	Matched-positive eligible-terminal-label permutation followed by deterministic ASR; old BH/FDR while-loop rule.	matched_positive_ttest_FDR_control	terminal_label_matched_positive_count_permutation
194	20260520	17	251	18	549	matched_terminal_* are fixed sampled terminal labels; post_ASR_screened_branch_* are per-permutation branch-state counts after deterministic ASR and screening; legacy n_positive/n_negative duplicate the post-ASR screened branch counts for backward compatibility.	18	549	17278	5	0	5	0.0	True	6944	10334	Matched-positive eligible-terminal-label permutation followed by deterministic ASR; old BH/FDR while-loop rule.	matched_positive_ttest_FDR_control	terminal_label_matched_positive_count_permutation
195	20260520	17	251	18	549	matched_terminal_* are fixed sampled terminal labels; post_ASR_screened_branch_* are per-permutation branch-state counts after deterministic ASR and screening; legacy n_positive/n_negative duplicate the post-ASR screened branch counts for backward compatibility.	18	549	17248	3	0	3	0.0	True	8528	8720	Matched-positive eligible-terminal-label permutation followed by deterministic ASR; old BH/FDR while-loop rule.	matched_positive_ttest_FDR_control	terminal_label_matched_positive_count_permutation
196	20260520	17	251	17	550	matched_terminal_* are fixed sampled terminal labels; post_ASR_screened_branch_* are per-permutation branch-state counts after deterministic ASR and screening; legacy n_positive/n_negative duplicate the post-ASR screened branch counts for backward compatibility.	17	550	17306	28	0	28	0.0	True	6591	10715	Matched-positive eligible-terminal-label permutation followed by deterministic ASR; old BH/FDR while-loop rule.	matched_positive_ttest_FDR_control	terminal_label_matched_positive_count_permutation
197	20260520	17	251	17	550	matched_terminal_* are fixed sampled terminal labels; post_ASR_screened_branch_* are per-permutation branch-state counts after deterministic ASR and screening; legacy n_positive/n_negative duplicate the post-ASR screened branch counts for backward compatibility.	17	550	17370	71	0	71	0.0	True	5505	11865	Matched-positive eligible-terminal-label permutation followed by deterministic ASR; old BH/FDR while-loop rule.	matched_positive_ttest_FDR_control	terminal_label_matched_positive_count_permutation
198	20260520	17	251	17	550	matched_terminal_* are fixed sampled terminal labels; post_ASR_screened_branch_* are per-permutation branch-state counts after deterministic ASR and screening; legacy n_positive/n_negative duplicate the post-ASR screened branch counts for backward compatibility.	17	550	17285	1	0	1	0.0	True	7923	9362	Matched-positive eligible-terminal-label permutation followed by deterministic ASR; old BH/FDR while-loop rule.	matched_positive_ttest_FDR_control	terminal_label_matched_positive_count_permutation
199	20260520	17	251	17	550	matched_terminal_* are fixed sampled terminal labels; post_ASR_screened_branch_* are per-permutation branch-state counts after deterministic ASR and screening; legacy n_positive/n_negative duplicate the post-ASR screened branch counts for backward compatibility.	17	550	17364	17	0	17	0.0	True	6268	11096	Matched-positive eligible-terminal-label permutation followed by deterministic ASR; old BH/FDR while-loop rule.	matched_positive_ttest_FDR_control	terminal_label_matched_positive_count_permutation
200	20260520	17	251	18	549	matched_terminal_* are fixed sampled terminal labels; post_ASR_screened_branch_* are per-permutation branch-state counts after deterministic ASR and screening; legacy n_positive/n_negative duplicate the post-ASR screened branch counts for backward compatibility.	18	549	17279	32	0	32	0.0	True	6690	10589	Matched-positive eligible-terminal-label permutation followed by deterministic ASR; old BH/FDR while-loop rule.	matched_positive_ttest_FDR_control	terminal_label_matched_positive_count_permutation
